customer_id,first_name,last_name,email,city,state,country,signup_date
CUST1000,Jason,Barton,mle@yahoo.com,Christopherborough,South Dakota,India,2025-02-28
CUST1001,Charles,Mack,diana54@barrera-juarez.com,Christopherberg,Illinois,India,2025-04-07
CUST1002,Andrea,Johnson,joshuamorris@yahoo.com,West Jason,Washington,India,2024-01-10
CUST1003,Nancy,Hughes,xharper@robbins-mcdaniel.com,Richardchester,Utah,India,2024-12-12
CUST1004,Dennis,Miller,nross@hotmail.com,New Drewland,Alaska,India,2023-10-04
CUST1005,Stephanie,Wiley,toddcharles@yahoo.com,Carlaburgh,Maine,India,2025-08-08
CUST1006,Kimberly,Davenport,xburgess@alvarez-jenkins.com,West Charlesport,New Hampshire,India,2025-02-21
CUST1007,William,Ponce,brent59@sanchez.net,West Emilyberg,Vermont,India,2026-02-10
CUST1008,Michael,Hickman,jimmyjennings@olson.com,New Timothystad,New York,India,2023-12-01
CUST1009,Rebekah,Ramirez,michaelluna@harrison.com,Lake Christopher,Vermont,India,2023-03-18
CUST1010,Sharon,Floyd,charlesandrews@gmail.com,Sarahtown,Mississippi,India,2026-02-12
CUST1011,Vincent,Rogers,neallaura@ramirez.com,New Pamela,Minnesota,India,2025-09-11
CUST1012,Lauren,Williams,beardbrandon@hotmail.com,Kennethport,Indiana,India,2024-11-22
CUST1013,Lisa,Johnson,hernandezjasmine@rogers.com,East Michael,Illinois,India,2025-10-13
CUST1014,Nicole,Diaz,itorres@lewis.net,Kaiserview,New Jersey,India,2024-03-08
CUST1015,Michael,Thompson,rmartinez@cantu.com,West Sandra,Nebraska,India,2025-10-22
CUST1016,Angela,Andersen,brooksjacqueline@miller.org,Matthewmouth,Missouri,India,2024-05-11
CUST1017,Joe,Mendoza,daniel72@hotmail.com,Lake Marcborough,New Mexico,India,2024-06-22
CUST1018,Jeanne,Torres,scott91@martinez.biz,East Brian,Rhode Island,India,2025-12-08
CUST1019,Willie,Osborne,michaelross@hotmail.com,New Joshua,Nevada,India,2024-01-18
CUST1020,Brian,Johnson,luke52@gonzalez.org,Lake John,New Jersey,India,2025-06-10
CUST1021,Jennifer,Lopez,kmccormick@yahoo.com,Greenville,Colorado,India,2024-03-06
CUST1022,Tiffany,Clark,brooke25@hotmail.com,Port Stevenport,North Carolina,India,2023-09-12
CUST1023,Anthony,Brewer,rodriguezdustin@porter-wilson.info,Kellybury,South Carolina,India,2024-08-16
CUST1024,Angela,Lewis,rhondawong@hotmail.com,Lake William,Vermont,India,2024-11-24
CUST1025,Hayley,Bryant,erika02@hotmail.com,Garcialand,New Hampshire,India,2024-04-14
CUST1026,Taylor,Rodriguez,twilliams@gmail.com,Tateborough,Kansas,India,2025-02-05
CUST1027,Peter,Higgins,ijefferson@yahoo.com,Port Nataliebury,Oklahoma,India,2024-12-09
CUST1028,Justin,Howard,fmiller@hotmail.com,Lake Angelafurt,Ohio,India,2023-11-26
CUST1029,Ashley,Lewis,zdodson@yahoo.com,Port Nathan,Nebraska,India,2025-10-09
CUST1030,Sheri,Cherry,suzanne67@hotmail.com,Hubbardfurt,Washington,India,2023-04-14
CUST1031,Christopher,Cox,obriendanielle@yahoo.com,Christopherport,Wyoming,India,2024-09-19
CUST1032,Maria,Brown,amandahunter@yahoo.com,Ravenburgh,Tennessee,India,2025-10-23
CUST1033,Donna,Brown,claytonalyssa@gmail.com,West Travisside,Arkansas,India,2025-05-15
CUST1034,Kenneth,Rodriguez,bowmanrandy@king.com,New Alexis,Oregon,India,2024-08-05
CUST1035,Katelyn,Romero,davidthomas@smith.biz,East Timothy,Minnesota,India,2024-10-09
CUST1036,Denise,Keith,wilsontiffany@murray.biz,Lake Crystalville,Alaska,India,2024-05-09
CUST1037,Joshua,Chapman,anna61@moore.com,Karaport,California,India,2025-09-29
CUST1038,Johnny,Jackson,frivers@allen.org,East Joshualand,Nebraska,India,2024-10-10
CUST1039,Angela,Kidd,elliotttara@campbell.com,East Loriton,Michigan,India,2024-09-15
CUST1040,David,Thomas,christopherwilliams@hammond-lewis.com,Port Kevin,Colorado,India,2024-11-03
CUST1041,John,King,tammylopez@hotmail.com,Lake Stephenbury,New York,India,2025-07-06
CUST1042,Andrew,Richards,raymond01@hotmail.com,Fisherberg,Maryland,India,2025-05-11
CUST1043,Jessica,Hernandez,fmathews@gmail.com,New Melvin,Arizona,India,2025-06-10
CUST1044,Stephanie,Love,blackjeremy@yahoo.com,North Eric,Massachusetts,India,2024-03-06
CUST1045,Angela,Adams,jessica17@tyler-ellison.org,Gibsonland,Michigan,India,2023-05-18
CUST1046,Gary,Medina,catherine44@wood-strickland.net,Rittermouth,Michigan,India,2023-10-16
CUST1047,Nicholas,Martin,desiree14@gonzalez-peters.org,Hamiltonstad,Colorado,India,2023-05-16
CUST1048,Patrick,Wilson,bradleycaldwell@hotmail.com,West Emily,Idaho,India,2023-12-04
CUST1049,William,Dunn,johnsonchristine@hotmail.com,Payneshire,Massachusetts,India,2023-10-11
CUST1050,Melanie,Jackson,sharonlane@morrison.info,East Kevinmouth,Vermont,India,2023-11-19
CUST1051,Adam,Reyes,georgemendoza@wood-evans.com,Port Zachary,Oklahoma,India,2023-11-07
CUST1052,Scott,Norton,msmith@gmail.com,Rodriguezchester,Iowa,India,2023-03-15
CUST1053,Catherine,Gross,powellcourtney@lowe-monroe.com,South Jacquelineland,Nebraska,India,2023-08-09
CUST1054,Paul,Garcia,jenniferhenderson@bell.org,Ramirezville,New Mexico,India,2023-03-21
CUST1055,Lisa,Douglas,ferrelldebbie@carter.com,New Allisonhaven,Rhode Island,India,2024-02-21
CUST1056,Ellen,Thompson,kylecochran@mcdowell.com,Tiffanyview,Oregon,India,2023-09-20
CUST1057,George,Dougherty,jonmiller@yahoo.com,Odonnellhaven,Arkansas,India,2023-09-11
CUST1058,Alex,Scott,vwilliams@wilson-luna.biz,North Shawn,New Mexico,India,2024-10-28
CUST1059,Olivia,Walker,mcgeemichael@yahoo.com,New Caseyport,Washington,India,2024-04-11
CUST1060,Phyllis,Moore,sbryan@martin-martinez.com,Lake Shirleybury,New Hampshire,India,2024-03-20
CUST1061,Linda,Smith,joshua41@martinez-bennett.com,Madisontown,Mississippi,India,2024-05-10
CUST1062,Glenn,Mcintyre,nmcintyre@yahoo.com,North Ericstad,Utah,India,2023-03-31
CUST1063,Ryan,Castillo,brobinson@gmail.com,North Javiershire,Wyoming,India,2023-11-15
CUST1064,Gregory,Holder,ginabutler@foster.com,Josephfurt,Rhode Island,India,2024-08-26
CUST1065,Benjamin,Hernandez,rachelmeyers@acosta.com,Dukehaven,Arizona,India,2024-11-21
CUST1066,Lisa,Miller,aimee72@hotmail.com,West Danaton,Tennessee,India,2024-05-03
CUST1067,Eric,Smith,walter01@gmail.com,Davidville,West Virginia,India,2024-06-11
CUST1068,Kiara,Lyons,tracy70@taylor.net,East Thomasside,Montana,India,2025-08-29
CUST1069,Ryan,Spencer,cindyclayton@yahoo.com,New Ericaland,Vermont,India,2023-06-08
CUST1070,Joseph,Kelley,singhstacie@hotmail.com,Brandonmouth,Nevada,India,2025-04-30
CUST1071,James,Mclean,lcervantes@taylor.com,North Christopherchester,Georgia,India,2024-04-06
CUST1072,Adriana,Greer,michaelmorgan@williams.com,Maureenport,Idaho,India,2024-08-10
CUST1073,Mitchell,Jensen,christophergutierrez@christian.info,Nicholasmouth,Kansas,India,2024-09-24
CUST1074,Jennifer,Hall,susan30@bauer.com,North Stevenfurt,Oregon,India,2026-01-03
CUST1075,Joshua,Adams,warrenemily@hotmail.com,South Ericaland,California,India,2026-02-23
CUST1076,Carol,Russell,wgrant@walter.com,Scottmouth,Missouri,India,2025-08-10
CUST1077,Gary,Lambert,malonejimmy@yahoo.com,Torresland,Nebraska,India,2024-09-05
CUST1078,Kristine,Brooks,cperry@hotmail.com,Tranchester,New York,India,2025-06-21
CUST1079,Jennifer,Davis,fkelley@phelps.biz,Charlesstad,South Dakota,India,2025-04-01
CUST1080,Sean,Hebert,ihiggins@garcia-walton.biz,East Brianhaven,Arizona,India,2024-12-03
CUST1081,Karen,Kerr,kelly46@hotmail.com,Danielleville,Montana,India,2025-02-23
CUST1082,Jasmin,Clark,blake46@yahoo.com,Juliehaven,Illinois,India,2024-07-26
CUST1083,April,Parker,sbrown@gmail.com,Nicoleberg,Delaware,India,2026-01-04
CUST1084,Justin,Tran,meltonrobert@cook-walker.com,West Samantha,Florida,India,2023-07-21
CUST1085,Anna,Ramirez,stewartlisa@yahoo.com,South Denisechester,New York,India,2024-07-22
CUST1086,Courtney,Choi,nicholserik@gmail.com,East Stevenmouth,Maine,India,2025-05-03
CUST1087,Rebecca,Williams,gmiller@gmail.com,New James,Washington,India,2025-04-23
CUST1088,Alexandria,Roberts,thomas54@hotmail.com,Bushborough,North Carolina,India,2024-11-28
CUST1089,Jose,Jones,michael31@yahoo.com,West Cindy,New Jersey,India,2025-07-17
CUST1090,Edward,Huff,gary02@hill-schmidt.net,Lindseyside,North Dakota,India,2024-12-29
CUST1091,Tara,Thomas,haynesdana@simmons-wright.com,Parkmouth,North Dakota,India,2025-10-11
CUST1092,Nancy,Smith,caseynicholas@harding.com,Port Briantown,Massachusetts,India,2025-09-23
CUST1093,Seth,Walls,suttonhannah@morris-thompson.org,Lake Ericchester,West Virginia,India,2023-07-14
CUST1094,Jeremy,Gaines,sarah62@yahoo.com,Alvarezshire,Oklahoma,India,2023-04-30
CUST1095,Yolanda,Wilson,robert70@bates-fowler.com,Camposshire,Iowa,India,2025-01-13
CUST1096,Mark,Hughes,woconnor@powell.biz,North Claudia,Montana,India,2023-03-18
CUST1097,Angel,Bell,bakerkimberly@rodgers.com,West Chase,Kansas,India,2025-08-17
CUST1098,Erin,Norton,elizabeth26@yahoo.com,North Ginafurt,Pennsylvania,India,2023-08-28
CUST1099,Kenneth,Mosley,nicolejones@johnson-jackson.biz,Williamhaven,Louisiana,India,2023-12-19
CUST1100,Shannon,Alvarez,maxwelldavid@hotmail.com,Port Bradley,Oregon,India,2025-10-15
CUST1101,David,Baker,christine58@hotmail.com,Brandonstad,Massachusetts,India,2025-10-27
CUST1102,Robert,Gray,jerry60@hotmail.com,Mcdanielstad,Alaska,India,2024-10-25
CUST1103,David,Heath,donald69@wheeler.com,Josephburgh,California,India,2025-04-15
CUST1104,Rachel,Taylor,clarkericky@yahoo.com,West Adamburgh,Nevada,India,2024-02-01
CUST1105,Arthur,Smith,georgemitchell@cunningham-long.org,Hernandezberg,New York,India,2024-12-18
CUST1106,Robin,Rollins,carrdennis@hotmail.com,Lake Sara,Louisiana,India,2023-07-30
CUST1107,Jonathan,Harrison,astevenson@mccullough.com,West Annbury,Utah,India,2023-06-08
CUST1108,William,Wright,turnercaitlyn@yahoo.com,Jenningsfurt,Minnesota,India,2025-06-24
CUST1109,Nicole,Singh,caitlin66@gmail.com,Jonesberg,Connecticut,India,2023-09-16
CUST1110,Jennifer,Conrad,tsandoval@yahoo.com,Johnbury,New Jersey,India,2026-01-08
CUST1111,Steven,Mckinney,xhart@hotmail.com,Smithmouth,Arkansas,India,2023-08-15
CUST1112,Ethan,Garza,elizabethyoung@figueroa-brown.com,Patrickchester,Utah,India,2023-12-28
CUST1113,James,Clark,johnsoncatherine@smith.org,West Jeremy,New Mexico,India,2024-02-18
CUST1114,Jason,Schroeder,kristen90@austin-melendez.net,South Nathanielshire,Montana,India,2023-07-14
CUST1115,Elizabeth,Vance,whitney52@gregory.com,Johnville,Alabama,India,2024-04-25
CUST1116,Peter,Hawkins,lawrence79@hotmail.com,New Tara,Hawaii,India,2024-03-14
CUST1117,Tyler,Bonilla,michellefischer@gmail.com,West Shannon,Washington,India,2023-03-17
CUST1118,Adam,Mcknight,grantdavis@boyle-morgan.com,Lake Brianville,Nevada,India,2025-10-10
CUST1119,Robert,Brown,yturner@gmail.com,East Tara,North Carolina,India,2025-09-05
CUST1120,Barry,Brooks,sandra80@montgomery.biz,North Sara,Missouri,India,2024-07-25
CUST1121,Victoria,Cook,jennifergeorge@yahoo.com,West Kevin,Minnesota,India,2025-12-27
CUST1122,Charles,Kirk,daniel97@murphy-mcbride.com,West Theresa,New Hampshire,India,2024-08-11
CUST1123,Joshua,Wu,qwashington@gmail.com,Scottview,Michigan,India,2026-01-01
CUST1124,Christopher,Galloway,kimberlybrown@hotmail.com,Port Emilytown,Kansas,India,2023-08-12
CUST1125,Veronica,Crosby,beasleymichael@yahoo.com,Port Marco,South Dakota,India,2025-08-12
CUST1126,Laura,Rose,ataylor@yahoo.com,East Steveburgh,Rhode Island,India,2024-10-26
CUST1127,Kristen,Jackson,thompsonbrian@gmail.com,East Teresahaven,Maryland,India,2023-04-08
CUST1128,Matthew,Kelly,gregorymitchell@yahoo.com,Hallside,Utah,India,2025-01-19
CUST1129,Christopher,Mitchell,marksanchez@klein.biz,Port Morganchester,Colorado,India,2026-01-17
CUST1130,Cole,Smith,jasonjordan@pennington.net,Jamesfort,Kansas,India,2024-05-18
CUST1131,Nicholas,Davis,vicki07@gmail.com,Tabithatown,Tennessee,India,2024-07-10
CUST1132,Jorge,Ho,aprilowens@gmail.com,Robertside,New Hampshire,India,2024-07-04
CUST1133,Sharon,Gallagher,loricollins@hotmail.com,Gibbsfort,Florida,India,2023-03-16
CUST1134,Laura,Barrera,ojames@hotmail.com,Williamton,Wyoming,India,2025-09-19
CUST1135,Jon,Mills,stricklandtimothy@yahoo.com,Lake Dawn,Mississippi,India,2024-09-11
CUST1136,Kristen,Parrish,ortegarussell@miller.com,Ericton,Montana,India,2025-03-28
CUST1137,Mark,Zimmerman,unelson@gmail.com,Stephanietown,Maine,India,2024-11-10
CUST1138,John,Johnson,sanchezmckenzie@adams-allen.com,Jessicafort,North Dakota,India,2024-11-25
CUST1139,Andrea,Green,amanda84@gmail.com,New Raymondborough,Arizona,India,2025-03-05
CUST1140,Drew,Thompson,brian38@yahoo.com,South Stephen,Nebraska,India,2025-02-24
CUST1141,Douglas,Riley,rhenson@gmail.com,Port Jessica,Alabama,India,2023-09-13
CUST1142,Margaret,Alexander,sarahray@fleming-hoffman.biz,New Stevenville,Ohio,India,2024-10-25
CUST1143,Brenda,Pugh,khenderson@hotmail.com,Lake Jimmy,Nebraska,India,2025-09-03
CUST1144,Robin,Perez,daniellynn@hotmail.com,West Tyler,Massachusetts,India,2023-05-18
CUST1145,Megan,Delgado,prattandrew@wall.com,Joshuastad,Minnesota,India,2023-09-17
CUST1146,Monica,Chandler,andrea12@hotmail.com,East Shawnton,New Jersey,India,2024-07-02
CUST1147,David,Weber,kristentran@gmail.com,Port Jodi,Louisiana,India,2023-11-02
CUST1148,James,Lamb,alisha64@stokes-barnes.com,North Gregory,Oregon,India,2025-03-03
CUST1149,Amy,Adams,gutierrezclinton@benjamin-ray.com,Thomasbury,Georgia,India,2026-01-23
CUST1150,Margaret,Cunningham,jillsmith@hotmail.com,Melissaton,Indiana,India,2023-07-04
CUST1151,Kelly,Soto,kimberly05@smith-powell.biz,Port Julie,South Dakota,India,2023-08-04
CUST1152,Nicholas,Jones,ncunningham@gmail.com,Whiteborough,Illinois,India,2024-09-26
CUST1153,Brittany,Chaney,valdezlawrence@gmail.com,Sarahshire,New Mexico,India,2024-07-26
CUST1154,Jennifer,Nelson,michaelsmith@gmail.com,Rodriguezburgh,New Jersey,India,2024-04-14
CUST1155,Frank,Owens,cynthia68@clements-bennett.com,East Jessicaville,New Hampshire,India,2024-05-08
CUST1156,Robert,Clark,davidbates@hotmail.com,Port Sarahville,Indiana,India,2025-11-05
CUST1157,Andrew,Kirby,rjones@benton.com,Romanport,Oregon,India,2025-01-01
CUST1158,Melissa,Flowers,jessica37@torres.info,New Susan,Washington,India,2025-05-17
CUST1159,Teresa,Booker,rodriguezerin@phillips.com,West Markmouth,Rhode Island,India,2024-11-26
CUST1160,Peggy,Mann,charles98@hotmail.com,Port Kimberly,Illinois,India,2026-02-21
CUST1161,Amanda,Harvey,emiller@yahoo.com,Randallhaven,Nebraska,India,2023-06-17
CUST1162,Jonathan,Gonzalez,jesus82@harris-leonard.com,North James,New Hampshire,India,2023-05-20
CUST1163,Benjamin,Lopez,hernandezclaudia@harris.biz,Elizabethborough,Montana,India,2024-11-01
CUST1164,Traci,Green,ohayes@yahoo.com,Paulstad,Washington,India,2025-02-25
CUST1165,Christina,Manning,jcollins@graham.com,Joshuafort,Arizona,India,2025-02-24
CUST1166,Judy,Jones,coreystephens@hotmail.com,Christopherberg,Idaho,India,2026-01-02
CUST1167,Tricia,Yates,juliaromero@gmail.com,North Andrew,Texas,India,2024-07-02
CUST1168,Juan,Miranda,henrytonya@gmail.com,Nicoleburgh,Virginia,India,2025-06-25
CUST1169,Kim,Shannon,nicholasvasquez@hotmail.com,Fitzgeraldbury,Tennessee,India,2023-06-18
CUST1170,Derek,Rodriguez,jenna11@martinez.com,Hollystad,Alabama,India,2026-01-10
CUST1171,Kenneth,Coleman,ekrause@yahoo.com,Myershaven,South Dakota,India,2024-01-05
CUST1172,Eric,Jackson,leedawn@chung-stephens.com,New Richardbury,Vermont,India,2024-05-02
CUST1173,Jeremy,Wilson,stevensjennifer@yahoo.com,Davisport,Oklahoma,India,2025-02-20
CUST1174,Jennifer,Little,christensenjoel@west.info,Aguilarfurt,Indiana,India,2024-01-12
CUST1175,Brandi,Payne,brewermichelle@yahoo.com,Morrowtown,Louisiana,India,2023-11-17
CUST1176,Madison,Garza,perrysandra@wood-dean.info,Sandraburgh,California,India,2025-02-02
CUST1177,Alexis,Smith,david92@gmail.com,New Roberthaven,Connecticut,India,2023-06-28
CUST1178,Lauren,James,julie12@bailey-atkinson.com,Port Elizabethshire,South Carolina,India,2025-01-04
CUST1179,Michael,Gonzales,haleycody@hotmail.com,West Jennifer,Montana,India,2023-12-28
CUST1180,Christopher,Randall,susan69@hotmail.com,East Samantha,Vermont,India,2023-03-24
CUST1181,Benjamin,Gentry,david11@green-fowler.com,South Carolyn,South Dakota,India,2023-06-20
CUST1182,William,Kerr,andrewmcintosh@patterson.biz,South Scott,Connecticut,India,2024-12-24
CUST1183,Shannon,Martinez,xtran@zimmerman.info,Bondtown,Virginia,India,2024-07-30
CUST1184,Christopher,Cooper,pamela67@anderson-williams.com,Port Christianstad,Hawaii,India,2024-06-15
CUST1185,Amy,Juarez,nbrown@gmail.com,East Robinside,Indiana,India,2026-02-25
CUST1186,Wendy,Dunn,shirleycruz@robinson.com,Lake Michellestad,Maryland,India,2023-03-12
CUST1187,Kelli,Williams,jenna59@hall-cantu.net,Kristenton,Alaska,India,2024-08-03
CUST1188,Joy,Ross,justin59@hotmail.com,Port Michaelhaven,Nevada,India,2025-04-21
CUST1189,Joshua,Mason,jesusmoyer@zavala-owens.com,Kyleborough,Nebraska,India,2024-01-21
CUST1190,Tiffany,Garcia,robertboyer@yahoo.com,South Yvettetown,Indiana,India,2023-11-10
CUST1191,Laurie,Christensen,heathermoore@yahoo.com,Bentonview,North Carolina,India,2025-01-16
CUST1192,Beverly,Rodriguez,eweaver@jefferson-snow.com,West Melissaborough,Connecticut,India,2026-02-07
CUST1193,Angela,Hernandez,karen49@wilkins-ortiz.com,Mollychester,Kentucky,India,2025-02-07
CUST1194,Carolyn,Quinn,kblankenship@rice-hawkins.biz,Lake Melissabury,New York,India,2025-06-01
CUST1195,Judith,Krause,angelsingh@gmail.com,South Julieton,Idaho,India,2023-09-17
CUST1196,Derek,Bolton,tina13@lee.com,Christopherhaven,New Mexico,India,2025-01-03
CUST1197,Rachel,Grimes,donaldvang@hotmail.com,Lake Erik,Arizona,India,2025-05-21
CUST1198,Jeffrey,Miller,henrygeorge@nichols.com,Port Chadport,Virginia,India,2025-01-12
CUST1199,Timothy,Raymond,vicki78@hotmail.com,Leblanchaven,West Virginia,India,2025-05-10
CUST1200,Joshua,Hunt,christopherchavez@thornton.org,New Larryview,New Hampshire,India,2024-03-06
CUST1201,Katherine,Barnes,wevans@gutierrez.com,Allenland,Kansas,India,2023-03-03
CUST1202,George,Brown,christopher88@gmail.com,Stephenfort,Delaware,India,2023-08-03
CUST1203,Darren,Hodges,smithrobert@oneill-alexander.org,Hamiltonland,California,India,2024-03-18
CUST1204,Zachary,Porter,xwilson@johnson-elliott.net,West Lauraville,Maryland,India,2024-10-07
CUST1205,Madison,Taylor,harrischristopher@ramos.info,Lowerychester,Idaho,India,2025-03-13
CUST1206,Lisa,Sherman,harrismanuel@mccoy-king.com,North Paigefort,Wyoming,India,2023-07-05
CUST1207,Kevin,Jimenez,melissa08@yahoo.com,Fordborough,Washington,India,2024-01-30
CUST1208,Stephanie,Davidson,jhayes@hotmail.com,East Rebeccachester,Maryland,India,2025-12-31
CUST1209,Rebecca,Garcia,rachel10@hotmail.com,Millerview,Maryland,India,2023-06-05
CUST1210,Brenda,Allison,mckenziesarah@booth.com,West Shannon,Alabama,India,2024-12-29
CUST1211,Dylan,Owens,richardsonerik@gmail.com,Seanfort,Idaho,India,2025-03-22
CUST1212,Benjamin,French,ofreeman@mendez.biz,South Williambury,Tennessee,India,2023-10-15
CUST1213,Daniel,Davis,karen79@haynes.com,Leeburgh,Florida,India,2024-07-01
CUST1214,Nicholas,Morales,wilkinsjose@shelton.biz,Smithport,Tennessee,India,2023-12-30
CUST1215,Fernando,Perkins,tammyscott@little.net,Williamsshire,Rhode Island,India,2024-11-14
CUST1216,Joseph,Jackson,rebecca95@washington-parker.org,Jessicaville,Wyoming,India,2023-11-16
CUST1217,Crystal,Cummings,courtneywhite@quinn-nunez.com,Port Rebecca,Vermont,India,2023-04-18
CUST1218,Andrew,Hall,jesse79@gmail.com,New Tami,Iowa,India,2024-04-07
CUST1219,James,Montes,rowlandwesley@hotmail.com,Smithside,South Dakota,India,2024-08-14
CUST1220,Diane,Evans,martinezcraig@clay.org,Morrisfurt,Maryland,India,2024-08-14
CUST1221,Frank,Barry,colleenmercado@cross.com,Buchananstad,Montana,India,2025-12-24
CUST1222,Kayla,Brown,nathannguyen@yahoo.com,Gayburgh,South Dakota,India,2023-11-01
CUST1223,Charles,Bernard,rsalazar@riddle.com,Newtonfurt,South Carolina,India,2025-05-26
CUST1224,Kevin,Newton,ashley55@allen.com,South Mallory,Maryland,India,2023-12-06
CUST1225,Tyler,Smith,kathy05@yahoo.com,New Matthewmouth,Alabama,India,2024-01-05
CUST1226,Dale,Allen,mcneilkathleen@gmail.com,Lake Robintown,Pennsylvania,India,2024-06-15
CUST1227,Dennis,Vincent,dcantu@yahoo.com,Lake Daniel,Georgia,India,2026-02-08
CUST1228,Jeffrey,Case,mcdonaldsandra@norman.com,Davisberg,Alaska,India,2024-12-17
CUST1229,Ronald,Cruz,hoffmanray@lambert.com,Christopherberg,New York,India,2025-01-21
CUST1230,Nancy,Potter,luisvelazquez@patterson-black.com,South Harold,Arkansas,India,2023-10-19
CUST1231,Michael,Carson,brentphelps@yahoo.com,Lake Heatherbury,Oklahoma,India,2025-01-01
CUST1232,Mary,Lyons,franklinaudrey@yahoo.com,Brianmouth,Georgia,India,2023-07-17
CUST1233,Thomas,Callahan,sabrina68@rodriguez.com,West Michaelport,Louisiana,India,2023-10-25
CUST1234,Carla,Williams,qoneill@duke-kim.org,North Andre,Louisiana,India,2024-03-25
CUST1235,Kristine,Branch,fergusonmichael@dickerson.com,Vasquezville,Florida,India,2026-01-04
CUST1236,John,Thomas,michael97@yahoo.com,Watsonburgh,Indiana,India,2026-01-24
CUST1237,James,Shields,marywebster@stevens.com,East Jillstad,Georgia,India,2024-09-19
CUST1238,Chad,Walsh,jonespeter@yahoo.com,New Charlesmouth,Pennsylvania,India,2023-08-17
CUST1239,Brianna,Lambert,keithholmes@yahoo.com,Smithview,Maine,India,2023-04-24
CUST1240,Michael,Mckinney,rtrevino@gmail.com,Brownland,Wisconsin,India,2024-10-04
CUST1241,Lauren,Bauer,rgomez@guzman.biz,New Elizabeth,California,India,2023-02-27
CUST1242,John,Phillips,bennettheidi@hunt-hines.com,South Annettechester,New Mexico,India,2023-09-15
CUST1243,Michael,Sullivan,cheryl68@irwin-shaw.com,Wolfstad,Alabama,India,2025-10-14
CUST1244,Jackson,Lewis,watsonmatthew@gmail.com,Brownmouth,South Carolina,India,2025-01-01
CUST1245,Robert,Webster,steven87@pineda.com,North Joemouth,Arkansas,India,2024-02-06
CUST1246,Mark,Perez,mollyvazquez@graham.com,Anthonystad,Alaska,India,2026-01-12
CUST1247,Olivia,Fitzpatrick,tstanley@hotmail.com,Patrickside,Illinois,India,2025-10-23
CUST1248,Megan,Kim,qgood@garcia.com,West Jackieport,Massachusetts,India,2024-12-23
CUST1249,Sarah,Watson,rachel51@yahoo.com,Whitakerfort,Nebraska,India,2024-09-18
CUST1250,Isaac,Nunez,juan61@hotmail.com,Coryburgh,Maine,India,2024-06-23
CUST1251,Jamie,Morris,timothyanthony@gmail.com,Port Paulhaven,Alaska,India,2025-12-29
CUST1252,Christopher,Contreras,oreeves@hotmail.com,New Brandi,Florida,India,2024-11-24
CUST1253,Monica,Ross,gshelton@hotmail.com,Ortizhaven,Michigan,India,2025-10-24
CUST1254,Deborah,Travis,wayne17@hernandez.com,North Jessefurt,New Mexico,India,2024-08-29
CUST1255,Matthew,Martinez,porterfaith@garcia.biz,Maryborough,Washington,India,2023-07-06
CUST1256,Kristin,Heath,henryjames@poole.net,North Jennifer,Texas,India,2023-08-19
CUST1257,Matthew,Martinez,kellyjason@gmail.com,Lake Nancy,Washington,India,2024-10-24
CUST1258,Matthew,Garcia,knewton@meyer.com,East Sheila,Nevada,India,2023-12-06
CUST1259,Anthony,Contreras,jeffreysmith@yahoo.com,North Joshua,Louisiana,India,2024-05-16
CUST1260,Nicole,Pope,vargasjesse@hotmail.com,Hernandezville,Ohio,India,2025-10-26
CUST1261,Paula,Acosta,cruzchristopher@gmail.com,Harveybury,Kentucky,India,2023-04-03
CUST1262,Brenda,Moore,ijackson@gmail.com,Smithton,Missouri,India,2024-10-22
CUST1263,Carl,Taylor,jameslawrence@gmail.com,North Ericaview,Kentucky,India,2024-11-11
CUST1264,Elizabeth,Gallagher,janicealvarez@rodriguez.com,Johnborough,Montana,India,2023-10-30
CUST1265,Jack,Martin,katie82@gmail.com,Lake Melissa,Wyoming,India,2024-03-25
CUST1266,Joel,Pruitt,aevans@gmail.com,Reedmouth,Virginia,India,2023-10-14
CUST1267,Richard,Taylor,carolynlawrence@johnson-sanchez.com,Williamsborough,Texas,India,2024-07-10
CUST1268,Thomas,Francis,gclark@gmail.com,Lake Nancy,Nebraska,India,2025-09-11
CUST1269,Tammy,Hawkins,katherine22@black.com,Rossbury,Idaho,India,2026-02-08
CUST1270,Amber,Becker,charles35@hotmail.com,Juanland,Connecticut,India,2024-03-25
CUST1271,Sean,Johnson,xcook@beltran.biz,Jamesland,Nevada,India,2025-10-01
CUST1272,Jonathan,Maxwell,mitchellmary@miller-garcia.com,Smithview,Iowa,India,2024-03-16
CUST1273,Courtney,Green,heathersloan@yahoo.com,East Jenniferstad,Alaska,India,2026-01-23
CUST1274,Megan,Small,grantjoseph@yahoo.com,Georgeborough,Oregon,India,2024-01-21
CUST1275,Jeffery,Willis,kjackson@yahoo.com,East Blakeborough,Colorado,India,2024-06-23
CUST1276,Sarah,Morgan,paige06@hotmail.com,Villanuevatown,New Mexico,India,2024-07-23
CUST1277,Kimberly,Spence,rebeccagonzalez@martin-george.com,Port Stephanie,Nevada,India,2025-05-01
CUST1278,Joseph,Fox,odoyle@hotmail.com,Lake Jesus,Iowa,India,2024-04-06
CUST1279,Penny,Watkins,robert55@yahoo.com,Jonathanstad,Ohio,India,2024-10-20
CUST1280,Margaret,Garcia,raymondallen@baker.biz,Huntershire,Minnesota,India,2024-11-04
CUST1281,Daniel,Jenkins,thompsonlaura@yahoo.com,Odonnellborough,Wisconsin,India,2024-10-31
CUST1282,Christina,Patel,matthew25@gmail.com,East Jacob,Montana,India,2025-11-14
CUST1283,Jeff,Norton,adriennehorne@gmail.com,West Corey,North Dakota,India,2025-08-17
CUST1284,Debbie,Clark,pattersonjesus@gmail.com,New Adrienne,Nebraska,India,2023-09-26
CUST1285,Christopher,Becker,deanswanson@hotmail.com,North Joel,Hawaii,India,2024-05-13
CUST1286,Jonathan,Moore,howardnicholson@hotmail.com,Port Dorothyland,Illinois,India,2023-06-23
CUST1287,Craig,Bright,cjohnson@williams.net,Port Pamela,Massachusetts,India,2025-08-28
CUST1288,Rodney,Gilbert,bowenjeffrey@yahoo.com,Donaldstad,New Mexico,India,2023-09-03
CUST1289,Nathaniel,Thompson,jonathanthomas@alvarado-moreno.net,Riceshire,Texas,India,2023-03-15
CUST1290,Michael,Moore,usmith@gmail.com,Lake Jessica,Nebraska,India,2024-02-21
CUST1291,Christopher,Munoz,amycruz@gmail.com,Martinshire,Tennessee,India,2025-06-05
CUST1292,Calvin,Smith,johnsonashley@gmail.com,Reedmouth,Kentucky,India,2024-12-24
CUST1293,Adam,Johnson,hugheseric@gmail.com,Lake Brittanyville,Tennessee,India,2025-08-10
CUST1294,Kimberly,Underwood,sarah64@hotmail.com,Lake Donnashire,Texas,India,2023-04-04
CUST1295,Alan,Webb,qrosario@rodriguez.com,Jesusborough,New Hampshire,India,2024-11-12
CUST1296,Kelli,Gutierrez,brendagarcia@gmail.com,Sloanland,Vermont,India,2023-05-09
CUST1297,Derrick,Prince,nathanielwilliams@yahoo.com,North Janetbury,Alaska,India,2024-12-10
CUST1298,Allison,Johnson,paigefoley@yahoo.com,Richardbury,California,India,2024-07-17
CUST1299,Daniel,Pacheco,angela01@phelps-zimmerman.com,Tracyville,Alaska,India,2024-02-23
CUST1300,Mark,Rosales,watsonmelissa@yahoo.com,North Valerie,Oklahoma,India,2025-02-11
CUST1301,Carolyn,Ramos,jimmylewis@gmail.com,Fosterland,Colorado,India,2024-12-12
CUST1302,Perry,Herrera,collinsmichael@hotmail.com,Johnside,Kansas,India,2025-08-08
CUST1303,Jessica,Jones,foxkrystal@barnett.info,Sandersfurt,Delaware,India,2026-01-23
CUST1304,Haley,Dillon,john44@drake.org,Donovanchester,Arkansas,India,2025-02-20
CUST1305,Jennifer,Thomas,burnsdawn@gmail.com,Robertfort,New Hampshire,India,2024-01-13
CUST1306,Micheal,Le,christianmullen@gmail.com,Jasonport,Missouri,India,2023-03-21
CUST1307,Brandon,Turner,ruth69@vasquez-cortez.info,East Christophershire,Ohio,India,2024-01-18
CUST1308,Scott,House,smithchristopher@harris-gentry.com,Heatherchester,Wisconsin,India,2025-02-04
CUST1309,Mark,Doyle,amanda14@yahoo.com,Karifurt,North Dakota,India,2023-11-30
CUST1310,Mark,Williams,fgoodman@gmail.com,Port Martin,Minnesota,India,2023-10-21
CUST1311,Colleen,Smith,zgallegos@gmail.com,Lake Jessica,Colorado,India,2024-07-08
CUST1312,Karina,Fleming,ureynolds@hotmail.com,Hansonland,Utah,India,2024-11-08
CUST1313,William,Johnson,castillostephen@hotmail.com,South Stephenville,West Virginia,India,2023-09-03
CUST1314,Samuel,Walsh,bondmichael@gmail.com,Davidfort,South Dakota,India,2024-07-29
CUST1315,Victoria,Cox,josephjohnson@gmail.com,Brooksview,Missouri,India,2023-10-10
CUST1316,Diane,Blair,kknox@haley-robertson.net,Craigshire,Minnesota,India,2024-06-27
CUST1317,Jason,Thomas,nduarte@stewart-cannon.org,Lake Ryan,Wisconsin,India,2024-05-04
CUST1318,Lydia,Rodriguez,ndean@yahoo.com,Loriside,Florida,India,2026-02-17
CUST1319,Barbara,Reynolds,jillianhess@moore-roberson.com,Douglasstad,New Mexico,India,2025-02-05
CUST1320,Richard,Mitchell,steven01@shannon.org,Hortonmouth,Pennsylvania,India,2024-03-25
CUST1321,Scott,Smith,ttanner@barry.com,Port Elizabethfort,Hawaii,India,2024-09-15
CUST1322,Scott,Miller,bbailey@gmail.com,Baileyfurt,Idaho,India,2025-10-23
CUST1323,Christopher,Taylor,danielletaylor@harris.com,Markborough,New York,India,2024-05-31
CUST1324,Allen,Perez,floreschristopher@moore.net,Port Rose,Ohio,India,2024-10-08
CUST1325,Russell,Gonzales,nmcbride@walsh.info,Ericamouth,Idaho,India,2025-10-07
CUST1326,Ann,Lane,andrewmaynard@gmail.com,Lucaston,Connecticut,India,2023-09-10
CUST1327,Richard,Mccarty,kramos@ruiz.net,Parksburgh,Florida,India,2024-05-04
CUST1328,Tiffany,Bowers,donald79@carter.com,Raymondport,Illinois,India,2025-05-13
CUST1329,Shelly,Brown,john95@gmail.com,North Angelaside,Pennsylvania,India,2025-04-09
CUST1330,James,Hoffman,christopher00@reed-parker.com,North Brittanybury,Indiana,India,2023-04-14
CUST1331,Ethan,Ruiz,christina45@paul.com,South Jonfurt,Colorado,India,2025-08-05
CUST1332,Nathan,Phelps,robert64@hotmail.com,Wilsonfort,Hawaii,India,2024-02-09
CUST1333,James,Williams,brianjohnson@shaffer.com,North Stacy,Indiana,India,2024-01-18
CUST1334,Thomas,Aguilar,campbelldean@gmail.com,South Jesus,Iowa,India,2025-04-15
CUST1335,Jamie,Brown,lstrickland@ayala.com,South Benjamin,South Carolina,India,2025-09-01
CUST1336,David,Washington,ogreen@allen.biz,New Ryanfort,Pennsylvania,India,2025-07-03
CUST1337,Marc,Vance,kthomas@hotmail.com,Port Johnny,Hawaii,India,2025-03-27
CUST1338,Jessica,Olsen,richard39@hotmail.com,North Vicki,New Jersey,India,2023-10-05
CUST1339,Sarah,Roberts,joseph71@savage-barker.org,Rickychester,North Carolina,India,2023-04-21
CUST1340,Joseph,Herrera,jeremy69@gmail.com,West Tony,Massachusetts,India,2025-12-17
CUST1341,Whitney,Williams,dzimmerman@gmail.com,Port Danielburgh,Michigan,India,2025-06-18
CUST1342,Amanda,Arnold,wbaker@brown-mcintyre.com,Beanton,Oregon,India,2025-01-31
CUST1343,Eric,Jackson,patelmatthew@gmail.com,Lake David,California,India,2023-04-29
CUST1344,Kimberly,Smith,lbeck@yahoo.com,Tyronechester,Missouri,India,2025-02-03
CUST1345,Jason,Schroeder,youngkaren@richardson-houston.biz,Jostad,North Dakota,India,2023-11-16
CUST1346,Victoria,Foster,vmoore@mcmahon.com,Brianhaven,West Virginia,India,2023-04-21
CUST1347,Jesse,Andersen,kenneth27@shaw.com,Port Thomas,Utah,India,2024-01-14
CUST1348,Andrea,Serrano,davidrodriguez@wolf-alvarez.com,Buckleyshire,Hawaii,India,2025-05-04
CUST1349,Michelle,Castillo,palmercynthia@hotmail.com,North Sydney,New Jersey,India,2025-08-14
CUST1350,Amy,Morrison,zamorajennifer@craig.com,Lake Johnhaven,Texas,India,2025-07-29
CUST1351,Beth,Wood,katrinamcintosh@zimmerman.com,Fritzview,Washington,India,2025-02-20
CUST1352,Allison,Stevens,wendystokes@maldonado-graves.info,Tiffanytown,West Virginia,India,2025-12-20
CUST1353,Cheryl,Powers,luiscline@yahoo.com,Leeland,North Carolina,India,2025-12-27
CUST1354,Destiny,Austin,christopher43@gmail.com,Knightburgh,Maine,India,2025-08-05
CUST1355,Caitlin,Jackson,cannonbobby@hotmail.com,South Marieside,Rhode Island,India,2023-05-25
CUST1356,Justin,Campbell,smartinez@yahoo.com,Ronaldview,Virginia,India,2023-06-17
CUST1357,Christine,Brown,anthonyvargas@stephenson.biz,Allenside,Minnesota,India,2024-03-29
CUST1358,Patrick,Williams,brianna11@hotmail.com,West Hailey,Idaho,India,2024-05-20
CUST1359,Sarah,Moore,monica12@yahoo.com,Port Pamelachester,Utah,India,2025-06-16
CUST1360,Caleb,Conner,novakwanda@hickman-davis.org,New Vincentchester,Nevada,India,2024-09-12
CUST1361,Patrick,Baker,duranerin@smith.com,Klinechester,Minnesota,India,2023-07-04
CUST1362,Victoria,Baker,dmathis@yahoo.com,Sydneymouth,South Carolina,India,2024-09-05
CUST1363,Dustin,Jensen,xharmon@cherry.com,Barnesland,Wyoming,India,2025-01-17
CUST1364,Amber,Glass,taylortaylor@palmer.org,South Patricia,Wyoming,India,2024-05-21
CUST1365,Alexis,Randolph,larry29@gmail.com,Alexisville,Kansas,India,2023-04-28
CUST1366,Brian,Martin,gturner@hotmail.com,North Michael,New Mexico,India,2023-10-26
CUST1367,Kelly,Jordan,mileskevin@yahoo.com,Christinastad,Wisconsin,India,2024-12-25
CUST1368,Christine,Robinson,ivaughan@beck-odonnell.com,South Larry,North Carolina,India,2024-03-15
CUST1369,Gregory,Dixon,tmoore@brewer.org,Melissaview,North Dakota,India,2023-04-05
CUST1370,Justin,Mclaughlin,williamarellano@freeman-brown.biz,Hicksport,Maine,India,2024-03-01
CUST1371,Timothy,Myers,richardcollins@gmail.com,Mariastad,Kansas,India,2023-02-27
CUST1372,Joel,Walker,ashley17@yahoo.com,South Allen,Connecticut,India,2023-05-03
CUST1373,David,Lewis,bperry@bailey-walker.com,East Andrew,Nevada,India,2025-01-16
CUST1374,Victoria,Wilson,sarahfischer@yahoo.com,Brianbury,Mississippi,India,2023-12-04
CUST1375,Mary,Durham,jferguson@gmail.com,Bowenshire,Michigan,India,2024-12-18
CUST1376,Philip,Rodgers,schneiderjill@simmons.com,Martinezview,South Dakota,India,2024-02-23
CUST1377,Jeffrey,Garcia,vpadilla@dean-cardenas.biz,Perezmouth,Nevada,India,2025-07-10
CUST1378,Amanda,Bailey,yjohnson@hotmail.com,New Alyssa,Maryland,India,2023-11-22
CUST1379,David,Hill,guy27@smith.com,Port Jonathan,Colorado,India,2025-01-10
CUST1380,Tiffany,English,carolestrada@henderson.com,Alexismouth,New Jersey,India,2023-05-11
CUST1381,James,Jacobs,pvargas@gmail.com,East Alexandermouth,California,India,2024-03-22
CUST1382,Rhonda,Morales,harrisonkarina@henderson.info,Johnsonfort,New Hampshire,India,2024-05-28
CUST1383,Jon,Sanchez,loconnor@hotmail.com,North Stephenshire,Wyoming,India,2024-10-14
CUST1384,Jose,Jordan,david01@miller.com,West Patrick,Arizona,India,2025-03-18
CUST1385,Susan,Shaw,jcruz@hotmail.com,Russellview,Delaware,India,2025-02-17
CUST1386,Brendan,Palmer,elizabethrichards@hotmail.com,Pittmanshire,Oregon,India,2025-03-21
CUST1387,John,Thornton,saunderskarla@sanchez.com,West Michellechester,Louisiana,India,2023-08-02
CUST1388,Erin,Gonzalez,guerrerovictoria@baker.net,Huntmouth,West Virginia,India,2024-02-04
CUST1389,Angela,Mendez,johnsonspencer@gmail.com,Port Robinton,Iowa,India,2024-05-17
CUST1390,Erica,Collins,christopher28@hotmail.com,West Calvin,Maine,India,2025-10-24
CUST1391,Felicia,Dawson,bmills@ramsey.com,West Travisberg,Kansas,India,2026-01-31
CUST1392,Patrick,Turner,brandon23@cole.biz,Moralesbury,Michigan,India,2023-08-15
CUST1393,Geoffrey,Ramirez,elizabethrobinson@grimes.com,Sarahbury,Arizona,India,2023-10-30
CUST1394,Sylvia,Mills,ndean@yahoo.com,Andrewport,Missouri,India,2023-06-16
CUST1395,Christopher,Graves,coreyfreeman@scott.com,West Eric,Kentucky,India,2026-02-14
CUST1396,Teresa,Price,angela18@weaver-jones.com,New Justin,Alaska,India,2023-07-06
CUST1397,Henry,Singh,nathan42@hotmail.com,Hamiltonhaven,New Hampshire,India,2023-09-06
CUST1398,Jonathan,Mendez,nicolegarcia@hotmail.com,North Daniel,Washington,India,2025-06-03
CUST1399,Dawn,Lewis,frodriguez@gmail.com,East Danielland,Iowa,India,2024-08-18
CUST1400,Taylor,Rodriguez,johnsonjerry@williams.com,Nolanland,Massachusetts,India,2024-05-09
CUST1401,Meghan,Richards,slang@gmail.com,New Sherri,Alaska,India,2024-03-12
CUST1402,Andres,Miller,ehall@nguyen.info,South Jesse,Montana,India,2023-09-28
CUST1403,Grant,Glover,kelseydavis@jones.org,Whiteville,Oregon,India,2025-06-06
CUST1404,Rita,Salazar,sherry24@beck.com,Port Heidiside,Alaska,India,2025-06-30
CUST1405,Deborah,Wells,nmeyer@gmail.com,Lake Derek,Indiana,India,2024-03-23
CUST1406,Ricky,Grant,michael72@yahoo.com,North Matthew,Montana,India,2023-09-20
CUST1407,Mike,Diaz,fwhite@coleman.com,South Brian,Montana,India,2024-05-21
CUST1408,Candice,Garza,lwhitaker@yahoo.com,Jenkinschester,Colorado,India,2023-09-17
CUST1409,Antonio,Poole,olsensarah@gmail.com,Hannahaven,Indiana,India,2023-11-19
CUST1410,Aaron,Wilkinson,ashleyharper@hampton.com,North Robertville,Massachusetts,India,2024-11-07
CUST1411,Christopher,Rogers,gcollins@simmons.net,Larryside,Tennessee,India,2024-03-21
CUST1412,Jacqueline,Ross,shannonhinton@yahoo.com,North Michaelmouth,Illinois,India,2023-06-14
CUST1413,Sonia,Wu,umurray@hotmail.com,Heathermouth,Alabama,India,2023-10-23
CUST1414,William,Finley,belljoseph@terrell-burns.info,Larsonbury,Kentucky,India,2025-01-24
CUST1415,Mariah,Leach,dustin35@yahoo.com,North Gregorychester,Illinois,India,2024-02-26
CUST1416,Donald,Bryant,jennifer39@king.com,Lake Douglas,Minnesota,India,2024-08-15
CUST1417,Grant,Mills,meagan10@smith.info,West Patrickborough,South Dakota,India,2025-06-12
CUST1418,Sandra,White,ophelps@evans.com,East Steve,Georgia,India,2025-08-15
CUST1419,Benjamin,Cunningham,amurphy@ruiz.com,East Taylorhaven,Virginia,India,2025-08-04
CUST1420,Sarah,Morgan,phyllis25@hotmail.com,Brownshire,Oklahoma,India,2025-06-13
CUST1421,Maria,Henderson,moorecarolyn@gmail.com,East Mark,Maine,India,2024-10-02
CUST1422,Zachary,Wood,jody08@thompson.com,New Sydneytown,Delaware,India,2024-07-04
CUST1423,Lisa,Castillo,annasantana@bennett.com,South Gregory,Alabama,India,2024-07-31
CUST1424,Michael,Conley,david59@hotmail.com,South Jamieberg,Kentucky,India,2023-12-03
CUST1425,William,Frost,quinnsarah@escobar.org,Hutchinsonfurt,New Jersey,India,2025-02-27
CUST1426,Carmen,Cox,sharpjanet@yahoo.com,East Brandon,New Jersey,India,2026-02-16
CUST1427,Alison,Vance,qthompson@yahoo.com,Port Anthonyburgh,South Dakota,India,2025-04-18
CUST1428,Breanna,Myers,brandi76@gmail.com,Fritztown,New Mexico,India,2025-09-27
CUST1429,Adam,Duncan,littledouglas@hotmail.com,East Nicholasstad,Mississippi,India,2023-11-29
CUST1430,Mario,Waters,alvarezmelanie@yahoo.com,South Mikayla,South Carolina,India,2023-09-20
CUST1431,Jacqueline,Young,julie22@hotmail.com,New Danielbury,Texas,India,2025-10-06
CUST1432,Tabitha,Powell,meagancarter@hotmail.com,Colemouth,Maryland,India,2023-04-10
CUST1433,Bruce,Williams,kathleenrodriguez@gmail.com,Williamsside,Colorado,India,2023-05-02
CUST1434,Omar,West,brownjessica@willis-walker.com,Carpenterton,South Carolina,India,2025-03-22
CUST1435,Alfred,Evans,nathan50@gutierrez-brown.info,Erinbury,Colorado,India,2024-06-14
CUST1436,Travis,Cummings,katieaguilar@smith-hansen.com,Catherinebury,Nebraska,India,2023-08-23
CUST1437,Robert,Wright,anna66@gmail.com,New Christopherport,Alaska,India,2024-01-09
CUST1438,Toni,Doyle,edwardmccann@yahoo.com,Carsonville,New York,India,2025-10-07
CUST1439,Joshua,Wolfe,zlawrence@collier.org,New Kimberlyside,New Mexico,India,2024-05-04
CUST1440,Evelyn,Dunn,brenthammond@hotmail.com,West Joshua,Hawaii,India,2023-08-13
CUST1441,Martha,Williams,zjones@yahoo.com,Lake Kellyfurt,Virginia,India,2024-07-20
CUST1442,Kyle,Stuart,krivera@gmail.com,Clarkbury,West Virginia,India,2025-03-26
CUST1443,Michael,Daniels,chavezwendy@yahoo.com,Johnsonside,Alabama,India,2024-12-25
CUST1444,Sarah,Matthews,vblack@gmail.com,North Thomasville,Wyoming,India,2025-11-07
CUST1445,Jennifer,Burch,barajasjoanna@simmons-lee.com,South Steven,Alaska,India,2023-07-10
CUST1446,Anthony,Barker,tfuentes@yahoo.com,West Megan,Utah,India,2024-11-11
CUST1447,Peter,Adams,marquezbonnie@hotmail.com,Port Stephaniefurt,Connecticut,India,2023-09-12
CUST1448,Adam,Leach,zfreeman@sutton.com,West Amberland,Pennsylvania,India,2025-08-11
CUST1449,Bruce,Castillo,douglas73@brown-kirk.com,Barryshire,Vermont,India,2025-05-26
CUST1450,Stephanie,Duncan,kellis@hotmail.com,Lunabury,Indiana,India,2024-12-31
CUST1451,Timothy,Reyes,ryan49@yahoo.com,Reyesshire,California,India,2023-06-10
CUST1452,Melissa,Porter,irangel@thompson-lopez.biz,East Christianland,Oregon,India,2024-01-12
CUST1453,Mary,Knight,huangmelissa@gmail.com,Jasonbury,Wisconsin,India,2023-06-20
CUST1454,Stephanie,Cook,thomasgraham@hotmail.com,Port Melissaview,Rhode Island,India,2025-07-04
CUST1455,Johnny,James,cory44@morgan-fisher.com,Lake Jaychester,New Mexico,India,2024-05-29
CUST1456,Tara,Carlson,virginia09@ruiz.org,New Arthur,Delaware,India,2025-06-14
CUST1457,Stuart,Cole,robert85@hotmail.com,Lake Feliciaside,Virginia,India,2024-10-24
CUST1458,Bradley,Williams,mvelazquez@hotmail.com,Port Gregory,New Mexico,India,2025-04-28
CUST1459,Angela,Odonnell,robinsonpatricia@curry.com,Port Molly,Wyoming,India,2025-03-18
CUST1460,James,Garcia,peter30@martin.com,Lake Codyton,Louisiana,India,2024-05-31
CUST1461,Sarah,Hoffman,marchayes@edwards.net,Zacharychester,North Dakota,India,2026-01-26
CUST1462,Roger,Blackburn,tiffany20@yahoo.com,Port Daniel,Iowa,India,2025-01-07
CUST1463,Patrick,Richards,hmorton@brown.com,Rickytown,Hawaii,India,2026-01-04
CUST1464,Robert,Rangel,benjaminshannon@hotmail.com,Taylorhaven,New Jersey,India,2024-01-22
CUST1465,Jamie,Ortiz,jessica62@smith.com,Georgeburgh,Connecticut,India,2024-09-18
CUST1466,Lisa,Rice,michaelramirez@nicholson-bowers.org,Martinezfort,Oklahoma,India,2024-02-29
CUST1467,Suzanne,Schultz,christopher18@yahoo.com,West Shawnchester,Oklahoma,India,2025-07-13
CUST1468,Pamela,Matthews,richardyoung@lawrence-gilbert.com,North John,Tennessee,India,2025-02-23
CUST1469,Joseph,Strickland,cassandraerickson@white-gallagher.com,Jasonborough,Tennessee,India,2025-10-01
CUST1470,Alyssa,Wall,robertbush@gmail.com,Brandonberg,New Mexico,India,2024-09-20
CUST1471,Scott,Hartman,abbottjennifer@gmail.com,East Tiffany,Georgia,India,2025-01-16
CUST1472,Brett,Mcdonald,tramirez@humphrey.com,Mendezberg,Montana,India,2025-01-09
CUST1473,Darin,Bolton,zbrown@ferguson-thompson.com,East Cameron,Maryland,India,2023-08-28
CUST1474,Michael,Porter,davidstewart@hotmail.com,Gordonbury,Delaware,India,2024-04-26
CUST1475,Cynthia,Coffey,jesus11@davis.biz,Johnton,Wyoming,India,2024-04-18
CUST1476,Eric,James,gregorythornton@gmail.com,Wheelerton,Nebraska,India,2023-03-09
CUST1477,Austin,Carter,matthew66@arnold.com,Frederickburgh,Iowa,India,2023-10-22
CUST1478,Yolanda,Choi,nelsonkevin@walker.com,Steventown,New Hampshire,India,2025-10-10
CUST1479,Sylvia,Scott,scottbreanna@lopez.net,Feliciashire,Delaware,India,2023-10-15
CUST1480,Erik,Cooley,rgraves@evans-wilson.com,Ryanmouth,Mississippi,India,2025-11-11
CUST1481,Douglas,Lara,mariaroberts@jenkins-keller.biz,Leestad,New York,India,2025-10-03
CUST1482,Melissa,Rice,pamela62@yahoo.com,Griffithside,Michigan,India,2025-03-15
CUST1483,Jennifer,Manning,michaelwilliamson@hotmail.com,Port Ericahaven,Louisiana,India,2023-04-08
CUST1484,Michelle,Tanner,coxdenise@hotmail.com,Christiantown,Washington,India,2023-05-18
CUST1485,Brandy,Leonard,zmorris@hotmail.com,North Michaelfort,New Mexico,India,2025-11-30
CUST1486,John,Hayes,scottrobert@hotmail.com,North Juliastad,Alaska,India,2023-03-09
CUST1487,Johnny,James,pamela58@raymond.biz,South Christinashire,New Hampshire,India,2025-06-02
CUST1488,Sergio,Fuller,summer39@hotmail.com,East Denisemouth,Louisiana,India,2023-11-22
CUST1489,Cameron,Price,johnnyguerrero@gmail.com,Knightshire,Rhode Island,India,2025-09-13
CUST1490,Elizabeth,Simmons,scott14@simmons.biz,Morganbury,Alabama,India,2023-05-30
CUST1491,Karen,Koch,xford@hotmail.com,Leeport,Nevada,India,2024-10-22
CUST1492,David,Huff,maynardmanuel@gmail.com,Noblefurt,Georgia,India,2025-06-07
CUST1493,Rhonda,Ramirez,maryrandall@butler-booth.info,Johnstonville,Nevada,India,2024-03-29
CUST1494,Jennifer,Williams,littlemichael@hotmail.com,Port Jessica,Iowa,India,2024-12-27
CUST1495,Erica,Ochoa,lchavez@cox.info,West Michaelview,North Carolina,India,2023-03-29
CUST1496,Amber,Roth,briannawilkerson@yahoo.com,East Heather,Pennsylvania,India,2024-01-31
CUST1497,Julia,Callahan,mfuentes@yahoo.com,West Sandraville,Ohio,India,2026-02-02
CUST1498,Brian,Nichols,wardtyler@yahoo.com,Gabrieltown,Delaware,India,2025-06-01
CUST1499,Shirley,Miller,stacey29@howard-smith.com,Lake Cynthia,Texas,India,2025-11-03
CUST1500,Anita,Ferrell,dburgess@hotmail.com,Lake Dawn,Mississippi,India,2023-04-07
CUST1501,Jennifer,Myers,tracy20@lee.com,North Selena,Arizona,India,2025-03-29
CUST1502,William,Strong,carrollkatelyn@porter-norman.info,Aguilarport,Vermont,India,2023-12-17
CUST1503,Laura,Dennis,tranmichelle@lewis.org,Tylerberg,Indiana,India,2023-04-01
CUST1504,Laura,Suarez,john02@hardy-rhodes.com,New Chad,Oregon,India,2023-05-29
CUST1505,Gordon,Brown,alexis96@bruce.net,New Jesse,Maryland,India,2025-05-09
CUST1506,Jason,Clarke,nmercado@hotmail.com,Lake Alexa,Iowa,India,2024-06-10
CUST1507,Madison,Reyes,alicia84@arellano.com,Stevenville,Alaska,India,2025-09-30
CUST1508,Gabriel,Sullivan,uscott@vasquez.com,Wilsonmouth,Texas,India,2025-03-01
CUST1509,Bryan,Merritt,ywhite@nolan.com,East Josephbury,Alaska,India,2025-02-24
CUST1510,Thomas,Brock,jenna91@jackson.net,Roseton,Colorado,India,2024-12-23
CUST1511,Keith,Wilson,rubiokelly@yahoo.com,Gonzaleschester,Alabama,India,2025-05-31
CUST1512,Michael,Hudson,steve46@mann.biz,West Jacquelineland,Arkansas,India,2023-07-13
CUST1513,Brittney,Tanner,estewart@mckenzie.com,Andradeberg,California,India,2024-10-18
CUST1514,Patrick,Cohen,timothy07@hernandez.com,Lake Michael,North Carolina,India,2026-01-12
CUST1515,Caitlin,Stevenson,michaelharris@torres.info,Lake Timothy,New Jersey,India,2026-02-03
CUST1516,Bonnie,Roth,stacy53@hotmail.com,Fernandezchester,Oregon,India,2025-10-05
CUST1517,Nicole,Brown,trevinojames@garcia.com,North Dianabury,Maine,India,2024-01-29
CUST1518,Timothy,Stone,misty25@ramos.com,South Heather,Louisiana,India,2023-08-10
CUST1519,Tonya,Thomas,johnsonjennifer@gmail.com,East Jeffreyfort,Alaska,India,2025-09-08
CUST1520,Daniel,Porter,hayeseric@castillo.com,Lake Charlesfort,Oklahoma,India,2025-01-02
CUST1521,Tammy,Harvey,zjohnston@allen.biz,Port Robert,Tennessee,India,2025-01-26
CUST1522,Jennifer,Conway,johnsonkenneth@zamora.biz,Ramosborough,Texas,India,2025-11-04
CUST1523,Gregory,Howell,juliamccarthy@bruce.com,Brewerstad,California,India,2023-07-09
CUST1524,Charles,Fletcher,cbrady@gmail.com,Port Mark,Mississippi,India,2024-03-03
CUST1525,Chase,Robinson,sarah77@vargas-cooper.com,East Philip,Tennessee,India,2024-05-03
CUST1526,William,Romero,gbarrett@gmail.com,Adamsmouth,Wyoming,India,2025-12-12
CUST1527,Olivia,Mooney,dlamb@johnson-gould.com,New Stephanieberg,Mississippi,India,2024-05-30
CUST1528,Steven,Choi,matthew15@yahoo.com,South Ianview,Maine,India,2023-09-27
CUST1529,Alyssa,Walker,denisewinters@hotmail.com,Davidville,Florida,India,2026-02-12
CUST1530,Sean,Smith,danielsanthony@gmail.com,Lake Patriciaport,Maine,India,2023-10-25
CUST1531,Adam,Stewart,derekwright@yahoo.com,Williamstad,Rhode Island,India,2024-01-24
CUST1532,Calvin,Jordan,vanessa64@gilbert.com,Debbiehaven,Pennsylvania,India,2024-03-24
CUST1533,Thomas,Cohen,nancy11@martinez-hunter.net,Hunterville,Vermont,India,2023-04-19
CUST1534,David,Hunter,kellyhenderson@hotmail.com,Port Sarah,Alaska,India,2025-12-24
CUST1535,Dustin,Lambert,matthew33@elliott.org,South Ashley,Maine,India,2023-05-06
CUST1536,Dawn,Bonilla,daniel78@parsons-roberts.com,Sototon,Colorado,India,2025-10-04
CUST1537,Robert,Berry,melissa15@kent-oconnell.com,Brittneyhaven,Minnesota,India,2024-08-05
CUST1538,Timothy,Johnson,jlopez@gmail.com,North Brandi,Delaware,India,2023-04-01
CUST1539,Robert,Robertson,fneal@charles.com,Matthewbury,Washington,India,2025-08-25
CUST1540,Philip,Bell,montesjustin@hotmail.com,West Wendyborough,Nebraska,India,2025-07-05
CUST1541,Tonya,Miller,shelleypittman@patrick-miller.biz,Armstrongside,Hawaii,India,2023-11-03
CUST1542,Crystal,Brown,carldavis@ward.com,Lake Charles,Wisconsin,India,2025-04-18
CUST1543,Jon,Bradford,garcialisa@hotmail.com,Oconnellchester,New Mexico,India,2023-03-28
CUST1544,Kimberly,Jones,mathewbriggs@gmail.com,Davisstad,Georgia,India,2026-02-06
CUST1545,Michael,Stevenson,martinroger@yahoo.com,Josephside,Nebraska,India,2024-08-04
CUST1546,Amy,Griffin,lindamata@yahoo.com,Edwardsville,Texas,India,2025-06-01
CUST1547,Preston,Hunter,daniel20@duffy.com,New Judyfurt,Iowa,India,2025-07-02
CUST1548,Kelly,Clay,judith79@hotmail.com,Port Lisa,North Dakota,India,2024-02-24
CUST1549,Nicholas,Freeman,jaclyn18@yahoo.com,East Patrickberg,Georgia,India,2026-02-07
CUST1550,Eric,Marshall,wlandry@hudson.com,Lake Traceyfurt,Colorado,India,2024-06-24
CUST1551,David,Klein,norman86@roberts-harris.com,West Toni,South Carolina,India,2023-07-24
CUST1552,Kathleen,Hernandez,virginia16@key.info,Nicolefurt,Maine,India,2024-03-24
CUST1553,John,Kelly,nmccormick@yahoo.com,East Cristian,Wyoming,India,2025-05-05
CUST1554,Joyce,Huff,bedwards@ramirez.org,West Shellyview,New York,India,2024-06-17
CUST1555,Robert,Johnston,fisherallison@gmail.com,Jacksonport,Maryland,India,2023-07-16
CUST1556,Lucas,Calhoun,isimon@perez.biz,New Daniel,Oklahoma,India,2026-02-23
CUST1557,Mary,Carr,ylutz@diaz.com,Ryanburgh,Georgia,India,2025-02-26
CUST1558,William,Whitaker,adamdouglas@yoder.com,Lake Courtney,Ohio,India,2023-07-15
CUST1559,Andrea,Rogers,lcooper@gmail.com,North Dustin,Illinois,India,2024-02-25
CUST1560,Shannon,Vincent,sierraweiss@yahoo.com,Savageshire,Pennsylvania,India,2023-11-07
CUST1561,Jessica,Warner,andreawood@gmail.com,Frankchester,Maine,India,2025-08-18
CUST1562,Sarah,Smith,mcclurejason@yahoo.com,Bridgetfort,West Virginia,India,2025-02-25
CUST1563,Troy,Johnson,randerson@pollard.net,Ericside,Delaware,India,2026-02-16
CUST1564,Jason,Marshall,krameradriana@johnson.com,Reynoldston,Minnesota,India,2025-10-16
CUST1565,Michael,Collins,cooperluis@hotmail.com,Richardshire,California,India,2026-02-07
CUST1566,April,Hernandez,elizabeth66@hotmail.com,West Amanda,New York,India,2023-08-07
CUST1567,Kelsey,Gamble,rjohnson@blackwell-anderson.biz,South Brenda,Kansas,India,2024-07-09
CUST1568,Brian,Morales,erichenry@perkins.com,Davisville,Arkansas,India,2023-04-17
CUST1569,Jennifer,Moore,tammynguyen@gmail.com,South Calebborough,Kansas,India,2023-06-18
CUST1570,Eric,Morris,karenwilliams@hotmail.com,Higginsmouth,Rhode Island,India,2024-10-02
CUST1571,Amber,Blackburn,holtmichael@yahoo.com,Brownshire,Arkansas,India,2023-03-25
CUST1572,Emily,Solomon,matthewschneider@yahoo.com,Burnstown,West Virginia,India,2024-08-22
CUST1573,Adam,Guerrero,hendersonkatelyn@yahoo.com,Nicholasmouth,Michigan,India,2025-03-31
CUST1574,Stephanie,Lopez,jsilva@cline.info,Whitebury,Connecticut,India,2026-02-21
CUST1575,James,Lane,phelpslaura@gmail.com,Nicholasville,Maine,India,2023-12-22
CUST1576,Dana,Rivera,marissawatson@yahoo.com,West Zachary,Georgia,India,2026-02-18
CUST1577,Amy,Guzman,kimberlypreston@yahoo.com,North Stephaniechester,North Dakota,India,2025-05-12
CUST1578,Brittany,Rosales,parkerian@hotmail.com,Anthonyberg,Montana,India,2024-06-29
CUST1579,Krista,Smith,kferrell@gmail.com,Mcneilberg,Kansas,India,2026-02-03
CUST1580,Pamela,Mooney,kristenrobinson@hotmail.com,Simmonsport,New Jersey,India,2024-02-14
CUST1581,Nathan,Martin,taylorchristy@hotmail.com,North Brianport,New Mexico,India,2023-09-01
CUST1582,Nathan,Jones,ramosraymond@yahoo.com,Taylortown,Alabama,India,2025-06-25
CUST1583,Christopher,Parks,cynthiariley@mitchell.com,East Dale,Mississippi,India,2023-12-31
CUST1584,Christina,Bates,haleymiller@wong.com,Port Adam,Alabama,India,2024-11-28
CUST1585,Emma,Richardson,hawkinsdennis@morgan.net,West Juanborough,Virginia,India,2025-05-07
CUST1586,Kelly,Poole,xmorgan@robinson-johnson.com,Thomasside,Oregon,India,2025-06-16
CUST1587,Andre,Ali,timothy50@myers.net,North Adam,Alaska,India,2025-08-26
CUST1588,Michael,Barnes,norma05@burns.com,New Williamstad,New York,India,2025-06-11
CUST1589,Travis,Yoder,atkinsstephen@underwood.com,North Amychester,North Carolina,India,2023-08-12
CUST1590,Jennifer,Wallace,tamaracook@gmail.com,South Jamie,Oklahoma,India,2025-04-08
CUST1591,Mark,Sandoval,amanda10@douglas.com,Aaronshire,Virginia,India,2023-12-03
CUST1592,Annette,Moyer,xmason@smith.biz,Costaton,Pennsylvania,India,2024-11-09
CUST1593,John,Gates,wandaclark@gmail.com,Kaufmanfurt,Idaho,India,2025-11-12
CUST1594,Jesse,Lane,rogerrodriguez@blevins.org,Carolynside,Vermont,India,2025-09-25
CUST1595,Troy,Clarke,michellebrown@walker-brown.com,Kennethbury,Rhode Island,India,2024-06-01
CUST1596,Lisa,Rodgers,fuentesjustin@gaines.com,East Joseph,Pennsylvania,India,2023-06-03
CUST1597,Michael,Gilmore,wandrade@gmail.com,Lake Anamouth,Iowa,India,2026-02-16
CUST1598,Joyce,Swanson,fgonzalez@gmail.com,North Todd,Connecticut,India,2024-04-30
CUST1599,Natasha,Johnson,amanda74@dorsey.org,Joyland,Oklahoma,India,2024-11-23
CUST1600,Ryan,Schroeder,michelle67@yahoo.com,Wadeberg,Rhode Island,India,2023-05-31
CUST1601,Kayla,Haynes,brittanymurphy@yahoo.com,Nelsonmouth,Arkansas,India,2024-09-13
CUST1602,Denise,Silva,gina54@johnson-bishop.com,West Rebecca,Delaware,India,2023-09-22
CUST1603,Mary,Stafford,along@harvey-gonzalez.com,East Mary,Idaho,India,2024-09-15
CUST1604,Brandon,Garcia,vmiller@yahoo.com,Phamshire,New Jersey,India,2024-08-26
CUST1605,Jennifer,Rocha,hscott@johnson.biz,Kerrborough,Wisconsin,India,2023-03-20
CUST1606,Justin,Burnett,ireed@edwards.com,Williamsside,Illinois,India,2025-06-02
CUST1607,Kylie,Phillips,bettyobrien@gmail.com,Port Rachelhaven,Georgia,India,2023-09-01
CUST1608,Nicole,Smith,pwright@yahoo.com,North Stacyville,West Virginia,India,2025-04-16
CUST1609,Nicole,Miller,darlenehayes@harris-miller.org,Johnsonberg,Kansas,India,2024-04-25
CUST1610,David,Diaz,jared50@herman.org,Port Mary,New York,India,2025-12-11
CUST1611,Aaron,Brown,lwatkins@henderson.com,Christopherberg,Maryland,India,2025-07-27
CUST1612,Amy,Freeman,jonathan87@yahoo.com,Burnsmouth,Delaware,India,2023-11-16
CUST1613,Sean,Brady,nwilliams@gmail.com,Judithshire,Vermont,India,2025-05-04
CUST1614,Crystal,Medina,jennifer25@yahoo.com,East Ricardo,Oregon,India,2025-09-17
CUST1615,Timothy,Olson,phillipgriffin@wood.com,Troyland,Wisconsin,India,2026-02-02
CUST1616,Scott,Gardner,davidtorres@yahoo.com,Sarahfurt,Pennsylvania,India,2024-01-19
CUST1617,Calvin,Nguyen,gshaw@clay.com,Grosschester,Maryland,India,2024-12-20
CUST1618,Joshua,Thomas,zcampos@king.org,Port Joseph,Massachusetts,India,2024-10-29
CUST1619,Megan,Thompson,kimberly91@lewis.com,Port Sherry,Connecticut,India,2025-07-10
CUST1620,David,Page,williamsbrianna@mccormick-hoover.com,North Melissa,California,India,2025-04-08
CUST1621,Laura,Gomez,pramirez@singleton.com,Lake Andrew,Idaho,India,2024-10-24
CUST1622,Amy,Barnes,jeffrey55@hotmail.com,Port Mariaview,Colorado,India,2024-01-02
CUST1623,Oscar,Matthews,jasmine73@gmail.com,Medinaside,New Jersey,India,2025-10-25
CUST1624,Kevin,Allen,pamelarodriguez@brown-smith.com,Brownhaven,California,India,2023-12-06
CUST1625,Katherine,Braun,michelle06@harmon.com,Mayerside,Ohio,India,2023-05-26
CUST1626,Julie,Norris,smyers@gmail.com,Bakerborough,New Hampshire,India,2024-04-03
CUST1627,John,Harrison,kyleolson@hotmail.com,Moralesshire,Oklahoma,India,2023-12-22
CUST1628,Philip,Lucero,eric29@yahoo.com,South Jeremy,New Jersey,India,2023-11-21
CUST1629,Kayla,Macdonald,fosterthomas@vazquez.com,Lake Cherylville,Utah,India,2025-07-16
CUST1630,Teresa,Bates,angelapatton@hotmail.com,New Thomas,New York,India,2024-11-17
CUST1631,Christine,Jones,jarvisroger@hotmail.com,Barrytown,West Virginia,India,2023-09-17
CUST1632,Kelly,Sanchez,alexander61@hernandez.com,Shannontown,Georgia,India,2024-03-04
CUST1633,Samantha,Brown,gabriela31@jones.com,Mccoyhaven,Michigan,India,2024-05-05
CUST1634,David,Garcia,stonenathan@hotmail.com,North Patricia,Idaho,India,2024-05-22
CUST1635,David,Cunningham,john58@huff.com,Barnettshire,Pennsylvania,India,2023-09-22
CUST1636,Nicole,Gonzalez,regina48@hotmail.com,Cynthiaport,Maine,India,2023-10-20
CUST1637,Joshua,Hess,garrettwilliams@jones.net,South Samuelstad,Nevada,India,2024-03-04
CUST1638,Elizabeth,Morgan,rhonda53@yahoo.com,Warrenport,Iowa,India,2024-10-07
CUST1639,Margaret,Walker,martincharles@gardner.com,Sarahside,New Jersey,India,2025-03-14
CUST1640,Diane,Alvarado,lisagalvan@hotmail.com,Hallchester,Tennessee,India,2024-05-27
CUST1641,Patricia,Williams,padillabrittany@lamb.com,Ashleychester,Washington,India,2024-04-06
CUST1642,Leslie,Pugh,steven48@chung.org,South Andrew,Illinois,India,2024-03-25
CUST1643,Christopher,Rivera,travis85@thompson.com,New Brooke,Virginia,India,2024-05-02
CUST1644,David,Long,brandon38@hotmail.com,New Rebeccabury,Vermont,India,2023-09-06
CUST1645,Antonio,White,wvasquez@macias-howard.com,North Kelsey,Illinois,India,2024-11-29
CUST1646,Rebecca,Clark,proberts@burns.com,West Patricia,West Virginia,India,2023-10-01
CUST1647,Jessica,Gomez,longangie@carroll.com,North Sandra,Texas,India,2025-01-14
CUST1648,Krista,Pacheco,wsmith@gmail.com,Sonyabury,Iowa,India,2024-09-05
CUST1649,Yvonne,Horton,danny65@miller.com,Port Edward,Minnesota,India,2024-02-10
CUST1650,Timothy,White,johnweber@mitchell.com,East Carlos,North Carolina,India,2025-09-16
CUST1651,Joshua,Martin,ncampbell@gmail.com,Andreaburgh,New Hampshire,India,2025-11-10
CUST1652,Lauren,Peters,wrightjohn@yahoo.com,Lake Cheryl,Hawaii,India,2025-05-20
CUST1653,Miranda,Carroll,mariah16@yahoo.com,West Eric,Georgia,India,2024-09-20
CUST1654,Meghan,Schwartz,fthomas@delgado.com,South Manuelview,Idaho,India,2024-06-03
CUST1655,Carrie,Mills,jeffreymartin@cannon.info,Emilybury,Rhode Island,India,2023-04-12
CUST1656,Sarah,Jones,andreabaker@gmail.com,North Robertchester,New Hampshire,India,2025-03-29
CUST1657,John,Elliott,felicia87@ayala.com,Sheilamouth,Louisiana,India,2023-08-01
CUST1658,Amber,Mcdonald,deborah42@yahoo.com,East Peterberg,New York,India,2023-07-12
CUST1659,Jeffrey,Williams,amandahess@hotmail.com,South Aaronfort,New Hampshire,India,2023-11-02
CUST1660,Amber,Huang,harrispatrick@hotmail.com,Robinsonview,Utah,India,2024-09-27
CUST1661,Kelly,Bryant,trocha@hotmail.com,Jacktown,Virginia,India,2024-06-01
CUST1662,Hannah,Rivera,marvin74@gmail.com,South Elizabethbury,South Dakota,India,2025-09-14
CUST1663,Cynthia,Cordova,gardnercory@palmer.com,Kristenton,Hawaii,India,2023-06-13
CUST1664,Patricia,Campbell,fletcherkatherine@yahoo.com,Alvaradomouth,Wyoming,India,2025-07-11
CUST1665,Steven,Goodwin,hperry@hotmail.com,Lake Maureen,New Hampshire,India,2023-04-16
CUST1666,Megan,Chang,laurenblackburn@yahoo.com,Fisherfurt,Hawaii,India,2025-04-07
CUST1667,Phillip,Smith,maysglenn@yahoo.com,West Taylorville,North Dakota,India,2024-12-02
CUST1668,Jimmy,Garrett,shepherdtara@jacobs.org,North Kimberly,California,India,2025-09-25
CUST1669,Sean,White,bennettpatrick@yahoo.com,Port Patriciashire,Rhode Island,India,2025-10-21
CUST1670,William,Glass,williepatterson@woods.biz,Patrickfort,Massachusetts,India,2024-05-09
CUST1671,Pamela,Howell,jonesanthony@lopez-cline.biz,Troyville,Illinois,India,2024-12-11
CUST1672,Andrew,King,tallen@owens.com,East Troy,Oklahoma,India,2026-01-20
CUST1673,Ruben,Morris,jessecombs@prince-lawrence.com,East Joseph,Maryland,India,2023-10-24
CUST1674,Roberto,Shaw,zmurphy@gmail.com,Davidchester,Nevada,India,2023-11-03
CUST1675,Robert,Greene,jordan95@hotmail.com,South Matthewstad,South Carolina,India,2023-04-19
CUST1676,Jennifer,Bennett,benjaminherman@dixon-foster.com,Port Jamesberg,Hawaii,India,2024-09-08
CUST1677,Brian,Haynes,stokesronald@wallace.com,Wilsonborough,Maryland,India,2024-06-01
CUST1678,Savannah,Lee,matthew16@singh-nguyen.info,Davidview,Nebraska,India,2023-11-20
CUST1679,Patricia,Chapman,katie18@hotmail.com,Barnesbury,Alaska,India,2023-11-29
CUST1680,Laurie,Rodriguez,wrightlisa@gmail.com,Lake Christopher,Georgia,India,2026-01-20
CUST1681,Daniel,Kemp,fcolon@gillespie.com,South Pamela,Kentucky,India,2024-01-17
CUST1682,Stephanie,Rodriguez,jashley@rose-landry.org,Jeanetteborough,Colorado,India,2024-10-12
CUST1683,Ashley,Smith,kimberly09@hubbard-wilson.com,East Adam,Pennsylvania,India,2025-04-17
CUST1684,Madison,Price,morganadam@mckenzie-rivera.com,New Ruth,Kansas,India,2024-04-24
CUST1685,Brian,Alvarez,tinawong@hotmail.com,North Ann,Kentucky,India,2024-09-12
CUST1686,Alex,Pittman,michelle22@lee.com,North Melissaburgh,Mississippi,India,2024-05-11
CUST1687,Blake,Carter,damonschmidt@yahoo.com,North Karenberg,South Carolina,India,2024-01-20
CUST1688,Heather,Thomas,cynthiahernandez@gmail.com,North Joshua,Oregon,India,2025-08-30
CUST1689,Jennifer,Miller,jerryrobinson@deleon.com,South Margaret,Iowa,India,2024-04-18
CUST1690,James,Miller,richard39@smith.com,Wheelerstad,Oklahoma,India,2025-11-08
CUST1691,Crystal,Wilson,wwise@hotmail.com,Sandrachester,Maryland,India,2024-12-19
CUST1692,Brian,Jones,mosleyglenda@pittman-melendez.info,Michaelview,Nevada,India,2024-09-17
CUST1693,Christopher,Reynolds,qramirez@mccullough.com,Beanfort,Missouri,India,2023-06-25
CUST1694,Crystal,Roberts,nlyons@burgess-crawford.net,Port Mark,Idaho,India,2025-01-01
CUST1695,Teresa,Young,karenjohnson@hotmail.com,East Michelle,Indiana,India,2024-04-17
CUST1696,Shelly,Jones,ericklein@mendez-morales.com,Mitchellview,Tennessee,India,2024-08-15
CUST1697,Charles,Mosley,jacob93@cruz.net,Clarkechester,Wisconsin,India,2024-10-26
CUST1698,Michael,Knight,hernandezamy@hotmail.com,Frederickmouth,Wyoming,India,2024-11-15
CUST1699,Nichole,Green,dmassey@hotmail.com,Lake Samantha,Arkansas,India,2023-12-30
CUST1700,Ashley,Jones,matthewgomez@lee-brooks.com,Robertton,Connecticut,India,2025-03-15
CUST1701,Debra,Henderson,rodrigueztyler@hotmail.com,New Lisaside,Louisiana,India,2024-07-27
CUST1702,James,Bell,mary03@blake.net,Timothyland,Colorado,India,2025-08-20
CUST1703,Theresa,Campbell,cathy62@rodriguez.info,Chandlerburgh,Oregon,India,2024-09-07
CUST1704,Trevor,Smith,thompsonheather@hotmail.com,Scotthaven,Nebraska,India,2023-10-09
CUST1705,Michael,Williams,brandikline@hanson.com,East James,Wyoming,India,2024-09-24
CUST1706,Tamara,Cline,vangjustin@giles.com,Kleinport,Nebraska,India,2024-02-23
CUST1707,Vickie,Diaz,heathertaylor@yahoo.com,South Bobby,Maryland,India,2025-06-02
CUST1708,Alicia,Smith,casey62@hotmail.com,West Kaitlyn,Alaska,India,2024-12-25
CUST1709,Michele,Lee,tramirez@yahoo.com,Kimshire,Rhode Island,India,2025-08-21
CUST1710,Stephanie,Callahan,joseph99@gmail.com,South Rebeccaport,North Dakota,India,2023-12-05
CUST1711,Amber,Paul,cschultz@yahoo.com,Sanchezhaven,West Virginia,India,2023-12-18
CUST1712,Brenda,White,tiffany47@gmail.com,South Joanneland,Kansas,India,2025-06-18
CUST1713,Perry,Buchanan,dawn37@wilkinson.org,Lake Claudiashire,Illinois,India,2024-09-02
CUST1714,Erik,Tyler,amandahall@ochoa.com,Mackborough,Utah,India,2024-06-09
CUST1715,Taylor,Hayes,pateljamie@hotmail.com,Stephanieberg,Nebraska,India,2024-12-31
CUST1716,Amber,Coleman,stephenphillips@perkins.com,North Stephanie,Rhode Island,India,2025-09-24
CUST1717,Charles,Carney,victoria85@yahoo.com,South Jessica,South Carolina,India,2025-01-19
CUST1718,Steven,Massey,mary90@smith.com,Port Ronaldside,Connecticut,India,2026-01-25
CUST1719,Robert,Jordan,zachary43@hotmail.com,East Don,Missouri,India,2024-06-24
CUST1720,Christina,Schmidt,gonzalestony@garcia.net,South Sharon,Wyoming,India,2023-06-21
CUST1721,Laurie,Jones,johnsonjason@robinson.com,Lake Samantha,Utah,India,2025-08-24
CUST1722,Sandra,Hernandez,darrell65@goodwin.biz,Lake Brooketown,Florida,India,2025-08-23
CUST1723,Cindy,Wood,william33@yahoo.com,Dillonmouth,Kansas,India,2024-02-08
CUST1724,Ryan,Caldwell,amandaphillips@gmail.com,North Eric,Arizona,India,2023-02-28
CUST1725,Linda,Stone,mccoyryan@gmail.com,Thomasmouth,Michigan,India,2023-04-03
CUST1726,Ashley,Harris,hardyjoseph@gmail.com,New Elizabeth,Michigan,India,2025-02-19
CUST1727,Samuel,Butler,markthomas@mckinney.com,Brownberg,Michigan,India,2025-07-27
CUST1728,Frank,Matthews,ruben95@williams.com,Desireefort,Massachusetts,India,2025-05-02
CUST1729,Thomas,Navarro,cbowman@gay.com,New Stephanie,Idaho,India,2026-01-06
CUST1730,Natalie,Coleman,xduarte@freeman.info,West Jonathan,Colorado,India,2024-04-26
CUST1731,Travis,Wilson,bbrewer@yahoo.com,Dianaberg,Georgia,India,2023-05-03
CUST1732,Regina,Peters,kristinhenry@yahoo.com,Gatesmouth,Mississippi,India,2025-03-11
CUST1733,William,Lowe,spotts@campos-lutz.com,Jacobview,Illinois,India,2023-05-29
CUST1734,Justin,Brooks,morganthomas@marsh.com,Lake William,Wisconsin,India,2025-04-27
CUST1735,Douglas,Acosta,brianblack@yahoo.com,North Ericberg,Utah,India,2025-04-06
CUST1736,Christopher,Velasquez,myersbenjamin@yahoo.com,Gonzaleztown,North Carolina,India,2025-09-28
CUST1737,Craig,Freeman,tylerjustin@hotmail.com,Hannahburgh,North Carolina,India,2026-01-20
CUST1738,Michael,Pratt,vanessa89@lopez.com,Tanyaville,West Virginia,India,2025-10-13
CUST1739,Jesus,Werner,beckerrobert@hotmail.com,East Shannon,New Hampshire,India,2025-12-03
CUST1740,Barbara,Jenkins,morganmendoza@thomas.com,West Johnmouth,Tennessee,India,2025-12-24
CUST1741,Joshua,Gonzalez,brandiwong@knapp.com,West Juliafurt,Louisiana,India,2025-10-21
CUST1742,Hannah,Lopez,williamsbill@yahoo.com,Mariestad,Montana,India,2026-01-28
CUST1743,Mary,Ford,carla72@yahoo.com,Port Kelsey,Ohio,India,2023-04-08
CUST1744,Jessica,Diaz,meganmarshall@yahoo.com,West Debbiefort,New Jersey,India,2023-07-28
CUST1745,Mark,Odonnell,tyler79@morales.com,Josephbury,South Dakota,India,2025-09-12
CUST1746,Mary,Horne,barbara53@hampton.com,Lake Ginaborough,Nebraska,India,2024-07-05
CUST1747,Nicole,Ramos,shannonmolina@hotmail.com,Lake Paige,North Dakota,India,2025-01-10
CUST1748,Jillian,Bishop,johnsonsteven@strong.com,Youngmouth,South Dakota,India,2023-11-29
CUST1749,Lawrence,Lane,jasminemiller@yahoo.com,East Gregoryborough,Utah,India,2025-11-09
CUST1750,Madison,Mitchell,allisonperkins@yahoo.com,West Kristi,Arkansas,India,2023-12-26
CUST1751,Kristen,Martin,jennifer00@obrien.com,Shepardbury,Alabama,India,2025-12-12
CUST1752,Steven,Holmes,tmartin@peters-wilson.com,Brianstad,Montana,India,2023-12-22
CUST1753,John,Contreras,leonardbrian@yahoo.com,South Donaldmouth,Washington,India,2025-11-29
CUST1754,Gregory,Hughes,erikafry@garcia.net,Lake Jesusville,Illinois,India,2024-12-20
CUST1755,Heather,Martinez,amber21@hotmail.com,Webbville,Kentucky,India,2025-01-14
CUST1756,Cameron,Rose,matthew70@davies.com,North Zacharymouth,Nebraska,India,2024-05-12
CUST1757,Pedro,Harmon,cgoodman@jarvis.info,Sheriland,Connecticut,India,2023-11-06
CUST1758,John,Brown,antoniomann@hotmail.com,Stephanieport,Maine,India,2024-01-05
CUST1759,Mathew,Patel,lunaronald@sanford.com,West John,Utah,India,2024-02-17
CUST1760,Joe,Jones,hooverchristopher@ellis.com,West David,New Mexico,India,2025-12-27
CUST1761,Howard,Brown,daviddonovan@nguyen-wood.com,Dawnview,Oregon,India,2024-09-25
CUST1762,Eric,Davis,harmonmichael@oliver.biz,East Krystalchester,Ohio,India,2024-12-22
CUST1763,Jessica,Vargas,rachelsmith@gmail.com,Martinview,Pennsylvania,India,2026-02-13
CUST1764,David,Smith,ruthbowen@gmail.com,Katelynshire,Illinois,India,2025-12-09
CUST1765,Tamara,Chen,turnershane@yahoo.com,West Stacyside,Alaska,India,2025-12-18
CUST1766,Danielle,Wright,fosterlisa@gmail.com,Washingtonfort,New Hampshire,India,2025-08-14
CUST1767,Ashlee,Sanchez,cathy96@carter.com,Andrewschester,Ohio,India,2023-12-26
CUST1768,Stephanie,Craig,tony94@johnson.net,New Jacobport,Washington,India,2025-11-29
CUST1769,Alison,Smith,zlawson@gmail.com,Lake Matthew,Massachusetts,India,2026-02-05
CUST1770,Chad,Perry,nataliewilliams@gmail.com,West Carrietown,Delaware,India,2023-07-23
CUST1771,Justin,Lawrence,hsmith@gmail.com,Nicoleborough,Louisiana,India,2023-09-25
CUST1772,John,Lee,ppatel@alexander.com,North Annechester,Wisconsin,India,2026-02-05
CUST1773,John,Frazier,tiffany27@floyd-vega.com,Sanchezside,Indiana,India,2025-12-16
CUST1774,Bobby,Pace,fguzman@gmail.com,North James,Nevada,India,2024-11-27
CUST1775,Kaitlyn,Wilson,robinsonteresa@yahoo.com,Elizabethberg,Michigan,India,2026-01-03
CUST1776,Jacob,Dyer,parksmatthew@cox.net,Jameshaven,Utah,India,2023-03-13
CUST1777,Tonya,Jones,brandiday@gmail.com,Lake Emilyview,Rhode Island,India,2025-05-10
CUST1778,Sara,Russell,larsonstephanie@krueger.biz,Phillipstad,Montana,India,2023-07-08
CUST1779,Russell,Munoz,michaeljackson@reynolds.net,South Cindystad,Arizona,India,2025-04-03
CUST1780,Reginald,Crawford,harrisondavid@yahoo.com,Derrickshire,North Carolina,India,2025-03-30
CUST1781,Melanie,Martinez,kellystewart@gmail.com,Shanemouth,Iowa,India,2023-10-05
CUST1782,Erin,Reynolds,ricesteven@gmail.com,Port Tylerburgh,Rhode Island,India,2024-07-31
CUST1783,Carla,Black,diazterri@gmail.com,West Patricia,Oklahoma,India,2024-08-25
CUST1784,Jennifer,Moore,christopher73@little.com,North Christianside,New Jersey,India,2024-05-29
CUST1785,Tammy,Lopez,qgriffith@hotmail.com,Allisonton,New York,India,2024-05-15
CUST1786,Tony,Wilson,richard35@yahoo.com,Williammouth,Nebraska,India,2025-01-02
CUST1787,Tom,Martin,swoods@yahoo.com,South Jeffreyport,Kentucky,India,2025-10-20
CUST1788,Daniel,Berg,julie87@yahoo.com,North Ryan,Indiana,India,2023-06-13
CUST1789,Joe,Long,hannah39@yahoo.com,North Taylor,Idaho,India,2023-10-28
CUST1790,Dustin,Brown,riveraandrew@powell-miller.com,Alichester,Utah,India,2025-07-15
CUST1791,Patrick,Fletcher,paynesean@yahoo.com,North Tiffany,Alaska,India,2023-12-28
CUST1792,Norma,Hayes,debra90@hotmail.com,Port Lisaport,Wyoming,India,2025-11-24
CUST1793,Steven,Hernandez,royjorge@walker.com,Kathleenmouth,Wisconsin,India,2024-07-07
CUST1794,Jeremy,Harrington,deniseramos@ball-morrison.com,East Seanberg,Minnesota,India,2024-04-21
CUST1795,Jessica,Palmer,bernardmills@hotmail.com,Parkerview,South Dakota,India,2025-05-22
CUST1796,Samantha,Rodriguez,wnelson@hotmail.com,Floydside,Delaware,India,2024-10-23
CUST1797,Brittney,Mcpherson,joanhernandez@hill.com,North Michael,Maryland,India,2025-01-10
CUST1798,Juan,Herring,timothy79@russo.com,New Derrick,Missouri,India,2025-08-12
CUST1799,Wendy,Davis,heather38@curtis-taylor.info,South Robert,West Virginia,India,2024-07-29
CUST1800,Ronald,Kelley,abender@gmail.com,Patriciamouth,Louisiana,India,2025-06-28
CUST1801,Diana,Wagner,ryanreed@hotmail.com,Walkerville,Delaware,India,2023-05-18
CUST1802,Brandon,Harrison,gregoryorr@medina.com,Robertburgh,Oklahoma,India,2025-10-27
CUST1803,Amy,Cooley,mwatson@robinson.com,Richardsonfort,South Dakota,India,2024-05-04
CUST1804,Carrie,Ball,michelle44@yahoo.com,Lake Jenniferberg,Vermont,India,2024-07-13
CUST1805,James,Stout,fcarr@hotmail.com,Smithstad,Delaware,India,2024-03-05
CUST1806,Ryan,Ramos,sarah68@gmail.com,North William,South Carolina,India,2023-05-27
CUST1807,Charles,Hale,diane00@leon.com,Amandaport,California,India,2026-01-25
CUST1808,Maxwell,Gonzalez,jenniferalvarez@escobar.com,Leahbury,Washington,India,2024-02-05
CUST1809,Richard,Lee,crystal43@baird.com,Nortonport,Arizona,India,2023-08-13
CUST1810,Laura,Graham,mcmahonsarah@gmail.com,South Tara,Mississippi,India,2025-02-23
CUST1811,Lisa,Gomez,edwardlopez@hansen.com,East Victoria,Wisconsin,India,2025-10-08
CUST1812,Sean,Roth,michelle85@gmail.com,Hodgesside,New York,India,2025-12-25
CUST1813,David,Williams,rboyle@bryan.com,Port Valerie,Arkansas,India,2025-03-28
CUST1814,Sharon,Carr,michaelhodge@riley.net,Williamport,Virginia,India,2024-11-12
CUST1815,Amy,Marshall,michele26@yahoo.com,South Amy,Ohio,India,2023-10-29
CUST1816,Amanda,Roberts,barneswilliam@suarez.com,Bowerstown,Utah,India,2024-05-03
CUST1817,Darius,Martin,oharris@allen-gregory.info,Timothyburgh,Kentucky,India,2024-04-19
CUST1818,Wayne,Long,lisasilva@gmail.com,Janiceberg,Kentucky,India,2024-12-04
CUST1819,Lisa,Knight,dominguezcarrie@lewis-gutierrez.org,West Peterberg,New Hampshire,India,2023-07-21
CUST1820,Sandra,Mueller,bakermolly@gmail.com,Hardyfort,Maine,India,2024-02-04
CUST1821,Greg,Phillips,qkeller@yahoo.com,North Michaelhaven,Michigan,India,2025-04-19
CUST1822,Jeffrey,Kramer,xperez@hotmail.com,Sancheztown,Alabama,India,2023-06-16
CUST1823,Karen,Francis,qhenry@dunlap.com,Roymouth,Alaska,India,2025-10-27
CUST1824,Lynn,Wood,michellemay@gmail.com,Port Josephfurt,North Dakota,India,2025-10-10
CUST1825,Joanna,Carter,qgill@johnson-dominguez.com,Port Paulshire,Indiana,India,2023-07-23
CUST1826,Jeff,Randall,teresa48@livingston.net,Julieport,Texas,India,2025-01-11
CUST1827,Dana,Hull,kimberly76@yahoo.com,Alexandramouth,Florida,India,2024-01-28
CUST1828,Brendan,Orr,patrick32@harris.com,East Raymondhaven,Michigan,India,2023-11-28
CUST1829,Kimberly,Walker,mcobb@gmail.com,Lorimouth,Minnesota,India,2025-04-13
CUST1830,Melissa,Smith,lisawade@strong-thompson.com,Hernandezshire,New Jersey,India,2024-12-29
CUST1831,Linda,Marks,dgarrett@yahoo.com,South Jackbury,Indiana,India,2024-09-08
CUST1832,Steve,Woods,lberg@gmail.com,North Brent,Maine,India,2024-06-05
CUST1833,Kathryn,Murphy,kathrynosborn@cooper.com,Lake Aliciabury,Iowa,India,2023-04-05
CUST1834,Caleb,Romero,jenna20@burton-sanders.net,Mariashire,Wyoming,India,2025-01-27
CUST1835,Adriana,Roberts,hoffmanelizabeth@gmail.com,Port Tim,Connecticut,India,2023-10-09
CUST1836,Dan,Jennings,ncolon@cruz-sheppard.info,East Zachary,Georgia,India,2025-05-27
CUST1837,Brett,Reyes,dennis47@gmail.com,Lake Emma,Wisconsin,India,2025-04-21
CUST1838,Melinda,Mejia,elizabethfoster@james-marshall.net,Lisachester,New Mexico,India,2023-12-07
CUST1839,Edward,Walker,danielevans@gmail.com,Gonzalezmouth,Colorado,India,2023-03-04
CUST1840,Antonio,Walker,yangamanda@yahoo.com,Luisburgh,South Dakota,India,2025-09-18
CUST1841,Daniel,Riley,geraldgrant@stewart-garcia.net,Port Brianfort,Missouri,India,2026-02-09
CUST1842,Shane,Nolan,kyle10@harrison.biz,Tiffanyton,South Carolina,India,2024-01-23
CUST1843,Laura,Torres,amyrodriguez@calderon-thompson.info,Wrightton,Nevada,India,2023-06-14
CUST1844,Terry,Sampson,garciathomas@yahoo.com,Melanieton,North Carolina,India,2024-09-26
CUST1845,Nathan,Stewart,blairtyler@vargas-wiggins.net,South Rachel,New Mexico,India,2026-01-01
CUST1846,Matthew,Henry,vasquezelizabeth@hardy-garcia.info,West Michael,Missouri,India,2025-08-17
CUST1847,Michele,Nelson,jonathangross@yahoo.com,Kimberlychester,Missouri,India,2023-07-03
CUST1848,Cody,Marshall,zproctor@medina.com,West Christineville,Illinois,India,2023-11-21
CUST1849,Jennifer,Harris,rcole@hotmail.com,South Kimberlystad,South Dakota,India,2024-12-06
CUST1850,Mark,Bentley,nnoble@hotmail.com,Port Jasonport,Wisconsin,India,2024-01-09
CUST1851,Susan,Johnson,wagnerdavid@gmail.com,South Eric,Oklahoma,India,2025-04-10
CUST1852,Kimberly,Ramirez,wrighttroy@hotmail.com,East Aprilbury,Kentucky,India,2024-02-24
CUST1853,Chris,Torres,yhorton@hotmail.com,Jillianton,Massachusetts,India,2023-09-17
CUST1854,Elizabeth,Lopez,timothybaker@cain-johnson.info,Whitetown,Indiana,India,2024-09-15
CUST1855,Edward,Juarez,tinataylor@garrison.info,Jeffreyborough,North Carolina,India,2024-10-29
CUST1856,Mary,Rojas,epineda@gmail.com,Perezborough,Pennsylvania,India,2025-02-14
CUST1857,Danielle,Bailey,mariagarcia@gmail.com,South Stevechester,Alaska,India,2025-02-13
CUST1858,Jennifer,Johnson,cooperjennifer@yahoo.com,West Alyssaburgh,Vermont,India,2023-12-27
CUST1859,Anne,Richardson,tinabrown@baker.com,Lisaport,Wisconsin,India,2024-09-15
CUST1860,Ann,Thomas,tanyahays@jordan.com,Lake Lauren,Oklahoma,India,2025-03-08
CUST1861,Juan,Santos,heatherglover@bryant-jackson.com,Port Michael,Tennessee,India,2025-07-07
CUST1862,Amy,James,katrina99@nelson.com,Karafurt,Mississippi,India,2025-03-17
CUST1863,Christine,Turner,hcampbell@hotmail.com,Wendyfurt,Pennsylvania,India,2024-03-08
CUST1864,Tammy,Morgan,hinesalexandria@yahoo.com,Leestad,Missouri,India,2024-05-22
CUST1865,Patrick,Campbell,chelseagraham@gmail.com,South Brett,Indiana,India,2024-05-25
CUST1866,Chad,Wood,portega@cruz.net,Richardmouth,Hawaii,India,2024-05-05
CUST1867,Haley,Smith,andersenvanessa@lucas.com,Alexland,New Jersey,India,2026-01-09
CUST1868,Monique,Brown,cliffordrobinson@yahoo.com,Lake George,Maine,India,2024-05-10
CUST1869,Melissa,Robertson,eric44@moran.info,Morrisland,Illinois,India,2024-07-19
CUST1870,Scott,Vazquez,patricia54@yahoo.com,North Thomas,Washington,India,2024-05-27
CUST1871,Laura,Mcdowell,gerald21@yahoo.com,Greenhaven,Texas,India,2023-10-21
CUST1872,Laurie,Smith,gallen@gonzalez.com,Dorisshire,Montana,India,2024-06-22
CUST1873,Andrew,Smith,keith49@hotmail.com,Anthonytown,Vermont,India,2024-03-24
CUST1874,Xavier,Schneider,marygould@yahoo.com,New Anna,West Virginia,India,2023-07-11
CUST1875,Dawn,Chen,robertbowman@davis.info,Lisastad,Hawaii,India,2025-01-09
CUST1876,Ruth,Hamilton,sloanrhonda@hotmail.com,Arnoldmouth,Pennsylvania,India,2024-12-02
CUST1877,Christopher,Nolan,morenovictoria@castro-parker.com,Yorkland,Alaska,India,2025-08-15
CUST1878,Sarah,Grant,natasha06@johnston.com,Melanieside,Kansas,India,2023-07-12
CUST1879,John,Frank,juliecooper@davis.com,Johnnyton,New Jersey,India,2023-10-19
CUST1880,Tammie,Gibbs,dbenjamin@goodman.com,Williamshire,Vermont,India,2025-03-27
CUST1881,Sarah,Berry,conleyalex@hotmail.com,Port Jesseshire,Alaska,India,2023-03-26
CUST1882,Alexis,Torres,michael22@gmail.com,Lake Katelyn,Illinois,India,2025-12-24
CUST1883,Timothy,King,linda58@hotmail.com,North Alejandro,Ohio,India,2025-04-26
CUST1884,Shaun,Bell,washingtonjohn@yahoo.com,Port Kayla,Utah,India,2026-01-23
CUST1885,Wesley,Sullivan,antonio81@gmail.com,Mosestown,Minnesota,India,2023-11-19
CUST1886,Shannon,Gutierrez,cookjennifer@hotmail.com,South Brian,New York,India,2025-03-11
CUST1887,Erika,Leonard,bgarcia@craig.com,Larryfurt,South Dakota,India,2024-02-07
CUST1888,Edwin,Santos,reynoldscathy@tran.com,Patriciaport,Texas,India,2023-06-01
CUST1889,Joyce,Harris,lisa35@lewis.com,Jonathanmouth,Texas,India,2025-07-08
CUST1890,Jeffrey,Ayers,qhenderson@rivers.biz,Frederickborough,Mississippi,India,2025-07-30
CUST1891,Jesse,Walker,chapmanjoseph@gmail.com,Ryanhaven,Utah,India,2023-09-29
CUST1892,Gregory,Smith,becky70@harris.net,New Brandystad,Pennsylvania,India,2024-11-13
CUST1893,Edward,Barrett,harrisstephanie@cox-garcia.com,Calderonbury,Michigan,India,2025-01-13
CUST1894,Karina,Macias,ywalker@yahoo.com,West Kelly,Missouri,India,2025-05-28
CUST1895,Jesse,Waters,isaiahjohnson@moreno.com,West Connie,Arizona,India,2024-12-30
CUST1896,Alexandra,Bishop,shane07@peterson-king.net,West Carolinemouth,Ohio,India,2023-09-12
CUST1897,Kevin,Jacobson,lisariley@little.com,Nealview,North Carolina,India,2026-01-07
CUST1898,John,Dawson,bradleyshawna@gmail.com,East Marcus,Hawaii,India,2023-12-26
CUST1899,James,Jones,dudleykurt@gmail.com,Dawsonbury,South Dakota,India,2024-12-16
CUST1900,Karen,Sandoval,howellmatthew@gmail.com,Jamieland,Arizona,India,2024-01-18
CUST1901,Sandra,Frost,lindareeves@smith.com,West Jacob,Mississippi,India,2023-04-27
CUST1902,Susan,Riddle,lorijones@wiley.com,Walkerhaven,Arizona,India,2024-05-22
CUST1903,Megan,Thomas,nataliebrown@yahoo.com,South Marcfort,Nebraska,India,2025-09-14
CUST1904,Emily,Brown,criley@yahoo.com,East Jenna,New Jersey,India,2025-06-22
CUST1905,Collin,Evans,danielhudson@edwards-johnson.biz,Karenbury,West Virginia,India,2025-08-08
CUST1906,Susan,Campbell,troy65@yahoo.com,Wilsonberg,Kansas,India,2023-07-27
CUST1907,Lisa,Hernandez,autumncole@hobbs.com,Fisherstad,Maine,India,2025-10-28
CUST1908,Mark,Fletcher,gibsonandrew@duncan-barr.net,East Donna,Kentucky,India,2024-11-08
CUST1909,Kevin,Yu,joshua09@fernandez.com,Port Jordan,Utah,India,2025-03-05
CUST1910,Stephen,Fischer,shawnhinton@hotmail.com,East Kristopher,Mississippi,India,2025-11-22
CUST1911,Robert,Rojas,april93@gmail.com,Travisport,South Carolina,India,2023-08-25
CUST1912,Jason,Wagner,steven44@johnson.biz,North Breannashire,Missouri,India,2024-08-15
CUST1913,Michael,Martinez,hblack@simpson.org,Angelahaven,Tennessee,India,2024-08-21
CUST1914,Jeffrey,Yates,smartinez@yahoo.com,Cindyside,Montana,India,2025-03-18
CUST1915,Andres,Bridges,juliecantu@newton.com,New Alex,Pennsylvania,India,2025-09-15
CUST1916,Joseph,Rogers,qcarey@gmail.com,Lake John,Nebraska,India,2023-07-27
CUST1917,Lisa,Miller,josephharmon@moore.com,West Hannah,North Carolina,India,2023-05-22
CUST1918,Morgan,Simon,christina70@velazquez.com,South Robertfurt,Louisiana,India,2025-05-27
CUST1919,Tara,Martin,tammy97@hotmail.com,Ryanmouth,Maine,India,2024-10-04
CUST1920,Pamela,Jones,wagnerheidi@kelly-warren.com,Juliaton,California,India,2024-09-14
CUST1921,Cheryl,Williams,copelandmonica@yahoo.com,Christopherborough,Alaska,India,2025-11-19
CUST1922,Thomas,Briggs,fhanson@hotmail.com,Deborahburgh,South Dakota,India,2024-07-23
CUST1923,Heather,Sellers,iwheeler@yahoo.com,Angelaland,Alabama,India,2023-11-14
CUST1924,Jasmine,Martinez,dustin67@hotmail.com,New Kevinville,Minnesota,India,2023-04-25
CUST1925,Hayley,Edwards,lewismolly@yahoo.com,Port Melaniefort,Arkansas,India,2024-09-07
CUST1926,Tyler,Hansen,gallegoscheryl@stewart.com,Weberton,Maine,India,2024-02-03
CUST1927,Karen,Walsh,brettfinley@gmail.com,Kleinshire,Hawaii,India,2025-09-18
CUST1928,Janet,Barker,smithjames@hotmail.com,South Marco,Hawaii,India,2023-10-16
CUST1929,Pamela,Mccormick,chloelewis@dickson-kaufman.com,Joshuaport,Nebraska,India,2023-09-17
CUST1930,Tonya,Anthony,james85@lynch-harris.biz,South Leslieton,Missouri,India,2026-02-02
CUST1931,Sharon,White,craigwesley@hotmail.com,Lopezmouth,West Virginia,India,2024-01-09
CUST1932,Todd,Anderson,nicholas82@yahoo.com,Kathyborough,South Dakota,India,2025-08-14
CUST1933,Kathleen,Murray,wharrington@hotmail.com,South Roberthaven,Vermont,India,2025-03-19
CUST1934,Adam,Olson,lsullivan@yahoo.com,Port Davidport,Nebraska,India,2024-02-13
CUST1935,Gary,Smith,christophercarpenter@gmail.com,Fostertown,New Mexico,India,2024-11-23
CUST1936,Katelyn,Hogan,james55@hotmail.com,West Deniseborough,Illinois,India,2024-04-11
CUST1937,Dawn,Everett,emilysmith@walters.com,West Perry,North Carolina,India,2023-03-25
CUST1938,Gina,Parsons,keithwatson@gomez-flowers.biz,South Mark,Montana,India,2025-07-13
CUST1939,William,Montgomery,williambranch@fuller-weiss.net,Bryantstad,Virginia,India,2023-11-06
CUST1940,Marc,Rivera,maynardgina@white.org,Clarkhaven,Rhode Island,India,2025-04-07
CUST1941,Sandra,Roberson,richardrandall@hotmail.com,Port Jordanview,Alaska,India,2024-03-12
CUST1942,Kathy,Martinez,duncansara@yahoo.com,South Brandontown,Arizona,India,2024-09-05
CUST1943,Carol,Frederick,cpitts@ford-chang.com,Johnsonshire,New Mexico,India,2025-06-29
CUST1944,Kathleen,Kim,kimberlyyang@simpson-foster.com,Jameston,Arkansas,India,2023-06-29
CUST1945,Cole,Hanna,guy28@yahoo.com,North James,Virginia,India,2023-12-26
CUST1946,Amy,Castillo,joncrosby@hotmail.com,South Brian,Arizona,India,2024-03-11
CUST1947,Sherry,Cain,boltondawn@middleton.org,North John,Wyoming,India,2025-11-16
CUST1948,James,Stanley,moniquesimmons@anderson.com,Martinbury,Kansas,India,2023-12-06
CUST1949,Kristine,Lambert,wilsonamanda@hotmail.com,Butlerborough,Nevada,India,2025-06-21
CUST1950,William,Peters,bmiller@fuentes.biz,South Angelaland,Nevada,India,2025-12-01
CUST1951,Tyler,Foster,nguyenpaula@gmail.com,Martinland,Texas,India,2023-03-28
CUST1952,Marissa,Green,taraaguirre@rice.info,New Debrastad,Virginia,India,2024-11-18
CUST1953,Sarah,Jones,michaelmorales@hotmail.com,New Wesleyland,Wyoming,India,2024-05-06
CUST1954,Leon,Leblanc,khoward@walker.biz,North Pamelashire,South Carolina,India,2023-08-23
CUST1955,Diamond,Ray,riggsanthony@hotmail.com,New Frankbury,Tennessee,India,2024-04-02
CUST1956,Jorge,Dennis,anthonywade@yahoo.com,Heathershire,Connecticut,India,2024-01-12
CUST1957,Joseph,Jackson,zconway@brown.com,Vargasland,Montana,India,2023-06-01
CUST1958,April,Parker,cryan@cooper.com,North Terry,Virginia,India,2024-07-10
CUST1959,Ashley,Anderson,travis67@raymond.com,South Margaret,Kentucky,India,2023-08-15
CUST1960,Kevin,Jennings,darlene28@wilson.com,Phillipsview,Missouri,India,2024-03-16
CUST1961,Jessica,Robertson,julian10@yahoo.com,Port Elizabethhaven,California,India,2025-11-09
CUST1962,Rhonda,Smith,anthony10@hotmail.com,Eddieton,South Dakota,India,2024-02-25
CUST1963,Joshua,Proctor,oconnellbenjamin@gmail.com,Jamestown,Indiana,India,2026-02-14
CUST1964,Chad,Thornton,qjohnson@hotmail.com,Kimshire,Pennsylvania,India,2025-05-28
CUST1965,Audrey,Mack,wfox@holt-stone.biz,West Jasonburgh,Massachusetts,India,2024-10-31
CUST1966,Kenneth,Hayes,masongeorge@kerr.com,Huntton,Colorado,India,2023-07-22
CUST1967,Timothy,Scott,orozcowendy@hotmail.com,South Sue,Arkansas,India,2025-07-30
CUST1968,Pamela,Foley,scarson@yahoo.com,East Lauren,California,India,2023-09-24
CUST1969,Michael,Graham,millerluis@shepard.com,Onealfort,Texas,India,2024-02-23
CUST1970,Tammy,Strong,johnbrown@gmail.com,Lake Phillipfort,West Virginia,India,2024-12-29
CUST1971,Nicholas,Rodriguez,alexander57@walters-donaldson.info,New Erik,Ohio,India,2025-07-18
CUST1972,Olivia,King,parkerjohn@phillips.com,Kathleenshire,Delaware,India,2025-09-16
CUST1973,Jessica,Robinson,joshuahodge@carter-chandler.com,North Jeffrey,Maryland,India,2024-06-05
CUST1974,Michele,Hicks,juliegardner@yahoo.com,South Brittany,Missouri,India,2023-12-23
CUST1975,Holly,Riley,carlsonjessica@randolph.com,Lake Brianmouth,Rhode Island,India,2024-10-21
CUST1976,Raymond,Webster,upeterson@kerr.com,Lawsonville,Kansas,India,2024-03-25
CUST1977,Johnathan,Schneider,williamchase@gmail.com,East Joshuahaven,Tennessee,India,2025-04-08
CUST1978,Pamela,Butler,jhiggins@yahoo.com,Port Marymouth,Minnesota,India,2025-09-27
CUST1979,Hailey,Oliver,sarah79@gmail.com,Port Elizabeth,North Dakota,India,2023-07-31
CUST1980,David,Morton,phillipsmaria@larson-lane.com,Thomashaven,Wyoming,India,2023-04-04
CUST1981,Brandon,Miranda,lcollins@yahoo.com,Wilsonborough,Georgia,India,2023-11-29
CUST1982,Melody,Bryant,chadthompson@burke-ochoa.biz,Cooperberg,New Hampshire,India,2025-03-05
CUST1983,Jack,Evans,andersonjason@hotmail.com,Millsfort,Louisiana,India,2024-10-14
CUST1984,Barbara,Hughes,elizabeth46@yahoo.com,New William,Arkansas,India,2023-11-27
CUST1985,Joyce,Smith,huffmanjoshua@gmail.com,West Anthonystad,Iowa,India,2024-01-23
CUST1986,Kevin,Jackson,twilliams@solomon.com,Christinehaven,Washington,India,2024-03-07
CUST1987,Susan,Morgan,ydean@hotmail.com,Moranville,California,India,2025-06-24
CUST1988,Stacey,Cook,petersstacey@haas.com,Austinbury,Rhode Island,India,2023-12-29
CUST1989,Roy,Watts,emitchell@bates.com,Port Caleb,Arizona,India,2025-09-06
CUST1990,James,Gates,russelldaniel@yahoo.com,East Danielmouth,Virginia,India,2023-05-14
CUST1991,Denise,Williams,stephanie54@scott.com,Coreyborough,Minnesota,India,2023-07-23
CUST1992,Angela,White,romerodestiny@yahoo.com,North Richard,Illinois,India,2023-11-19
CUST1993,Dakota,Cunningham,vpark@gmail.com,Port Jeanne,Kentucky,India,2025-03-05
CUST1994,Melinda,Moore,sallen@green.com,Brittanystad,North Dakota,India,2024-01-12
CUST1995,Katherine,Glover,dwebb@gmail.com,North Ricardoton,Michigan,India,2024-01-03
CUST1996,Joshua,Hanson,lynn17@perez-bailey.com,West Wendy,New Hampshire,India,2025-04-17
CUST1997,Megan,Johnson,michael17@hotmail.com,Littlemouth,Mississippi,India,2024-03-07
CUST1998,James,Atkinson,hayleyvalencia@hotmail.com,Frankland,Kansas,India,2024-08-28
CUST1999,Kathy,Morgan,matthewmyers@gmail.com,Maldonadoport,Kansas,India,2023-04-29
CUST2000,Amanda,Bowen,ronald92@hotmail.com,Port Annafort,Colorado,India,2024-06-25
CUST2001,Elaine,Smith,christina97@alexander.net,Jacksonstad,Georgia,India,2025-02-10
CUST2002,Mario,Richardson,ayerslindsey@herring-wallace.info,Jefferyside,Kansas,India,2023-05-16
CUST2003,Jeffrey,Gutierrez,timothy64@huang-day.com,North Jaredbury,South Carolina,India,2025-11-15
CUST2004,William,Cantu,ifarmer@carlson.info,Foxfort,Connecticut,India,2024-01-30
CUST2005,Teresa,Shepard,opaul@brown.com,South Leah,Wyoming,India,2025-11-12
CUST2006,James,Garza,emilychen@yahoo.com,Port Debraberg,North Carolina,India,2025-08-04
CUST2007,Patricia,Thompson,upowell@yahoo.com,Codyland,Michigan,India,2024-12-15
CUST2008,Peter,Green,tthomas@yahoo.com,North Suzanne,Kansas,India,2025-03-24
CUST2009,Cody,Alvarado,smithdawn@hotmail.com,Franciscochester,Colorado,India,2023-04-30
CUST2010,Nicholas,Warren,josephsandoval@mcknight-tate.org,South Adrianatown,Wyoming,India,2023-04-25
CUST2011,Michael,Curtis,justinwilliams@harris.org,North Christopherside,Iowa,India,2023-12-06
CUST2012,Kathryn,Kelley,kaitlynwilliams@gmail.com,Mejialand,Rhode Island,India,2024-09-26
CUST2013,Stephanie,Thornton,swalls@garcia.net,Abigailville,Idaho,India,2024-04-22
CUST2014,Christina,Davis,victoria22@lopez-riggs.com,Lechester,Utah,India,2023-10-11
CUST2015,Jamie,Hensley,andregarcia@gmail.com,New Lauriehaven,Alabama,India,2025-06-07
CUST2016,Kathleen,Brown,rallen@mendoza.com,New Shaneburgh,Ohio,India,2023-07-07
CUST2017,Kimberly,Werner,iperez@moody.com,Nicoleberg,Pennsylvania,India,2025-04-02
CUST2018,Jon,Duffy,kimberlygriffith@hotmail.com,Lake John,Tennessee,India,2024-05-19
CUST2019,Dalton,Hutchinson,lopezkristin@mitchell-robinson.biz,Amyside,West Virginia,India,2025-05-16
CUST2020,Dana,Gutierrez,tfoster@alexander-torres.com,Lozanoport,Tennessee,India,2025-05-25
CUST2021,Carl,Roth,danielle54@salazar.biz,North Cherylfurt,Louisiana,India,2025-11-29
CUST2022,Nichole,Dickson,mayoraymond@frazier.info,Oconnellshire,Mississippi,India,2024-05-05
CUST2023,Andrew,Wood,sblevins@wolfe-tucker.com,West John,Alabama,India,2024-12-27
CUST2024,Daniel,Brown,stewartwendy@smith.org,Martinland,Alabama,India,2023-06-26
CUST2025,Donald,Taylor,matthew33@merritt-howard.com,Sullivanburgh,Georgia,India,2023-04-06
CUST2026,Robert,Jensen,qcampbell@mathis.com,Michaelburgh,North Carolina,India,2024-09-28
CUST2027,Christina,Barrett,emilycarter@yang.net,Donovanport,New York,India,2024-01-11
CUST2028,Jeremy,Hendricks,buckleyjonathan@hernandez-hutchinson.com,Jimenezstad,Wyoming,India,2025-03-18
CUST2029,Sarah,Reed,cory97@duarte.com,Rossshire,Georgia,India,2024-01-19
CUST2030,Brent,Carey,williamruiz@garcia-casey.net,New Angelaport,Connecticut,India,2023-08-02
CUST2031,Debra,Johnson,alexis56@dixon-williams.net,Lake Thomas,Tennessee,India,2025-05-15
CUST2032,Ryan,Murray,jlucero@gmail.com,North Jeffton,New Mexico,India,2025-05-12
CUST2033,Alexander,Crawford,ericclark@yahoo.com,Ortegaland,Hawaii,India,2023-03-24
CUST2034,Melissa,Gomez,nicholasroman@yahoo.com,West Melissaborough,Alabama,India,2024-07-01
CUST2035,Victor,Vincent,williamstammy@watson.net,Saraview,Maine,India,2023-03-09
CUST2036,Adrian,Williams,knixon@figueroa.com,Reedberg,Indiana,India,2026-02-26
CUST2037,Andrew,Page,xmiles@gmail.com,Amandaborough,Alabama,India,2024-10-18
CUST2038,Kevin,Nelson,susan82@ferguson.com,North Randy,Michigan,India,2023-12-10
CUST2039,Dakota,Berry,clintonbrown@morales-gilbert.com,Johnnyview,Rhode Island,India,2024-09-18
CUST2040,Samuel,Torres,patelkristina@hotmail.com,North Kenneth,Colorado,India,2024-07-22
CUST2041,Kelly,Dominguez,henrytina@hotmail.com,Kimshire,Kentucky,India,2026-01-17
CUST2042,Kimberly,Simmons,davidbridges@hotmail.com,Carpenterstad,Georgia,India,2023-04-27
CUST2043,Jared,Smith,matthew75@gmail.com,Cervantesbury,Maine,India,2025-03-30
CUST2044,Michael,Lopez,irichardson@fitzpatrick.net,East Josephchester,California,India,2025-12-15
CUST2045,Christopher,Wagner,brivers@yahoo.com,East William,Missouri,India,2024-12-12
CUST2046,Adrian,Benitez,amoore@hotmail.com,Thomasside,Maine,India,2024-12-08
CUST2047,Andrew,Washington,petersjohn@hotmail.com,Lake Marcus,Illinois,India,2023-05-27
CUST2048,Todd,Hansen,martinezcarol@matthews.com,Port Stacey,New Mexico,India,2024-05-21
CUST2049,Teresa,Powell,jennifer97@hotmail.com,Dennischester,Arizona,India,2023-06-27
CUST2050,Ryan,Palmer,brittany60@gmail.com,Kevinbury,South Dakota,India,2024-08-17
CUST2051,Abigail,Torres,delgadochristopher@smith-bender.com,South Cathy,Hawaii,India,2025-12-14
CUST2052,Zachary,Brown,baileywilliam@scott.com,Harrisfort,Nevada,India,2025-03-04
CUST2053,Crystal,Vasquez,smithpaul@morgan.org,North Rachelfort,Indiana,India,2023-06-27
CUST2054,Jonathan,White,ywilliams@hotmail.com,Cruzland,Vermont,India,2025-04-15
CUST2055,Dalton,Ellis,brownjacqueline@yahoo.com,West Erichaven,Vermont,India,2025-06-08
CUST2056,Jamie,Walsh,garyalvarado@hernandez-mann.org,Aprilfort,New York,India,2024-07-17
CUST2057,Kevin,Strickland,qterry@gmail.com,Rachelburgh,Massachusetts,India,2025-11-01
CUST2058,Joshua,Young,jwilcox@gmail.com,Alicefort,California,India,2025-07-12
CUST2059,Jeffrey,Avery,heather04@gmail.com,Trujilloview,West Virginia,India,2026-02-12
CUST2060,Brandy,Greer,dawn37@douglas.com,Ericborough,Massachusetts,India,2023-11-10
CUST2061,Alexandria,Mcdaniel,avilaleslie@thompson.com,Patrickshire,Montana,India,2023-03-03
CUST2062,William,Nelson,kthomas@gmail.com,Port Carolynburgh,Wyoming,India,2024-04-29
CUST2063,Kenneth,Knapp,aguilarjulie@merritt.com,Danielside,Florida,India,2024-04-12
CUST2064,Katherine,Cobb,stacey35@hotmail.com,New Antonio,Utah,India,2024-04-27
CUST2065,Elizabeth,Smith,rking@yahoo.com,Hernandezhaven,Virginia,India,2025-07-29
CUST2066,Lisa,Peterson,dbell@yahoo.com,Lake Michael,Vermont,India,2025-05-15
CUST2067,Philip,Jordan,eanderson@yahoo.com,Port John,Connecticut,India,2024-11-06
CUST2068,Elizabeth,Durham,christopher17@carter-butler.com,Crystalstad,Vermont,India,2025-09-15
CUST2069,Scott,Ward,walterwatkins@gmail.com,North Brian,California,India,2024-04-21
CUST2070,James,Smith,ggarcia@lewis-long.info,Timothyland,North Dakota,India,2025-11-14
CUST2071,Amanda,Smith,david46@gmail.com,Williamsberg,Illinois,India,2024-05-18
CUST2072,Briana,Schwartz,jeff01@yahoo.com,East Emily,New Jersey,India,2025-05-08
CUST2073,Anna,Wu,johndelacruz@gmail.com,Melissaland,Maryland,India,2024-07-29
CUST2074,Alexander,Johnson,brandyserrano@yahoo.com,Meaganhaven,North Carolina,India,2026-02-19
CUST2075,Jonathan,English,rodriguezamy@hernandez.com,South Markburgh,Kansas,India,2023-06-05
CUST2076,Jessica,Brown,annagordon@hotmail.com,Shariburgh,Ohio,India,2023-03-17
CUST2077,Denise,Salas,kristinaberg@strickland.biz,New Ericfurt,New Hampshire,India,2024-04-01
CUST2078,Kayla,Simmons,pbrown@fitzpatrick-young.com,Ericburgh,Texas,India,2024-10-11
CUST2079,Michael,Moore,qsanchez@tapia-nunez.info,North Maria,Maine,India,2023-05-21
CUST2080,Brian,Reed,pgarcia@lawson.org,Port Angela,Wyoming,India,2024-10-21
CUST2081,Christopher,Bryan,qrichardson@yahoo.com,West Tracey,Tennessee,India,2025-12-15
CUST2082,Linda,Gentry,michaelross@yahoo.com,Bryanview,Montana,India,2025-03-05
CUST2083,Jacob,Mccoy,lawrencehannah@gmail.com,Rhondastad,Arkansas,India,2024-02-26
CUST2084,Katrina,Mendoza,juanevans@hotmail.com,North Annton,Florida,India,2025-12-28
CUST2085,Justin,Kelly,kelly58@hughes.com,East Cindyberg,New Hampshire,India,2026-01-10
CUST2086,Zachary,Brown,penajennifer@jackson-moran.org,Nicolechester,Michigan,India,2025-11-02
CUST2087,Joshua,Smith,sara34@gibson-noble.com,North Pamelafurt,North Carolina,India,2024-10-12
CUST2088,Deanna,Andrews,johnsondanielle@jackson-brown.com,Lisastad,Iowa,India,2024-12-26
CUST2089,David,Serrano,davidzamora@hotmail.com,Stevensburgh,Massachusetts,India,2023-04-15
CUST2090,Chad,Barnes,steven45@baldwin-kennedy.com,New Donna,New Mexico,India,2025-07-05
CUST2091,Rebecca,Clark,wrodriguez@miller.info,Browntown,Georgia,India,2024-11-30
CUST2092,Frank,Garcia,veronica79@yahoo.com,Blackwellchester,New York,India,2025-12-31
CUST2093,Bryan,Love,patrick03@hawkins.com,Lake Cynthiafurt,North Dakota,India,2023-12-23
CUST2094,Martin,Chapman,rjohnson@gmail.com,Mccoyton,Wisconsin,India,2024-10-08
CUST2095,Scott,Hernandez,bbradford@hotmail.com,West Michelle,North Dakota,India,2025-12-13
CUST2096,Ashley,Miranda,suzanne74@molina.com,Brittanyborough,Nebraska,India,2023-12-20
CUST2097,Victoria,Lee,duartelaura@small.info,Port Joyce,Pennsylvania,India,2025-12-05
CUST2098,Hunter,Wise,hwhite@yahoo.com,Lake Lisa,Montana,India,2025-02-22
CUST2099,Ashley,Ho,laurenvalencia@blankenship.net,South Christopher,Arizona,India,2024-12-10
CUST2100,Matthew,Weber,tiffany14@hotmail.com,Robertsville,New Jersey,India,2025-09-17
CUST2101,Ashley,Morgan,gcummings@hotmail.com,South Joel,New Mexico,India,2024-01-21
CUST2102,Jessica,Garcia,michael71@conway.com,Lake Joseph,Arkansas,India,2024-01-21
CUST2103,Evan,Hunter,judith06@yahoo.com,Ryanhaven,New Hampshire,India,2024-11-10
CUST2104,Aaron,Moore,bowenshannon@lee-munoz.net,Rachelside,New Mexico,India,2024-02-15
CUST2105,Tamara,Valencia,johnmckee@gmail.com,Leachborough,California,India,2023-08-17
CUST2106,Jason,Howard,phillipslinda@sexton.biz,Susanhaven,Nebraska,India,2024-06-18
CUST2107,Richard,Jones,psimpson@hotmail.com,Lake William,Iowa,India,2025-01-25
CUST2108,Robert,Allen,fischerjessica@gmail.com,Port Brentton,Mississippi,India,2024-09-14
CUST2109,Kathleen,Ramirez,brittanychan@gmail.com,Rodriguezville,Illinois,India,2024-05-14
CUST2110,Donna,Keller,jeremy55@gmail.com,Lake Christopherfurt,Texas,India,2023-10-02
CUST2111,David,Turner,wleonard@hicks.info,West Margaret,Alabama,India,2024-02-19
CUST2112,Audrey,Gonzalez,allenfrank@gmail.com,South Lauraville,Colorado,India,2023-12-13
CUST2113,Jeffrey,Powell,lisavargas@wong.com,New Crystalmouth,New Hampshire,India,2024-10-04
CUST2114,Bonnie,Benson,justinclayton@davis-charles.org,East Johnstad,New Mexico,India,2023-12-24
CUST2115,Roger,Parsons,nscott@hotmail.com,East Hunter,Hawaii,India,2023-03-09
CUST2116,Jennifer,Barrett,samueljohnson@hotmail.com,New Heather,Arkansas,India,2025-02-15
CUST2117,Brittany,Walker,rthompson@callahan-walton.info,West Stacy,Oregon,India,2025-05-05
CUST2118,Katherine,Stein,allennicholas@olson-jenkins.com,Pinedabury,Wisconsin,India,2024-08-19
CUST2119,Carol,Miller,porternicole@hotmail.com,Travisview,New Jersey,India,2024-03-08
CUST2120,Laura,Wilson,frank91@sullivan.org,Russellton,Georgia,India,2025-07-25
CUST2121,Scott,Ritter,msullivan@bentley.com,Russellberg,Tennessee,India,2023-03-19
CUST2122,Tonya,Beltran,brittany87@davis.com,South Josephburgh,Kentucky,India,2025-12-06
CUST2123,Richard,Freeman,sethjones@gmail.com,Dennishaven,North Carolina,India,2025-05-12
CUST2124,Steven,Mitchell,samanthawilliamson@gmail.com,Christopherside,Delaware,India,2024-04-29
CUST2125,Amy,Hendricks,oacosta@gmail.com,Kimchester,Nebraska,India,2025-12-27
CUST2126,Cassandra,Taylor,thomascase@kelly.com,Lindseytown,New Jersey,India,2023-10-29
CUST2127,Kristie,Morris,yhaley@thompson.net,Jordanmouth,New York,India,2024-01-28
CUST2128,Robert,Jackson,heatherrodriguez@gmail.com,Lake Mariaborough,Iowa,India,2025-07-13
CUST2129,Heather,Hill,littledonna@gmail.com,New Timothyport,Washington,India,2024-06-20
CUST2130,Wayne,Morales,carlaward@gmail.com,Gonzalezborough,Missouri,India,2023-11-21
CUST2131,Jillian,Terry,michaelpage@hubbard-velez.com,East Michelle,Kansas,India,2024-07-28
CUST2132,Brandon,Dominguez,gonzalezkenneth@hotmail.com,Allenville,Utah,India,2023-12-08
CUST2133,Hannah,Wilson,frederickgeorge@miller-tucker.com,Crosstown,Rhode Island,India,2023-05-11
CUST2134,Phillip,Wu,mendozajeffrey@yahoo.com,East Tasha,Kentucky,India,2023-09-19
CUST2135,Patricia,Cox,johnjames@little-parker.com,East Shellyview,Delaware,India,2023-06-22
CUST2136,Kathleen,Fitzgerald,clarkcrystal@roberts.com,North Jessicaview,Minnesota,India,2025-01-15
CUST2137,Amy,Hinton,hallchristina@yahoo.com,Port Tylerfurt,Wyoming,India,2024-07-02
CUST2138,Linda,Whitaker,rebecca41@gmail.com,Matthewfurt,New Jersey,India,2025-10-22
CUST2139,Timothy,Olson,tiffany38@sharp.com,South Ricky,Florida,India,2025-09-18
CUST2140,Tracey,Moore,justinmoore@sanchez.com,North Claudia,Alaska,India,2026-02-05
CUST2141,Dorothy,Patel,jennifer13@hotmail.com,Popeburgh,Mississippi,India,2024-02-04
CUST2142,Ryan,Wade,amybruce@hotmail.com,South Sharon,Maryland,India,2023-05-06
CUST2143,Debbie,Mullins,chadmullen@silva.com,New Cindy,Delaware,India,2023-05-17
CUST2144,Shelley,Hall,michelledaniel@thomas-ward.com,East Ryanmouth,New Hampshire,India,2025-04-09
CUST2145,Patricia,Morales,greggmyers@yahoo.com,Port Arielville,Kansas,India,2023-06-01
CUST2146,Christina,Brown,sbrown@mccoy-curry.com,Munozhaven,Alaska,India,2025-10-29
CUST2147,David,Meadows,lrose@yahoo.com,East Taylor,Minnesota,India,2024-04-23
CUST2148,John,Ayers,ptran@gmail.com,New Christopherstad,Tennessee,India,2024-07-13
CUST2149,Kyle,Harris,carl91@hotmail.com,Meganton,Texas,India,2024-08-11
CUST2150,Michele,Stephens,garzamark@martinez.com,Jimmychester,Hawaii,India,2025-11-13
CUST2151,Jeffrey,Zuniga,handerson@anderson-harris.com,Michaelton,Alabama,India,2023-03-25
CUST2152,John,Willis,butlerdaniel@gmail.com,South Daniellefort,Arizona,India,2023-11-20
CUST2153,John,Hernandez,falvarez@gmail.com,Lake Scottfort,Vermont,India,2025-03-22
CUST2154,Louis,Dawson,scottcastro@graham.org,South Julie,Iowa,India,2024-02-05
CUST2155,Kimberly,Green,juliewhite@gomez.biz,Hughesbury,South Dakota,India,2023-05-27
CUST2156,John,Coleman,carolburke@yahoo.com,East Jasonshire,Oregon,India,2025-10-05
CUST2157,Gabriela,Jones,ngill@gmail.com,Gregoryshire,Utah,India,2025-01-17
CUST2158,Sandra,Davis,natashaboyle@green.info,Port Sean,Illinois,India,2024-04-29
CUST2159,Christopher,Martinez,jesse29@hotmail.com,Matthewside,Alabama,India,2023-09-17
CUST2160,Laura,Moore,boonestephen@hotmail.com,Austinside,Missouri,India,2024-06-20
CUST2161,Todd,Moyer,william20@yahoo.com,Andersonberg,Louisiana,India,2023-06-10
CUST2162,Sandra,Thomas,patriciabass@yahoo.com,Lake Jeffrey,Maine,India,2025-02-17
CUST2163,Heidi,Rowland,lewismelissa@yahoo.com,Gregoryfurt,Ohio,India,2023-09-29
CUST2164,Kelly,Adams,gentrydrew@yahoo.com,East Hollystad,Virginia,India,2025-01-29
CUST2165,Shannon,Brennan,gbailey@yahoo.com,Garyshire,North Dakota,India,2024-03-17
CUST2166,Chelsea,Elliott,taraanthony@johnson.com,Andrewport,Idaho,India,2024-02-11
CUST2167,Joel,Hansen,rdavis@hotmail.com,Bradleyfort,Oklahoma,India,2024-08-02
CUST2168,Karen,Williams,rmartin@hotmail.com,Jacksonport,New Hampshire,India,2024-09-05
CUST2169,Lisa,Hughes,rasmussenholly@wang.com,Mariohaven,Maine,India,2025-10-06
CUST2170,Chad,Peterson,shannonsabrina@wright.com,Heathport,Rhode Island,India,2024-11-15
CUST2171,Levi,Clark,jlynn@gmail.com,Rosschester,Alaska,India,2025-06-23
CUST2172,Nathaniel,Brown,mary56@gmail.com,Mossville,New Hampshire,India,2023-04-06
CUST2173,Alexandra,Ross,wongmark@hotmail.com,Katherineland,Arkansas,India,2023-06-03
CUST2174,Rachel,Garcia,hmoore@perkins-tran.net,Lopezstad,Iowa,India,2025-04-24
CUST2175,Troy,Fox,stephaniepearson@hotmail.com,New Davidshire,South Dakota,India,2025-10-07
CUST2176,Mark,Harris,bprince@brown-kirk.info,Davilaborough,North Dakota,India,2024-06-06
CUST2177,Jared,Macdonald,sheryl13@bond-thomas.biz,South Kelsey,Louisiana,India,2024-01-26
CUST2178,Brittany,Lam,slane@hotmail.com,Amandamouth,South Dakota,India,2024-05-17
CUST2179,Francisco,Anderson,milleraustin@gmail.com,Terryburgh,Illinois,India,2024-02-26
CUST2180,Kenneth,Lopez,fwhite@mccullough.com,West Ryanton,Ohio,India,2025-06-04
CUST2181,Sherri,Neal,natalierojas@mccoy-sosa.org,Jessicaton,Kansas,India,2025-10-27
CUST2182,Natalie,Cisneros,williamtanner@hotmail.com,North Ashleyborough,Washington,India,2025-05-03
CUST2183,Christopher,Brown,hannahperez@hoffman.com,Lake Johnside,Louisiana,India,2023-08-09
CUST2184,Matthew,Lopez,brooksryan@gmail.com,East Randallbury,Rhode Island,India,2024-07-06
CUST2185,Eileen,Gordon,fordkaitlyn@gmail.com,North Barbara,Montana,India,2025-06-10
CUST2186,Jonathan,Torres,matthewsjeffrey@yahoo.com,Josephmouth,Hawaii,India,2025-03-25
CUST2187,Amanda,Brennan,coxbryan@yahoo.com,Barbaraburgh,Delaware,India,2025-09-09
CUST2188,Anita,Kaiser,kinggerald@miller.com,West Jason,Washington,India,2026-01-19
CUST2189,Lindsey,Randall,lauriegordon@hotmail.com,Lake Seanbury,Iowa,India,2023-10-01
CUST2190,Marco,Ross,ogarcia@baker-hernandez.com,Saramouth,New Jersey,India,2024-09-05
CUST2191,Ryan,Smith,fleminglisa@hotmail.com,East Johnton,North Dakota,India,2023-12-19
CUST2192,Lisa,Carr,justingeorge@yahoo.com,Lake Brandonville,Louisiana,India,2023-05-09
CUST2193,James,Cabrera,davisjoanne@yahoo.com,North Jorge,Delaware,India,2025-06-28
CUST2194,Sandra,Martin,johnsonbrett@hotmail.com,Greenfurt,Wyoming,India,2024-02-28
CUST2195,Cathy,Powell,xrobles@brown.org,Port Reginamouth,South Carolina,India,2025-02-18
CUST2196,Michael,Hamilton,jwallace@tyler.info,East Briannahaven,Oregon,India,2025-03-30
CUST2197,Carla,Hernandez,cwilson@yahoo.com,Lynnfort,Tennessee,India,2024-05-04
CUST2198,Travis,Jacobs,gloriameza@gmail.com,West Patrickshire,Tennessee,India,2025-12-25
CUST2199,Sarah,Armstrong,joan94@hotmail.com,New Carloston,Rhode Island,India,2025-04-13
CUST2200,Ryan,Taylor,kennethdowns@gmail.com,Youngchester,Indiana,India,2025-06-27
CUST2201,Kimberly,Bates,gpacheco@gmail.com,Jordanville,Wisconsin,India,2023-06-14
CUST2202,Carrie,Willis,tricia01@gmail.com,East Tiffany,Connecticut,India,2025-12-17
CUST2203,Cheryl,Hayes,evansgary@pratt-reed.com,New Claudiafurt,Louisiana,India,2025-12-24
CUST2204,Michael,Kelly,timothyjames@yahoo.com,Barbaraland,New Mexico,India,2025-05-11
CUST2205,Kenneth,Garcia,jpatterson@ramos.com,West Jonshire,Utah,India,2024-05-25
CUST2206,Anthony,Bennett,wrightrobert@gmail.com,Port Theresastad,Nevada,India,2025-03-11
CUST2207,Ryan,Thomas,michael66@gmail.com,Lake Melissafort,Nevada,India,2025-03-03
CUST2208,Kenneth,Harrison,gwendolyn47@stevenson.info,East Kim,Missouri,India,2025-03-13
CUST2209,Johnny,Parker,molly88@ramirez.org,East Danielle,North Carolina,India,2023-08-12
CUST2210,Beverly,Nguyen,lsparks@gould.com,Lake Crystal,Idaho,India,2023-04-13
CUST2211,Dan,Allen,graytravis@ferrell.com,New David,Mississippi,India,2025-12-25
CUST2212,William,Parker,reevesstephen@gmail.com,Gonzalezville,Tennessee,India,2023-10-28
CUST2213,James,Cook,brookemoran@lawson-hudson.com,Lynnmouth,Louisiana,India,2024-09-15
CUST2214,Andrea,George,wheelermadison@matthews-smith.com,Spencerburgh,Maryland,India,2025-05-22
CUST2215,Valerie,Hernandez,chenryan@gmail.com,Jessicaburgh,Nevada,India,2024-09-17
CUST2216,Steven,Smith,taylormorris@curtis.org,South Kennethborough,Pennsylvania,India,2025-05-08
CUST2217,Charles,Cooper,msimmons@yahoo.com,Harrisview,North Carolina,India,2024-03-17
CUST2218,Blake,Garcia,reynoldssarah@yahoo.com,Josephstad,Idaho,India,2023-05-05
CUST2219,Tonya,Carter,tonyagregory@keller-lawrence.com,West Joditon,South Dakota,India,2025-09-12
CUST2220,Brandon,Williams,scott66@bradley-fox.biz,West Jason,Washington,India,2025-07-30
CUST2221,Ronald,Rogers,lambertyvette@cox-duran.net,Grahamfort,Minnesota,India,2024-12-18
CUST2222,James,Adams,youngjesse@yahoo.com,Gonzalezview,Virginia,India,2025-03-02
CUST2223,Audrey,Rios,sle@juarez.com,Richardsonmouth,Oregon,India,2026-01-21
CUST2224,Tamara,Perez,jason19@wilkerson.info,North Suzannechester,Nevada,India,2025-11-09
CUST2225,Alexa,Griffin,sherriherrera@hotmail.com,Edwinport,New Mexico,India,2024-02-01
CUST2226,Sharon,Ross,richardsonkevin@gibson-peters.org,Kathrynchester,Hawaii,India,2025-07-01
CUST2227,Roy,Villegas,nathansmith@gmail.com,South Tracy,Kentucky,India,2023-07-21
CUST2228,Ryan,Garcia,smithmary@yahoo.com,Cookstad,North Dakota,India,2024-08-22
CUST2229,Julie,Best,holmesbenjamin@gmail.com,Fergusonville,Ohio,India,2025-05-16
CUST2230,Jodi,Jenkins,grahamlarry@hotmail.com,North Davidhaven,Utah,India,2023-08-21
CUST2231,Kelly,Mitchell,lindsey36@yahoo.com,Bryanmouth,Idaho,India,2024-11-20
CUST2232,Sandra,Fitzpatrick,davidpayne@yahoo.com,Kennedystad,Kansas,India,2025-05-21
CUST2233,Matthew,Greer,denniscarroll@adams.com,Jonmouth,Rhode Island,India,2023-11-30
CUST2234,Jessica,Carr,erikahernandez@parsons.com,Andrewmouth,Washington,India,2025-08-28
CUST2235,Anthony,Smith,parrishlacey@yahoo.com,Danielside,Michigan,India,2023-10-04
CUST2236,Michael,Kerr,rmcclure@lloyd.com,Lake Nicholas,Oklahoma,India,2024-08-07
CUST2237,Eric,Cortez,joshua58@mendoza.com,Dianeview,Minnesota,India,2025-05-10
CUST2238,Ivan,Gregory,hgardner@yoder-alexander.org,Gutierrezside,Oregon,India,2023-10-08
CUST2239,Calvin,Sosa,cynthia10@gmail.com,Port Vincent,New Mexico,India,2024-07-02
CUST2240,Craig,Campbell,gchandler@brown.info,West Kellie,Massachusetts,India,2024-09-09
CUST2241,Jessica,Arias,aaron20@day.com,Johnberg,Minnesota,India,2024-12-12
CUST2242,Yvette,Thompson,tyler86@hotmail.com,New Alanside,Maine,India,2024-07-15
CUST2243,Martin,Welch,mstewart@baker-mccoy.com,North Stacy,Ohio,India,2023-03-04
CUST2244,Joanne,Villa,vmartin@smith.org,Elizabethmouth,Florida,India,2025-11-24
CUST2245,Steven,Hensley,robertthomas@gmail.com,Cobbville,South Dakota,India,2023-09-18
CUST2246,David,Perkins,morenowanda@hotmail.com,Amandafort,Florida,India,2025-08-15
CUST2247,Lynn,Hunt,wilkinsondana@freeman.com,South Zachary,Maine,India,2024-07-22
CUST2248,Kathryn,Black,judy59@williams.com,East Derrickside,Hawaii,India,2025-03-02
CUST2249,Lisa,Garcia,ifletcher@bullock.com,Lake Dennisshire,Colorado,India,2024-01-02
CUST2250,Jennifer,Curry,brandonfry@gmail.com,Michaelport,Oregon,India,2025-07-14
CUST2251,Janet,Buchanan,michael75@mitchell-moreno.biz,North Robert,New York,India,2024-02-25
CUST2252,Mark,Young,davidmeyers@evans.com,Kevinton,Missouri,India,2025-08-30
CUST2253,Alicia,Brown,bferguson@gmail.com,New Kelseychester,West Virginia,India,2024-08-25
CUST2254,Gabrielle,Brown,ptucker@hotmail.com,North Dana,Michigan,India,2023-09-09
CUST2255,Thomas,Gilbert,nicole22@miller.biz,New Ambermouth,Alaska,India,2025-07-20
CUST2256,Daniel,Sanchez,nvalenzuela@jones.com,Gibsonmouth,New Jersey,India,2023-08-03
CUST2257,Jessica,Wong,james11@gmail.com,New Corey,Connecticut,India,2023-03-25
CUST2258,Tammy,Walker,vmiller@rios.biz,Hamiltonfort,California,India,2024-08-04
CUST2259,William,Riley,ddavis@browning.com,Powersburgh,Alabama,India,2025-02-09
CUST2260,William,Hoffman,rachael39@petty.net,East Isaac,Minnesota,India,2025-03-26
CUST2261,Samantha,Shepherd,dwayne95@yahoo.com,New Joannashire,Rhode Island,India,2024-07-16
CUST2262,John,Luna,brett61@myers.com,Port Angieland,Louisiana,India,2024-09-23
CUST2263,Matthew,Smith,mcdonaldthomas@pena.com,West Eric,Arizona,India,2023-05-22
CUST2264,Amy,Owen,christopher40@patterson.biz,Ochoaton,Washington,India,2023-08-12
CUST2265,Dakota,James,jasmine49@cain-garcia.org,Lake Jose,Oklahoma,India,2025-11-02
CUST2266,Karen,Miller,fernando28@smith.com,South Christinafurt,Wyoming,India,2025-01-15
CUST2267,Sarah,Robinson,morrisjamie@reilly.com,New Eric,Indiana,India,2024-06-23
CUST2268,Brittany,Lewis,barbara68@swanson-hudson.com,Paulahaven,Minnesota,India,2023-12-17
CUST2269,Betty,Bennett,williamsjohn@oneill-perry.com,North Heidi,New Jersey,India,2024-12-16
CUST2270,Adam,Ramirez,ijohnson@yahoo.com,Rosaleschester,New Mexico,India,2023-08-10
CUST2271,Taylor,Haynes,sharonjohnson@gmail.com,South Walterstad,Florida,India,2023-06-13
CUST2272,Carolyn,Mahoney,nwalters@watson.com,Andrewfurt,Connecticut,India,2023-07-14
CUST2273,Melissa,Knight,ucurtis@conley-sanchez.org,Kingburgh,Arkansas,India,2024-04-24
CUST2274,John,Mcdaniel,twilliams@gmail.com,Garciaburgh,Kansas,India,2023-12-31
CUST2275,Melissa,Owens,smithlynn@yahoo.com,Brownchester,Kentucky,India,2024-02-23
CUST2276,Derrick,Robinson,nvillegas@yahoo.com,New Monicaport,Delaware,India,2023-11-16
CUST2277,Charlotte,Sanchez,todd95@hotmail.com,Julieview,Michigan,India,2024-05-05
CUST2278,Cory,Sutton,beckanthony@murphy-kim.com,South Kylebury,Oklahoma,India,2023-07-16
CUST2279,Calvin,Cohen,delgadovicki@yahoo.com,Royside,Oregon,India,2024-09-02
CUST2280,Daniel,Turner,hallmichelle@gmail.com,Olsonbury,Montana,India,2023-12-24
CUST2281,Lisa,Brown,zfoster@marsh-simmons.biz,Mirandafurt,Minnesota,India,2023-05-02
CUST2282,Deborah,Graham,tjones@hutchinson.info,Lake Jason,New Mexico,India,2023-04-16
CUST2283,Matthew,Lee,dylan58@wright.com,Brookstown,South Dakota,India,2025-07-10
CUST2284,Amy,Reynolds,angela16@hotmail.com,Piercebury,Ohio,India,2025-09-24
CUST2285,Oscar,Hurst,vanessa09@yahoo.com,Coxstad,Kansas,India,2024-07-13
CUST2286,Alisha,Maynard,xhayes@yahoo.com,New Mark,New Jersey,India,2024-06-19
CUST2287,Dana,Marks,milessandra@gmail.com,West Abigail,Maine,India,2024-09-05
CUST2288,Kevin,Robinson,jmclaughlin@mendoza-jenkins.com,Tonyaburgh,Tennessee,India,2023-05-30
CUST2289,Cynthia,Leon,vhester@gmail.com,Port Albertfort,West Virginia,India,2024-07-21
CUST2290,Michael,Salinas,stephaniemccullough@gmail.com,West Christopher,Maryland,India,2025-08-02
CUST2291,John,Richardson,hollychambers@yahoo.com,Nelsonland,Kentucky,India,2023-09-09
CUST2292,David,Hill,diana34@madden.info,Andersonhaven,New Hampshire,India,2024-11-12
CUST2293,Sheila,Coffey,angelataylor@li-hicks.com,New Nicolasside,Kentucky,India,2026-01-13
CUST2294,Aaron,Ellis,kenneth69@miller.com,Jacobmouth,Nevada,India,2023-07-11
CUST2295,Jamie,Johnson,andrewmullins@gmail.com,Kennethbury,Colorado,India,2024-04-09
CUST2296,John,Hansen,shawnsolomon@fitzgerald.org,Port Diamondside,Kentucky,India,2023-07-17
CUST2297,Alicia,Chambers,powelllinda@harper.org,West Judithport,Wisconsin,India,2023-11-11
CUST2298,Julia,Harmon,erika70@hotmail.com,East Jesus,South Dakota,India,2026-01-14
CUST2299,Katie,Gentry,starkcraig@black-russell.com,South Melissa,Oklahoma,India,2024-11-21
CUST2300,Albert,Tucker,hlewis@hotmail.com,Williamchester,Arizona,India,2025-08-03
CUST2301,Joel,Gill,smyers@sanford.net,Brownburgh,Ohio,India,2025-11-18
CUST2302,Christopher,Thompson,james21@galloway-adams.com,North Spencerview,Utah,India,2023-03-08
CUST2303,David,Smith,jenniferodonnell@hotmail.com,Emilyport,Kansas,India,2025-03-04
CUST2304,Jamie,Parsons,gregory03@rollins-roberts.com,South Omarhaven,Virginia,India,2023-08-10
CUST2305,Christina,Thornton,johnsondarrell@gmail.com,East Davidton,New Jersey,India,2024-10-03
CUST2306,Michael,Miller,teresawilliams@hotmail.com,Sherrifort,Minnesota,India,2024-07-10
CUST2307,Andrea,Anderson,gperry@gmail.com,South Sherry,New Hampshire,India,2023-07-08
CUST2308,Catherine,Walker,walterbass@mata.net,New Samantha,Florida,India,2024-06-12
CUST2309,Mallory,Garcia,amandacarlson@case.biz,Dawsonfort,Arkansas,India,2023-07-25
CUST2310,Richard,Brown,perezmaria@valencia.com,Lake Michaelmouth,Tennessee,India,2023-11-11
CUST2311,Paul,Thomas,eshelton@snow-collier.org,North Mike,Rhode Island,India,2024-01-02
CUST2312,Brianna,Butler,hmartin@hotmail.com,Port Billyside,Oklahoma,India,2024-04-09
CUST2313,Jennifer,Hughes,garciajennifer@yahoo.com,South Teresa,Kentucky,India,2024-08-12
CUST2314,Kristy,Valentine,stacy73@yahoo.com,North Ricky,Nebraska,India,2023-05-03
CUST2315,John,Taylor,smithbrett@yahoo.com,Lake Jennifer,Washington,India,2024-12-22
CUST2316,Jerome,Miller,isilva@hotmail.com,Teresahaven,New Jersey,India,2023-08-23
CUST2317,Susan,Butler,jacob59@yahoo.com,Loganbury,New Jersey,India,2024-05-03
CUST2318,Caitlin,Chung,framirez@aguilar-washington.net,Andrewchester,Indiana,India,2026-01-01
CUST2319,Natasha,Sanders,christine38@mullins-ortiz.com,Parkerbury,Vermont,India,2024-04-10
CUST2320,Emily,Hicks,williamsnicholas@hill.com,Baxtertown,Mississippi,India,2025-10-21
CUST2321,Logan,Thomas,kevin09@simmons.net,Margaretside,South Dakota,India,2023-10-23
CUST2322,Alyssa,Delacruz,karenbooth@gmail.com,Port Jeffrey,New Jersey,India,2024-11-18
CUST2323,Amanda,Tran,markmason@nichols-smith.biz,Griffithfurt,Louisiana,India,2023-04-10
CUST2324,Dustin,Williams,marksmith@gmail.com,Glenbury,Virginia,India,2023-07-29
CUST2325,Joseph,Lyons,jason78@noble.com,Randallville,West Virginia,India,2024-01-01
CUST2326,Michael,Richardson,etaylor@goodman-salinas.com,West Stephanie,Nevada,India,2023-12-22
CUST2327,Emma,Rich,oraymond@rice.com,East Destiny,Maine,India,2024-09-23
CUST2328,Frederick,Perry,michael32@hotmail.com,East Scottfort,Washington,India,2023-11-27
CUST2329,Jennifer,Fitzpatrick,morrissteven@gmail.com,South Ryanmouth,Arizona,India,2025-03-08
CUST2330,Michael,Tapia,hayesmatthew@martinez.org,Hawkinsbury,Alaska,India,2023-04-07
CUST2331,Jason,Lewis,richmondscott@yahoo.com,Jessicashire,Delaware,India,2023-03-24
CUST2332,Jerry,Robertson,juliapatterson@gmail.com,Davisport,Michigan,India,2023-02-27
CUST2333,Antonio,Henry,madeline35@anderson.com,Lake Nicholas,Montana,India,2023-03-18
CUST2334,Joseph,Rodriguez,austin40@hotmail.com,South Ronald,Alaska,India,2024-08-25
CUST2335,Nancy,Davis,chanteresa@terry-daniels.com,Danielborough,New Mexico,India,2025-02-22
CUST2336,Daniel,Cole,stephanie33@terry.com,Michaelshire,Arkansas,India,2026-02-21
CUST2337,Edward,Garcia,mitchellbianca@gmail.com,Hectorburgh,Nebraska,India,2023-08-07
CUST2338,Lorraine,Carroll,paul58@johnson.com,East Brittney,Utah,India,2023-12-17
CUST2339,Stacy,Hampton,fwhite@yahoo.com,Kevinbury,Maine,India,2026-01-30
CUST2340,Sherry,Cummings,julie43@roberts.com,East Feliciamouth,Nevada,India,2023-06-01
CUST2341,Candace,Thompson,karen29@gutierrez.com,Martinezview,New Jersey,India,2024-11-18
CUST2342,David,Mayo,beckmelissa@robinson.com,Marieview,Maryland,India,2026-01-26
CUST2343,Benjamin,Cunningham,megan30@yahoo.com,North Sherry,Illinois,India,2025-02-17
CUST2344,Rhonda,Diaz,brandi84@gmail.com,North Jessicastad,Maine,India,2023-04-26
CUST2345,Jacob,Miller,jennifermartinez@yahoo.com,West Stephen,Utah,India,2024-12-01
CUST2346,Michael,Martinez,barbara91@smith.com,Brownfort,South Carolina,India,2024-11-10
CUST2347,Kimberly,Robinson,camposbrittany@gmail.com,Paulburgh,Vermont,India,2023-04-13
CUST2348,Anna,Johnson,hevans@alexander.com,Mcintyreville,North Dakota,India,2024-08-18
CUST2349,Cameron,Berry,patriciaallen@woods-house.com,Riveraville,New Mexico,India,2025-05-15
CUST2350,Tara,Banks,leahpatton@west.com,Josephbury,New York,India,2023-05-07
CUST2351,Scott,Young,jacobmiller@warner-gonzalez.com,Lake April,Kentucky,India,2023-07-04
CUST2352,Tiffany,Wyatt,znelson@hotmail.com,Stoutland,Indiana,India,2024-04-16
CUST2353,Carol,Castro,hhart@perkins.biz,North Caitlinland,Vermont,India,2025-05-29
CUST2354,Rebecca,Schmitt,imiddleton@obrien.org,East Kellybury,Maryland,India,2025-03-31
CUST2355,Nicholas,Reeves,wrobertson@yahoo.com,Davidstad,Alaska,India,2023-09-16
CUST2356,Scott,Harrell,laura62@johnson.biz,Michaelton,Florida,India,2024-04-28
CUST2357,Brian,Nash,julianunez@hotmail.com,South Ricky,Oklahoma,India,2023-10-21
CUST2358,Jennifer,Anthony,diana96@mcconnell.com,East Brenda,Montana,India,2023-11-07
CUST2359,Joshua,Mullins,jodilyons@rogers.com,South Martin,Vermont,India,2025-02-15
CUST2360,Katherine,Haynes,escobarjuan@hotmail.com,Gonzalesville,Nebraska,India,2025-07-25
CUST2361,Tracey,Johnson,alicia44@gmail.com,Watsonville,Connecticut,India,2024-05-06
CUST2362,Sandra,Boyd,ielliott@williams.com,Jessicafort,North Carolina,India,2023-10-09
CUST2363,Cynthia,Lee,stephanie55@gmail.com,East Megan,Tennessee,India,2024-04-17
CUST2364,Mary,Fields,kaitlyn41@reynolds-wyatt.biz,Austinburgh,Hawaii,India,2024-09-16
CUST2365,Madison,Reed,frazierrobert@yahoo.com,Johnsonstad,Arkansas,India,2024-08-10
CUST2366,Katherine,Wilson,michaelaguirre@gmail.com,North Rachel,Nebraska,India,2024-06-14
CUST2367,Alexandra,Orr,ymontoya@kelley-martinez.com,New Rachel,Rhode Island,India,2024-04-30
CUST2368,Natalie,Diaz,leslielarson@fisher.com,Donovanbury,Colorado,India,2023-03-11
CUST2369,Michael,Dixon,mbruce@gmail.com,East Donna,Alaska,India,2024-04-04
CUST2370,Paul,Brown,lcisneros@davis.com,Port Monique,New Mexico,India,2024-02-25
CUST2371,Elizabeth,Schneider,sara06@hickman.com,Port Jacquelineburgh,North Dakota,India,2024-01-04
CUST2372,John,Cooper,ynichols@yahoo.com,Lake Lisa,South Carolina,India,2024-07-25
CUST2373,Dawn,Martin,jenna00@walton.com,Lake Corey,Ohio,India,2024-05-05
CUST2374,Steven,Boyd,maykathleen@ashley-rivera.com,New Brian,Alabama,India,2024-11-10
CUST2375,Dominique,Jones,josephpace@camacho-erickson.net,Lake Jenniferview,Montana,India,2023-12-07
CUST2376,Dennis,Jones,smithmatthew@ward.com,South Kelly,Massachusetts,India,2024-07-29
CUST2377,Tiffany,Mitchell,jayphillips@white.biz,Austinhaven,Wisconsin,India,2024-05-15
CUST2378,Diane,Rodgers,bobbymiddleton@macdonald.org,New Charlesmouth,Colorado,India,2024-08-11
CUST2379,Timothy,George,andrewdavis@yahoo.com,Rodriguezside,Hawaii,India,2025-01-15
CUST2380,Kimberly,Turner,schultznoah@hotmail.com,Figueroaberg,Arizona,India,2024-12-15
CUST2381,Leah,Riley,jonesgeorge@gmail.com,Lake Melissaberg,Tennessee,India,2024-03-06
CUST2382,Jonathan,Jones,suzannepaul@gmail.com,South Dakotaville,Maine,India,2025-08-16
CUST2383,Rachel,Lawson,wilcoxjose@townsend.com,Dillonchester,Nevada,India,2023-09-17
CUST2384,Jessica,Christensen,farmernancy@martin.com,Hopkinstown,West Virginia,India,2025-08-18
CUST2385,Jessica,Wallace,jacksondouglas@hotmail.com,West Rebeccastad,Florida,India,2025-02-21
CUST2386,Matthew,Edwards,mrhodes@gmail.com,West Brian,Pennsylvania,India,2024-04-30
CUST2387,Edwin,Sharp,katie68@yahoo.com,Rodriguezbury,Wyoming,India,2025-06-19
CUST2388,Jason,Kennedy,wvelasquez@yahoo.com,Mayoview,Hawaii,India,2026-01-11
CUST2389,Christopher,Kelley,anna22@macias-doyle.com,Aaronchester,New Jersey,India,2025-07-02
CUST2390,William,Stewart,kparks@yahoo.com,New Danielmouth,Texas,India,2026-02-16
CUST2391,Christopher,Mayer,andrewjackson@gmail.com,Justinhaven,Massachusetts,India,2023-12-11
CUST2392,Tyler,Wolfe,nriley@wilson.com,Justinshire,Hawaii,India,2023-03-23
CUST2393,Gina,Morgan,amanda72@yahoo.com,Piercemouth,Nebraska,India,2024-09-17
CUST2394,Ashley,Perez,rodriguezbrenda@clements.com,Karaside,Arizona,India,2025-11-25
CUST2395,Joyce,Moody,michael55@cook.net,Lake Lance,West Virginia,India,2025-07-24
CUST2396,Alicia,Morgan,lambmelissa@robbins.com,Marshallport,Virginia,India,2023-10-09
CUST2397,Tommy,Terry,justinhamilton@pratt-chase.info,North Jessicamouth,New Jersey,India,2023-07-07
CUST2398,Eric,Farrell,hhayes@gmail.com,Smithberg,Montana,India,2023-07-02
CUST2399,Laura,Singleton,snowkeith@weber-walsh.com,Lake Michaelfort,Oregon,India,2025-11-26
CUST2400,Kathryn,Miller,lmclaughlin@heath.com,Banksport,South Dakota,India,2024-03-29
CUST2401,Mary,Knight,bassjonathan@gmail.com,Jasminestad,Iowa,India,2025-04-03
CUST2402,Daisy,Matthews,mpalmer@perez.info,Ryanberg,South Carolina,India,2025-12-02
CUST2403,Raymond,Fitzpatrick,gerald04@hotmail.com,New Ashley,Idaho,India,2025-11-23
CUST2404,Katherine,Cook,warrenvincent@gilbert.com,South Curtis,Virginia,India,2023-03-25
CUST2405,Aaron,White,sheri97@gmail.com,East Angela,Montana,India,2025-06-01
CUST2406,Matthew,Wright,jose18@hotmail.com,Derekport,Florida,India,2025-09-17
CUST2407,Brandi,Bell,pricemichael@gmail.com,Michaelland,Connecticut,India,2023-05-31
CUST2408,Carolyn,Wallace,yharris@yahoo.com,Longland,Montana,India,2024-08-21
CUST2409,Scott,Clayton,eyoung@hotmail.com,Dominguezmouth,West Virginia,India,2023-11-12
CUST2410,Kenneth,Walsh,uluna@yahoo.com,East Michael,California,India,2023-11-29
CUST2411,Brandon,Moore,patriciajarvis@fisher.com,Howardmouth,Washington,India,2023-06-20
CUST2412,Jenna,Barr,hawkinscarrie@hotmail.com,Wilsonborough,Missouri,India,2023-07-04
CUST2413,Danielle,Henry,joe22@fields-thomas.net,Port Craig,Indiana,India,2024-06-23
CUST2414,Alicia,Klein,rlee@taylor-jones.biz,West Pamelaville,Oregon,India,2024-05-29
CUST2415,Ruth,Farrell,matthew50@gmail.com,Port Phyllis,South Dakota,India,2023-07-04
CUST2416,Elizabeth,Osborne,steven47@gmail.com,West Andrew,Nevada,India,2025-09-01
CUST2417,Sonya,Williams,timothywoods@potter-macias.org,Mooreshire,Utah,India,2025-10-15
CUST2418,Anna,Baker,veronica60@williamson.net,North Spencer,Michigan,India,2025-05-18
CUST2419,Glenda,Sherman,william16@acosta-gilmore.com,Port James,Arkansas,India,2026-01-17
CUST2420,Rebecca,Clayton,michellewilson@gordon.com,Williamsview,California,India,2025-01-12
CUST2421,Julia,Brown,seth89@hotmail.com,North Thomasmouth,Kentucky,India,2025-07-28
CUST2422,April,Huang,elizabeth36@garrett.com,East Kevin,Arkansas,India,2024-03-21
CUST2423,Tyler,Jimenez,daughertysara@hotmail.com,Barryborough,Maryland,India,2023-07-18
CUST2424,Greg,Monroe,chelsealowery@yahoo.com,Brownmouth,West Virginia,India,2025-08-04
CUST2425,Allison,Luna,lindsayharris@alvarez.net,West Jodi,Tennessee,India,2025-10-18
CUST2426,Ashley,Odom,javierlewis@durham.biz,North Evelynstad,South Carolina,India,2024-10-12
CUST2427,Rebecca,Thomas,dustin82@johnson.biz,West Stephanieshire,Iowa,India,2023-08-23
CUST2428,Denise,Barton,kristopher21@green.com,Loriport,Maryland,India,2023-10-14
CUST2429,Alexander,Obrien,farleyvanessa@yahoo.com,North Ryan,Missouri,India,2024-04-26
CUST2430,Sarah,Hicks,rossalyssa@perry.com,Reidmouth,Alaska,India,2026-02-12
CUST2431,Brandy,English,jonathanwilliams@clark.biz,South Stevenland,Illinois,India,2023-10-19
CUST2432,Patricia,Sutton,maria99@bennett.com,Terranceburgh,Utah,India,2023-12-17
CUST2433,Jennifer,Zavala,mark10@jones.com,West Cheryl,Mississippi,India,2023-12-23
CUST2434,Charles,Herrera,jessica25@bishop.biz,Randallshire,New Hampshire,India,2024-08-21
CUST2435,Marvin,Ellis,kristinthomas@yahoo.com,Colemanfurt,Maine,India,2023-06-11
CUST2436,Toni,Rojas,brian77@waters.com,East Tommy,Texas,India,2023-08-24
CUST2437,Danielle,Blake,danathomas@walls.net,Andrewside,New York,India,2025-04-14
CUST2438,Edward,Valentine,carolynmiller@yahoo.com,Beverlyport,Montana,India,2025-10-03
CUST2439,Victoria,Dixon,mark37@brown.com,Port Lisatown,Washington,India,2025-03-17
CUST2440,Sarah,Hudson,cheryl50@phillips.com,East Tiffany,Georgia,India,2023-07-06
CUST2441,Jonathan,Meyer,andersencharles@landry.info,Alexandratown,Alaska,India,2026-01-26
CUST2442,Jacob,Hunt,othomas@gallagher.com,Lewisstad,Massachusetts,India,2024-01-03
CUST2443,Laura,Rodriguez,jbarnes@lopez-smith.com,New Jenna,Nebraska,India,2025-09-05
CUST2444,Debra,James,rjuarez@keller-thomas.com,Lake Veronica,Utah,India,2024-04-13
CUST2445,Douglas,Garza,francismichael@yahoo.com,Zacharyberg,Wyoming,India,2024-09-12
CUST2446,Bonnie,Wilson,williamshaw@gmail.com,Williamhaven,Alabama,India,2023-07-27
CUST2447,Jason,Mooney,jeffrey75@lopez.biz,South Sheila,Oklahoma,India,2023-08-14
CUST2448,Joann,Carson,christinadickson@yahoo.com,Lake Thomasfurt,Colorado,India,2025-11-25
CUST2449,Lisa,Goodman,amurray@peterson.biz,South Elizabeth,Oregon,India,2023-08-11
CUST2450,Savannah,Malone,foliver@gmail.com,Reginatown,Maine,India,2023-09-25
CUST2451,Paul,Ortiz,ian83@hotmail.com,Brianview,Montana,India,2023-08-09
CUST2452,Katie,Vazquez,zmartinez@hotmail.com,Melissamouth,Oklahoma,India,2023-09-19
CUST2453,Sara,Cooke,christopherhenderson@gmail.com,Wrightview,Alaska,India,2023-09-26
CUST2454,Thomas,Bender,fdawson@yahoo.com,West Sharonberg,Montana,India,2025-02-18
CUST2455,Shannon,Duffy,gatestonya@hotmail.com,Cookport,Michigan,India,2025-02-21
CUST2456,Frank,Davis,brownmarcus@yahoo.com,Whiteborough,New York,India,2023-12-04
CUST2457,Linda,Fitzpatrick,brenda66@hotmail.com,Josephstad,Idaho,India,2025-01-14
CUST2458,Melanie,Massey,larry65@hotmail.com,West Danielleville,South Dakota,India,2024-10-15
CUST2459,Nicole,Avery,richard02@yahoo.com,Lake Elizabeth,Alaska,India,2025-02-10
CUST2460,Dawn,Gray,prattyvonne@yahoo.com,Francisfurt,South Carolina,India,2024-06-24
CUST2461,Stefanie,Martinez,cherylcummings@gmail.com,Kristiburgh,Arkansas,India,2025-08-25
CUST2462,Melissa,Schneider,kimberlydudley@hotmail.com,Thompsonmouth,Alaska,India,2024-01-26
CUST2463,Adrian,Martinez,cathywood@smith.com,Longville,Missouri,India,2025-01-29
CUST2464,Amy,Case,rebeccakim@yahoo.com,Lake Anna,Colorado,India,2025-05-10
CUST2465,Tracy,Johnson,gberg@gmail.com,Port Richard,Connecticut,India,2024-08-19
CUST2466,Stephen,Reid,jameslamb@guzman.net,Lake Cherylport,Delaware,India,2025-04-14
CUST2467,Brett,May,alanmendez@petty-williams.biz,Lake Helen,Minnesota,India,2023-05-03
CUST2468,Amber,Cummings,justin32@gmail.com,Macdonaldview,Wisconsin,India,2024-02-12
CUST2469,Melissa,Horne,brewerdarryl@yahoo.com,East Kimberly,Nevada,India,2024-03-20
CUST2470,Richard,Dominguez,jasontaylor@hotmail.com,Port Kevinberg,Missouri,India,2024-08-16
CUST2471,Elizabeth,Martin,rushamy@harvey.com,Williston,Kansas,India,2025-02-27
CUST2472,Ana,Parker,brandon02@hotmail.com,New Susan,Iowa,India,2023-11-25
CUST2473,Andrea,Green,herbert29@yahoo.com,Kathleentown,South Dakota,India,2023-08-28
CUST2474,Lisa,Wolfe,paul98@zimmerman-kirby.com,Port Meganville,North Dakota,India,2025-11-27
CUST2475,John,Baxter,portiz@hotmail.com,Port Ronaldmouth,Massachusetts,India,2025-01-09
CUST2476,Kenneth,Steele,benjaminrosales@floyd-lloyd.com,Lake Jaredstad,West Virginia,India,2025-11-03
CUST2477,Edwin,Hall,waltonmelissa@gmail.com,North Amy,Louisiana,India,2024-12-25
CUST2478,Mason,Garcia,johnsonkevin@gmail.com,Richardbury,Illinois,India,2025-12-08
CUST2479,Stephanie,Cobb,schwartzscott@hamilton.com,Griffinstad,Utah,India,2023-03-08
CUST2480,Christy,Stark,scott37@ramirez.info,North Josephside,Florida,India,2024-05-24
CUST2481,Bradley,Conley,wschroeder@gmail.com,Schmidtstad,Iowa,India,2023-11-17
CUST2482,Connor,Stark,david51@yahoo.com,Reyesland,New Mexico,India,2023-05-12
CUST2483,Wendy,Hernandez,lawrence43@gmail.com,Larryburgh,Oregon,India,2025-01-11
CUST2484,Tony,Walsh,walkersteven@carr.biz,East Kristenmouth,Oklahoma,India,2025-05-09
CUST2485,Kelly,Lynn,daniel06@brewer.biz,Danamouth,Arkansas,India,2023-11-14
CUST2486,Ashley,Petty,joshua36@salazar.info,Jacksonmouth,Minnesota,India,2025-11-18
CUST2487,Antonio,Smith,brent00@gmail.com,Lake James,Washington,India,2025-11-27
CUST2488,Thomas,Gallagher,turnerkevin@rodgers.biz,Rayburgh,New Hampshire,India,2025-04-27
CUST2489,Erica,Hughes,barnesdaniel@hotmail.com,Courtneyton,Maryland,India,2025-02-02
CUST2490,Christopher,Newman,emilyhoffman@smith.org,Smithview,Michigan,India,2023-10-14
CUST2491,Anthony,Bowers,herrerakristen@hotmail.com,New Aaron,Kentucky,India,2024-05-25
CUST2492,Joshua,Brown,hoffmanmary@yahoo.com,East Carlmouth,Virginia,India,2023-03-05
CUST2493,Michael,Rubio,claudialindsey@yahoo.com,Cliffordberg,Montana,India,2025-02-27
CUST2494,Corey,Foster,chad83@howard.com,West Kathleen,Louisiana,India,2023-09-11
CUST2495,Stephanie,Thomas,christianchristopher@hotmail.com,Ramseyfurt,California,India,2025-12-14
CUST2496,Derrick,Dalton,lopezmargaret@yahoo.com,South Lisabury,New Mexico,India,2024-01-07
CUST2497,Troy,Rice,williamskirsten@williams.net,East Mary,Georgia,India,2024-11-19
CUST2498,Adam,Robertson,lsingh@white.com,East Jimmyshire,South Dakota,India,2023-04-24
CUST2499,Marcus,Turner,alexis86@munoz.com,South Dustinbury,Alabama,India,2023-04-30
CUST2500,Alexis,Jackson,petersonjanice@hotmail.com,Richardsontown,California,India,2024-03-14
CUST2501,Maria,George,marilyn66@lopez.com,Jamesview,Connecticut,India,2024-07-28
CUST2502,Matthew,Jones,itodd@hotmail.com,Jasonside,New Jersey,India,2025-12-13
CUST2503,Brian,Martin,qbennett@garcia-dodson.com,North Charles,South Dakota,India,2025-12-12
CUST2504,Grant,Snyder,valenciamichelle@yahoo.com,Collinsmouth,North Carolina,India,2024-04-01
CUST2505,Jamie,Miller,acamacho@robertson.com,Delgadobury,Maine,India,2023-09-24
CUST2506,Paul,Li,tonywells@campos.net,Hebertmouth,Kansas,India,2024-05-12
CUST2507,Cynthia,Griffith,thomas14@hotmail.com,New Rhonda,Ohio,India,2024-09-27
CUST2508,Andrea,Carey,rachelhunt@gardner.net,Perryfurt,South Carolina,India,2024-06-26
CUST2509,Tricia,Anderson,sydney88@blankenship-mccoy.com,South Julianchester,Nebraska,India,2023-09-22
CUST2510,Karen,Hawkins,stephaniesims@garcia.net,South Christopher,Arkansas,India,2025-10-10
CUST2511,Charles,Baker,mmartinez@davis.net,Sanderstown,Idaho,India,2025-12-31
CUST2512,Emily,Rodgers,moralesraymond@hotmail.com,North Davidfort,Colorado,India,2024-03-07
CUST2513,Mary,Johnson,cmoore@smith.org,Adamston,Mississippi,India,2023-09-22
CUST2514,Jeffery,Hill,rlambert@perry-martin.net,South Patrickshire,Illinois,India,2025-07-01
CUST2515,Dawn,Mack,prandall@kidd.org,South Patrick,Pennsylvania,India,2025-02-18
CUST2516,Megan,Gilbert,clarkjeffrey@carter.com,Fitzpatrickstad,Vermont,India,2025-03-16
CUST2517,Jack,Martin,megan13@carr.info,Hunterton,Iowa,India,2025-10-26
CUST2518,Crystal,Dunn,danielvargas@mcfarland.com,Lake Cynthia,Kansas,India,2025-11-07
CUST2519,Robert,Terry,josephtonya@ward.org,South Austin,Arkansas,India,2025-06-23
CUST2520,Steven,Williams,cindywoods@henderson.info,North Laurenhaven,Virginia,India,2025-10-09
CUST2521,Brian,Vasquez,pateldavid@yahoo.com,Amberbury,Nevada,India,2024-03-24
CUST2522,John,Malone,jennifer89@brown.com,East Debra,Georgia,India,2023-09-16
CUST2523,Benjamin,Owens,trevor32@yahoo.com,South Kellyfurt,Alaska,India,2025-04-20
CUST2524,Alicia,Lane,youngcatherine@smith.com,Millermouth,West Virginia,India,2023-09-18
CUST2525,Evan,Yates,janiceedwards@rodriguez.biz,Shawntown,Iowa,India,2025-09-18
CUST2526,Barbara,Brown,ashley32@hotmail.com,Gomezmouth,Mississippi,India,2025-10-19
CUST2527,Peggy,Hughes,phillippham@newton-lewis.com,Port Jeffery,South Dakota,India,2023-04-26
CUST2528,Edward,Conway,jameshawkins@hotmail.com,East Brian,North Dakota,India,2023-05-04
CUST2529,Jennifer,Melton,qstewart@yahoo.com,Dakotamouth,Wisconsin,India,2023-06-15
CUST2530,Deborah,Beck,mmclean@myers-berry.info,Port Emily,Nebraska,India,2024-11-26
CUST2531,Matthew,Burch,mccannralph@yahoo.com,West Brittany,Idaho,India,2024-10-29
CUST2532,Daniel,Chambers,ynguyen@phillips.org,North Michelle,Maryland,India,2023-05-14
CUST2533,Jennifer,Kerr,jhale@gmail.com,Martinmouth,Alaska,India,2024-11-25
CUST2534,Gabrielle,Hunt,bgillespie@williams-mitchell.com,Chapmanfort,New Jersey,India,2024-12-21
CUST2535,Shari,Johnson,kristin00@reed.com,Delgadobury,Louisiana,India,2023-07-17
CUST2536,Leah,Delgado,thompsonelizabeth@gmail.com,New Andrea,Maine,India,2026-02-21
CUST2537,Adam,Buchanan,ofloyd@yahoo.com,North Richardville,Alabama,India,2024-10-07
CUST2538,Robert,Smith,michelleoconnor@gmail.com,South Sarafurt,Connecticut,India,2024-04-26
CUST2539,David,Carrillo,john24@gmail.com,South Calebshire,Mississippi,India,2024-10-02
CUST2540,Melissa,Waters,robinsonsteven@myers.info,Port Seth,Connecticut,India,2024-08-15
CUST2541,Michael,Kline,byoung@yahoo.com,Alexanderview,Illinois,India,2024-12-28
CUST2542,Dustin,Schroeder,garciajohn@jones.biz,Parkermouth,Pennsylvania,India,2024-12-26
CUST2543,Cassandra,Mccarthy,sarah12@gmail.com,North Misty,Missouri,India,2024-10-10
CUST2544,Stephanie,Hansen,brittany16@yahoo.com,East Georgechester,Virginia,India,2023-07-21
CUST2545,Michael,Hernandez,moorevictoria@martinez.com,West Mark,New Mexico,India,2024-02-02
CUST2546,Cassandra,Reeves,savagejason@gmail.com,West Kevin,Washington,India,2023-09-03
CUST2547,Jeanette,Garcia,danielle05@hotmail.com,West Rebekah,New York,India,2023-04-27
CUST2548,Lori,Ramirez,dlittle@williams.org,North Abigailport,Wyoming,India,2023-08-13
CUST2549,Douglas,Fischer,gabriel74@brown.biz,Port Ronaldhaven,Louisiana,India,2024-04-18
CUST2550,Devon,Nelson,xmorton@gonzalez-mcbride.biz,Johnsonview,Tennessee,India,2024-09-30
CUST2551,Amy,Daniels,meltonandrea@yahoo.com,Port Whitneyhaven,Minnesota,India,2024-10-19
CUST2552,Brittany,Butler,singletonheather@raymond-gibson.biz,Wolfefurt,Louisiana,India,2024-08-20
CUST2553,Jonathan,Schmitt,david48@gmail.com,Williamsside,Tennessee,India,2024-06-14
CUST2554,Rhonda,Hughes,maria49@hotmail.com,South Maryhaven,Virginia,India,2026-01-01
CUST2555,Larry,Cabrera,alanbyrd@gallagher-clark.com,Jasontown,Virginia,India,2023-08-12
CUST2556,Jacob,Cole,richardsonbenjamin@saunders.com,Phillipberg,Florida,India,2026-02-13
CUST2557,Holly,Lewis,david37@jones-houston.info,Brianfurt,Kansas,India,2024-09-15
CUST2558,Karen,Peterson,lozanomark@hotmail.com,Port Carolstad,Tennessee,India,2023-04-03
CUST2559,Donna,Davis,pward@johnson-wood.net,Singhside,Nebraska,India,2025-09-13
CUST2560,Pamela,Johnson,taylorkim@ray.com,Joannashire,California,India,2023-07-18
CUST2561,Melissa,Rodriguez,amy52@gmail.com,Port Kevinshire,Washington,India,2024-01-07
CUST2562,Nicole,Bennett,haley41@gmail.com,Robertsside,Delaware,India,2024-03-07
CUST2563,Bryan,Sims,christian44@herman-bonilla.biz,Fosterfurt,Oklahoma,India,2025-08-05
CUST2564,James,King,diazbrandon@yahoo.com,New Erikaport,Maryland,India,2023-08-08
CUST2565,Chris,Williams,andrew96@yahoo.com,East Michael,Alabama,India,2025-02-23
CUST2566,Brian,Reese,david97@yahoo.com,West Breanna,Oklahoma,India,2024-09-30
CUST2567,Jesse,Smith,stephen67@hotmail.com,Claudiashire,Washington,India,2025-04-19
CUST2568,Andrew,Brown,youngjennifer@gmail.com,Hicksfort,North Dakota,India,2025-05-06
CUST2569,Lauren,Alvarez,michaelcastro@yahoo.com,Williamchester,Texas,India,2023-10-04
CUST2570,Richard,Flores,lrogers@williams-galloway.com,West Jamie,California,India,2026-02-25
CUST2571,Edward,Acevedo,kyle01@yahoo.com,Port Jose,West Virginia,India,2023-12-05
CUST2572,Thomas,Henson,jamiemartinez@hotmail.com,Jeremytown,Tennessee,India,2024-04-04
CUST2573,Doris,Robinson,justinanderson@marquez.com,Jacobsonton,Louisiana,India,2025-07-15
CUST2574,Alyssa,Murray,kimberlyschwartz@hughes.com,Elizabethshire,Iowa,India,2024-02-19
CUST2575,Connor,Oneill,hancockerica@hotmail.com,Josephshire,Louisiana,India,2025-02-07
CUST2576,Omar,Andrews,laura50@gmail.com,New Kennethland,Idaho,India,2023-12-29
CUST2577,Robin,Woods,ashleynorman@gmail.com,East Robertoshire,Michigan,India,2023-08-30
CUST2578,Christopher,Rose,dwilson@hotmail.com,Wendyside,Mississippi,India,2025-08-04
CUST2579,Sheryl,Ortega,tcarter@rodriguez.biz,Kevinberg,Alabama,India,2024-09-24
CUST2580,Jennifer,Moore,karl75@hotmail.com,Port Darrell,New Mexico,India,2023-09-13
CUST2581,Mark,Martin,alexandra01@morton.com,West Jasonmouth,Arizona,India,2025-03-25
CUST2582,Diane,Hooper,urussell@yates-townsend.net,South Evanberg,Delaware,India,2023-04-07
CUST2583,Amy,Kim,savagejeremiah@leonard.com,Port Lindaside,Minnesota,India,2024-06-27
CUST2584,Timothy,Villa,vcarter@hotmail.com,New Sandra,New Jersey,India,2024-03-27
CUST2585,Heather,Powers,kterry@adams.org,East Jessica,Alaska,India,2023-07-24
CUST2586,Mark,Tyler,geraldhenson@yahoo.com,Melissahaven,Nevada,India,2025-01-31
CUST2587,Melissa,Morales,martinmonica@yahoo.com,Nicholaschester,Utah,India,2025-01-20
CUST2588,Carol,Allison,kreid@gmail.com,North Michaelburgh,Indiana,India,2023-11-06
CUST2589,Paul,Cook,ohernandez@houston.com,Ashleymouth,South Carolina,India,2025-07-01
CUST2590,Lance,Bennett,brooksdustin@brown.com,Robertview,New Mexico,India,2023-12-25
CUST2591,Mark,Russell,kathy31@whitaker-kramer.com,North Heidiberg,New Jersey,India,2024-12-12
CUST2592,Mackenzie,Baker,bonddevin@hotmail.com,Port Jacqueline,Vermont,India,2025-06-25
CUST2593,David,Joseph,carolynfoster@gmail.com,Allenburgh,New York,India,2023-07-16
CUST2594,Charlene,Green,jeffreywoods@garcia.info,Lake James,Utah,India,2025-08-26
CUST2595,Jamie,Mathis,kellytaylor@gmail.com,West Tamara,Iowa,India,2025-01-09
CUST2596,Michael,Baker,fbrady@wise.info,West Tinamouth,Delaware,India,2025-06-25
CUST2597,Cindy,Suarez,jensenhaley@dixon.info,Port Cynthiafurt,Utah,India,2023-03-03
CUST2598,Sarah,Bishop,danielortega@neal-gray.com,New Josephhaven,Arizona,India,2024-09-16
CUST2599,Rachael,French,flowerscaitlin@hotmail.com,Port Keith,Tennessee,India,2023-08-31
CUST2600,Tony,Wilson,xburton@reid.org,Nashton,Alaska,India,2025-06-17
CUST2601,Brenda,Salinas,wmcdowell@hotmail.com,Jamesville,Rhode Island,India,2023-08-09
CUST2602,Shirley,Griffith,dday@west.com,North Yvette,Delaware,India,2024-09-05
CUST2603,Crystal,Perez,williamsjoseph@smith-holden.biz,Wagnerside,Massachusetts,India,2025-10-06
CUST2604,Amy,Carter,colin88@beasley.com,New Crystalstad,New York,India,2024-09-26
CUST2605,Maureen,Hahn,vjohns@gmail.com,South Amanda,Connecticut,India,2023-08-29
CUST2606,Curtis,Barton,coxlisa@white.com,East Lisaville,Montana,India,2023-11-14
CUST2607,Ashley,Walker,wayne46@gmail.com,South Raymond,Maine,India,2024-06-26
CUST2608,Peter,Perez,thomas63@hull.com,Katiechester,Wisconsin,India,2025-10-21
CUST2609,Melinda,Gross,afowler@gmail.com,East Daniel,Michigan,India,2025-09-15
CUST2610,Briana,Bray,kmills@greene.com,Kentport,Rhode Island,India,2025-01-21
CUST2611,Megan,Miller,tmiddleton@ingram.com,Wallsfort,Illinois,India,2023-10-03
CUST2612,Matthew,Cooper,ecooper@duran.com,Kyleburgh,Vermont,India,2023-04-14
CUST2613,Kevin,Macdonald,david03@yahoo.com,West Jamesfort,Michigan,India,2025-10-30
CUST2614,Monique,Watson,elliseric@gmail.com,New Kelly,Montana,India,2026-01-11
CUST2615,Christopher,Ross,philip08@kaufman.com,Port Jamie,Vermont,India,2023-03-24
CUST2616,Stephanie,Green,cshaw@olsen.com,Maldonadomouth,Michigan,India,2025-08-12
CUST2617,Kimberly,Blankenship,kristenporter@ramirez-walker.com,Jeffreyhaven,Idaho,India,2023-08-21
CUST2618,Monique,Ruiz,davidjustin@foster-rice.info,Katieland,Wisconsin,India,2023-06-24
CUST2619,Derek,Gilbert,taylor31@yahoo.com,Wilsonborough,Maryland,India,2025-08-29
CUST2620,Phillip,Wilkerson,bishopchristina@yahoo.com,South Matthewmouth,Massachusetts,India,2024-05-17
CUST2621,Robert,Ayala,mauricekelly@edwards.biz,South Donna,Alabama,India,2023-08-13
CUST2622,Zachary,Green,johnsonisaac@davis.com,West Randy,Georgia,India,2025-10-04
CUST2623,Samantha,Hart,choover@bright.com,Davisshire,Arkansas,India,2025-03-04
CUST2624,Christopher,Stephens,lmcdaniel@gmail.com,Tylerton,New Jersey,India,2024-01-26
CUST2625,Elizabeth,Delacruz,zlyons@lam.com,Kellerview,South Dakota,India,2025-03-26
CUST2626,Kyle,Myers,emaldonado@hardy-caldwell.com,Andersonbury,Alaska,India,2025-01-15
CUST2627,Karen,Henson,alyssa80@gmail.com,Lake Shannonborough,Idaho,India,2024-07-04
CUST2628,Michael,Moon,michaelmyers@dixon.net,South Kevin,Tennessee,India,2025-07-07
CUST2629,Teresa,Price,amymcdowell@hotmail.com,Jenniferfort,Minnesota,India,2023-08-06
CUST2630,Jonathan,Booth,sstanley@smith.org,Leahfurt,Colorado,India,2024-05-17
CUST2631,Mark,Richards,hjames@hotmail.com,Henryville,Alabama,India,2023-05-10
CUST2632,Rachel,Washington,stewarttonya@snyder.com,West Carolynburgh,New Mexico,India,2024-05-23
CUST2633,Melissa,Cochran,wallacechristian@hotmail.com,Joneshaven,Alabama,India,2023-06-13
CUST2634,Mark,Lee,thomasmurray@riley.org,Jennifermouth,Rhode Island,India,2025-08-20
CUST2635,Dylan,Herrera,xgilbert@wood.org,Shelbymouth,South Carolina,India,2024-05-05
CUST2636,Megan,Khan,ashleypierce@brown.com,New Christopher,Kentucky,India,2024-05-10
CUST2637,Jacob,Mitchell,lauraflowers@duke.com,East Jamie,New York,India,2023-11-26
CUST2638,Janet,Morgan,gregorychristopher@yahoo.com,Port Martin,Massachusetts,India,2024-12-20
CUST2639,Michael,Graham,ramoscarol@hotmail.com,Campbellburgh,Montana,India,2023-11-14
CUST2640,Ronnie,Roberts,wbarr@gmail.com,South Erinchester,Arkansas,India,2024-04-17
CUST2641,Katie,Nixon,jamiewillis@yahoo.com,Traceyport,Indiana,India,2024-03-15
CUST2642,Brian,Brown,april44@gmail.com,Lindseyborough,New Jersey,India,2023-04-29
CUST2643,Jeffrey,Byrd,timothyflynn@hotmail.com,East Erinburgh,Hawaii,India,2025-05-19
CUST2644,Duane,Roberts,tkirby@lee-yang.com,Richardfurt,Maine,India,2026-02-06
CUST2645,Brittney,Ferguson,ymeadows@campbell-mcdonald.com,East Tara,Montana,India,2023-10-18
CUST2646,Amanda,Russell,olsonmichelle@ruiz-hughes.com,Williamsland,New Jersey,India,2024-08-13
CUST2647,Nicholas,Schultz,hernandezmichael@yahoo.com,Dominiquemouth,Michigan,India,2023-06-12
CUST2648,Andrew,Craig,hernandezstacie@black.com,Amystad,Illinois,India,2025-06-02
CUST2649,Lisa,Russell,nstevenson@gmail.com,Bryanstad,North Carolina,India,2023-04-19
CUST2650,Mark,Lowe,hudsonerica@yahoo.com,South Erin,Kentucky,India,2025-08-08
CUST2651,Lori,Thomas,diana70@keller.com,Blakeland,Virginia,India,2025-10-03
CUST2652,Megan,Wilson,rodriguezerin@gmail.com,Thompsonfort,Utah,India,2024-11-03
CUST2653,Andrea,Long,hernandezjoseph@hotmail.com,Beltranside,Rhode Island,India,2026-01-08
CUST2654,Tiffany,Mccarthy,mathew88@edwards.net,Lake David,Pennsylvania,India,2024-11-02
CUST2655,Brittany,Robinson,hallroberto@smith-smith.com,Gonzalezburgh,New Mexico,India,2024-09-12
CUST2656,Steven,Pittman,williamsadam@garrett.info,Lake Eugeneville,California,India,2023-12-25
CUST2657,Kevin,Medina,shannon73@gmail.com,New Sandra,Arkansas,India,2024-03-14
CUST2658,Ryan,Andrews,tyler07@gmail.com,Weavermouth,Nevada,India,2025-04-09
CUST2659,Ronald,Rodriguez,garrett86@campos-harrell.info,South Richard,Oregon,India,2025-01-05
CUST2660,Brooke,Edwards,tanyagillespie@hotmail.com,Lake Heather,Colorado,India,2025-07-18
CUST2661,Paul,Hunter,ymorris@gmail.com,Thomasfurt,Hawaii,India,2024-08-02
CUST2662,Edward,Sloan,michaelhart@yahoo.com,Lake Lisa,South Dakota,India,2023-03-17
CUST2663,Christopher,Carroll,larrylewis@wilson.com,Port Hectorstad,South Dakota,India,2024-12-25
CUST2664,Sergio,Scott,millskenneth@lara.com,New Lindamouth,Texas,India,2023-07-09
CUST2665,Jodi,Walker,wgardner@holland.com,Bensonmouth,Wisconsin,India,2025-11-17
CUST2666,Timothy,Castillo,larry21@briggs.com,East Leslie,Florida,India,2026-01-08
CUST2667,Billy,Morgan,schroederbrian@hardin.org,Traciehaven,Massachusetts,India,2023-05-18
CUST2668,Robin,Thomas,jessicahansen@hotmail.com,Steelebury,Missouri,India,2023-04-29
CUST2669,Jacqueline,Morgan,raylauren@yahoo.com,Hensleyton,Georgia,India,2024-03-10
CUST2670,Carl,Moyer,pbaxter@anderson.net,Josephfurt,Massachusetts,India,2025-02-20
CUST2671,Olivia,Nguyen,daniel68@hernandez.com,East Keithside,Colorado,India,2023-10-26
CUST2672,Peggy,Freeman,darrellmoore@alexander.com,Nicolechester,Illinois,India,2025-03-17
CUST2673,Thomas,Morse,willisrichard@mitchell.net,Kristahaven,Kentucky,India,2023-11-30
CUST2674,Jennifer,Flores,cbrown@johnson.info,South Philipchester,Alabama,India,2023-05-01
CUST2675,Julie,Williams,jgilmore@gmail.com,East Markburgh,Nevada,India,2024-11-24
CUST2676,Daniel,Erickson,pmartinez@yahoo.com,Port Valeriebury,Hawaii,India,2025-05-03
CUST2677,Linda,Ellis,samantha03@kane.info,New Patriciaton,Illinois,India,2025-04-27
CUST2678,Jamie,Monroe,richard47@lyons-lambert.com,Lake Christopherton,Washington,India,2025-08-22
CUST2679,Theresa,Bailey,conleylaura@mills-daniel.com,East Jose,California,India,2023-06-17
CUST2680,Justin,King,jeremiah88@george.com,New Amber,Mississippi,India,2024-03-09
CUST2681,Peter,Cole,christina30@lester-vasquez.com,West Edwin,New York,India,2025-09-24
CUST2682,Michael,Molina,penny70@gmail.com,Lake Josephburgh,Utah,India,2024-10-25
CUST2683,Cynthia,Sanders,thomassusan@cunningham.com,Lake Joshuaton,Virginia,India,2023-05-02
CUST2684,Daniel,Jackson,qschmidt@knight.biz,Theresashire,South Carolina,India,2025-02-27
CUST2685,Antonio,Riley,whopkins@gmail.com,Brianberg,Kentucky,India,2024-05-17
CUST2686,Amanda,Figueroa,timothyrichardson@hotmail.com,Lake Tracy,Wyoming,India,2025-04-17
CUST2687,Tonya,Arnold,tina36@hotmail.com,Thomasstad,South Carolina,India,2024-12-06
CUST2688,Jose,Shelton,henry32@delgado.com,Kaylaland,Kansas,India,2024-12-09
CUST2689,William,Myers,tracyray@yahoo.com,West Sean,Texas,India,2023-06-14
CUST2690,Derek,Luna,stanleyalvarado@yahoo.com,Reyesburgh,Idaho,India,2026-02-18
CUST2691,Julia,Nelson,christianjones@hotmail.com,New Marcusfort,Missouri,India,2024-05-27
CUST2692,Jeffrey,Kelly,cannondean@gmail.com,Mcneilmouth,Hawaii,India,2025-06-07
CUST2693,Nichole,Edwards,ycooper@gmail.com,Meyerfort,Illinois,India,2024-07-26
CUST2694,Jason,Adams,zwelch@gmail.com,Port Jameshaven,California,India,2025-08-09
CUST2695,Lynn,Sanchez,dwilcox@hotmail.com,Port Connorport,California,India,2023-07-04
CUST2696,Dustin,Dominguez,rachel58@sandoval.org,Robertsonmouth,Louisiana,India,2025-12-11
CUST2697,Cindy,Bailey,kingkayla@stewart-edwards.com,West Angelaport,Missouri,India,2023-05-19
CUST2698,Robert,Weber,paula55@kline.com,Christineview,Nebraska,India,2024-01-02
CUST2699,Amy,Forbes,lwilliams@hotmail.com,North Annaburgh,New Hampshire,India,2024-07-29
CUST2700,Barbara,Montoya,fcoffey@schmitt.com,East Brian,Nebraska,India,2024-11-06
CUST2701,Kathleen,Gonzales,thines@hotmail.com,Christopherland,Utah,India,2024-01-05
CUST2702,Gregory,Jarvis,mary10@henderson.com,Gravesstad,Pennsylvania,India,2024-07-06
CUST2703,Maria,Smith,gonzalezlindsay@scott-hill.com,Chaseside,Georgia,India,2024-03-23
CUST2704,Nathan,Alvarado,judith11@martin.net,West Benjaminview,Idaho,India,2023-11-09
CUST2705,Audrey,Powers,williamrodriguez@mills.com,Brianchester,Virginia,India,2026-02-09
CUST2706,Edward,Allen,caitlinmcdonald@nelson-moore.net,Patriciaville,New Jersey,India,2024-09-20
CUST2707,Joyce,Long,eperkins@yahoo.com,Justinchester,Nebraska,India,2024-11-12
CUST2708,Lori,Kemp,ybrown@yahoo.com,Turnertown,Alabama,India,2023-11-09
CUST2709,Jay,Cox,jwheeler@webster-gonzalez.org,New Toni,Montana,India,2023-04-18
CUST2710,Thomas,Medina,blackmary@gmail.com,South James,Kansas,India,2024-04-26
CUST2711,Carol,Mcgee,nhouse@diaz.net,South Jill,Vermont,India,2023-11-12
CUST2712,Kara,Shaw,jennifer25@hotmail.com,New Nicole,Maine,India,2024-02-24
CUST2713,Melissa,Garcia,kyle10@gmail.com,West Joshuabury,Vermont,India,2023-05-29
CUST2714,William,Neal,floressheryl@green.com,North Alicia,West Virginia,India,2024-01-27
CUST2715,Sarah,Goodman,basssarah@gmail.com,Ballland,Vermont,India,2024-09-13
CUST2716,Eric,Gilbert,heather68@gmail.com,Melanieland,Pennsylvania,India,2024-08-29
CUST2717,Craig,Cruz,wallsamantha@griffith.biz,Wayneport,Iowa,India,2026-01-17
CUST2718,Joshua,Allen,umoon@martin-gutierrez.org,Mathewsside,New Jersey,India,2024-10-25
CUST2719,Allison,Gould,hjackson@hotmail.com,South Audrey,Colorado,India,2026-01-31
CUST2720,Calvin,Rodriguez,natasha80@moore-santos.com,West Adamland,Tennessee,India,2024-04-21
CUST2721,Jackie,Scott,sharplisa@taylor.net,Charlesfort,Idaho,India,2026-01-01
CUST2722,Curtis,Burton,amber08@yahoo.com,Mitchelltown,Nebraska,India,2025-12-26
CUST2723,Austin,Soto,wgonzalez@lawrence.info,East Taylormouth,North Carolina,India,2024-10-05
CUST2724,Stephanie,Mayer,sanchezmichael@yahoo.com,South Ryan,Washington,India,2024-07-16
CUST2725,Melissa,Ruiz,jessicaroberts@gmail.com,North Donald,Connecticut,India,2023-06-13
CUST2726,Lauren,Fuller,victoriacox@hoover.com,Port Steven,Tennessee,India,2024-10-06
CUST2727,Adam,Atkins,jeffreyharrington@hotmail.com,South Laura,Florida,India,2023-08-08
CUST2728,Melissa,Hensley,stacey80@yahoo.com,Juliemouth,Alaska,India,2025-03-11
CUST2729,Rebecca,Brooks,ashley00@yahoo.com,West Christopher,Virginia,India,2023-11-22
CUST2730,Kristine,Day,deborah68@robinson.com,West Charlesland,New Jersey,India,2025-02-19
CUST2731,John,Roberts,langpatricia@knight.com,Molinahaven,North Dakota,India,2024-01-21
CUST2732,Michael,Garza,sandrahodge@carlson.com,Debraberg,Virginia,India,2025-06-20
CUST2733,Chase,Mitchell,brandondaniel@morton.net,Lake Zachary,California,India,2023-10-06
CUST2734,John,Finley,jerry90@young.com,Port Dustin,Minnesota,India,2024-01-26
CUST2735,John,Parker,millerelizabeth@yahoo.com,South Emily,Arkansas,India,2024-02-12
CUST2736,Jason,Curry,lindazimmerman@atkins-gonzalez.com,Port Mariaside,Texas,India,2023-07-20
CUST2737,Joshua,Garza,jessicafreeman@thomas-johnson.com,Jennyburgh,New Mexico,India,2023-03-31
CUST2738,Alicia,Harvey,cruznathaniel@yahoo.com,North Richardton,Mississippi,India,2023-12-12
CUST2739,John,Kramer,pjohns@parker.org,Loganport,Vermont,India,2025-05-05
CUST2740,Chad,Hicks,bhall@gmail.com,Port Trevor,Kentucky,India,2024-07-12
CUST2741,Eric,Olson,sandra48@hotmail.com,Jonesside,North Dakota,India,2024-08-04
CUST2742,Kathryn,Howard,jsantiago@yahoo.com,Kevinstad,Iowa,India,2024-09-14
CUST2743,Peter,Bennett,michelle73@brown-cervantes.info,Burnsville,Alaska,India,2023-03-18
CUST2744,Micheal,Wright,xmoran@yahoo.com,West Chelsea,Tennessee,India,2024-08-15
CUST2745,William,Smith,andersonkaren@smith-glover.net,North Adamview,Utah,India,2023-03-01
CUST2746,John,Cooper,ffleming@hotmail.com,South Richard,New Hampshire,India,2024-08-16
CUST2747,Emily,Campbell,james67@perez-lawrence.net,New Thomas,Wisconsin,India,2024-04-27
CUST2748,Patrick,Ramos,brad89@henry.com,Juliemouth,Ohio,India,2024-09-13
CUST2749,Tonya,Rivera,omartin@gibson.info,New Sherryberg,Wisconsin,India,2024-10-19
CUST2750,Matthew,Espinoza,melanieroberts@gmail.com,Lunaton,Virginia,India,2026-01-14
CUST2751,Leonard,Singh,mwilson@smith.biz,New Franciscoville,Connecticut,India,2025-09-09
CUST2752,Jonathan,Wolfe,anthony23@richardson-carter.com,Port Walterport,Tennessee,India,2024-05-13
CUST2753,David,Lawrence,kyle60@jones-keller.com,Port Jose,South Dakota,India,2024-03-29
CUST2754,Lee,Sosa,stephen02@andersen.com,Coffeychester,Maryland,India,2025-09-12
CUST2755,Jamie,Jones,derrickconley@reed.com,Port Jesseshire,Texas,India,2025-11-08
CUST2756,Denise,Jennings,iananthony@crawford-wu.biz,Natashaport,North Dakota,India,2025-07-18
CUST2757,Madison,Frederick,shannonelliott@yahoo.com,Lake Donaldside,Ohio,India,2023-10-22
CUST2758,Cindy,Cisneros,zunigapamela@hotmail.com,Port Robert,Nevada,India,2023-09-08
CUST2759,Maxwell,Norris,karensandoval@padilla.com,Wardshire,Ohio,India,2023-05-03
CUST2760,Melissa,Smith,anthony89@donovan-saunders.com,West Keithton,Texas,India,2024-05-02
CUST2761,Brian,Lopez,stephen01@bautista.com,Port Jacqueline,Connecticut,India,2023-12-17
CUST2762,Carla,Pierce,diane27@gmail.com,New Kathleen,South Carolina,India,2023-11-16
CUST2763,Kenneth,Harper,alexander41@shepherd.com,West Gregoryfurt,Texas,India,2023-04-30
CUST2764,Brittany,Moore,qmeyer@gmail.com,Port Deannabury,Colorado,India,2025-12-16
CUST2765,Crystal,Hayden,julie25@yahoo.com,New Matthew,Minnesota,India,2025-03-12
CUST2766,Mike,Smith,michael70@yahoo.com,Adkinsborough,Indiana,India,2024-08-14
CUST2767,Jeremy,Allen,amoreno@cline.org,West Dianafort,Connecticut,India,2026-01-14
CUST2768,Michele,Henderson,medinalinda@gmail.com,North Eric,New Jersey,India,2026-01-26
CUST2769,Anthony,Anderson,johnsonjoseph@yahoo.com,West Terrichester,New Mexico,India,2023-12-08
CUST2770,Kevin,Mckinney,christina66@yahoo.com,Patrickhaven,South Dakota,India,2025-06-30
CUST2771,Alicia,Bennett,johnathanvaughn@braun.com,North Laurenfurt,Connecticut,India,2023-06-09
CUST2772,Jessica,Jackson,imorales@hotmail.com,New Robert,Colorado,India,2024-06-04
CUST2773,Melissa,Mcdowell,kenneth02@james-ward.com,Lake Ericmouth,Louisiana,India,2024-03-19
CUST2774,Lori,Chase,karenyoung@hotmail.com,Lake Paulaborough,Tennessee,India,2023-04-15
CUST2775,Andrew,Chavez,hgriffin@yahoo.com,Crystalborough,South Carolina,India,2025-09-05
CUST2776,Michael,Berg,blee@hotmail.com,Lake Richard,North Dakota,India,2025-07-25
CUST2777,Anthony,Cross,waterspaul@yahoo.com,South Sarahhaven,Nevada,India,2023-04-20
CUST2778,Anna,Greene,tevans@ramirez.org,Garnerview,Alabama,India,2023-11-28
CUST2779,Nicole,Vega,bnorton@yahoo.com,Hancockburgh,Florida,India,2024-06-22
CUST2780,Jason,Rogers,jonathanarmstrong@gmail.com,East Maria,Illinois,India,2025-08-19
CUST2781,Daniel,Wells,cory37@johnston-nguyen.com,Autumnborough,Missouri,India,2023-10-21
CUST2782,Kelly,Miller,perezchristina@gmail.com,Novakton,Pennsylvania,India,2024-06-28
CUST2783,Miguel,Christian,frankwilliams@yahoo.com,South Kelly,Oklahoma,India,2025-05-01
CUST2784,Latoya,Allen,david00@hotmail.com,Jonathanland,Arkansas,India,2023-10-05
CUST2785,Duane,Cowan,james23@marshall.com,East Duane,Utah,India,2025-09-23
CUST2786,Michael,Pitts,dayelizabeth@weiss-miller.info,West Kelly,Illinois,India,2023-05-06
CUST2787,Russell,Johnson,scott41@hotmail.com,Port Michaelland,Minnesota,India,2025-10-26
CUST2788,David,Lopez,rhonda24@brooks.org,Port Marvin,Idaho,India,2025-04-11
CUST2789,Alexis,Smith,michael19@yahoo.com,Simmonsport,Maine,India,2024-05-12
CUST2790,Craig,Collins,kbennett@hotmail.com,East Davidland,New Jersey,India,2025-11-05
CUST2791,Laura,Vaughn,joanna99@hotmail.com,East Josefurt,Alabama,India,2025-11-19
CUST2792,Eric,Moore,josephperry@hotmail.com,Haasburgh,Illinois,India,2024-02-29
CUST2793,Natalie,Rocha,holmesjoseph@gmail.com,Mccoyburgh,Massachusetts,India,2024-03-11
CUST2794,Maria,Castaneda,nunezrodney@hotmail.com,Jonesville,Minnesota,India,2024-07-15
CUST2795,Michael,Vazquez,martinezjohn@brown.com,Millsview,Utah,India,2025-09-05
CUST2796,Kaitlyn,Lyons,mhardin@hotmail.com,Marvinside,Montana,India,2024-04-24
CUST2797,Ann,Powell,lbrennan@gmail.com,West Jay,Texas,India,2024-03-04
CUST2798,Henry,Hurst,michelle64@yahoo.com,Joshuaview,Idaho,India,2023-11-17
CUST2799,Melissa,Hicks,mcox@cruz.com,Lake Geraldstad,Florida,India,2026-02-26
CUST2800,James,Gomez,fhernandez@yahoo.com,New Michael,Utah,India,2026-01-03
CUST2801,Kimberly,Mata,jonathan88@roman.net,Masonfort,New Jersey,India,2023-04-02
CUST2802,Anna,Wilson,thomashayes@yahoo.com,Lake Krista,Alaska,India,2025-02-27
CUST2803,Aaron,Schwartz,cody30@gillespie.info,Port Karenborough,Massachusetts,India,2025-03-02
CUST2804,Jonathan,Jones,jeremiah28@lopez.com,North Erinfort,Delaware,India,2023-12-04
CUST2805,Ruth,Wilson,anthonymeyer@obrien.com,Joanneport,Oregon,India,2024-02-14
CUST2806,Susan,Gonzalez,adamfranco@hotmail.com,Port Jacquelineburgh,Alaska,India,2024-01-02
CUST2807,Roy,Turner,kristin02@conner.com,Richardton,Virginia,India,2023-12-06
CUST2808,Eddie,Jennings,beth57@yahoo.com,North Stevenburgh,Virginia,India,2025-10-01
CUST2809,Stephen,Kim,kaitlin72@gmail.com,West Peterview,Idaho,India,2025-10-29
CUST2810,Blake,Myers,anna28@gmail.com,Hamiltonfurt,Louisiana,India,2024-03-07
CUST2811,David,Hart,alvin67@yahoo.com,Kyleview,Arkansas,India,2023-09-24
CUST2812,Tyler,Lewis,smithdanielle@hotmail.com,Amyside,Indiana,India,2024-11-03
CUST2813,Kelly,Donaldson,eric11@yahoo.com,Lake Chelseaside,Maryland,India,2023-10-10
CUST2814,Robert,Perez,anthony24@fernandez.com,Josephland,North Dakota,India,2023-09-15
CUST2815,Melissa,Yang,hendrickskimberly@yahoo.com,Lake Michael,New Jersey,India,2024-07-14
CUST2816,Vincent,Gray,valerie99@skinner.com,New Andrea,South Carolina,India,2025-01-27
CUST2817,Michael,Howard,myersamy@smith.info,South Jonathan,North Carolina,India,2025-11-10
CUST2818,Michael,Burke,kevinlowe@thompson.com,North Ann,Nevada,India,2024-05-12
CUST2819,Rachael,Dickerson,russell76@hotmail.com,North Darrylfurt,Montana,India,2023-08-14
CUST2820,Travis,Hill,carrieclark@murphy.com,Lake Jamieland,Nevada,India,2024-02-09
CUST2821,Christine,Christensen,cassandrasims@vaughn.com,Kingberg,Kentucky,India,2023-04-01
CUST2822,Makayla,Martin,hartamanda@crane.com,Juliaburgh,Indiana,India,2023-07-04
CUST2823,Kathryn,Brown,amy24@gmail.com,Lake Robert,Alaska,India,2023-05-22
CUST2824,Angie,Burgess,louisross@hotmail.com,Lake Laurenhaven,Nebraska,India,2024-04-12
CUST2825,James,Villegas,tiffany73@welch.info,Coleshire,Louisiana,India,2025-03-09
CUST2826,Paul,Willis,christopherwatson@hotmail.com,Schmidtberg,Utah,India,2024-09-22
CUST2827,Felicia,Mathis,alejandraduran@carr.com,Navarroberg,South Dakota,India,2024-05-04
CUST2828,Amber,Dunn,ericacarson@acosta-arellano.com,Lake Kathleentown,New Mexico,India,2023-07-21
CUST2829,Susan,Jordan,nkrueger@davidson.com,Lake Allisonstad,New Hampshire,India,2024-12-16
CUST2830,Michelle,Rivas,stephaniereid@yahoo.com,Elliottstad,Utah,India,2024-10-11
CUST2831,Lisa,Guzman,kjames@payne.com,Courtneyton,Mississippi,India,2024-06-14
CUST2832,Kimberly,Smith,michele25@hotmail.com,Priceberg,Hawaii,India,2024-12-15
CUST2833,Tony,Odom,guerreromichelle@howard.net,North Taylorville,Nebraska,India,2024-10-10
CUST2834,Thomas,Sullivan,robert21@yahoo.com,Lynchfort,Massachusetts,India,2025-03-16
CUST2835,Trevor,Schneider,camposrobert@brown.info,Barbaraton,Louisiana,India,2025-11-07
CUST2836,Dennis,Lopez,erin21@velazquez.com,Thompsonland,Indiana,India,2025-02-03
CUST2837,Christine,Moran,fgoodwin@gmail.com,West Tracy,Utah,India,2023-07-26
CUST2838,Christopher,Nelson,wendy05@ramirez.net,Myersfort,Florida,India,2025-04-23
CUST2839,Kathy,Fletcher,swansonveronica@robinson.biz,West Barbara,Kansas,India,2025-09-11
CUST2840,James,Moreno,xhall@hotmail.com,Meganport,Missouri,India,2025-08-01
CUST2841,Margaret,Ross,millsemily@campbell.com,Jeffreymouth,Alaska,India,2026-02-14
CUST2842,Jesus,Schultz,bbryant@yahoo.com,New John,North Carolina,India,2025-03-30
CUST2843,James,Hebert,zrobinson@yahoo.com,East Davidmouth,Georgia,India,2025-04-12
CUST2844,Andrea,Wilson,perryisaiah@mosley.biz,Shepardton,Utah,India,2023-09-20
CUST2845,Kelly,Shannon,conradkimberly@hotmail.com,Port Eric,Connecticut,India,2023-04-04
CUST2846,Lindsay,Goodman,taylor25@yahoo.com,Amandamouth,Montana,India,2024-12-08
CUST2847,Allen,Velez,amandasimmons@hotmail.com,North Brittany,Louisiana,India,2025-12-08
CUST2848,Andrew,Wise,marcreed@rodriguez-west.com,East Joycetown,North Carolina,India,2023-04-21
CUST2849,Brandon,Keith,jacqueline39@hotmail.com,Port Troy,Massachusetts,India,2026-01-09
CUST2850,Richard,Gardner,gilbertcarol@rose.com,South Laceyberg,New Hampshire,India,2025-05-30
CUST2851,Alex,Odom,nathan25@davis.biz,Gabriellastad,Wyoming,India,2023-10-19
CUST2852,Ronald,Brown,robinsonelijah@yahoo.com,Lake Aprilborough,Minnesota,India,2023-09-11
CUST2853,Jonathan,Marks,sloanerin@williams.com,Holderland,Idaho,India,2023-12-01
CUST2854,Benjamin,Kim,shannonparrish@daugherty.com,Lake Marthafurt,New York,India,2023-11-27
CUST2855,Toni,Wyatt,jenniferwilliams@hernandez.biz,Mirandaberg,Alaska,India,2024-10-12
CUST2856,Anthony,Lowe,sarahmcknight@martin.info,Bookertown,Rhode Island,India,2023-07-03
CUST2857,Mary,Harris,lunajoyce@buckley.com,South Amy,Oklahoma,India,2024-11-02
CUST2858,Matthew,Vasquez,lmassey@yahoo.com,South Erikatown,Vermont,India,2024-12-20
CUST2859,Timothy,Wilson,romeromarc@hotmail.com,East Tara,Utah,India,2024-09-13
CUST2860,Joseph,Dillon,melanie76@gmail.com,Edwardschester,Vermont,India,2024-05-01
CUST2861,Brian,Hicks,xsexton@moran.com,North Molly,Alabama,India,2025-12-17
CUST2862,Christian,Mccullough,nguyenjason@hotmail.com,North Alberthaven,West Virginia,India,2024-02-24
CUST2863,Patrick,Walker,ooneill@yahoo.com,New Jennifer,Mississippi,India,2024-08-24
CUST2864,Angela,Hanson,gutierrezkatie@yahoo.com,Sellersborough,North Dakota,India,2023-08-18
CUST2865,Troy,Smith,ochoakristopher@gmail.com,Danielburgh,South Dakota,India,2024-02-19
CUST2866,Daniel,Rivera,zwolf@bush.org,Johnsontown,South Carolina,India,2024-05-17
CUST2867,Thomas,Lane,melissa54@rodriguez-williams.info,New Mary,Utah,India,2024-08-09
CUST2868,Michael,West,maryrogers@black.com,Raymondbury,Hawaii,India,2024-10-23
CUST2869,Patricia,Mann,pwhite@hotmail.com,Jeffreymouth,New York,India,2024-09-05
CUST2870,Patricia,White,bholmes@griffin.com,Ericabury,Indiana,India,2025-02-24
CUST2871,Tyler,Jones,wallsthomas@hotmail.com,West Susanport,New York,India,2025-02-07
CUST2872,Sharon,Vincent,ssingleton@vaughn-watson.com,New Huntershire,Virginia,India,2023-10-01
CUST2873,Yolanda,Hernandez,michaelsanders@gmail.com,Suttontown,Indiana,India,2023-08-01
CUST2874,Hannah,Summers,kyoung@elliott.com,Lambertfort,Arkansas,India,2025-07-03
CUST2875,John,Shelton,morganbaker@price.com,Bennetttown,Maryland,India,2024-02-04
CUST2876,Jacob,Lewis,qjackson@yahoo.com,Allenton,Vermont,India,2025-05-23
CUST2877,Yvette,Wood,tdiaz@holder-rodriguez.com,Juliebury,Kentucky,India,2023-05-31
CUST2878,Scott,Glenn,craigcooper@young.info,Lake Dakotastad,Maryland,India,2023-06-09
CUST2879,Ann,Smith,hansenmichael@barrera.com,South Michelle,Kansas,India,2025-12-24
CUST2880,Tyler,Mahoney,nathan64@wilson-day.info,East Andrew,Kentucky,India,2024-12-17
CUST2881,Rebecca,Brown,bwilliams@yahoo.com,New Melissabury,Maryland,India,2023-05-19
CUST2882,Jesse,Hill,daniel09@weaver.com,East Stephen,Kentucky,India,2024-04-12
CUST2883,Kimberly,Jackson,tracyanderson@gmail.com,Campbellport,Missouri,India,2025-09-09
CUST2884,David,Sherman,jonesheather@allen-velez.com,Christopherborough,South Carolina,India,2023-03-30
CUST2885,Jose,Meadows,jesse15@yahoo.com,Hernandezland,Michigan,India,2024-02-09
CUST2886,Ashley,Silva,ricardo29@gmail.com,North Christopher,Nevada,India,2025-04-21
CUST2887,Joseph,Vargas,zachary63@yahoo.com,Lake Sandraton,Kentucky,India,2025-06-17
CUST2888,Jason,Hendricks,lawrence65@vaughan.com,Lake Kylemouth,Indiana,India,2025-03-05
CUST2889,Jerry,Jefferson,pholmes@sims.com,West Brandon,New Jersey,India,2024-05-30
CUST2890,Jonathan,Riley,ericksonjames@mills.net,Kyleside,New Jersey,India,2025-02-03
CUST2891,Laurie,Smith,eugene50@yahoo.com,East Stacyberg,Alaska,India,2025-12-16
CUST2892,Sandra,Davis,chenlauren@gmail.com,North Sarah,Tennessee,India,2025-12-28
CUST2893,William,Jackson,benjaminphillips@hotmail.com,Mendozaville,Illinois,India,2023-08-14
CUST2894,Natalie,Richard,tbowman@gmail.com,Gonzalezland,Missouri,India,2024-11-12
CUST2895,James,Henry,duranwilliam@yahoo.com,Ochoafurt,North Carolina,India,2024-09-12
CUST2896,Amy,Wright,smiller@yahoo.com,North Mark,Nevada,India,2023-10-22
CUST2897,Joy,Patel,zharris@gmail.com,Valenzuelaton,Texas,India,2026-01-18
CUST2898,Ryan,Flowers,barbaracole@frank-gray.com,West Tami,Kentucky,India,2025-01-30
CUST2899,Jack,Moore,christopher30@nichols.com,Schroederburgh,Vermont,India,2026-02-06
CUST2900,Brandon,Collier,ashley43@gmail.com,Priscillaville,Missouri,India,2024-08-05
CUST2901,Stacy,Morrison,brittanycherry@gmail.com,South Deniseton,Mississippi,India,2024-02-12
CUST2902,Derek,Wilson,thomas22@lewis.com,West Colleen,Mississippi,India,2024-07-09
CUST2903,Timothy,Rowe,iblackwell@jackson-li.com,North Kevin,Maryland,India,2023-12-09
CUST2904,Ana,Martinez,gomezphillip@phillips.com,Port Nichole,Kansas,India,2023-07-13
CUST2905,Nicholas,Green,shannonashley@hotmail.com,Stephenburgh,New Jersey,India,2024-10-15
CUST2906,Heather,Gamble,garciamichael@gmail.com,South Daniellechester,Nevada,India,2025-02-02
CUST2907,Ryan,Lara,maddoxjennifer@hotmail.com,West Kathleen,Rhode Island,India,2025-07-06
CUST2908,Christine,Watson,mathisveronica@gibson.com,East Chadside,Arizona,India,2025-10-22
CUST2909,Devin,Green,williamvalenzuela@hotmail.com,Kimberlyberg,Alabama,India,2024-10-19
CUST2910,Michael,Hernandez,jonesrobert@hotmail.com,South Trevorport,Michigan,India,2024-03-29
CUST2911,Lori,Lee,sonya10@campbell.com,Port Mariemouth,Michigan,India,2023-03-20
CUST2912,Manuel,Jackson,wcannon@mcdonald.com,Paigefort,Arkansas,India,2024-12-30
CUST2913,John,Smith,zrobinson@yahoo.com,Hamiltonshire,Florida,India,2024-11-10
CUST2914,Melissa,Wallace,bowmanthomas@hotmail.com,Vaughnland,Missouri,India,2023-10-02
CUST2915,Dana,Hernandez,valenciasarah@hotmail.com,North Christopherport,Florida,India,2026-02-01
CUST2916,Stacy,Kirby,pmurray@gmail.com,Lake Heidi,Idaho,India,2026-01-16
CUST2917,Brittney,Morris,teresavalentine@castaneda-stout.com,North Nancy,Connecticut,India,2024-12-31
CUST2918,Laura,Frazier,evansolivia@warren-wheeler.com,East Christopherfurt,Hawaii,India,2024-03-09
CUST2919,Eric,Daniels,sergio76@hotmail.com,East Jenniferburgh,West Virginia,India,2025-07-31
CUST2920,Adam,Fletcher,opena@mcmahon-pacheco.net,North Jerry,South Dakota,India,2025-02-10
CUST2921,Timothy,Bryant,mirandaowens@williams.com,South Angelastad,Texas,India,2023-03-01
CUST2922,Ashley,Mann,kristawelch@yahoo.com,Dannytown,Delaware,India,2024-06-27
CUST2923,Justin,Willis,itaylor@hotmail.com,Jimenezmouth,New York,India,2025-03-07
CUST2924,Jeremy,Bradley,kmoore@williams-hunt.info,Stephenland,South Dakota,India,2023-11-01
CUST2925,Ashley,Merritt,brentmorgan@hurley-le.com,Port Johnchester,West Virginia,India,2025-08-16
CUST2926,Shane,Logan,rrobinson@yahoo.com,Ashleyland,Alabama,India,2023-07-10
CUST2927,Jennifer,Rowe,hunter92@hotmail.com,Millsland,Alaska,India,2025-04-09
CUST2928,Ashley,Johnson,losborne@richardson.com,West Cindychester,Maryland,India,2023-05-30
CUST2929,Daniel,Stokes,mcgeebrittney@wilson.com,Pittmanstad,Massachusetts,India,2023-06-17
CUST2930,Courtney,Fowler,rjohnson@yahoo.com,Cynthiamouth,Arkansas,India,2023-07-18
CUST2931,Steven,Davidson,kelly95@andrews.org,South Dawn,Arkansas,India,2023-05-16
CUST2932,Nicholas,Gonzalez,julie82@gmail.com,New Jennamouth,Illinois,India,2025-06-16
CUST2933,Michael,Erickson,faulknerjames@gmail.com,East Jenniferborough,Hawaii,India,2025-12-30
CUST2934,Lisa,Contreras,vcarlson@yahoo.com,Anitafort,Idaho,India,2023-10-04
CUST2935,Brandon,Green,timothyjones@yahoo.com,West Michelle,Kansas,India,2024-06-08
CUST2936,Jessica,Miller,robbinsmelissa@yahoo.com,Port Jamestown,Rhode Island,India,2023-07-05
CUST2937,Kathryn,Buck,diana58@hoffman-rhodes.com,Markville,North Carolina,India,2024-09-28
CUST2938,Andrea,Smith,sandrasmith@joyce.com,Lake Pamelaburgh,Nevada,India,2024-09-25
CUST2939,Timothy,Carter,hallcharles@hotmail.com,Lake Amy,Indiana,India,2024-12-03
CUST2940,Timothy,Wang,phyllisleon@porter.org,South Alicia,Oregon,India,2023-05-16
CUST2941,Melissa,Ballard,amandajones@hotmail.com,New Hollytown,Alaska,India,2024-03-26
CUST2942,Timothy,Nelson,debbiechandler@smith-peters.biz,East Justinhaven,Nebraska,India,2025-10-04
CUST2943,Theresa,Butler,bethtyler@wong-navarro.com,South Meganstad,Connecticut,India,2024-04-29
CUST2944,Zachary,Kim,dcook@gmail.com,Jessicashire,North Carolina,India,2023-06-19
CUST2945,Christopher,Rodriguez,wwilliams@hall-pennington.com,Josemouth,Missouri,India,2024-01-19
CUST2946,James,Sullivan,fwilliams@fuller.com,East Brandonhaven,South Carolina,India,2025-03-03
CUST2947,Christopher,Lopez,harrisrachel@wright.org,East Patrick,Ohio,India,2024-03-09
CUST2948,Christopher,Parker,molsen@jenkins.com,North Frank,Hawaii,India,2024-09-07
CUST2949,Regina,Miller,yadams@hotmail.com,Tiffanybury,Arizona,India,2023-06-04
CUST2950,Tyler,Morgan,dawn80@foster.com,Leonardville,West Virginia,India,2024-06-22
CUST2951,Tracy,Russell,kellybrown@gmail.com,New Brandi,Louisiana,India,2023-07-19
CUST2952,Julie,Kim,michael62@hotmail.com,West Tara,Massachusetts,India,2025-12-21
CUST2953,Jose,Nguyen,jacobsims@yahoo.com,Lake Kristine,Minnesota,India,2025-08-16
CUST2954,Melinda,Mcmahon,pmaddox@yahoo.com,Port George,Iowa,India,2024-12-10
CUST2955,Andrew,Taylor,shenry@gmail.com,Tracyview,Utah,India,2024-07-02
CUST2956,Julie,Spencer,kelly35@martinez.com,North Brandonview,Nevada,India,2024-02-01
CUST2957,Adam,Walker,brianmeza@yahoo.com,Michaelton,Wisconsin,India,2024-12-25
CUST2958,Hannah,Brown,myersrebecca@young.com,Brandonview,North Dakota,India,2025-09-13
CUST2959,Brooke,Rivera,nathankerr@yahoo.com,Lake Sandrastad,Arizona,India,2024-04-28
CUST2960,Bill,Williams,hamiltonmatthew@hotmail.com,New Matthew,Wisconsin,India,2026-01-15
CUST2961,Ashley,Lee,xreynolds@walker.com,West Christina,North Carolina,India,2024-09-01
CUST2962,Elizabeth,Wilson,april59@gmail.com,Abigailtown,Delaware,India,2025-12-26
CUST2963,Brian,Johnson,fisherdavid@yahoo.com,Charlesville,Florida,India,2024-03-24
CUST2964,Eric,West,shawn76@yahoo.com,Tiffanyland,Washington,India,2024-08-01
CUST2965,Peter,Brandt,dawnalexander@gmail.com,North Rachel,Delaware,India,2024-03-09
CUST2966,Jessica,Franklin,thompsonrandy@thornton-harris.com,South Danielle,North Dakota,India,2023-07-25
CUST2967,Jose,Brown,christopherfleming@gmail.com,East Kristinamouth,Arkansas,India,2024-04-30
CUST2968,Alexis,Mccann,elizabethlewis@salinas.com,South Markmouth,Florida,India,2023-04-21
CUST2969,Anthony,Gonzales,derrick22@schneider.net,Lauraville,Wyoming,India,2025-08-31
CUST2970,David,Sherman,smithjoshua@gmail.com,Angelafurt,Oregon,India,2025-07-20
CUST2971,Peter,Harris,danielgonzalez@ibarra.net,Hallport,Missouri,India,2024-11-14
CUST2972,Cynthia,Thomas,cochransarah@yahoo.com,Derekville,Utah,India,2024-10-16
CUST2973,Jennifer,Bailey,hcruz@yahoo.com,North Kathy,New Mexico,India,2023-03-31
CUST2974,Marissa,Duke,pbartlett@hotmail.com,South Lisachester,Arizona,India,2023-04-26
CUST2975,Margaret,Henry,xmorris@myers.biz,New Anthonyside,New Hampshire,India,2023-08-18
CUST2976,John,Huber,juliaryan@gmail.com,Adamschester,Montana,India,2024-08-24
CUST2977,Andrew,Hall,imcdonald@yahoo.com,South Jenniferbury,South Dakota,India,2025-04-21
CUST2978,Andre,Adams,rowerebecca@yahoo.com,West Mark,Wyoming,India,2023-11-02
CUST2979,Keith,Conley,mosleyjoseph@hotmail.com,New Brenda,Maine,India,2023-06-22
CUST2980,Theresa,Pratt,uperry@hotmail.com,Tammyhaven,North Dakota,India,2024-06-05
CUST2981,Anne,Rodriguez,david42@yahoo.com,South Brianmouth,Maryland,India,2023-08-18
CUST2982,Misty,Gonzalez,hschwartz@gmail.com,Maciaston,Alabama,India,2023-04-26
CUST2983,Sharon,Lopez,aaron88@hudson.com,Lake Ryan,Arkansas,India,2025-03-06
CUST2984,Anna,Walsh,erica02@herring.net,North Sandra,North Carolina,India,2025-08-31
CUST2985,Jesse,Thomas,yjohnson@arnold.com,East Kyleland,South Carolina,India,2026-02-06
CUST2986,Samantha,Gray,tgriffin@gmail.com,South Greg,New Jersey,India,2025-12-28
CUST2987,Jonathan,Mckinney,laraann@hotmail.com,Robertburgh,Alabama,India,2024-08-22
CUST2988,Jamie,Hoffman,justin09@gmail.com,New Jacqueline,South Carolina,India,2026-01-06
CUST2989,Noah,Smith,larrysilva@hotmail.com,North Brandon,Florida,India,2023-09-12
CUST2990,Nancy,Joyce,rclark@hotmail.com,Hartfort,Minnesota,India,2025-12-23
CUST2991,Kelly,Acevedo,mistycook@moore.com,Theresaview,Iowa,India,2024-01-27
CUST2992,Sean,Beck,probbins@evans-harris.biz,Lake Jillchester,Pennsylvania,India,2025-12-13
CUST2993,Jason,Thomas,charleswilson@evans-lopez.com,West Franciscochester,Rhode Island,India,2025-08-27
CUST2994,Erin,Cooke,christopherbrown@hotmail.com,South Lindsey,Michigan,India,2024-05-05
CUST2995,Jose,Gilbert,avilamary@yahoo.com,Jennifertown,Missouri,India,2024-02-12
CUST2996,Samantha,Parker,vmcclure@hotmail.com,West Jessica,Nebraska,India,2024-08-25
CUST2997,Albert,Dalton,vclark@hotmail.com,New Johnstad,Nebraska,India,2024-01-14
CUST2998,Donald,Berger,qtucker@patterson.com,West Jessica,New Hampshire,India,2023-09-15
CUST2999,Amanda,Jones,wilkinsfrederick@davis.org,Port David,Montana,India,2024-10-07
