order_id,customer_id,order_date,order_status,payment_method,shipping_cost
ORD10000,CUST1501,2025-10-22,Delivered,UPI,328.25
ORD10001,CUST1958,2024-09-10,Cancelled,UPI,108.31
ORD10002,CUST2168,2025-04-11,Shipped,Net Banking,50.94
ORD10003,CUST2224,2026-01-23,Delivered,Net Banking,469.19
ORD10004,CUST1928,2025-04-18,Cancelled,Net Banking,299.7
ORD10005,CUST2747,2024-12-23,Returned,Debit Card,467.12
ORD10006,CUST1460,2025-10-19,Returned,Credit Card,200.22
ORD10007,CUST1731,2025-05-16,Delivered,UPI,197.5
ORD10008,CUST1751,2024-10-24,Shipped,Credit Card,230.29
ORD10009,CUST1924,2024-07-16,Delivered,Credit Card,367.72
ORD10010,CUST1908,2025-09-18,Delivered,Credit Card,304.61
ORD10011,CUST2581,2025-10-12,Delivered,Net Banking,466.41
ORD10012,CUST2570,2026-01-26,Delivered,Net Banking,61.45
ORD10013,CUST2276,2024-04-03,Delivered,UPI,368.69
ORD10014,CUST1389,2024-02-27,Delivered,UPI,198.65
ORD10015,CUST2617,2026-02-02,Delivered,UPI,131.11
ORD10016,CUST1882,2025-02-14,Returned,Credit Card,279.68
ORD10017,CUST1255,2025-10-25,Returned,Net Banking,277.28
ORD10018,CUST1708,2025-01-20,Delivered,Debit Card,111.65
ORD10019,CUST2838,2024-06-30,Returned,Credit Card,140.85
ORD10020,CUST2944,2025-07-28,Returned,Cash on Delivery,233.67
ORD10021,CUST1449,2024-04-13,Cancelled,Credit Card,233.97
ORD10022,CUST1009,2024-10-09,Delivered,Net Banking,192.9
ORD10023,CUST1823,2024-03-02,Delivered,Cash on Delivery,116.85
ORD10024,CUST1797,2024-07-30,Shipped,Credit Card,51.97
ORD10025,CUST2265,2025-11-30,Delivered,Net Banking,486.61
ORD10026,CUST2274,2025-01-26,Delivered,Net Banking,474.57
ORD10027,CUST1876,2024-04-30,Delivered,Debit Card,267.64
ORD10028,CUST2028,2024-09-27,Delivered,Credit Card,497.77
ORD10029,CUST2142,2024-10-09,Delivered,Net Banking,353.14
ORD10030,CUST2015,2025-05-11,Delivered,UPI,80.99
ORD10031,CUST2824,2024-07-17,Delivered,Net Banking,102.97
ORD10032,CUST1373,2025-08-07,Returned,Debit Card,462.25
ORD10033,CUST2088,2024-05-06,Returned,Net Banking,333.52
ORD10034,CUST1145,2024-09-23,Delivered,Credit Card,429.43
ORD10035,CUST1223,2026-01-25,Shipped,Credit Card,454.22
ORD10036,CUST2262,2024-07-15,Delivered,Cash on Delivery,251.57
ORD10037,CUST1176,2024-12-03,Delivered,Credit Card,71.84
ORD10038,CUST2802,2024-03-02,Cancelled,Cash on Delivery,134.73
ORD10039,CUST1852,2025-05-12,Returned,UPI,79.96
ORD10040,CUST2305,2024-07-08,Shipped,Debit Card,134.93
ORD10041,CUST1062,2025-02-21,Delivered,UPI,234.74
ORD10042,CUST2240,2024-09-18,Returned,Cash on Delivery,103.19
ORD10043,CUST2877,2024-10-21,Delivered,Net Banking,125.03
ORD10044,CUST1826,2025-12-03,Cancelled,Net Banking,250.62
ORD10045,CUST1794,2025-03-12,Cancelled,UPI,203.08
ORD10046,CUST1688,2025-04-04,Delivered,Net Banking,260.45
ORD10047,CUST2484,2025-10-13,Delivered,Cash on Delivery,243.13
ORD10048,CUST2952,2024-05-27,Returned,Debit Card,340.02
ORD10049,CUST2633,2026-02-06,Delivered,Credit Card,471.74
ORD10050,CUST1104,2025-09-29,Delivered,Cash on Delivery,98.54
ORD10051,CUST2122,2024-03-01,Cancelled,Cash on Delivery,94.67
ORD10052,CUST1510,2024-08-09,Delivered,Credit Card,433.76
ORD10053,CUST1384,2025-07-29,Returned,Credit Card,277.88
ORD10054,CUST1404,2025-10-11,Delivered,Debit Card,394.88
ORD10055,CUST1822,2025-11-15,Delivered,Debit Card,146.94
ORD10056,CUST1517,2025-07-21,Returned,Debit Card,422.99
ORD10057,CUST1475,2024-04-20,Delivered,Net Banking,465.73
ORD10058,CUST1708,2026-01-16,Delivered,Cash on Delivery,335.97
ORD10059,CUST2886,2024-03-26,Cancelled,Credit Card,97.65
ORD10060,CUST2668,2025-09-23,Delivered,Cash on Delivery,452.88
ORD10061,CUST2893,2024-03-01,Delivered,Cash on Delivery,406.62
ORD10062,CUST1770,2025-08-11,Delivered,Debit Card,387.89
ORD10063,CUST2460,2024-04-06,Returned,Debit Card,66.53
ORD10064,CUST2046,2024-04-07,Returned,Cash on Delivery,409.53
ORD10065,CUST1996,2026-02-07,Cancelled,Debit Card,112.08
ORD10066,CUST2588,2025-01-05,Delivered,Net Banking,150.07
ORD10067,CUST1676,2025-09-09,Returned,Credit Card,309.71
ORD10068,CUST1713,2024-10-03,Delivered,Cash on Delivery,169.24
ORD10069,CUST2481,2025-01-26,Delivered,Credit Card,347.61
ORD10070,CUST1082,2025-05-09,Delivered,Net Banking,323.63
ORD10071,CUST2168,2024-03-27,Returned,Debit Card,98.67
ORD10072,CUST2108,2025-01-09,Cancelled,UPI,345.21
ORD10073,CUST2101,2024-12-09,Delivered,Net Banking,465.78
ORD10074,CUST1456,2026-02-23,Delivered,UPI,122.5
ORD10075,CUST2901,2025-05-01,Returned,Credit Card,318.68
ORD10076,CUST1000,2026-02-19,Delivered,Cash on Delivery,203.84
ORD10077,CUST1050,2025-06-12,Shipped,Debit Card,256.83
ORD10078,CUST1684,2025-07-04,Delivered,Net Banking,179.15
ORD10079,CUST1716,2025-04-10,Delivered,Debit Card,209.36
ORD10080,CUST2795,2024-02-29,Delivered,UPI,63.01
ORD10081,CUST2469,2025-05-31,Delivered,UPI,491.7
ORD10082,CUST1448,2025-03-23,Shipped,Cash on Delivery,331.16
ORD10083,CUST1880,2024-10-02,Delivered,UPI,275.32
ORD10084,CUST1487,2024-07-27,Cancelled,Cash on Delivery,222.67
ORD10085,CUST2823,2026-02-17,Delivered,Net Banking,292.72
ORD10086,CUST1033,2026-01-18,Delivered,Cash on Delivery,221.05
ORD10087,CUST2371,2024-10-25,Delivered,UPI,211.96
ORD10088,CUST1094,2025-11-21,Delivered,Credit Card,258.78
ORD10089,CUST2095,2024-06-12,Shipped,Cash on Delivery,174.19
ORD10090,CUST2574,2025-05-08,Delivered,Debit Card,131.02
ORD10091,CUST1153,2025-05-30,Delivered,Credit Card,300.47
ORD10092,CUST1249,2024-11-20,Delivered,Cash on Delivery,429.24
ORD10093,CUST1673,2024-03-25,Delivered,Debit Card,118.77
ORD10094,CUST1437,2025-08-12,Delivered,Credit Card,64.73
ORD10095,CUST1117,2024-06-01,Returned,Cash on Delivery,161.07
ORD10096,CUST1770,2024-03-10,Delivered,Net Banking,490.87
ORD10097,CUST2914,2024-04-08,Delivered,Debit Card,422.94
ORD10098,CUST2329,2024-07-10,Delivered,Net Banking,318.14
ORD10099,CUST1267,2024-11-27,Shipped,UPI,468.16
ORD10100,CUST2984,2025-02-14,Delivered,Cash on Delivery,250.38
ORD10101,CUST2077,2025-05-11,Delivered,Cash on Delivery,492.48
ORD10102,CUST1235,2025-05-06,Delivered,Debit Card,183.34
ORD10103,CUST1388,2024-08-07,Delivered,Cash on Delivery,158.14
ORD10104,CUST1989,2025-09-23,Delivered,UPI,337.12
ORD10105,CUST2757,2025-07-18,Delivered,Cash on Delivery,220.17
ORD10106,CUST1762,2024-12-04,Cancelled,Credit Card,331.86
ORD10107,CUST2848,2026-02-03,Delivered,Net Banking,187.25
ORD10108,CUST1400,2025-11-07,Returned,UPI,328.06
ORD10109,CUST1623,2025-09-15,Delivered,UPI,174.09
ORD10110,CUST1766,2025-02-01,Delivered,Net Banking,72.94
ORD10111,CUST2326,2024-08-07,Delivered,Net Banking,460.46
ORD10112,CUST1918,2024-11-27,Delivered,UPI,447.44
ORD10113,CUST2230,2024-08-28,Cancelled,Net Banking,486.86
ORD10114,CUST2252,2024-11-05,Delivered,Debit Card,372.44
ORD10115,CUST1852,2026-02-06,Delivered,Net Banking,357.22
ORD10116,CUST2933,2026-02-12,Delivered,Credit Card,301.55
ORD10117,CUST1577,2024-11-13,Shipped,Credit Card,106.67
ORD10118,CUST1074,2024-05-10,Delivered,Debit Card,135.16
ORD10119,CUST1434,2024-10-03,Shipped,Net Banking,180.26
ORD10120,CUST1102,2025-03-12,Delivered,Credit Card,450.57
ORD10121,CUST2445,2024-04-11,Delivered,Cash on Delivery,127.84
ORD10122,CUST2727,2026-02-24,Delivered,Net Banking,465.29
ORD10123,CUST1763,2025-04-25,Delivered,Debit Card,285.25
ORD10124,CUST1737,2024-08-31,Delivered,Net Banking,372.01
ORD10125,CUST1805,2025-12-31,Delivered,UPI,99.61
ORD10126,CUST2329,2025-01-18,Shipped,UPI,171.07
ORD10127,CUST1097,2026-02-07,Returned,Credit Card,481.33
ORD10128,CUST2873,2025-08-01,Cancelled,UPI,169.77
ORD10129,CUST1797,2024-12-31,Delivered,Debit Card,183.43
ORD10130,CUST2358,2025-11-06,Delivered,Credit Card,138.92
ORD10131,CUST1858,2024-06-26,Delivered,Debit Card,108.08
ORD10132,CUST1434,2024-06-21,Cancelled,Debit Card,154.97
ORD10133,CUST1446,2024-07-08,Shipped,UPI,339.05
ORD10134,CUST2331,2025-12-14,Delivered,UPI,254.92
ORD10135,CUST1248,2025-01-09,Delivered,Debit Card,299.19
ORD10136,CUST1165,2025-06-10,Delivered,UPI,105.06
ORD10137,CUST2504,2024-10-18,Delivered,UPI,410.95
ORD10138,CUST1983,2024-10-20,Delivered,UPI,402.84
ORD10139,CUST2358,2025-03-15,Delivered,Net Banking,59.72
ORD10140,CUST2019,2026-01-02,Cancelled,Debit Card,222.58
ORD10141,CUST1541,2024-09-09,Delivered,Cash on Delivery,80.95
ORD10142,CUST1758,2026-02-26,Delivered,Debit Card,406.45
ORD10143,CUST2129,2025-09-11,Shipped,Credit Card,381.77
ORD10144,CUST2586,2024-06-11,Delivered,UPI,455.89
ORD10145,CUST1080,2024-06-26,Delivered,UPI,156.38
ORD10146,CUST1132,2025-11-25,Delivered,Cash on Delivery,255.33
ORD10147,CUST1796,2025-06-30,Delivered,Credit Card,133.02
ORD10148,CUST1899,2026-01-03,Delivered,Net Banking,217.06
ORD10149,CUST1137,2024-04-11,Returned,Debit Card,285.01
ORD10150,CUST1183,2024-12-09,Delivered,Net Banking,74.0
ORD10151,CUST2424,2025-04-14,Delivered,Credit Card,371.69
ORD10152,CUST2353,2025-08-27,Delivered,Cash on Delivery,294.48
ORD10153,CUST1784,2025-04-12,Delivered,Credit Card,423.03
ORD10154,CUST2531,2024-06-16,Returned,Cash on Delivery,172.3
ORD10155,CUST2875,2025-10-24,Returned,Net Banking,456.49
ORD10156,CUST1983,2026-02-15,Delivered,Net Banking,499.41
ORD10157,CUST1068,2025-10-21,Cancelled,Credit Card,463.68
ORD10158,CUST1545,2025-01-18,Delivered,Credit Card,400.05
ORD10159,CUST2797,2025-03-25,Shipped,UPI,415.57
ORD10160,CUST1052,2024-04-25,Delivered,Cash on Delivery,308.18
ORD10161,CUST2473,2024-12-11,Shipped,UPI,135.57
ORD10162,CUST1204,2025-06-20,Cancelled,Debit Card,354.67
ORD10163,CUST1125,2024-06-23,Delivered,Debit Card,370.74
ORD10164,CUST2770,2025-12-13,Delivered,Credit Card,493.42
ORD10165,CUST1042,2025-03-28,Shipped,Net Banking,293.59
ORD10166,CUST2775,2025-07-14,Returned,Debit Card,172.12
ORD10167,CUST2994,2025-09-16,Delivered,Debit Card,357.65
ORD10168,CUST2906,2024-10-30,Cancelled,UPI,490.72
ORD10169,CUST1110,2024-04-20,Delivered,UPI,129.75
ORD10170,CUST1760,2026-01-08,Delivered,Debit Card,196.7
ORD10171,CUST2686,2024-10-11,Delivered,Credit Card,293.85
ORD10172,CUST2206,2024-10-20,Delivered,UPI,126.6
ORD10173,CUST1847,2025-11-15,Returned,Debit Card,60.0
ORD10174,CUST1094,2024-12-24,Delivered,Net Banking,201.64
ORD10175,CUST2994,2025-01-02,Returned,UPI,439.42
ORD10176,CUST2397,2024-04-25,Delivered,Debit Card,69.56
ORD10177,CUST2935,2025-01-19,Delivered,Cash on Delivery,243.02
ORD10178,CUST2543,2024-07-28,Delivered,UPI,392.99
ORD10179,CUST1899,2024-05-23,Delivered,Cash on Delivery,478.93
ORD10180,CUST1359,2024-05-29,Delivered,UPI,493.46
ORD10181,CUST1899,2025-12-30,Delivered,UPI,239.89
ORD10182,CUST2719,2024-07-27,Delivered,Cash on Delivery,477.67
ORD10183,CUST1280,2025-01-08,Delivered,Credit Card,65.94
ORD10184,CUST2218,2025-02-04,Delivered,Debit Card,385.66
ORD10185,CUST2887,2024-09-26,Delivered,Credit Card,339.24
ORD10186,CUST2218,2025-05-30,Returned,Credit Card,162.28
ORD10187,CUST1666,2024-05-12,Shipped,Debit Card,278.29
ORD10188,CUST1092,2025-03-25,Delivered,Net Banking,108.3
ORD10189,CUST1671,2025-06-06,Delivered,Credit Card,442.22
ORD10190,CUST2969,2025-04-11,Delivered,Credit Card,211.05
ORD10191,CUST1060,2024-11-28,Shipped,Credit Card,331.72
ORD10192,CUST1633,2025-08-05,Delivered,Net Banking,121.45
ORD10193,CUST2074,2025-11-16,Delivered,UPI,142.77
ORD10194,CUST2426,2025-06-10,Delivered,Cash on Delivery,496.38
ORD10195,CUST2812,2025-05-24,Delivered,Cash on Delivery,388.89
ORD10196,CUST2028,2024-07-27,Delivered,Net Banking,482.89
ORD10197,CUST2489,2024-06-22,Cancelled,Credit Card,183.13
ORD10198,CUST1603,2024-07-15,Delivered,Cash on Delivery,124.05
ORD10199,CUST1681,2025-03-10,Delivered,Net Banking,276.38
ORD10200,CUST2852,2026-01-07,Delivered,Debit Card,272.6
ORD10201,CUST1533,2024-08-29,Delivered,Cash on Delivery,128.73
ORD10202,CUST2428,2025-02-22,Shipped,Debit Card,379.95
ORD10203,CUST1837,2024-10-24,Delivered,Credit Card,212.8
ORD10204,CUST2536,2025-04-15,Returned,Cash on Delivery,133.86
ORD10205,CUST1644,2025-06-11,Delivered,Net Banking,199.39
ORD10206,CUST1232,2024-08-08,Delivered,UPI,303.65
ORD10207,CUST1523,2024-06-25,Shipped,Cash on Delivery,376.91
ORD10208,CUST1345,2025-04-26,Delivered,Cash on Delivery,266.85
ORD10209,CUST2069,2024-12-02,Returned,Cash on Delivery,286.52
ORD10210,CUST1545,2025-09-09,Delivered,Cash on Delivery,112.53
ORD10211,CUST2968,2024-08-24,Returned,Net Banking,461.61
ORD10212,CUST2101,2024-06-29,Delivered,Net Banking,467.93
ORD10213,CUST2753,2025-07-22,Delivered,UPI,357.54
ORD10214,CUST2836,2025-11-01,Cancelled,Net Banking,57.93
ORD10215,CUST2946,2025-09-19,Shipped,Net Banking,291.68
ORD10216,CUST2096,2025-06-23,Shipped,Credit Card,333.15
ORD10217,CUST1793,2024-12-10,Returned,Credit Card,497.59
ORD10218,CUST1248,2026-01-06,Returned,Debit Card,498.23
ORD10219,CUST1046,2025-08-27,Delivered,UPI,435.93
ORD10220,CUST2144,2026-02-17,Delivered,Credit Card,78.72
ORD10221,CUST1213,2025-04-01,Delivered,UPI,478.97
ORD10222,CUST1238,2024-12-10,Delivered,UPI,325.7
ORD10223,CUST2079,2025-12-18,Delivered,Cash on Delivery,410.4
ORD10224,CUST1349,2024-04-16,Delivered,UPI,233.24
ORD10225,CUST1106,2025-01-03,Delivered,Cash on Delivery,193.85
ORD10226,CUST1830,2025-06-19,Delivered,Debit Card,258.46
ORD10227,CUST1047,2024-02-27,Delivered,Debit Card,116.09
ORD10228,CUST2596,2024-04-11,Delivered,Debit Card,210.68
ORD10229,CUST1336,2025-09-09,Delivered,Cash on Delivery,435.93
ORD10230,CUST2049,2024-04-20,Cancelled,Cash on Delivery,67.08
ORD10231,CUST1803,2025-11-24,Cancelled,Debit Card,117.9
ORD10232,CUST2280,2025-06-04,Delivered,Cash on Delivery,106.3
ORD10233,CUST1007,2024-11-17,Delivered,Net Banking,231.38
ORD10234,CUST1624,2025-04-29,Delivered,Net Banking,498.64
ORD10235,CUST2890,2024-10-02,Delivered,Cash on Delivery,128.01
ORD10236,CUST2276,2024-11-02,Delivered,Cash on Delivery,115.47
ORD10237,CUST2715,2024-06-25,Delivered,Credit Card,461.78
ORD10238,CUST1718,2025-06-06,Delivered,Credit Card,446.92
ORD10239,CUST1302,2024-04-26,Delivered,UPI,64.51
ORD10240,CUST1638,2025-04-23,Shipped,UPI,388.27
ORD10241,CUST1055,2024-09-01,Shipped,UPI,344.96
ORD10242,CUST1725,2025-11-11,Delivered,Debit Card,395.48
ORD10243,CUST1525,2025-07-25,Delivered,Net Banking,272.53
ORD10244,CUST1473,2025-10-21,Delivered,Debit Card,496.12
ORD10245,CUST1027,2024-11-16,Delivered,Cash on Delivery,69.73
ORD10246,CUST1077,2025-11-24,Shipped,Credit Card,155.47
ORD10247,CUST2239,2025-09-22,Delivered,Cash on Delivery,228.45
ORD10248,CUST2409,2025-08-21,Cancelled,Cash on Delivery,252.4
ORD10249,CUST1364,2024-05-30,Delivered,Credit Card,464.62
ORD10250,CUST1665,2025-09-11,Shipped,Cash on Delivery,302.0
ORD10251,CUST1525,2025-01-18,Delivered,UPI,70.3
ORD10252,CUST1698,2024-03-08,Cancelled,Credit Card,233.54
ORD10253,CUST2335,2024-11-21,Delivered,Cash on Delivery,237.42
ORD10254,CUST1882,2024-12-09,Delivered,UPI,484.47
ORD10255,CUST2030,2024-10-08,Delivered,UPI,319.64
ORD10256,CUST2026,2025-08-28,Delivered,Net Banking,336.04
ORD10257,CUST2646,2025-06-19,Shipped,UPI,370.96
ORD10258,CUST1918,2025-08-22,Shipped,Debit Card,396.52
ORD10259,CUST1749,2025-05-05,Returned,Credit Card,335.77
ORD10260,CUST1362,2024-05-29,Delivered,Credit Card,156.74
ORD10261,CUST2774,2024-03-24,Returned,Credit Card,443.32
ORD10262,CUST2531,2024-06-03,Delivered,Cash on Delivery,379.45
ORD10263,CUST2297,2024-05-21,Delivered,Cash on Delivery,383.84
ORD10264,CUST2529,2024-05-13,Delivered,Debit Card,498.45
ORD10265,CUST1805,2024-11-11,Delivered,UPI,411.14
ORD10266,CUST1738,2025-12-26,Delivered,Cash on Delivery,423.12
ORD10267,CUST2906,2025-10-06,Delivered,UPI,478.13
ORD10268,CUST2038,2025-02-12,Delivered,UPI,118.01
ORD10269,CUST2215,2025-03-21,Returned,Cash on Delivery,273.98
ORD10270,CUST2654,2024-12-18,Delivered,Cash on Delivery,311.26
ORD10271,CUST1484,2025-03-04,Delivered,Debit Card,198.17
ORD10272,CUST1027,2026-02-24,Delivered,Net Banking,427.73
ORD10273,CUST1713,2025-06-08,Delivered,Credit Card,393.09
ORD10274,CUST2062,2025-03-15,Delivered,Cash on Delivery,374.4
ORD10275,CUST2976,2024-11-26,Delivered,Cash on Delivery,498.72
ORD10276,CUST2296,2025-02-15,Delivered,UPI,166.72
ORD10277,CUST2254,2025-04-02,Delivered,Net Banking,380.96
ORD10278,CUST1085,2024-10-07,Delivered,Cash on Delivery,298.13
ORD10279,CUST2497,2025-03-27,Returned,Net Banking,190.85
ORD10280,CUST1125,2025-11-30,Delivered,Credit Card,122.26
ORD10281,CUST1811,2024-03-31,Delivered,UPI,453.15
ORD10282,CUST1536,2025-03-19,Returned,Debit Card,317.95
ORD10283,CUST1144,2026-01-15,Delivered,Credit Card,421.22
ORD10284,CUST2548,2024-07-07,Delivered,Net Banking,295.41
ORD10285,CUST2235,2025-04-23,Returned,Net Banking,148.99
ORD10286,CUST1024,2025-08-31,Delivered,Credit Card,201.9
ORD10287,CUST2603,2024-09-12,Delivered,Net Banking,221.69
ORD10288,CUST2417,2025-03-09,Delivered,Debit Card,487.82
ORD10289,CUST1066,2024-11-06,Delivered,Debit Card,52.53
ORD10290,CUST1232,2025-01-28,Delivered,Net Banking,493.55
ORD10291,CUST1108,2025-12-02,Delivered,Net Banking,491.21
ORD10292,CUST2169,2025-10-20,Delivered,Debit Card,498.27
ORD10293,CUST1110,2026-01-26,Delivered,Net Banking,264.46
ORD10294,CUST1227,2025-05-18,Delivered,Cash on Delivery,483.71
ORD10295,CUST1110,2024-05-14,Delivered,UPI,228.02
ORD10296,CUST2493,2024-09-02,Delivered,Cash on Delivery,61.83
ORD10297,CUST1033,2025-09-16,Delivered,Net Banking,150.96
ORD10298,CUST1622,2025-04-29,Delivered,Net Banking,475.38
ORD10299,CUST2799,2025-04-07,Shipped,UPI,56.19
ORD10300,CUST2959,2024-06-14,Delivered,Net Banking,295.7
ORD10301,CUST2392,2024-09-25,Delivered,UPI,84.02
ORD10302,CUST1747,2025-02-22,Delivered,Debit Card,178.88
ORD10303,CUST1594,2025-08-26,Delivered,UPI,89.64
ORD10304,CUST2577,2025-02-10,Shipped,UPI,436.79
ORD10305,CUST1424,2024-07-07,Delivered,Cash on Delivery,315.98
ORD10306,CUST1612,2024-12-16,Shipped,Net Banking,455.95
ORD10307,CUST2541,2025-01-27,Delivered,Debit Card,359.76
ORD10308,CUST1691,2026-01-01,Cancelled,Credit Card,486.96
ORD10309,CUST2305,2024-08-19,Delivered,UPI,279.44
ORD10310,CUST2343,2024-07-31,Returned,Credit Card,337.42
ORD10311,CUST2761,2024-11-11,Delivered,Net Banking,309.34
ORD10312,CUST2466,2024-12-25,Delivered,UPI,267.92
ORD10313,CUST2975,2025-04-23,Delivered,Credit Card,430.68
ORD10314,CUST1314,2026-02-26,Delivered,Cash on Delivery,340.04
ORD10315,CUST1876,2024-11-01,Shipped,Credit Card,410.59
ORD10316,CUST2989,2024-08-10,Delivered,Cash on Delivery,403.86
ORD10317,CUST2764,2024-12-28,Delivered,Debit Card,135.97
ORD10318,CUST2400,2024-08-05,Cancelled,Net Banking,342.57
ORD10319,CUST2312,2024-11-18,Delivered,Credit Card,139.84
ORD10320,CUST2460,2024-10-28,Shipped,UPI,312.49
ORD10321,CUST1661,2024-04-19,Cancelled,Net Banking,354.85
ORD10322,CUST1276,2024-11-15,Delivered,Credit Card,498.76
ORD10323,CUST2733,2024-10-26,Returned,UPI,63.74
ORD10324,CUST2605,2026-02-02,Delivered,UPI,91.06
ORD10325,CUST2526,2025-04-07,Delivered,UPI,84.66
ORD10326,CUST1623,2024-07-31,Delivered,UPI,229.26
ORD10327,CUST1515,2025-08-02,Delivered,Credit Card,419.71
ORD10328,CUST2373,2024-05-07,Cancelled,Debit Card,429.83
ORD10329,CUST1842,2024-05-19,Shipped,Cash on Delivery,381.64
ORD10330,CUST2469,2026-01-23,Delivered,Cash on Delivery,453.6
ORD10331,CUST2853,2024-10-28,Delivered,Cash on Delivery,195.29
ORD10332,CUST1349,2024-05-17,Shipped,Debit Card,89.67
ORD10333,CUST2630,2025-04-20,Delivered,UPI,76.17
ORD10334,CUST2687,2025-12-24,Delivered,UPI,433.46
ORD10335,CUST1822,2025-11-25,Delivered,Net Banking,378.7
ORD10336,CUST2160,2025-11-14,Shipped,Cash on Delivery,364.38
ORD10337,CUST1758,2025-04-06,Delivered,Cash on Delivery,202.85
ORD10338,CUST1898,2025-03-09,Cancelled,UPI,220.96
ORD10339,CUST1242,2024-06-03,Returned,Cash on Delivery,481.15
ORD10340,CUST1542,2024-08-12,Delivered,UPI,78.71
ORD10341,CUST2063,2025-04-29,Delivered,UPI,398.18
ORD10342,CUST1228,2025-03-06,Returned,UPI,189.33
ORD10343,CUST1547,2025-11-09,Delivered,Credit Card,67.57
ORD10344,CUST1919,2024-08-13,Cancelled,Credit Card,384.16
ORD10345,CUST2246,2024-07-17,Shipped,Credit Card,198.91
ORD10346,CUST1005,2025-08-03,Delivered,Credit Card,374.97
ORD10347,CUST2345,2024-11-23,Cancelled,Debit Card,368.44
ORD10348,CUST1467,2024-06-17,Returned,Net Banking,290.65
ORD10349,CUST2755,2026-01-09,Returned,Net Banking,399.82
ORD10350,CUST1074,2025-03-11,Delivered,UPI,311.47
ORD10351,CUST1003,2024-12-16,Delivered,Cash on Delivery,178.99
ORD10352,CUST2870,2025-04-17,Delivered,Credit Card,380.35
ORD10353,CUST1645,2025-01-17,Delivered,Net Banking,315.11
ORD10354,CUST1117,2024-09-08,Delivered,Net Banking,55.73
ORD10355,CUST1880,2025-06-22,Cancelled,Credit Card,455.74
ORD10356,CUST2629,2025-09-01,Delivered,Debit Card,295.54
ORD10357,CUST1503,2024-04-21,Delivered,Debit Card,440.88
ORD10358,CUST1946,2025-05-09,Delivered,Net Banking,447.23
ORD10359,CUST1573,2025-01-08,Cancelled,Debit Card,250.23
ORD10360,CUST2464,2024-08-13,Delivered,Credit Card,278.45
ORD10361,CUST1193,2025-09-12,Delivered,Net Banking,237.09
ORD10362,CUST1846,2025-03-28,Delivered,Credit Card,252.25
ORD10363,CUST1714,2024-08-24,Cancelled,Debit Card,452.82
ORD10364,CUST2415,2024-06-09,Delivered,Credit Card,404.66
ORD10365,CUST2049,2024-08-25,Delivered,Debit Card,106.94
ORD10366,CUST2458,2025-05-03,Shipped,Debit Card,324.64
ORD10367,CUST1172,2025-01-13,Cancelled,Credit Card,498.16
ORD10368,CUST2323,2025-04-30,Shipped,Debit Card,318.0
ORD10369,CUST2668,2025-12-31,Delivered,UPI,403.64
ORD10370,CUST1325,2025-07-01,Delivered,Credit Card,396.08
ORD10371,CUST2433,2025-03-26,Returned,UPI,207.64
ORD10372,CUST2141,2024-03-20,Delivered,Credit Card,217.33
ORD10373,CUST1835,2024-04-18,Cancelled,Debit Card,375.83
ORD10374,CUST2810,2025-08-31,Delivered,Debit Card,274.99
ORD10375,CUST1723,2024-05-04,Delivered,Net Banking,306.76
ORD10376,CUST1224,2025-10-02,Delivered,Net Banking,370.81
ORD10377,CUST1531,2025-01-23,Delivered,UPI,399.91
ORD10378,CUST1112,2024-07-23,Delivered,Debit Card,172.18
ORD10379,CUST1139,2024-03-13,Delivered,Net Banking,116.06
ORD10380,CUST1558,2025-05-04,Shipped,Debit Card,181.31
ORD10381,CUST1000,2024-10-01,Delivered,Credit Card,278.39
ORD10382,CUST1089,2025-04-08,Delivered,Net Banking,203.96
ORD10383,CUST1653,2025-11-12,Returned,UPI,305.76
ORD10384,CUST1319,2025-03-16,Delivered,Net Banking,74.06
ORD10385,CUST2573,2025-10-18,Delivered,Debit Card,279.39
ORD10386,CUST2828,2025-04-13,Cancelled,Cash on Delivery,215.59
ORD10387,CUST2917,2024-07-25,Delivered,Cash on Delivery,290.6
ORD10388,CUST1138,2025-11-13,Cancelled,Debit Card,240.14
ORD10389,CUST2534,2024-04-14,Cancelled,Credit Card,177.9
ORD10390,CUST2891,2025-03-02,Shipped,Net Banking,456.85
ORD10391,CUST1844,2025-07-02,Delivered,Cash on Delivery,133.14
ORD10392,CUST1258,2025-06-03,Delivered,Credit Card,356.61
ORD10393,CUST2696,2025-08-15,Delivered,Debit Card,466.09
ORD10394,CUST1901,2025-06-17,Delivered,Credit Card,292.4
ORD10395,CUST1689,2025-10-15,Returned,Debit Card,444.38
ORD10396,CUST1009,2024-12-06,Delivered,Net Banking,106.18
ORD10397,CUST1260,2025-01-02,Delivered,Credit Card,272.2
ORD10398,CUST2942,2024-10-24,Returned,Net Banking,255.66
ORD10399,CUST2673,2025-06-20,Delivered,Credit Card,53.65
ORD10400,CUST1171,2024-03-31,Delivered,Debit Card,249.47
ORD10401,CUST1897,2024-10-25,Delivered,Debit Card,216.06
ORD10402,CUST1012,2024-05-05,Returned,Credit Card,351.41
ORD10403,CUST2191,2025-10-04,Delivered,Debit Card,472.25
ORD10404,CUST2665,2025-05-27,Returned,UPI,88.61
ORD10405,CUST2619,2026-01-08,Delivered,UPI,197.36
ORD10406,CUST1320,2025-04-11,Cancelled,Net Banking,249.83
ORD10407,CUST2342,2026-01-05,Returned,UPI,254.83
ORD10408,CUST2636,2026-01-15,Delivered,UPI,398.66
ORD10409,CUST1328,2024-05-29,Delivered,Cash on Delivery,249.53
ORD10410,CUST1784,2024-09-08,Delivered,Cash on Delivery,62.22
ORD10411,CUST1776,2025-08-14,Cancelled,Cash on Delivery,369.55
ORD10412,CUST2994,2025-06-29,Delivered,Cash on Delivery,448.17
ORD10413,CUST1910,2025-03-10,Delivered,Debit Card,281.26
ORD10414,CUST2943,2024-12-10,Delivered,Net Banking,311.5
ORD10415,CUST2573,2025-05-28,Delivered,Net Banking,123.32
ORD10416,CUST2442,2025-08-11,Delivered,UPI,149.29
ORD10417,CUST2629,2025-07-13,Delivered,Net Banking,155.83
ORD10418,CUST2118,2025-11-04,Delivered,UPI,243.83
ORD10419,CUST2840,2024-07-02,Returned,Net Banking,467.67
ORD10420,CUST2604,2024-10-08,Delivered,Credit Card,284.8
ORD10421,CUST1317,2025-06-03,Delivered,Credit Card,136.44
ORD10422,CUST2979,2024-12-29,Shipped,Net Banking,169.74
ORD10423,CUST1235,2024-05-13,Cancelled,Debit Card,222.81
ORD10424,CUST2969,2024-11-26,Shipped,UPI,330.47
ORD10425,CUST1333,2024-04-06,Delivered,Net Banking,248.01
ORD10426,CUST2908,2024-03-22,Delivered,UPI,226.6
ORD10427,CUST1375,2025-11-26,Delivered,Cash on Delivery,304.13
ORD10428,CUST2482,2024-07-01,Cancelled,Net Banking,158.83
ORD10429,CUST2160,2025-07-06,Delivered,Debit Card,85.51
ORD10430,CUST2953,2025-03-16,Delivered,Cash on Delivery,60.99
ORD10431,CUST1587,2025-10-07,Delivered,Net Banking,163.07
ORD10432,CUST2570,2024-04-15,Delivered,Credit Card,91.22
ORD10433,CUST1512,2025-07-09,Delivered,Net Banking,201.35
ORD10434,CUST2319,2025-03-17,Delivered,Credit Card,397.82
ORD10435,CUST2343,2025-03-03,Delivered,Credit Card,372.33
ORD10436,CUST1917,2024-07-29,Delivered,Net Banking,324.92
ORD10437,CUST2595,2025-04-24,Shipped,Net Banking,433.63
ORD10438,CUST2855,2025-07-13,Cancelled,Credit Card,176.93
ORD10439,CUST2372,2025-12-28,Shipped,UPI,448.27
ORD10440,CUST2863,2025-06-05,Cancelled,Cash on Delivery,229.66
ORD10441,CUST2802,2025-05-23,Delivered,Debit Card,230.4
ORD10442,CUST1872,2024-10-08,Delivered,Net Banking,232.41
ORD10443,CUST2252,2024-08-22,Delivered,Cash on Delivery,94.14
ORD10444,CUST1269,2024-03-13,Delivered,Cash on Delivery,488.97
ORD10445,CUST2851,2024-12-31,Delivered,UPI,112.33
ORD10446,CUST1797,2024-05-21,Delivered,Cash on Delivery,203.4
ORD10447,CUST2314,2024-11-29,Delivered,Net Banking,193.69
ORD10448,CUST1724,2024-07-21,Delivered,Cash on Delivery,83.61
ORD10449,CUST2188,2024-07-22,Delivered,Net Banking,118.52
ORD10450,CUST1004,2024-12-20,Delivered,Net Banking,70.19
ORD10451,CUST1850,2025-12-14,Returned,Credit Card,181.58
ORD10452,CUST2402,2025-04-29,Delivered,UPI,440.0
ORD10453,CUST1077,2024-05-15,Delivered,Debit Card,202.75
ORD10454,CUST2433,2024-11-03,Delivered,Credit Card,105.66
ORD10455,CUST1573,2025-01-30,Delivered,Debit Card,340.56
ORD10456,CUST1131,2025-11-27,Delivered,Net Banking,498.47
ORD10457,CUST1600,2025-06-04,Delivered,Credit Card,154.55
ORD10458,CUST2772,2025-06-03,Delivered,Cash on Delivery,175.81
ORD10459,CUST2065,2024-07-15,Delivered,Cash on Delivery,487.33
ORD10460,CUST1088,2025-11-08,Shipped,Debit Card,130.45
ORD10461,CUST1401,2024-08-09,Shipped,Net Banking,280.05
ORD10462,CUST1295,2024-07-11,Delivered,Debit Card,157.84
ORD10463,CUST2863,2024-10-01,Delivered,UPI,469.56
ORD10464,CUST2318,2025-10-30,Cancelled,Cash on Delivery,491.68
ORD10465,CUST1615,2024-06-27,Delivered,Credit Card,416.61
ORD10466,CUST2549,2024-03-03,Delivered,Credit Card,191.65
ORD10467,CUST1799,2025-07-12,Delivered,Credit Card,231.57
ORD10468,CUST2714,2025-12-23,Shipped,Cash on Delivery,159.04
ORD10469,CUST2660,2024-06-29,Delivered,Net Banking,450.84
ORD10470,CUST1421,2025-03-18,Delivered,Cash on Delivery,461.55
ORD10471,CUST2888,2024-10-18,Cancelled,Cash on Delivery,238.49
ORD10472,CUST2046,2025-03-22,Delivered,Credit Card,345.44
ORD10473,CUST1574,2025-07-04,Delivered,Cash on Delivery,124.5
ORD10474,CUST1142,2024-10-03,Shipped,Credit Card,245.72
ORD10475,CUST1992,2024-08-06,Delivered,Net Banking,334.17
ORD10476,CUST1664,2025-06-30,Delivered,UPI,223.43
ORD10477,CUST1144,2025-08-21,Delivered,Credit Card,210.92
ORD10478,CUST2248,2024-06-22,Delivered,Debit Card,50.45
ORD10479,CUST2006,2024-12-15,Delivered,UPI,411.93
ORD10480,CUST1502,2025-07-20,Delivered,Net Banking,450.2
ORD10481,CUST2985,2024-09-09,Delivered,UPI,486.26
ORD10482,CUST2997,2024-08-15,Returned,Credit Card,373.67
ORD10483,CUST1820,2025-05-23,Delivered,Net Banking,296.96
ORD10484,CUST2639,2025-07-13,Delivered,Debit Card,171.18
ORD10485,CUST1103,2024-07-03,Delivered,Credit Card,499.68
ORD10486,CUST2970,2024-04-12,Cancelled,Credit Card,315.39
ORD10487,CUST2062,2025-08-29,Delivered,Net Banking,356.52
ORD10488,CUST2970,2025-04-11,Delivered,Net Banking,357.08
ORD10489,CUST1197,2025-02-10,Delivered,UPI,430.36
ORD10490,CUST2669,2025-11-30,Delivered,Debit Card,54.35
ORD10491,CUST1578,2024-11-30,Delivered,UPI,149.11
ORD10492,CUST1390,2024-12-25,Returned,UPI,349.49
ORD10493,CUST2202,2025-03-05,Delivered,Credit Card,452.82
ORD10494,CUST2991,2025-01-31,Delivered,Net Banking,358.4
ORD10495,CUST1553,2024-10-02,Delivered,Credit Card,236.07
ORD10496,CUST2471,2024-10-01,Returned,Debit Card,212.7
ORD10497,CUST2523,2024-07-05,Delivered,UPI,382.08
ORD10498,CUST2038,2025-06-01,Delivered,Debit Card,383.56
ORD10499,CUST2646,2025-09-28,Delivered,Net Banking,323.18
ORD10500,CUST2692,2026-01-08,Delivered,Net Banking,181.16
ORD10501,CUST2312,2026-01-07,Delivered,Cash on Delivery,466.32
ORD10502,CUST1477,2025-07-10,Delivered,Debit Card,298.35
ORD10503,CUST2254,2024-04-04,Delivered,Credit Card,405.72
ORD10504,CUST1922,2025-02-05,Delivered,Debit Card,146.44
ORD10505,CUST1419,2024-12-18,Delivered,UPI,204.82
ORD10506,CUST1156,2024-11-20,Delivered,Net Banking,443.56
ORD10507,CUST1549,2026-01-25,Delivered,Net Banking,72.55
ORD10508,CUST2464,2024-06-18,Cancelled,Debit Card,280.54
ORD10509,CUST2120,2024-06-29,Shipped,Debit Card,266.77
ORD10510,CUST2020,2026-02-07,Shipped,Debit Card,388.05
ORD10511,CUST1996,2025-10-22,Returned,UPI,176.85
ORD10512,CUST2434,2024-04-03,Delivered,UPI,148.58
ORD10513,CUST1950,2024-12-12,Cancelled,Credit Card,466.76
ORD10514,CUST1288,2024-11-06,Delivered,Debit Card,307.27
ORD10515,CUST2277,2024-04-22,Delivered,Credit Card,97.11
ORD10516,CUST1195,2025-12-30,Delivered,Cash on Delivery,136.87
ORD10517,CUST1597,2025-10-09,Delivered,UPI,499.47
ORD10518,CUST2857,2025-09-23,Cancelled,Net Banking,138.02
ORD10519,CUST2545,2024-06-17,Delivered,Cash on Delivery,324.71
ORD10520,CUST1516,2024-09-20,Delivered,Net Banking,239.06
ORD10521,CUST2658,2025-01-15,Shipped,Cash on Delivery,448.52
ORD10522,CUST2865,2025-04-04,Delivered,Credit Card,389.83
ORD10523,CUST1864,2025-12-10,Delivered,Credit Card,318.63
ORD10524,CUST2141,2025-10-02,Shipped,UPI,54.83
ORD10525,CUST1805,2024-10-24,Delivered,Net Banking,445.91
ORD10526,CUST2932,2024-04-21,Delivered,Cash on Delivery,250.1
ORD10527,CUST2182,2025-03-02,Delivered,Debit Card,469.21
ORD10528,CUST1814,2025-09-02,Delivered,Debit Card,272.99
ORD10529,CUST1227,2024-07-04,Returned,UPI,362.4
ORD10530,CUST2900,2025-12-04,Delivered,Net Banking,81.18
ORD10531,CUST1215,2025-04-26,Delivered,Debit Card,385.32
ORD10532,CUST1947,2024-08-28,Delivered,UPI,202.1
ORD10533,CUST2719,2026-01-13,Delivered,UPI,208.11
ORD10534,CUST1014,2025-01-30,Shipped,Net Banking,103.4
ORD10535,CUST2180,2024-09-18,Delivered,Debit Card,116.09
ORD10536,CUST2671,2025-11-28,Delivered,Debit Card,133.59
ORD10537,CUST2284,2025-07-13,Delivered,Debit Card,197.69
ORD10538,CUST2180,2024-08-17,Delivered,Credit Card,451.39
ORD10539,CUST1046,2025-08-27,Shipped,Debit Card,215.72
ORD10540,CUST1323,2024-04-19,Delivered,Cash on Delivery,375.96
ORD10541,CUST1843,2025-03-13,Delivered,Credit Card,87.24
ORD10542,CUST2708,2024-10-15,Delivered,Credit Card,315.99
ORD10543,CUST1129,2024-04-06,Cancelled,Credit Card,266.85
ORD10544,CUST2434,2024-10-11,Delivered,Credit Card,490.08
ORD10545,CUST1094,2025-01-23,Returned,UPI,430.79
ORD10546,CUST1626,2024-06-27,Delivered,Cash on Delivery,254.67
ORD10547,CUST1754,2024-12-11,Returned,Net Banking,398.81
ORD10548,CUST2955,2024-04-21,Delivered,Debit Card,136.87
ORD10549,CUST2315,2025-10-18,Delivered,Credit Card,303.05
ORD10550,CUST1793,2024-04-21,Delivered,Net Banking,83.58
ORD10551,CUST2834,2026-01-19,Delivered,UPI,206.64
ORD10552,CUST2306,2026-01-14,Shipped,Net Banking,151.64
ORD10553,CUST1068,2026-01-16,Cancelled,Credit Card,373.51
ORD10554,CUST2683,2024-02-29,Delivered,Cash on Delivery,270.54
ORD10555,CUST1010,2025-08-23,Delivered,Net Banking,387.98
ORD10556,CUST2277,2025-11-28,Delivered,Credit Card,281.88
ORD10557,CUST2865,2026-01-21,Cancelled,Credit Card,88.92
ORD10558,CUST1871,2025-01-16,Delivered,Debit Card,380.92
ORD10559,CUST1549,2025-01-12,Delivered,Debit Card,424.95
ORD10560,CUST2157,2024-07-28,Delivered,Cash on Delivery,456.59
ORD10561,CUST1711,2025-02-22,Delivered,Debit Card,307.4
ORD10562,CUST1022,2025-03-05,Delivered,Cash on Delivery,389.11
ORD10563,CUST1814,2025-02-08,Delivered,UPI,388.42
ORD10564,CUST1345,2024-07-04,Delivered,UPI,120.09
ORD10565,CUST1301,2025-02-21,Shipped,Debit Card,123.9
ORD10566,CUST1362,2026-02-15,Delivered,UPI,81.9
ORD10567,CUST1395,2025-03-18,Delivered,Net Banking,193.96
ORD10568,CUST1217,2024-06-07,Delivered,Net Banking,263.08
ORD10569,CUST1140,2026-02-02,Cancelled,Net Banking,499.05
ORD10570,CUST2639,2024-05-26,Delivered,UPI,243.95
ORD10571,CUST1957,2024-11-27,Delivered,Net Banking,376.81
ORD10572,CUST2233,2024-04-10,Delivered,Cash on Delivery,362.03
ORD10573,CUST1984,2024-12-20,Delivered,Credit Card,142.02
ORD10574,CUST1992,2025-05-09,Delivered,Debit Card,76.33
ORD10575,CUST2646,2024-03-05,Returned,Cash on Delivery,295.7
ORD10576,CUST2639,2024-04-16,Returned,Net Banking,365.14
ORD10577,CUST1827,2025-09-18,Delivered,Credit Card,499.21
ORD10578,CUST1682,2024-12-07,Delivered,Debit Card,211.37
ORD10579,CUST2483,2025-05-03,Shipped,Cash on Delivery,453.36
ORD10580,CUST2003,2024-11-15,Delivered,Debit Card,221.87
ORD10581,CUST1355,2026-01-12,Returned,UPI,360.24
ORD10582,CUST2007,2025-03-18,Delivered,Net Banking,319.21
ORD10583,CUST2347,2025-04-21,Shipped,Cash on Delivery,73.84
ORD10584,CUST2156,2025-12-03,Cancelled,Cash on Delivery,85.27
ORD10585,CUST1887,2026-01-19,Shipped,Credit Card,59.34
ORD10586,CUST2828,2025-03-25,Delivered,Credit Card,216.88
ORD10587,CUST2863,2025-08-27,Delivered,Credit Card,385.61
ORD10588,CUST1126,2025-12-05,Shipped,Debit Card,127.74
ORD10589,CUST2129,2025-06-21,Delivered,Net Banking,322.63
ORD10590,CUST2008,2025-06-13,Delivered,Debit Card,179.97
ORD10591,CUST1603,2024-07-04,Cancelled,Net Banking,408.65
ORD10592,CUST2822,2026-02-18,Cancelled,Cash on Delivery,409.28
ORD10593,CUST2401,2024-08-29,Shipped,Debit Card,398.94
ORD10594,CUST2928,2025-08-07,Delivered,Debit Card,286.18
ORD10595,CUST2013,2024-11-11,Cancelled,Debit Card,178.06
ORD10596,CUST1050,2024-06-03,Cancelled,UPI,414.25
ORD10597,CUST2052,2025-03-01,Delivered,Net Banking,133.75
ORD10598,CUST2485,2024-07-28,Delivered,Net Banking,180.39
ORD10599,CUST2319,2025-01-25,Delivered,Debit Card,132.78
ORD10600,CUST2320,2024-09-01,Delivered,UPI,353.39
ORD10601,CUST2749,2024-06-14,Shipped,Debit Card,358.81
ORD10602,CUST1778,2025-05-15,Delivered,Net Banking,343.63
ORD10603,CUST2430,2024-12-19,Cancelled,Cash on Delivery,237.02
ORD10604,CUST2792,2025-06-07,Shipped,UPI,95.08
ORD10605,CUST1813,2025-09-02,Delivered,UPI,460.03
ORD10606,CUST2636,2025-06-30,Returned,Debit Card,278.48
ORD10607,CUST2428,2024-12-06,Delivered,Cash on Delivery,233.14
ORD10608,CUST2369,2024-12-26,Returned,Net Banking,314.97
ORD10609,CUST2645,2024-03-19,Delivered,Credit Card,136.76
ORD10610,CUST1419,2025-11-17,Shipped,Net Banking,109.65
ORD10611,CUST2205,2025-03-19,Delivered,Net Banking,232.49
ORD10612,CUST1982,2025-02-12,Delivered,Cash on Delivery,152.25
ORD10613,CUST1824,2024-10-18,Cancelled,UPI,159.93
ORD10614,CUST2024,2025-06-07,Delivered,Net Banking,451.63
ORD10615,CUST2854,2025-01-18,Delivered,UPI,288.84
ORD10616,CUST2973,2025-10-07,Delivered,Cash on Delivery,267.56
ORD10617,CUST1566,2025-04-30,Cancelled,Cash on Delivery,360.27
ORD10618,CUST1370,2024-03-03,Delivered,Debit Card,478.2
ORD10619,CUST1935,2024-07-29,Delivered,Credit Card,100.49
ORD10620,CUST2934,2024-05-28,Delivered,Cash on Delivery,425.09
ORD10621,CUST1660,2026-01-01,Delivered,Cash on Delivery,312.81
ORD10622,CUST2454,2025-08-12,Delivered,UPI,115.77
ORD10623,CUST1968,2024-06-11,Delivered,Cash on Delivery,183.72
ORD10624,CUST2332,2024-08-11,Delivered,Net Banking,267.06
ORD10625,CUST2160,2024-10-15,Delivered,Debit Card,361.03
ORD10626,CUST1201,2025-11-27,Delivered,Debit Card,159.17
ORD10627,CUST2459,2025-06-10,Returned,Net Banking,290.7
ORD10628,CUST1312,2024-08-27,Delivered,Cash on Delivery,358.1
ORD10629,CUST1116,2024-09-21,Delivered,Credit Card,251.93
ORD10630,CUST2689,2025-10-17,Delivered,Cash on Delivery,438.36
ORD10631,CUST1936,2024-10-20,Delivered,Debit Card,441.26
ORD10632,CUST2826,2024-09-03,Cancelled,Credit Card,261.81
ORD10633,CUST1574,2024-09-16,Delivered,UPI,487.82
ORD10634,CUST1243,2025-02-19,Delivered,UPI,84.01
ORD10635,CUST1536,2025-04-01,Delivered,Cash on Delivery,51.51
ORD10636,CUST2625,2024-11-05,Delivered,Cash on Delivery,221.3
ORD10637,CUST1074,2025-10-24,Delivered,Credit Card,320.49
ORD10638,CUST2829,2024-10-22,Delivered,Credit Card,333.14
ORD10639,CUST1385,2025-02-24,Delivered,Cash on Delivery,264.4
ORD10640,CUST2926,2025-05-29,Shipped,Debit Card,106.2
ORD10641,CUST2233,2025-11-08,Delivered,UPI,126.72
ORD10642,CUST1474,2024-06-23,Delivered,Credit Card,433.47
ORD10643,CUST1417,2025-08-06,Shipped,Debit Card,440.56
ORD10644,CUST1346,2025-07-12,Cancelled,Cash on Delivery,353.25
ORD10645,CUST2552,2024-10-16,Delivered,Net Banking,348.9
ORD10646,CUST1639,2025-02-08,Cancelled,Credit Card,318.96
ORD10647,CUST1938,2025-08-12,Returned,Net Banking,141.32
ORD10648,CUST1954,2024-04-13,Delivered,Debit Card,242.71
ORD10649,CUST1875,2024-05-17,Delivered,UPI,363.15
ORD10650,CUST1762,2025-03-02,Delivered,Debit Card,291.76
ORD10651,CUST2202,2024-07-24,Shipped,UPI,58.36
ORD10652,CUST2205,2025-12-12,Delivered,Debit Card,479.1
ORD10653,CUST1663,2025-03-02,Delivered,Credit Card,430.17
ORD10654,CUST1024,2025-11-21,Returned,Credit Card,167.25
ORD10655,CUST2990,2025-12-26,Delivered,Net Banking,327.41
ORD10656,CUST2203,2024-03-16,Delivered,Debit Card,465.46
ORD10657,CUST1709,2025-01-13,Delivered,Debit Card,93.2
ORD10658,CUST2524,2025-02-12,Delivered,Net Banking,276.36
ORD10659,CUST2879,2025-06-02,Returned,Cash on Delivery,255.31
ORD10660,CUST2184,2024-04-05,Delivered,Debit Card,234.59
ORD10661,CUST1176,2024-10-12,Returned,Debit Card,426.01
ORD10662,CUST1284,2024-11-19,Delivered,Debit Card,221.29
ORD10663,CUST1062,2025-11-18,Delivered,Cash on Delivery,78.65
ORD10664,CUST2002,2025-03-20,Shipped,Credit Card,79.63
ORD10665,CUST1661,2024-09-27,Delivered,Net Banking,69.24
ORD10666,CUST1665,2026-02-19,Delivered,Cash on Delivery,234.12
ORD10667,CUST1155,2024-10-10,Delivered,UPI,373.28
ORD10668,CUST2905,2025-04-12,Returned,UPI,141.68
ORD10669,CUST2492,2024-12-14,Delivered,Cash on Delivery,340.91
ORD10670,CUST2072,2024-12-21,Delivered,Cash on Delivery,359.19
ORD10671,CUST1966,2025-01-18,Delivered,Credit Card,164.84
ORD10672,CUST1848,2025-07-30,Delivered,UPI,320.25
ORD10673,CUST2107,2024-05-14,Cancelled,Net Banking,358.19
ORD10674,CUST2384,2025-06-06,Delivered,Debit Card,259.98
ORD10675,CUST1688,2025-10-27,Delivered,Debit Card,201.52
ORD10676,CUST1147,2025-01-18,Delivered,Credit Card,328.62
ORD10677,CUST2653,2025-02-13,Delivered,Credit Card,490.03
ORD10678,CUST1341,2025-03-17,Shipped,UPI,242.08
ORD10679,CUST1475,2024-06-30,Delivered,Net Banking,226.28
ORD10680,CUST2086,2024-11-16,Shipped,Net Banking,258.92
ORD10681,CUST2724,2025-11-25,Delivered,Cash on Delivery,84.3
ORD10682,CUST2383,2026-02-05,Delivered,Credit Card,298.92
ORD10683,CUST1560,2026-02-24,Returned,Debit Card,197.91
ORD10684,CUST1326,2024-03-01,Delivered,Debit Card,104.64
ORD10685,CUST2792,2025-04-22,Cancelled,UPI,259.82
ORD10686,CUST2759,2025-07-14,Shipped,Debit Card,51.52
ORD10687,CUST2164,2025-03-30,Delivered,Net Banking,230.8
ORD10688,CUST1989,2025-05-14,Delivered,Net Banking,97.58
ORD10689,CUST1214,2024-06-27,Cancelled,Credit Card,60.93
ORD10690,CUST1434,2024-05-20,Delivered,UPI,421.01
ORD10691,CUST2914,2025-03-31,Delivered,Debit Card,462.31
ORD10692,CUST1951,2025-12-28,Delivered,Credit Card,143.45
ORD10693,CUST1722,2025-01-25,Delivered,Cash on Delivery,292.68
ORD10694,CUST2341,2024-03-16,Cancelled,Cash on Delivery,175.08
ORD10695,CUST1031,2025-08-17,Delivered,Debit Card,272.11
ORD10696,CUST1669,2025-11-08,Delivered,Debit Card,246.48
ORD10697,CUST1284,2025-11-06,Delivered,Debit Card,171.07
ORD10698,CUST2328,2025-06-25,Delivered,Net Banking,365.18
ORD10699,CUST1428,2024-08-28,Delivered,Debit Card,106.92
ORD10700,CUST2500,2025-02-17,Cancelled,Cash on Delivery,73.88
ORD10701,CUST1285,2024-08-10,Delivered,Debit Card,395.45
ORD10702,CUST2167,2025-10-15,Cancelled,UPI,349.67
ORD10703,CUST2447,2025-03-14,Returned,Cash on Delivery,274.34
ORD10704,CUST2042,2024-09-12,Delivered,UPI,260.51
ORD10705,CUST1017,2025-02-06,Delivered,Cash on Delivery,273.84
ORD10706,CUST1768,2024-07-23,Delivered,Credit Card,246.66
ORD10707,CUST1589,2024-11-15,Delivered,Cash on Delivery,226.8
ORD10708,CUST2394,2024-10-06,Returned,Cash on Delivery,274.86
ORD10709,CUST2198,2025-07-31,Returned,UPI,287.83
ORD10710,CUST2009,2025-09-30,Delivered,UPI,361.36
ORD10711,CUST1193,2024-09-11,Delivered,Cash on Delivery,370.04
ORD10712,CUST1501,2026-02-11,Shipped,Cash on Delivery,219.93
ORD10713,CUST1987,2024-12-30,Shipped,Net Banking,236.09
ORD10714,CUST2136,2024-11-01,Delivered,Credit Card,218.16
ORD10715,CUST1113,2025-02-10,Delivered,Credit Card,291.44
ORD10716,CUST2245,2025-09-18,Delivered,Debit Card,254.01
ORD10717,CUST2701,2024-05-31,Shipped,Cash on Delivery,450.32
ORD10718,CUST1946,2024-10-27,Delivered,Cash on Delivery,363.36
ORD10719,CUST1830,2025-01-05,Delivered,Cash on Delivery,454.4
ORD10720,CUST2667,2024-12-27,Delivered,Cash on Delivery,369.11
ORD10721,CUST2920,2025-05-09,Delivered,Credit Card,486.95
ORD10722,CUST2287,2024-12-26,Delivered,UPI,336.08
ORD10723,CUST1924,2025-04-21,Shipped,Net Banking,483.6
ORD10724,CUST1054,2024-12-29,Delivered,UPI,121.18
ORD10725,CUST2894,2025-07-08,Delivered,UPI,73.61
ORD10726,CUST2666,2025-07-31,Delivered,Credit Card,310.61
ORD10727,CUST1799,2026-02-20,Delivered,Net Banking,492.57
ORD10728,CUST1777,2025-07-29,Delivered,Cash on Delivery,237.92
ORD10729,CUST2481,2024-09-13,Delivered,Credit Card,145.42
ORD10730,CUST2901,2024-05-29,Delivered,Credit Card,284.69
ORD10731,CUST1161,2026-01-19,Delivered,Net Banking,341.96
ORD10732,CUST2403,2024-11-16,Delivered,Debit Card,191.83
ORD10733,CUST1086,2024-08-31,Delivered,Credit Card,371.65
ORD10734,CUST1054,2025-08-29,Shipped,UPI,488.8
ORD10735,CUST2499,2025-03-12,Shipped,UPI,453.63
ORD10736,CUST2823,2025-08-02,Delivered,Cash on Delivery,181.21
ORD10737,CUST2201,2024-03-20,Delivered,Credit Card,197.03
ORD10738,CUST2414,2024-06-06,Shipped,Cash on Delivery,217.19
ORD10739,CUST2372,2025-11-06,Delivered,Credit Card,227.55
ORD10740,CUST2031,2025-04-02,Returned,Net Banking,95.14
ORD10741,CUST1832,2025-01-17,Shipped,Credit Card,392.88
ORD10742,CUST1312,2025-05-20,Delivered,Debit Card,214.4
ORD10743,CUST1758,2026-02-18,Delivered,UPI,445.92
ORD10744,CUST2858,2025-08-25,Shipped,Net Banking,467.12
ORD10745,CUST1442,2025-11-11,Delivered,UPI,60.99
ORD10746,CUST2790,2025-02-02,Delivered,Cash on Delivery,494.83
ORD10747,CUST1327,2025-05-19,Delivered,Net Banking,369.51
ORD10748,CUST2077,2026-02-23,Delivered,Debit Card,284.18
ORD10749,CUST1760,2024-03-14,Delivered,UPI,225.29
ORD10750,CUST2262,2024-06-01,Cancelled,Credit Card,283.33
ORD10751,CUST2252,2025-09-23,Shipped,Credit Card,196.08
ORD10752,CUST1578,2024-10-10,Delivered,Credit Card,330.21
ORD10753,CUST2074,2024-04-30,Delivered,Net Banking,91.84
ORD10754,CUST2632,2024-11-06,Delivered,Debit Card,329.51
ORD10755,CUST2627,2025-04-01,Delivered,Debit Card,173.91
ORD10756,CUST2006,2025-01-29,Delivered,Debit Card,57.94
ORD10757,CUST2287,2025-01-23,Shipped,UPI,298.72
ORD10758,CUST2441,2026-02-22,Returned,Net Banking,310.3
ORD10759,CUST2826,2025-10-27,Delivered,Credit Card,241.96
ORD10760,CUST1095,2025-01-29,Delivered,UPI,82.53
ORD10761,CUST2111,2025-12-04,Delivered,Debit Card,452.0
ORD10762,CUST2101,2025-11-08,Delivered,Credit Card,325.14
ORD10763,CUST2311,2024-10-31,Delivered,Net Banking,102.07
ORD10764,CUST2143,2024-11-06,Delivered,Cash on Delivery,279.92
ORD10765,CUST1813,2025-07-18,Shipped,Debit Card,273.76
ORD10766,CUST1490,2025-06-05,Delivered,Debit Card,77.18
ORD10767,CUST2935,2024-04-18,Delivered,Debit Card,323.09
ORD10768,CUST1451,2024-05-14,Cancelled,Debit Card,413.75
ORD10769,CUST2523,2024-06-16,Delivered,Credit Card,387.05
ORD10770,CUST1164,2025-09-08,Delivered,Net Banking,141.34
ORD10771,CUST1181,2024-06-16,Delivered,UPI,438.03
ORD10772,CUST1468,2024-07-04,Delivered,Credit Card,204.14
ORD10773,CUST1909,2025-07-20,Cancelled,Net Banking,475.93
ORD10774,CUST1734,2024-11-13,Delivered,UPI,82.29
ORD10775,CUST1822,2025-04-19,Cancelled,Debit Card,268.79
ORD10776,CUST1943,2024-08-02,Delivered,Net Banking,318.71
ORD10777,CUST1006,2024-07-25,Delivered,Debit Card,161.44
ORD10778,CUST1329,2025-07-16,Returned,Net Banking,397.12
ORD10779,CUST1774,2025-03-07,Delivered,Cash on Delivery,332.1
ORD10780,CUST2696,2025-07-03,Delivered,Debit Card,58.15
ORD10781,CUST1150,2024-07-16,Delivered,Debit Card,323.77
ORD10782,CUST2108,2025-01-28,Delivered,Debit Card,271.17
ORD10783,CUST1146,2026-01-06,Delivered,Credit Card,138.21
ORD10784,CUST2647,2024-05-28,Delivered,UPI,498.09
ORD10785,CUST2404,2025-08-05,Delivered,Debit Card,453.72
ORD10786,CUST1914,2025-04-11,Delivered,Debit Card,181.63
ORD10787,CUST2571,2024-05-31,Shipped,Credit Card,293.48
ORD10788,CUST2308,2025-06-05,Delivered,Credit Card,192.43
ORD10789,CUST1699,2026-01-18,Returned,Cash on Delivery,398.97
ORD10790,CUST1081,2024-12-25,Delivered,Net Banking,468.65
ORD10791,CUST1513,2025-08-07,Delivered,Debit Card,211.47
ORD10792,CUST2920,2025-10-09,Returned,Net Banking,412.51
ORD10793,CUST1814,2024-03-19,Delivered,Credit Card,274.28
ORD10794,CUST1708,2025-01-15,Cancelled,Credit Card,228.46
ORD10795,CUST2939,2026-01-20,Delivered,Cash on Delivery,472.29
ORD10796,CUST2546,2026-02-12,Delivered,UPI,279.68
ORD10797,CUST1745,2025-07-11,Delivered,Credit Card,260.33
ORD10798,CUST2022,2024-11-14,Delivered,Debit Card,352.6
ORD10799,CUST2409,2025-03-20,Returned,Cash on Delivery,167.56
ORD10800,CUST1706,2025-10-28,Delivered,UPI,196.16
ORD10801,CUST1470,2024-11-14,Shipped,Cash on Delivery,469.42
ORD10802,CUST2142,2025-02-03,Shipped,Credit Card,355.34
ORD10803,CUST1395,2025-07-08,Delivered,UPI,421.99
ORD10804,CUST2555,2025-07-28,Delivered,Net Banking,172.0
ORD10805,CUST1260,2025-11-03,Returned,UPI,294.71
ORD10806,CUST1804,2024-06-30,Shipped,Debit Card,487.13
ORD10807,CUST1933,2025-02-05,Delivered,Net Banking,193.42
ORD10808,CUST2279,2024-05-27,Delivered,Net Banking,122.21
ORD10809,CUST2757,2025-09-28,Delivered,Debit Card,279.9
ORD10810,CUST1904,2025-11-07,Delivered,Net Banking,224.52
ORD10811,CUST2249,2025-02-12,Delivered,Credit Card,121.81
ORD10812,CUST2076,2025-02-20,Cancelled,UPI,449.85
ORD10813,CUST1939,2025-05-21,Delivered,UPI,495.83
ORD10814,CUST2890,2024-08-30,Delivered,Debit Card,305.86
ORD10815,CUST2523,2025-01-07,Delivered,Credit Card,398.6
ORD10816,CUST2529,2025-01-04,Delivered,Net Banking,436.57
ORD10817,CUST1853,2025-09-02,Delivered,UPI,365.44
ORD10818,CUST2387,2025-09-12,Delivered,UPI,69.87
ORD10819,CUST2303,2026-02-23,Delivered,UPI,120.94
ORD10820,CUST1592,2025-08-29,Delivered,UPI,81.95
ORD10821,CUST1713,2024-03-26,Delivered,Cash on Delivery,54.45
ORD10822,CUST2181,2024-11-20,Shipped,Debit Card,187.7
ORD10823,CUST1631,2025-09-24,Delivered,Net Banking,226.56
ORD10824,CUST1058,2025-09-01,Delivered,Net Banking,158.46
ORD10825,CUST2750,2025-08-28,Delivered,Debit Card,79.07
ORD10826,CUST1127,2025-08-21,Shipped,Credit Card,288.44
ORD10827,CUST1735,2025-12-16,Delivered,Debit Card,172.99
ORD10828,CUST1720,2025-02-13,Delivered,UPI,408.22
ORD10829,CUST2905,2024-09-23,Cancelled,UPI,53.62
ORD10830,CUST2138,2025-03-12,Delivered,Debit Card,429.14
ORD10831,CUST2232,2025-06-27,Delivered,Debit Card,479.64
ORD10832,CUST1525,2025-02-12,Delivered,Net Banking,372.26
ORD10833,CUST1520,2026-01-17,Delivered,Net Banking,380.14
ORD10834,CUST1551,2025-08-27,Delivered,Cash on Delivery,470.1
ORD10835,CUST2985,2025-07-21,Cancelled,Cash on Delivery,144.08
ORD10836,CUST1236,2024-06-22,Delivered,UPI,497.55
ORD10837,CUST2304,2024-08-24,Returned,Cash on Delivery,398.07
ORD10838,CUST2382,2025-03-08,Delivered,Cash on Delivery,376.96
ORD10839,CUST2224,2025-07-08,Returned,Credit Card,212.49
ORD10840,CUST2781,2026-01-05,Delivered,Debit Card,295.6
ORD10841,CUST2301,2024-08-14,Delivered,Net Banking,344.26
ORD10842,CUST2258,2024-12-25,Delivered,Cash on Delivery,329.15
ORD10843,CUST1493,2024-08-08,Shipped,Net Banking,367.24
ORD10844,CUST1003,2025-11-14,Delivered,Cash on Delivery,87.07
ORD10845,CUST1665,2025-01-12,Delivered,Cash on Delivery,210.04
ORD10846,CUST1441,2025-10-27,Delivered,UPI,245.3
ORD10847,CUST1028,2024-06-08,Delivered,Credit Card,167.28
ORD10848,CUST2132,2024-11-08,Delivered,Debit Card,127.68
ORD10849,CUST1609,2025-07-13,Delivered,Debit Card,112.52
ORD10850,CUST2750,2024-11-16,Delivered,UPI,214.87
ORD10851,CUST1804,2025-10-12,Delivered,UPI,272.05
ORD10852,CUST1074,2025-07-20,Delivered,Debit Card,78.34
ORD10853,CUST1837,2024-06-03,Delivered,Debit Card,475.91
ORD10854,CUST2169,2024-03-07,Cancelled,Credit Card,394.36
ORD10855,CUST1127,2025-11-30,Delivered,Cash on Delivery,378.88
ORD10856,CUST2876,2024-04-13,Delivered,Credit Card,127.79
ORD10857,CUST1041,2024-03-14,Delivered,Debit Card,321.71
ORD10858,CUST2379,2025-11-23,Shipped,Cash on Delivery,288.38
ORD10859,CUST1040,2024-05-17,Shipped,Debit Card,492.11
ORD10860,CUST1933,2024-11-14,Returned,Credit Card,386.45
ORD10861,CUST1033,2025-06-12,Delivered,Credit Card,309.09
ORD10862,CUST2040,2026-02-06,Delivered,Credit Card,432.87
ORD10863,CUST2700,2024-08-29,Delivered,Cash on Delivery,119.79
ORD10864,CUST2176,2025-01-28,Delivered,Net Banking,56.85
ORD10865,CUST1997,2025-11-27,Delivered,Net Banking,360.61
ORD10866,CUST2401,2024-09-05,Cancelled,Debit Card,94.24
ORD10867,CUST1587,2024-12-21,Returned,Cash on Delivery,101.95
ORD10868,CUST2622,2025-07-25,Returned,UPI,385.11
ORD10869,CUST2652,2024-08-11,Delivered,Net Banking,171.74
ORD10870,CUST2897,2024-12-29,Delivered,Cash on Delivery,332.88
ORD10871,CUST1341,2025-09-12,Delivered,Cash on Delivery,462.83
ORD10872,CUST1026,2025-06-14,Delivered,Net Banking,192.41
ORD10873,CUST2848,2024-12-24,Cancelled,Cash on Delivery,147.71
ORD10874,CUST2310,2025-09-09,Delivered,Cash on Delivery,97.95
ORD10875,CUST1645,2025-11-23,Delivered,Net Banking,108.71
ORD10876,CUST1730,2025-05-25,Delivered,Credit Card,78.0
ORD10877,CUST1167,2024-06-11,Delivered,Debit Card,89.44
ORD10878,CUST1609,2024-04-16,Cancelled,UPI,244.4
ORD10879,CUST1267,2025-12-03,Delivered,Debit Card,194.39
ORD10880,CUST2772,2024-08-23,Returned,Credit Card,367.95
ORD10881,CUST1820,2024-12-11,Delivered,Credit Card,441.61
ORD10882,CUST1454,2024-08-08,Delivered,Cash on Delivery,403.15
ORD10883,CUST1905,2024-05-28,Cancelled,Debit Card,288.79
ORD10884,CUST2708,2025-07-06,Delivered,Credit Card,96.1
ORD10885,CUST2424,2025-01-22,Shipped,Debit Card,369.4
ORD10886,CUST1921,2024-08-30,Delivered,Credit Card,213.27
ORD10887,CUST1980,2025-05-19,Delivered,UPI,88.54
ORD10888,CUST2499,2024-12-25,Delivered,Credit Card,429.11
ORD10889,CUST1701,2025-08-22,Shipped,Debit Card,202.2
ORD10890,CUST1633,2025-10-31,Delivered,Cash on Delivery,148.21
ORD10891,CUST2581,2025-08-11,Cancelled,Debit Card,442.15
ORD10892,CUST2599,2024-10-27,Delivered,Net Banking,455.96
ORD10893,CUST1129,2025-01-06,Delivered,Debit Card,202.54
ORD10894,CUST2019,2024-04-23,Delivered,UPI,209.66
ORD10895,CUST2845,2026-01-24,Delivered,UPI,310.83
ORD10896,CUST2386,2026-02-13,Delivered,UPI,380.05
ORD10897,CUST2728,2025-03-27,Returned,Credit Card,78.42
ORD10898,CUST1818,2026-01-07,Delivered,UPI,317.0
ORD10899,CUST1692,2024-12-02,Delivered,Debit Card,478.77
ORD10900,CUST2315,2024-06-18,Delivered,Cash on Delivery,167.94
ORD10901,CUST2394,2024-08-30,Delivered,UPI,458.97
ORD10902,CUST1793,2025-04-21,Delivered,Debit Card,477.58
ORD10903,CUST1028,2024-10-14,Delivered,Credit Card,171.12
ORD10904,CUST1148,2024-07-04,Delivered,Credit Card,389.39
ORD10905,CUST2802,2025-09-29,Delivered,Cash on Delivery,157.45
ORD10906,CUST2319,2025-08-15,Delivered,Cash on Delivery,381.93
ORD10907,CUST1010,2026-01-25,Delivered,Debit Card,408.84
ORD10908,CUST2535,2024-08-02,Delivered,Cash on Delivery,161.24
ORD10909,CUST1675,2025-02-16,Delivered,Cash on Delivery,372.14
ORD10910,CUST2136,2024-04-04,Delivered,Credit Card,415.45
ORD10911,CUST1186,2024-03-05,Shipped,Debit Card,211.36
ORD10912,CUST1806,2025-04-11,Returned,Cash on Delivery,125.47
ORD10913,CUST1743,2025-05-26,Cancelled,Debit Card,91.38
ORD10914,CUST2250,2025-10-23,Delivered,UPI,308.92
ORD10915,CUST2333,2024-07-04,Cancelled,Credit Card,490.14
ORD10916,CUST1097,2024-09-01,Returned,Credit Card,420.33
ORD10917,CUST1054,2026-01-06,Cancelled,Credit Card,246.13
ORD10918,CUST1622,2025-06-23,Delivered,Net Banking,291.48
ORD10919,CUST1663,2025-07-08,Delivered,Debit Card,175.79
ORD10920,CUST1757,2025-09-20,Returned,UPI,123.38
ORD10921,CUST1405,2025-04-24,Delivered,Cash on Delivery,266.94
ORD10922,CUST1068,2025-06-16,Delivered,UPI,258.58
ORD10923,CUST2335,2025-09-27,Delivered,Debit Card,284.87
ORD10924,CUST2312,2025-09-24,Delivered,Credit Card,478.76
ORD10925,CUST2785,2026-01-26,Delivered,Net Banking,321.75
ORD10926,CUST2571,2024-05-26,Delivered,Debit Card,322.6
ORD10927,CUST1750,2024-07-12,Delivered,Debit Card,107.61
ORD10928,CUST2171,2024-04-21,Delivered,Cash on Delivery,498.42
ORD10929,CUST2490,2025-06-03,Delivered,UPI,397.78
ORD10930,CUST2762,2024-03-04,Delivered,UPI,444.74
ORD10931,CUST2267,2025-04-12,Delivered,Cash on Delivery,236.44
ORD10932,CUST2514,2025-07-18,Delivered,Net Banking,275.96
ORD10933,CUST2872,2025-01-02,Cancelled,Credit Card,284.94
ORD10934,CUST1957,2025-11-26,Delivered,Credit Card,137.34
ORD10935,CUST2530,2024-07-04,Delivered,Net Banking,360.27
ORD10936,CUST1364,2025-10-24,Delivered,Cash on Delivery,456.34
ORD10937,CUST1481,2025-09-05,Returned,Debit Card,123.67
ORD10938,CUST1200,2025-07-09,Delivered,UPI,88.84
ORD10939,CUST1153,2025-04-09,Delivered,Debit Card,382.2
ORD10940,CUST2473,2025-10-13,Delivered,UPI,172.94
ORD10941,CUST2524,2024-02-29,Delivered,Debit Card,330.74
ORD10942,CUST1072,2025-03-18,Returned,Cash on Delivery,363.09
ORD10943,CUST1712,2024-10-28,Returned,Cash on Delivery,194.86
ORD10944,CUST1295,2024-10-03,Delivered,Net Banking,416.82
ORD10945,CUST2040,2025-05-18,Delivered,Debit Card,297.5
ORD10946,CUST2664,2024-07-30,Delivered,Debit Card,441.05
ORD10947,CUST2240,2025-06-03,Delivered,Net Banking,393.48
ORD10948,CUST1060,2024-09-04,Delivered,Net Banking,440.86
ORD10949,CUST1938,2024-05-02,Delivered,Cash on Delivery,59.07
ORD10950,CUST2639,2025-04-06,Delivered,Cash on Delivery,159.58
ORD10951,CUST1041,2025-04-02,Delivered,Debit Card,90.5
ORD10952,CUST1024,2024-09-17,Shipped,Cash on Delivery,248.94
ORD10953,CUST2062,2024-12-31,Delivered,Cash on Delivery,450.48
ORD10954,CUST2826,2024-10-24,Returned,Debit Card,260.39
ORD10955,CUST1130,2025-05-14,Cancelled,Net Banking,432.37
ORD10956,CUST2521,2024-07-02,Delivered,Debit Card,197.23
ORD10957,CUST2252,2025-07-07,Cancelled,Credit Card,202.81
ORD10958,CUST1107,2025-10-16,Delivered,Debit Card,453.0
ORD10959,CUST1171,2025-08-21,Delivered,Credit Card,241.62
ORD10960,CUST2458,2025-08-25,Delivered,Debit Card,405.39
ORD10961,CUST2501,2025-08-11,Shipped,Credit Card,156.49
ORD10962,CUST1101,2025-07-07,Delivered,Credit Card,476.96
ORD10963,CUST1865,2025-08-01,Delivered,Debit Card,308.56
ORD10964,CUST1523,2024-05-13,Shipped,Cash on Delivery,391.7
ORD10965,CUST1274,2026-02-11,Delivered,UPI,90.28
ORD10966,CUST2636,2025-09-14,Delivered,Cash on Delivery,271.7
ORD10967,CUST2067,2026-01-06,Cancelled,Credit Card,455.47
ORD10968,CUST2978,2024-08-17,Returned,Debit Card,444.67
ORD10969,CUST1816,2026-01-27,Shipped,Debit Card,71.07
ORD10970,CUST1956,2024-05-17,Shipped,Debit Card,186.66
ORD10971,CUST2040,2025-09-05,Delivered,Debit Card,249.49
ORD10972,CUST1329,2024-03-07,Returned,UPI,127.52
ORD10973,CUST2592,2024-04-22,Delivered,Net Banking,378.5
ORD10974,CUST2846,2024-09-23,Delivered,Credit Card,133.03
ORD10975,CUST2520,2024-08-04,Delivered,UPI,205.99
ORD10976,CUST2838,2025-08-15,Delivered,Cash on Delivery,348.48
ORD10977,CUST1011,2026-01-25,Shipped,Net Banking,266.94
ORD10978,CUST2341,2024-06-04,Shipped,Net Banking,382.36
ORD10979,CUST2615,2026-02-15,Delivered,Debit Card,482.54
ORD10980,CUST1215,2024-06-01,Delivered,UPI,102.45
ORD10981,CUST1338,2024-11-08,Delivered,Cash on Delivery,369.31
ORD10982,CUST2799,2025-12-23,Returned,Debit Card,153.65
ORD10983,CUST1660,2025-12-22,Cancelled,Debit Card,236.51
ORD10984,CUST2104,2025-07-14,Delivered,Credit Card,64.79
ORD10985,CUST2750,2024-09-27,Delivered,Net Banking,111.16
ORD10986,CUST2508,2025-12-20,Delivered,Cash on Delivery,193.9
ORD10987,CUST1373,2025-06-20,Delivered,Net Banking,203.89
ORD10988,CUST1975,2025-05-23,Shipped,UPI,454.81
ORD10989,CUST1709,2025-10-10,Delivered,Credit Card,383.82
ORD10990,CUST2223,2024-04-12,Delivered,Debit Card,487.48
ORD10991,CUST2560,2025-04-11,Delivered,Credit Card,319.58
ORD10992,CUST1465,2025-10-10,Delivered,Debit Card,158.77
ORD10993,CUST2112,2024-10-02,Shipped,Credit Card,197.44
ORD10994,CUST2291,2024-06-02,Delivered,Debit Card,193.93
ORD10995,CUST2678,2026-01-17,Delivered,Net Banking,196.92
ORD10996,CUST2594,2024-04-18,Delivered,Net Banking,352.83
ORD10997,CUST2945,2024-07-28,Delivered,Net Banking,288.86
ORD10998,CUST1488,2024-12-02,Delivered,Net Banking,223.44
ORD10999,CUST2900,2024-05-13,Cancelled,Credit Card,117.09
ORD11000,CUST2561,2025-05-18,Delivered,Debit Card,59.96
ORD11001,CUST1046,2025-07-09,Delivered,Net Banking,148.48
ORD11002,CUST2311,2025-02-20,Delivered,Credit Card,98.36
ORD11003,CUST1777,2025-07-21,Delivered,Debit Card,403.45
ORD11004,CUST2039,2024-08-09,Delivered,Credit Card,100.62
ORD11005,CUST1710,2024-10-17,Delivered,Net Banking,375.9
ORD11006,CUST1400,2024-05-19,Returned,UPI,223.55
ORD11007,CUST2942,2025-02-12,Returned,Credit Card,83.02
ORD11008,CUST2817,2025-11-25,Delivered,Net Banking,415.73
ORD11009,CUST1980,2024-09-15,Delivered,Cash on Delivery,310.83
ORD11010,CUST2109,2024-07-08,Delivered,Debit Card,156.09
ORD11011,CUST1249,2024-04-30,Delivered,Net Banking,452.61
ORD11012,CUST1390,2025-06-25,Returned,Cash on Delivery,70.37
ORD11013,CUST2805,2025-05-18,Delivered,Credit Card,140.82
ORD11014,CUST1334,2024-12-14,Delivered,Credit Card,388.42
ORD11015,CUST1628,2025-05-14,Returned,Cash on Delivery,369.22
ORD11016,CUST2542,2024-08-05,Returned,Cash on Delivery,180.17
ORD11017,CUST1136,2024-04-27,Delivered,Debit Card,77.91
ORD11018,CUST1882,2024-06-16,Delivered,Credit Card,436.14
ORD11019,CUST1687,2024-07-26,Delivered,Cash on Delivery,191.16
ORD11020,CUST2863,2025-09-09,Delivered,UPI,138.07
ORD11021,CUST2521,2024-06-11,Shipped,UPI,282.23
ORD11022,CUST1826,2025-10-21,Returned,Cash on Delivery,459.6
ORD11023,CUST1726,2026-02-15,Cancelled,Debit Card,69.6
ORD11024,CUST2500,2025-04-26,Delivered,Credit Card,394.61
ORD11025,CUST1593,2024-09-21,Returned,UPI,307.61
ORD11026,CUST2246,2025-01-22,Delivered,Cash on Delivery,241.45
ORD11027,CUST1989,2025-05-22,Delivered,Cash on Delivery,384.84
ORD11028,CUST1371,2025-03-11,Delivered,Net Banking,484.62
ORD11029,CUST1934,2024-08-04,Delivered,Cash on Delivery,153.14
ORD11030,CUST1994,2024-11-10,Cancelled,Debit Card,114.64
ORD11031,CUST1401,2025-05-16,Delivered,UPI,460.8
ORD11032,CUST2466,2025-01-02,Delivered,Net Banking,351.03
ORD11033,CUST2513,2024-11-25,Delivered,UPI,247.09
ORD11034,CUST1614,2024-12-09,Delivered,UPI,307.97
ORD11035,CUST2296,2024-07-29,Delivered,Debit Card,385.53
ORD11036,CUST2549,2024-07-21,Delivered,Cash on Delivery,397.86
ORD11037,CUST2182,2024-03-16,Returned,Debit Card,463.95
ORD11038,CUST2175,2024-04-12,Delivered,Cash on Delivery,242.08
ORD11039,CUST1994,2025-04-21,Delivered,Net Banking,182.03
ORD11040,CUST1619,2024-05-15,Delivered,Debit Card,337.85
ORD11041,CUST1187,2025-03-10,Returned,Debit Card,237.08
ORD11042,CUST2836,2024-05-31,Delivered,Credit Card,317.57
ORD11043,CUST2121,2024-11-17,Delivered,Debit Card,238.99
ORD11044,CUST1130,2024-06-18,Delivered,Credit Card,118.85
ORD11045,CUST1804,2026-02-21,Delivered,Cash on Delivery,261.24
ORD11046,CUST2194,2025-12-26,Delivered,Cash on Delivery,360.91
ORD11047,CUST1935,2025-12-01,Cancelled,Cash on Delivery,409.68
ORD11048,CUST1985,2024-08-26,Delivered,Credit Card,272.0
ORD11049,CUST1182,2025-08-18,Delivered,Cash on Delivery,124.36
ORD11050,CUST1982,2025-06-29,Cancelled,UPI,236.61
ORD11051,CUST1363,2024-06-28,Delivered,Debit Card,403.83
ORD11052,CUST1038,2025-11-17,Delivered,Credit Card,235.79
ORD11053,CUST2550,2024-12-08,Delivered,Cash on Delivery,363.44
ORD11054,CUST2911,2026-01-11,Delivered,UPI,278.25
ORD11055,CUST1496,2025-08-08,Delivered,Debit Card,158.55
ORD11056,CUST2539,2025-03-23,Delivered,Debit Card,408.27
ORD11057,CUST2372,2024-09-27,Returned,Cash on Delivery,87.9
ORD11058,CUST1981,2026-01-11,Shipped,UPI,286.2
ORD11059,CUST1920,2025-05-11,Delivered,Credit Card,144.0
ORD11060,CUST2420,2025-01-14,Delivered,Cash on Delivery,80.18
ORD11061,CUST1721,2025-02-22,Delivered,Debit Card,276.32
ORD11062,CUST2184,2025-05-07,Returned,Debit Card,274.8
ORD11063,CUST1015,2025-05-25,Delivered,Debit Card,368.11
ORD11064,CUST1492,2025-09-01,Delivered,Cash on Delivery,385.14
ORD11065,CUST2449,2025-08-31,Cancelled,Net Banking,377.51
ORD11066,CUST2131,2024-03-04,Cancelled,Net Banking,234.3
ORD11067,CUST1893,2025-11-08,Returned,Net Banking,334.26
ORD11068,CUST2473,2025-09-07,Delivered,UPI,309.63
ORD11069,CUST1310,2025-05-28,Cancelled,Cash on Delivery,239.7
ORD11070,CUST1738,2025-08-06,Returned,Debit Card,318.75
ORD11071,CUST2193,2024-12-30,Delivered,UPI,476.26
ORD11072,CUST1545,2026-02-23,Delivered,Net Banking,136.8
ORD11073,CUST1413,2024-04-13,Delivered,Credit Card,457.6
ORD11074,CUST1250,2024-03-22,Shipped,UPI,74.05
ORD11075,CUST1758,2024-06-16,Delivered,UPI,188.78
ORD11076,CUST2804,2024-04-27,Delivered,Cash on Delivery,179.67
ORD11077,CUST2164,2025-02-15,Delivered,UPI,331.86
ORD11078,CUST2297,2024-11-18,Cancelled,Cash on Delivery,109.05
ORD11079,CUST2439,2025-10-11,Delivered,Credit Card,447.06
ORD11080,CUST2631,2025-09-06,Delivered,Debit Card,422.85
ORD11081,CUST2762,2024-07-15,Delivered,Debit Card,343.43
ORD11082,CUST2914,2024-05-16,Shipped,Net Banking,256.29
ORD11083,CUST2062,2024-08-15,Delivered,Net Banking,469.83
ORD11084,CUST1813,2024-04-27,Delivered,Credit Card,423.84
ORD11085,CUST1028,2026-01-30,Cancelled,Debit Card,274.69
ORD11086,CUST1957,2025-04-05,Delivered,Net Banking,365.84
ORD11087,CUST1476,2024-06-29,Shipped,UPI,305.12
ORD11088,CUST1317,2025-09-03,Delivered,Cash on Delivery,314.57
ORD11089,CUST1244,2024-07-07,Delivered,Net Banking,198.94
ORD11090,CUST1747,2024-03-23,Delivered,Credit Card,257.94
ORD11091,CUST1696,2024-09-03,Delivered,Debit Card,85.15
ORD11092,CUST1271,2024-11-26,Delivered,Credit Card,210.81
ORD11093,CUST2463,2025-04-27,Delivered,Cash on Delivery,363.12
ORD11094,CUST2771,2025-09-17,Cancelled,Cash on Delivery,478.95
ORD11095,CUST2262,2025-07-23,Delivered,Credit Card,483.38
ORD11096,CUST1376,2025-09-27,Delivered,Net Banking,300.08
ORD11097,CUST1265,2025-01-22,Delivered,Net Banking,322.98
ORD11098,CUST1925,2025-12-27,Shipped,Debit Card,133.57
ORD11099,CUST1920,2025-09-27,Delivered,Debit Card,362.89
ORD11100,CUST2382,2024-09-21,Delivered,UPI,81.8
ORD11101,CUST1339,2025-03-18,Delivered,UPI,178.11
ORD11102,CUST1388,2025-09-14,Delivered,Debit Card,350.76
ORD11103,CUST1576,2025-03-18,Delivered,UPI,189.64
ORD11104,CUST2712,2024-04-14,Shipped,Credit Card,72.43
ORD11105,CUST1002,2024-08-21,Delivered,Net Banking,424.34
ORD11106,CUST2452,2024-12-14,Returned,UPI,189.65
ORD11107,CUST2165,2025-10-30,Delivered,UPI,78.4
ORD11108,CUST1375,2025-07-07,Delivered,Credit Card,83.65
ORD11109,CUST2693,2026-01-11,Shipped,Cash on Delivery,163.29
ORD11110,CUST1323,2024-12-14,Delivered,Debit Card,130.11
ORD11111,CUST1145,2025-11-01,Shipped,Credit Card,398.44
ORD11112,CUST2981,2025-08-10,Delivered,Cash on Delivery,194.76
ORD11113,CUST1292,2026-02-04,Shipped,Credit Card,412.11
ORD11114,CUST2688,2024-08-02,Delivered,Net Banking,128.23
ORD11115,CUST1431,2024-04-04,Delivered,Credit Card,271.8
ORD11116,CUST1704,2025-12-01,Delivered,Credit Card,359.62
ORD11117,CUST1948,2025-08-05,Delivered,Net Banking,343.4
ORD11118,CUST2998,2025-05-04,Delivered,Debit Card,320.51
ORD11119,CUST1584,2025-01-15,Delivered,Cash on Delivery,466.17
ORD11120,CUST1398,2025-07-03,Delivered,UPI,152.84
ORD11121,CUST1816,2026-01-04,Delivered,Debit Card,272.17
ORD11122,CUST2912,2024-07-02,Cancelled,Credit Card,447.8
ORD11123,CUST2367,2025-12-22,Delivered,UPI,85.05
ORD11124,CUST1963,2025-07-19,Delivered,Net Banking,75.15
ORD11125,CUST2163,2024-07-13,Delivered,Debit Card,154.99
ORD11126,CUST1186,2025-10-08,Delivered,Cash on Delivery,334.86
ORD11127,CUST2828,2025-01-25,Delivered,Debit Card,166.95
ORD11128,CUST1060,2024-04-01,Delivered,Debit Card,135.61
ORD11129,CUST1938,2025-12-30,Shipped,UPI,256.46
ORD11130,CUST2403,2025-04-24,Returned,Net Banking,326.12
ORD11131,CUST1709,2024-10-24,Delivered,Net Banking,161.85
ORD11132,CUST1806,2024-12-01,Delivered,Debit Card,185.31
ORD11133,CUST2463,2025-03-20,Delivered,Net Banking,326.1
ORD11134,CUST2342,2025-12-13,Delivered,UPI,475.58
ORD11135,CUST2325,2025-03-10,Delivered,UPI,353.63
ORD11136,CUST2367,2024-08-09,Delivered,Cash on Delivery,402.31
ORD11137,CUST1010,2025-09-22,Delivered,Net Banking,215.06
ORD11138,CUST2085,2025-09-23,Delivered,Cash on Delivery,172.51
ORD11139,CUST2868,2024-04-10,Delivered,Credit Card,254.42
ORD11140,CUST1225,2024-05-09,Returned,UPI,413.21
ORD11141,CUST2176,2025-06-16,Delivered,Debit Card,255.33
ORD11142,CUST2734,2025-05-22,Returned,UPI,431.03
ORD11143,CUST1563,2024-09-02,Shipped,Credit Card,494.95
ORD11144,CUST1771,2025-05-24,Delivered,Debit Card,82.41
ORD11145,CUST2594,2025-04-21,Delivered,Net Banking,70.43
ORD11146,CUST2607,2024-03-30,Delivered,Net Banking,117.32
ORD11147,CUST2683,2025-09-19,Shipped,UPI,222.97
ORD11148,CUST2884,2024-03-02,Shipped,Debit Card,108.97
ORD11149,CUST2598,2025-09-07,Delivered,Debit Card,441.8
ORD11150,CUST2333,2025-06-24,Delivered,Cash on Delivery,60.42
ORD11151,CUST1884,2024-03-01,Cancelled,Credit Card,192.11
ORD11152,CUST2266,2025-08-18,Delivered,Net Banking,133.11
ORD11153,CUST2516,2024-07-29,Cancelled,UPI,469.19
ORD11154,CUST2389,2025-09-02,Shipped,Debit Card,351.27
ORD11155,CUST2353,2026-02-11,Delivered,Net Banking,460.41
ORD11156,CUST2130,2024-07-05,Delivered,UPI,487.55
ORD11157,CUST1225,2024-09-22,Delivered,Net Banking,273.69
ORD11158,CUST1824,2024-06-02,Delivered,UPI,155.44
ORD11159,CUST1217,2025-03-23,Delivered,Net Banking,137.18
ORD11160,CUST1936,2025-09-02,Cancelled,Cash on Delivery,150.31
ORD11161,CUST1752,2026-02-05,Shipped,Credit Card,368.87
ORD11162,CUST1505,2024-03-05,Shipped,Net Banking,68.2
ORD11163,CUST1258,2024-05-02,Delivered,Credit Card,73.11
ORD11164,CUST2911,2026-02-23,Returned,Net Banking,323.66
ORD11165,CUST2797,2025-09-02,Cancelled,Debit Card,338.93
ORD11166,CUST2540,2025-06-02,Delivered,Cash on Delivery,349.37
ORD11167,CUST2796,2025-07-31,Delivered,Cash on Delivery,217.35
ORD11168,CUST1053,2024-04-08,Delivered,Credit Card,412.68
ORD11169,CUST2070,2024-08-29,Shipped,Debit Card,290.13
ORD11170,CUST1726,2024-03-07,Delivered,UPI,97.46
ORD11171,CUST1688,2025-10-19,Cancelled,Cash on Delivery,408.69
ORD11172,CUST2544,2025-11-24,Delivered,Debit Card,478.88
ORD11173,CUST2122,2024-10-31,Cancelled,Debit Card,77.02
ORD11174,CUST2043,2025-04-29,Delivered,Credit Card,226.11
ORD11175,CUST2913,2025-12-19,Delivered,Debit Card,269.38
ORD11176,CUST2776,2024-06-12,Delivered,Debit Card,115.91
ORD11177,CUST2596,2025-08-22,Delivered,UPI,440.47
ORD11178,CUST2914,2025-08-22,Returned,Credit Card,177.87
ORD11179,CUST2513,2024-04-03,Delivered,Credit Card,402.35
ORD11180,CUST1418,2025-11-08,Delivered,Debit Card,351.95
ORD11181,CUST1689,2024-03-06,Delivered,UPI,319.12
ORD11182,CUST1849,2025-11-16,Delivered,Net Banking,136.46
ORD11183,CUST1061,2025-12-27,Delivered,Cash on Delivery,149.32
ORD11184,CUST2168,2025-08-07,Delivered,Credit Card,71.31
ORD11185,CUST1215,2025-03-20,Shipped,UPI,158.32
ORD11186,CUST1002,2025-05-02,Delivered,UPI,205.45
ORD11187,CUST1159,2025-02-04,Returned,Debit Card,424.92
ORD11188,CUST2762,2025-09-19,Shipped,Cash on Delivery,214.88
ORD11189,CUST1780,2025-06-08,Delivered,Credit Card,389.58
ORD11190,CUST2143,2024-08-28,Delivered,Net Banking,247.75
ORD11191,CUST1892,2026-01-22,Delivered,Debit Card,403.19
ORD11192,CUST2112,2024-03-27,Shipped,Credit Card,489.32
ORD11193,CUST1328,2024-08-09,Shipped,Credit Card,157.93
ORD11194,CUST1579,2025-07-21,Delivered,UPI,438.05
ORD11195,CUST2933,2025-10-14,Cancelled,Cash on Delivery,329.82
ORD11196,CUST2380,2025-06-28,Delivered,Net Banking,417.78
ORD11197,CUST2633,2025-12-02,Shipped,Cash on Delivery,343.21
ORD11198,CUST2290,2025-07-05,Shipped,UPI,240.78
ORD11199,CUST2640,2025-01-14,Delivered,Net Banking,152.63
ORD11200,CUST1951,2025-02-23,Delivered,Net Banking,81.52
ORD11201,CUST2346,2024-06-19,Delivered,Debit Card,290.98
ORD11202,CUST1634,2026-01-04,Delivered,Net Banking,495.65
ORD11203,CUST1987,2024-07-03,Returned,Credit Card,382.12
ORD11204,CUST2564,2025-10-28,Delivered,Cash on Delivery,197.31
ORD11205,CUST2672,2025-05-15,Delivered,Cash on Delivery,422.24
ORD11206,CUST2218,2026-02-12,Delivered,Debit Card,396.04
ORD11207,CUST1920,2024-05-22,Shipped,Net Banking,176.74
ORD11208,CUST1737,2026-02-08,Delivered,UPI,56.44
ORD11209,CUST2355,2025-10-11,Delivered,Credit Card,103.17
ORD11210,CUST1169,2025-09-07,Delivered,Debit Card,444.79
ORD11211,CUST1520,2025-08-23,Shipped,Net Banking,426.45
ORD11212,CUST2486,2024-06-10,Returned,UPI,182.84
ORD11213,CUST1039,2025-12-13,Delivered,Net Banking,178.34
ORD11214,CUST2560,2024-05-05,Delivered,Debit Card,406.79
ORD11215,CUST2284,2025-02-21,Delivered,UPI,471.98
ORD11216,CUST2418,2025-04-25,Delivered,UPI,400.61
ORD11217,CUST1954,2024-11-07,Delivered,UPI,322.51
ORD11218,CUST2249,2025-06-10,Shipped,UPI,159.2
ORD11219,CUST1983,2024-04-24,Delivered,Net Banking,286.59
ORD11220,CUST2147,2025-12-28,Returned,UPI,155.08
ORD11221,CUST1974,2024-04-30,Delivered,Net Banking,413.61
ORD11222,CUST1037,2026-01-20,Cancelled,UPI,224.13
ORD11223,CUST1327,2024-07-22,Cancelled,UPI,425.16
ORD11224,CUST2274,2025-02-03,Delivered,Debit Card,221.72
ORD11225,CUST2924,2025-12-20,Delivered,Net Banking,420.87
ORD11226,CUST2199,2025-06-30,Delivered,Net Banking,199.99
ORD11227,CUST2625,2024-03-23,Delivered,Cash on Delivery,248.06
ORD11228,CUST1913,2024-03-14,Delivered,Debit Card,326.97
ORD11229,CUST1453,2025-06-06,Delivered,Net Banking,81.63
ORD11230,CUST1036,2024-12-31,Shipped,Debit Card,476.69
ORD11231,CUST2339,2024-12-19,Delivered,Debit Card,308.12
ORD11232,CUST2711,2025-07-25,Returned,Debit Card,278.52
ORD11233,CUST1972,2024-09-29,Delivered,Credit Card,427.73
ORD11234,CUST1795,2025-07-05,Cancelled,Net Banking,439.59
ORD11235,CUST2988,2025-10-04,Delivered,Debit Card,285.02
ORD11236,CUST1972,2025-04-28,Returned,Credit Card,467.27
ORD11237,CUST1592,2026-02-07,Delivered,Credit Card,79.13
ORD11238,CUST2137,2025-09-11,Delivered,UPI,100.95
ORD11239,CUST2063,2025-04-24,Delivered,UPI,318.55
ORD11240,CUST2324,2024-12-03,Delivered,Net Banking,209.33
ORD11241,CUST1223,2024-08-15,Delivered,UPI,258.9
ORD11242,CUST1317,2024-12-30,Delivered,Net Banking,197.64
ORD11243,CUST1348,2024-11-21,Delivered,Credit Card,232.13
ORD11244,CUST1114,2024-06-03,Returned,Credit Card,420.19
ORD11245,CUST1697,2025-05-20,Delivered,Net Banking,317.06
ORD11246,CUST2346,2024-11-16,Delivered,UPI,498.81
ORD11247,CUST2591,2025-05-29,Cancelled,UPI,404.1
ORD11248,CUST2063,2024-05-12,Delivered,Net Banking,173.15
ORD11249,CUST2889,2026-02-05,Delivered,Cash on Delivery,168.96
ORD11250,CUST1039,2024-06-01,Delivered,UPI,201.15
ORD11251,CUST2882,2025-07-29,Shipped,Debit Card,429.47
ORD11252,CUST2996,2024-08-30,Returned,UPI,62.28
ORD11253,CUST2772,2026-02-25,Returned,Cash on Delivery,153.58
ORD11254,CUST2312,2024-07-01,Delivered,Credit Card,457.21
ORD11255,CUST2285,2026-02-21,Cancelled,Credit Card,337.95
ORD11256,CUST1215,2025-06-14,Delivered,Credit Card,152.08
ORD11257,CUST2170,2025-02-10,Delivered,UPI,148.62
ORD11258,CUST1335,2025-11-10,Delivered,Credit Card,438.18
ORD11259,CUST2191,2025-03-28,Delivered,Cash on Delivery,452.19
ORD11260,CUST1091,2024-09-19,Delivered,Cash on Delivery,165.26
ORD11261,CUST1352,2026-01-03,Delivered,UPI,239.23
ORD11262,CUST1570,2024-08-01,Delivered,Debit Card,425.57
ORD11263,CUST2594,2024-08-20,Delivered,UPI,396.95
ORD11264,CUST1815,2025-05-21,Cancelled,Credit Card,416.26
ORD11265,CUST2704,2025-07-08,Delivered,UPI,283.28
ORD11266,CUST1780,2024-06-16,Cancelled,Cash on Delivery,460.2
ORD11267,CUST1362,2024-11-20,Delivered,UPI,196.68
ORD11268,CUST1556,2025-10-13,Returned,UPI,120.5
ORD11269,CUST2368,2024-09-15,Delivered,Debit Card,368.93
ORD11270,CUST2716,2025-10-17,Delivered,Cash on Delivery,292.71
ORD11271,CUST2193,2024-11-10,Delivered,Net Banking,434.56
ORD11272,CUST1355,2025-05-14,Delivered,Net Banking,86.52
ORD11273,CUST1190,2026-01-10,Returned,Cash on Delivery,429.66
ORD11274,CUST2690,2024-11-24,Delivered,Net Banking,181.98
ORD11275,CUST1421,2025-06-02,Delivered,Credit Card,344.69
ORD11276,CUST1699,2024-05-01,Returned,Net Banking,68.06
ORD11277,CUST1006,2024-11-20,Delivered,Credit Card,324.31
ORD11278,CUST1132,2025-01-20,Delivered,Cash on Delivery,372.77
ORD11279,CUST2770,2025-01-03,Delivered,Net Banking,215.94
ORD11280,CUST1556,2024-06-18,Delivered,Net Banking,146.93
ORD11281,CUST1825,2025-06-27,Delivered,Credit Card,291.93
ORD11282,CUST1760,2024-10-29,Delivered,Credit Card,424.94
ORD11283,CUST2054,2025-11-24,Shipped,UPI,195.6
ORD11284,CUST1534,2024-06-04,Delivered,Debit Card,163.61
ORD11285,CUST1425,2024-07-12,Delivered,Net Banking,175.52
ORD11286,CUST2417,2025-08-30,Delivered,Debit Card,477.11
ORD11287,CUST1671,2025-09-02,Shipped,Debit Card,211.67
ORD11288,CUST1362,2024-09-17,Returned,Net Banking,51.62
ORD11289,CUST2460,2024-12-16,Delivered,Credit Card,401.76
ORD11290,CUST2693,2025-01-01,Cancelled,UPI,364.67
ORD11291,CUST2574,2025-09-02,Delivered,Cash on Delivery,107.86
ORD11292,CUST2950,2024-11-23,Delivered,Net Banking,493.21
ORD11293,CUST1081,2024-10-23,Delivered,Net Banking,323.63
ORD11294,CUST1355,2025-05-14,Delivered,Cash on Delivery,275.35
ORD11295,CUST2281,2025-06-06,Delivered,Debit Card,222.0
ORD11296,CUST2741,2025-02-17,Shipped,UPI,454.4
ORD11297,CUST1588,2024-07-25,Delivered,Debit Card,159.78
ORD11298,CUST2547,2025-07-31,Shipped,Cash on Delivery,178.6
ORD11299,CUST1294,2025-07-01,Delivered,Cash on Delivery,105.08
ORD11300,CUST2985,2024-07-01,Delivered,UPI,391.6
ORD11301,CUST2247,2024-12-11,Delivered,Cash on Delivery,318.0
ORD11302,CUST2548,2024-08-06,Delivered,Cash on Delivery,324.08
ORD11303,CUST2069,2025-06-16,Delivered,UPI,148.31
ORD11304,CUST2690,2025-05-11,Delivered,Net Banking,343.03
ORD11305,CUST2136,2025-12-12,Delivered,Debit Card,394.46
ORD11306,CUST2256,2024-08-16,Delivered,Net Banking,211.05
ORD11307,CUST1016,2024-10-27,Cancelled,Net Banking,410.61
ORD11308,CUST1359,2025-11-19,Delivered,Debit Card,206.96
ORD11309,CUST2246,2025-10-01,Delivered,Net Banking,391.16
ORD11310,CUST1865,2025-06-26,Delivered,UPI,65.18
ORD11311,CUST1699,2024-09-29,Shipped,Debit Card,298.02
ORD11312,CUST1447,2025-12-29,Cancelled,Credit Card,486.29
ORD11313,CUST1855,2025-03-26,Delivered,Net Banking,491.56
ORD11314,CUST1364,2024-07-15,Delivered,Cash on Delivery,176.79
ORD11315,CUST1674,2025-05-24,Delivered,Debit Card,248.63
ORD11316,CUST2007,2025-02-03,Shipped,Credit Card,78.34
ORD11317,CUST2349,2024-11-02,Delivered,Cash on Delivery,443.0
ORD11318,CUST1466,2024-08-23,Delivered,Credit Card,305.86
ORD11319,CUST1413,2025-10-19,Delivered,Net Banking,223.3
ORD11320,CUST2478,2024-11-02,Delivered,Cash on Delivery,100.75
ORD11321,CUST1585,2025-07-28,Shipped,Net Banking,476.05
ORD11322,CUST2256,2024-09-01,Delivered,Cash on Delivery,288.6
ORD11323,CUST2247,2026-01-21,Delivered,Debit Card,177.32
ORD11324,CUST1993,2025-04-08,Delivered,UPI,207.6
ORD11325,CUST2854,2025-11-13,Cancelled,UPI,171.81
ORD11326,CUST2435,2024-08-19,Cancelled,Credit Card,320.81
ORD11327,CUST1571,2024-06-04,Delivered,Cash on Delivery,468.48
ORD11328,CUST1334,2025-02-16,Delivered,Net Banking,435.51
ORD11329,CUST2245,2024-10-13,Returned,Debit Card,257.17
ORD11330,CUST1036,2025-01-22,Delivered,Debit Card,421.92
ORD11331,CUST1988,2026-02-26,Delivered,Debit Card,240.4
ORD11332,CUST1277,2025-10-21,Delivered,UPI,163.54
ORD11333,CUST2219,2024-06-11,Shipped,Net Banking,492.54
ORD11334,CUST1915,2025-03-28,Delivered,Debit Card,186.75
ORD11335,CUST2887,2024-04-19,Cancelled,Debit Card,195.68
ORD11336,CUST1483,2025-03-07,Delivered,Credit Card,495.36
ORD11337,CUST2265,2026-02-25,Delivered,Cash on Delivery,110.27
ORD11338,CUST2347,2026-02-01,Delivered,Cash on Delivery,392.24
ORD11339,CUST1730,2024-08-28,Delivered,Cash on Delivery,471.12
ORD11340,CUST1191,2026-02-18,Delivered,Credit Card,280.31
ORD11341,CUST2040,2024-11-02,Delivered,UPI,51.13
ORD11342,CUST1523,2025-05-02,Delivered,Credit Card,218.78
ORD11343,CUST1917,2025-05-11,Returned,Debit Card,100.21
ORD11344,CUST1400,2026-01-29,Shipped,Net Banking,237.28
ORD11345,CUST2929,2025-04-21,Delivered,Debit Card,405.51
ORD11346,CUST1885,2024-10-30,Delivered,Debit Card,247.42
ORD11347,CUST1704,2025-08-30,Delivered,Net Banking,244.37
ORD11348,CUST1021,2025-01-16,Delivered,Cash on Delivery,300.56
ORD11349,CUST1473,2025-03-09,Returned,Credit Card,311.76
ORD11350,CUST2143,2024-03-26,Delivered,UPI,435.33
ORD11351,CUST1209,2025-10-04,Delivered,Debit Card,188.76
ORD11352,CUST1305,2025-04-22,Cancelled,Debit Card,419.75
ORD11353,CUST2293,2025-05-28,Delivered,UPI,304.67
ORD11354,CUST1703,2024-07-04,Delivered,Credit Card,185.24
ORD11355,CUST1686,2025-10-26,Delivered,Debit Card,182.81
ORD11356,CUST1284,2025-05-15,Delivered,UPI,212.51
ORD11357,CUST1715,2024-06-23,Delivered,Debit Card,330.21
ORD11358,CUST2699,2026-01-11,Cancelled,Cash on Delivery,153.87
ORD11359,CUST1762,2024-11-30,Returned,Cash on Delivery,464.15
ORD11360,CUST2250,2025-11-04,Delivered,Debit Card,308.71
ORD11361,CUST1947,2024-07-11,Shipped,Debit Card,464.01
ORD11362,CUST1380,2026-01-24,Delivered,Cash on Delivery,70.88
ORD11363,CUST1459,2024-12-26,Cancelled,Debit Card,204.18
ORD11364,CUST2030,2024-06-04,Delivered,Credit Card,60.26
ORD11365,CUST1028,2025-11-02,Returned,Credit Card,172.51
ORD11366,CUST1906,2025-01-31,Shipped,Net Banking,437.9
ORD11367,CUST2056,2025-09-19,Delivered,Credit Card,66.47
ORD11368,CUST2669,2025-10-15,Shipped,Debit Card,246.27
ORD11369,CUST1878,2025-11-22,Returned,Debit Card,102.91
ORD11370,CUST1078,2025-09-23,Cancelled,UPI,237.58
ORD11371,CUST2951,2026-01-03,Delivered,Credit Card,427.48
ORD11372,CUST1946,2024-07-29,Returned,Cash on Delivery,330.38
ORD11373,CUST1458,2025-11-18,Returned,Cash on Delivery,381.54
ORD11374,CUST1569,2025-06-01,Delivered,Net Banking,207.1
ORD11375,CUST2561,2025-08-15,Shipped,UPI,474.98
ORD11376,CUST2505,2026-01-07,Delivered,Cash on Delivery,369.17
ORD11377,CUST2453,2025-01-24,Delivered,Net Banking,239.81
ORD11378,CUST1737,2024-05-19,Delivered,Credit Card,241.91
ORD11379,CUST2308,2025-07-12,Delivered,UPI,463.41
ORD11380,CUST1515,2024-06-16,Delivered,UPI,309.38
ORD11381,CUST2122,2026-01-03,Delivered,Debit Card,367.87
ORD11382,CUST1396,2025-09-22,Shipped,Credit Card,237.67
ORD11383,CUST2512,2025-07-10,Delivered,UPI,150.66
ORD11384,CUST1038,2025-08-29,Delivered,Net Banking,375.6
ORD11385,CUST2294,2024-07-31,Delivered,Cash on Delivery,323.52
ORD11386,CUST1886,2025-08-04,Delivered,Credit Card,275.6
ORD11387,CUST1796,2025-06-09,Shipped,Credit Card,330.81
ORD11388,CUST1156,2025-09-09,Delivered,UPI,143.73
ORD11389,CUST2098,2025-12-23,Returned,UPI,407.27
ORD11390,CUST1883,2024-12-12,Delivered,UPI,476.67
ORD11391,CUST2823,2024-06-06,Delivered,Net Banking,451.0
ORD11392,CUST2153,2025-11-23,Delivered,Debit Card,194.65
ORD11393,CUST2710,2024-03-31,Delivered,UPI,232.7
ORD11394,CUST1973,2024-08-26,Delivered,Debit Card,413.78
ORD11395,CUST2107,2025-03-25,Delivered,Debit Card,317.8
ORD11396,CUST2045,2025-05-17,Delivered,Credit Card,296.56
ORD11397,CUST2482,2025-07-10,Cancelled,Cash on Delivery,466.99
ORD11398,CUST2562,2024-03-22,Delivered,Cash on Delivery,291.21
ORD11399,CUST2730,2024-07-31,Delivered,Net Banking,281.72
ORD11400,CUST1848,2025-06-23,Delivered,Net Banking,68.91
ORD11401,CUST2405,2024-05-08,Delivered,Cash on Delivery,81.24
ORD11402,CUST1747,2025-11-25,Returned,Cash on Delivery,53.34
ORD11403,CUST2463,2025-07-30,Delivered,Credit Card,460.96
ORD11404,CUST2627,2025-11-01,Delivered,Credit Card,233.77
ORD11405,CUST1988,2025-11-24,Shipped,Cash on Delivery,260.85
ORD11406,CUST1020,2025-03-09,Delivered,UPI,430.42
ORD11407,CUST1302,2025-10-04,Delivered,UPI,324.16
ORD11408,CUST2999,2024-05-18,Delivered,Credit Card,324.28
ORD11409,CUST1868,2024-03-19,Delivered,Debit Card,183.44
ORD11410,CUST2978,2025-01-24,Returned,Cash on Delivery,425.26
ORD11411,CUST1083,2025-02-01,Returned,Net Banking,124.62
ORD11412,CUST2797,2024-07-06,Shipped,UPI,73.92
ORD11413,CUST2682,2024-04-12,Delivered,Debit Card,136.22
ORD11414,CUST2976,2025-06-04,Delivered,UPI,170.48
ORD11415,CUST2476,2025-09-18,Cancelled,Debit Card,177.04
ORD11416,CUST2410,2025-06-25,Delivered,Cash on Delivery,351.73
ORD11417,CUST2530,2024-07-26,Delivered,Cash on Delivery,148.02
ORD11418,CUST2280,2025-04-23,Delivered,Cash on Delivery,354.5
ORD11419,CUST1569,2025-05-07,Delivered,Credit Card,91.01
ORD11420,CUST2915,2024-07-20,Delivered,Debit Card,116.24
ORD11421,CUST1933,2025-09-10,Returned,Net Banking,278.97
ORD11422,CUST2550,2025-02-03,Returned,Net Banking,464.85
ORD11423,CUST2185,2025-11-02,Delivered,Cash on Delivery,436.81
ORD11424,CUST2980,2024-07-15,Delivered,Net Banking,485.94
ORD11425,CUST2186,2024-05-03,Delivered,UPI,342.72
ORD11426,CUST2855,2025-04-15,Returned,Debit Card,354.12
ORD11427,CUST2008,2025-02-02,Delivered,Debit Card,331.26
ORD11428,CUST1792,2024-09-03,Cancelled,Debit Card,330.27
ORD11429,CUST1791,2024-06-21,Delivered,UPI,116.2
ORD11430,CUST2547,2025-04-27,Delivered,Credit Card,294.68
ORD11431,CUST2809,2025-10-05,Delivered,UPI,223.73
ORD11432,CUST2294,2024-09-07,Cancelled,Debit Card,249.14
ORD11433,CUST1491,2025-01-21,Delivered,Debit Card,285.62
ORD11434,CUST1207,2024-11-15,Delivered,Debit Card,107.78
ORD11435,CUST2562,2025-08-27,Delivered,Net Banking,211.77
ORD11436,CUST2607,2024-08-25,Cancelled,Credit Card,78.55
ORD11437,CUST2083,2025-07-07,Returned,UPI,490.85
ORD11438,CUST1429,2025-07-12,Delivered,Debit Card,103.34
ORD11439,CUST1984,2024-04-11,Returned,Cash on Delivery,166.34
ORD11440,CUST2680,2025-05-30,Delivered,Credit Card,451.08
ORD11441,CUST2628,2026-01-19,Delivered,Cash on Delivery,267.22
ORD11442,CUST2332,2024-09-18,Delivered,Credit Card,111.04
ORD11443,CUST1519,2025-06-23,Delivered,Debit Card,222.9
ORD11444,CUST1590,2025-04-22,Cancelled,Credit Card,102.14
ORD11445,CUST2050,2024-03-02,Cancelled,Credit Card,140.1
ORD11446,CUST2709,2024-12-07,Delivered,Debit Card,73.41
ORD11447,CUST2585,2025-02-18,Delivered,Cash on Delivery,247.2
ORD11448,CUST1198,2024-08-30,Returned,Cash on Delivery,412.99
ORD11449,CUST1386,2026-01-22,Shipped,Net Banking,313.69
ORD11450,CUST1348,2025-09-08,Delivered,Cash on Delivery,322.86
ORD11451,CUST1959,2026-01-21,Shipped,Cash on Delivery,140.26
ORD11452,CUST2963,2024-07-27,Delivered,Credit Card,204.75
ORD11453,CUST1692,2024-03-08,Delivered,Net Banking,430.36
ORD11454,CUST2559,2026-02-12,Returned,Debit Card,89.54
ORD11455,CUST2851,2025-02-14,Delivered,Debit Card,436.07
ORD11456,CUST1377,2025-10-28,Delivered,UPI,267.66
ORD11457,CUST1898,2024-03-05,Delivered,Net Banking,426.72
ORD11458,CUST1915,2025-09-08,Returned,Credit Card,193.1
ORD11459,CUST2581,2024-03-27,Returned,UPI,202.48
ORD11460,CUST1526,2025-08-13,Delivered,UPI,388.22
ORD11461,CUST2176,2024-04-03,Delivered,Debit Card,403.25
ORD11462,CUST1733,2025-12-15,Delivered,Cash on Delivery,153.34
ORD11463,CUST1205,2025-08-01,Delivered,Credit Card,487.79
ORD11464,CUST1454,2024-12-19,Delivered,Net Banking,88.02
ORD11465,CUST2296,2025-01-06,Cancelled,UPI,80.83
ORD11466,CUST2917,2024-02-28,Delivered,Credit Card,317.98
ORD11467,CUST2259,2024-04-18,Delivered,Debit Card,375.23
ORD11468,CUST2875,2025-06-12,Delivered,UPI,482.4
ORD11469,CUST2763,2024-11-17,Delivered,UPI,232.23
ORD11470,CUST1520,2025-08-25,Shipped,Debit Card,61.38
ORD11471,CUST2701,2026-02-09,Delivered,Debit Card,321.3
ORD11472,CUST2967,2025-03-13,Delivered,Debit Card,180.36
ORD11473,CUST2016,2024-12-09,Delivered,Credit Card,244.83
ORD11474,CUST1955,2024-10-24,Delivered,Credit Card,269.81
ORD11475,CUST2854,2025-04-05,Delivered,Credit Card,79.03
ORD11476,CUST1725,2024-12-13,Delivered,Cash on Delivery,268.69
ORD11477,CUST2013,2026-01-20,Delivered,UPI,241.84
ORD11478,CUST1500,2024-12-06,Delivered,Credit Card,370.64
ORD11479,CUST1116,2024-11-20,Delivered,Cash on Delivery,340.55
ORD11480,CUST1385,2024-03-11,Delivered,UPI,133.35
ORD11481,CUST2367,2026-01-25,Shipped,Credit Card,142.76
ORD11482,CUST1583,2025-10-24,Delivered,Debit Card,162.95
ORD11483,CUST1394,2024-09-10,Delivered,Net Banking,130.53
ORD11484,CUST2087,2025-10-15,Delivered,Credit Card,345.75
ORD11485,CUST2740,2024-11-13,Delivered,Net Banking,497.49
ORD11486,CUST1720,2025-07-21,Cancelled,Credit Card,343.45
ORD11487,CUST1071,2025-11-15,Delivered,Debit Card,323.01
ORD11488,CUST2812,2025-08-21,Cancelled,Net Banking,234.47
ORD11489,CUST1273,2024-07-10,Delivered,Cash on Delivery,190.66
ORD11490,CUST2343,2024-04-22,Delivered,Debit Card,459.98
ORD11491,CUST1337,2025-08-24,Cancelled,Net Banking,486.05
ORD11492,CUST2389,2024-06-13,Delivered,Net Banking,273.55
ORD11493,CUST2518,2024-06-07,Delivered,Debit Card,180.59
ORD11494,CUST1606,2025-12-03,Delivered,Debit Card,396.55
ORD11495,CUST1165,2024-05-04,Cancelled,Debit Card,109.61
ORD11496,CUST2567,2025-08-09,Delivered,UPI,394.51
ORD11497,CUST1010,2025-08-24,Returned,Cash on Delivery,418.53
ORD11498,CUST2324,2024-05-25,Delivered,Credit Card,106.21
ORD11499,CUST1728,2025-12-28,Returned,Net Banking,489.59
ORD11500,CUST1800,2024-03-05,Delivered,Credit Card,493.48
ORD11501,CUST1101,2025-02-19,Cancelled,Debit Card,471.52
ORD11502,CUST2448,2024-10-20,Delivered,Cash on Delivery,273.22
ORD11503,CUST2415,2024-04-19,Shipped,Cash on Delivery,160.73
ORD11504,CUST1778,2024-08-21,Delivered,UPI,311.9
ORD11505,CUST1213,2026-02-08,Delivered,Debit Card,238.97
ORD11506,CUST2714,2025-04-10,Delivered,Net Banking,142.68
ORD11507,CUST2111,2026-02-08,Delivered,UPI,240.65
ORD11508,CUST2576,2024-08-18,Delivered,Debit Card,348.75
ORD11509,CUST1400,2024-04-29,Shipped,UPI,81.91
ORD11510,CUST1587,2024-03-29,Shipped,Credit Card,200.04
ORD11511,CUST1888,2025-07-08,Delivered,Debit Card,58.01
ORD11512,CUST2069,2025-02-14,Shipped,Net Banking,387.27
ORD11513,CUST2695,2024-04-02,Delivered,Net Banking,338.31
ORD11514,CUST2486,2025-01-22,Delivered,Debit Card,78.2
ORD11515,CUST1591,2025-10-30,Cancelled,UPI,484.13
ORD11516,CUST2333,2025-12-19,Delivered,Cash on Delivery,60.18
ORD11517,CUST2109,2026-02-18,Shipped,Debit Card,315.48
ORD11518,CUST1091,2025-02-11,Delivered,Net Banking,399.37
ORD11519,CUST2683,2025-12-30,Delivered,Credit Card,404.55
ORD11520,CUST1672,2025-04-21,Delivered,Net Banking,65.43
ORD11521,CUST1713,2025-06-24,Delivered,Cash on Delivery,457.89
ORD11522,CUST1935,2024-07-29,Delivered,Net Banking,463.3
ORD11523,CUST2951,2025-05-05,Shipped,Cash on Delivery,302.63
ORD11524,CUST1241,2025-02-16,Returned,Debit Card,266.94
ORD11525,CUST2888,2024-04-21,Cancelled,Net Banking,70.19
ORD11526,CUST1001,2024-12-09,Delivered,UPI,302.88
ORD11527,CUST1224,2026-01-17,Delivered,UPI,234.22
ORD11528,CUST1800,2025-12-26,Delivered,Net Banking,397.76
ORD11529,CUST2768,2024-10-26,Delivered,Net Banking,231.75
ORD11530,CUST2996,2025-04-29,Delivered,Credit Card,357.61
ORD11531,CUST2949,2025-02-24,Cancelled,Net Banking,95.63
ORD11532,CUST2952,2024-11-21,Delivered,Credit Card,109.83
ORD11533,CUST1588,2025-12-01,Delivered,Credit Card,112.87
ORD11534,CUST1115,2024-04-14,Delivered,Credit Card,70.49
ORD11535,CUST2689,2024-11-03,Delivered,Credit Card,293.6
ORD11536,CUST1917,2024-08-26,Delivered,Debit Card,407.29
ORD11537,CUST2126,2024-09-21,Shipped,UPI,324.69
ORD11538,CUST1193,2024-11-22,Delivered,Credit Card,308.73
ORD11539,CUST2189,2024-05-10,Returned,UPI,356.28
ORD11540,CUST1870,2024-03-21,Delivered,Credit Card,202.84
ORD11541,CUST1089,2024-07-28,Delivered,UPI,212.88
ORD11542,CUST2709,2025-12-20,Delivered,Net Banking,191.42
ORD11543,CUST1121,2025-02-02,Returned,Net Banking,370.45
ORD11544,CUST1142,2024-12-04,Cancelled,UPI,122.74
ORD11545,CUST1993,2024-07-26,Delivered,Credit Card,55.86
ORD11546,CUST1105,2025-05-29,Delivered,Debit Card,318.29
ORD11547,CUST1886,2024-09-14,Delivered,UPI,474.07
ORD11548,CUST1427,2024-03-05,Delivered,Cash on Delivery,324.23
ORD11549,CUST2328,2025-03-15,Shipped,Debit Card,402.31
ORD11550,CUST2895,2025-09-12,Delivered,Cash on Delivery,352.76
ORD11551,CUST2994,2024-05-21,Delivered,UPI,273.85
ORD11552,CUST1316,2025-01-13,Delivered,Credit Card,373.28
ORD11553,CUST2986,2024-07-25,Delivered,Cash on Delivery,420.85
ORD11554,CUST1634,2024-07-17,Delivered,UPI,151.13
ORD11555,CUST2925,2025-05-29,Delivered,Debit Card,201.26
ORD11556,CUST1008,2024-05-26,Cancelled,Credit Card,150.68
ORD11557,CUST1773,2025-10-16,Cancelled,Cash on Delivery,253.48
ORD11558,CUST2096,2025-09-01,Delivered,UPI,448.28
ORD11559,CUST2382,2025-02-25,Returned,Credit Card,205.34
ORD11560,CUST1222,2025-12-21,Delivered,Credit Card,218.51
ORD11561,CUST2439,2024-03-09,Delivered,Net Banking,437.17
ORD11562,CUST1552,2025-10-19,Delivered,Credit Card,281.92
ORD11563,CUST2393,2026-01-16,Delivered,UPI,290.95
ORD11564,CUST1715,2024-10-23,Delivered,Debit Card,437.36
ORD11565,CUST2287,2024-07-02,Delivered,Net Banking,270.74
ORD11566,CUST2863,2024-09-29,Delivered,UPI,356.7
ORD11567,CUST2713,2024-08-27,Shipped,UPI,88.54
ORD11568,CUST2883,2025-09-26,Delivered,UPI,130.38
ORD11569,CUST2341,2025-08-19,Delivered,Cash on Delivery,231.97
ORD11570,CUST2107,2024-09-11,Delivered,Cash on Delivery,272.68
ORD11571,CUST2341,2025-12-30,Delivered,Debit Card,484.58
ORD11572,CUST1110,2025-07-22,Delivered,UPI,486.79
ORD11573,CUST1250,2025-07-29,Returned,Cash on Delivery,433.04
ORD11574,CUST1382,2025-07-27,Delivered,Cash on Delivery,192.02
ORD11575,CUST1006,2025-12-02,Delivered,Cash on Delivery,483.81
ORD11576,CUST1458,2024-11-04,Delivered,Debit Card,360.2
ORD11577,CUST2107,2025-11-20,Delivered,Debit Card,226.82
ORD11578,CUST1207,2024-12-15,Delivered,UPI,365.75
ORD11579,CUST1899,2024-12-03,Delivered,Net Banking,57.44
ORD11580,CUST2413,2025-06-15,Delivered,UPI,115.77
ORD11581,CUST2337,2024-05-30,Delivered,Cash on Delivery,423.36
ORD11582,CUST1021,2025-12-16,Delivered,Cash on Delivery,340.51
ORD11583,CUST1409,2024-09-30,Shipped,Credit Card,213.89
ORD11584,CUST1894,2026-01-14,Delivered,UPI,275.3
ORD11585,CUST1514,2025-09-19,Returned,Cash on Delivery,457.31
ORD11586,CUST2150,2024-09-30,Cancelled,Cash on Delivery,334.21
ORD11587,CUST1808,2025-04-12,Delivered,Net Banking,229.17
ORD11588,CUST2723,2025-09-24,Delivered,Credit Card,104.15
ORD11589,CUST1873,2025-09-19,Delivered,UPI,182.19
ORD11590,CUST1013,2024-06-30,Delivered,Debit Card,490.25
ORD11591,CUST1970,2025-09-10,Delivered,UPI,246.81
ORD11592,CUST1977,2025-11-07,Cancelled,UPI,262.33
ORD11593,CUST2013,2025-07-13,Shipped,Net Banking,274.37
ORD11594,CUST2035,2025-05-20,Delivered,UPI,447.85
ORD11595,CUST1086,2024-08-14,Delivered,Net Banking,321.77
ORD11596,CUST2547,2025-04-21,Delivered,Net Banking,362.15
ORD11597,CUST1908,2024-07-15,Returned,Cash on Delivery,225.24
ORD11598,CUST2560,2025-01-11,Delivered,Debit Card,63.09
ORD11599,CUST2324,2024-11-22,Delivered,Net Banking,468.94
ORD11600,CUST2266,2025-04-28,Cancelled,Credit Card,477.11
ORD11601,CUST1121,2024-07-10,Delivered,Credit Card,477.12
ORD11602,CUST2170,2024-03-31,Shipped,Debit Card,474.66
ORD11603,CUST2590,2024-10-08,Delivered,Net Banking,416.86
ORD11604,CUST1749,2024-11-14,Delivered,Debit Card,358.07
ORD11605,CUST2379,2024-10-09,Shipped,Cash on Delivery,430.03
ORD11606,CUST1684,2024-09-13,Delivered,Credit Card,320.25
ORD11607,CUST2927,2024-09-04,Delivered,UPI,110.47
ORD11608,CUST2756,2025-07-23,Delivered,Credit Card,226.05
ORD11609,CUST2654,2026-01-04,Delivered,Net Banking,487.08
ORD11610,CUST1308,2024-12-07,Delivered,Debit Card,208.01
ORD11611,CUST1694,2025-04-22,Delivered,Credit Card,440.52
ORD11612,CUST1287,2026-01-13,Delivered,UPI,91.95
ORD11613,CUST1306,2025-04-25,Delivered,UPI,200.38
ORD11614,CUST2835,2025-04-15,Cancelled,Debit Card,207.93
ORD11615,CUST2617,2025-05-16,Returned,Debit Card,73.22
ORD11616,CUST2989,2024-04-13,Delivered,Credit Card,103.59
ORD11617,CUST1913,2025-05-01,Delivered,Net Banking,136.92
ORD11618,CUST2746,2024-08-28,Delivered,Cash on Delivery,427.02
ORD11619,CUST1661,2024-05-13,Delivered,UPI,78.53
ORD11620,CUST1548,2024-04-13,Cancelled,Debit Card,184.42
ORD11621,CUST2375,2024-08-15,Cancelled,Cash on Delivery,54.58
ORD11622,CUST1311,2025-01-30,Delivered,Cash on Delivery,363.03
ORD11623,CUST1872,2024-05-31,Delivered,Cash on Delivery,329.14
ORD11624,CUST2082,2026-02-26,Delivered,Net Banking,340.24
ORD11625,CUST2666,2024-03-07,Delivered,Debit Card,218.47
ORD11626,CUST1923,2024-08-05,Delivered,UPI,143.72
ORD11627,CUST2737,2024-12-06,Shipped,Debit Card,374.14
ORD11628,CUST1754,2024-10-03,Cancelled,Credit Card,415.0
ORD11629,CUST1034,2025-05-18,Delivered,UPI,112.37
ORD11630,CUST1444,2024-05-27,Delivered,Debit Card,269.07
ORD11631,CUST1092,2024-06-12,Shipped,UPI,161.92
ORD11632,CUST2973,2025-10-05,Delivered,Credit Card,125.65
ORD11633,CUST2982,2025-10-21,Delivered,UPI,380.45
ORD11634,CUST2230,2024-03-19,Delivered,Cash on Delivery,292.14
ORD11635,CUST1352,2024-11-13,Returned,Net Banking,147.28
ORD11636,CUST1902,2025-02-24,Delivered,Credit Card,189.5
ORD11637,CUST2355,2025-10-07,Delivered,UPI,484.99
ORD11638,CUST2840,2025-04-26,Returned,Credit Card,431.91
ORD11639,CUST1861,2025-05-11,Returned,Cash on Delivery,445.98
ORD11640,CUST2748,2026-01-06,Shipped,Net Banking,257.01
ORD11641,CUST1158,2026-02-04,Delivered,Credit Card,330.71
ORD11642,CUST2977,2025-11-28,Delivered,Cash on Delivery,219.55
ORD11643,CUST1956,2024-11-23,Cancelled,Cash on Delivery,84.97
ORD11644,CUST1023,2025-01-25,Cancelled,Cash on Delivery,230.48
ORD11645,CUST1403,2024-03-13,Delivered,UPI,317.29
ORD11646,CUST1804,2025-11-28,Delivered,Debit Card,179.21
ORD11647,CUST1515,2024-05-14,Cancelled,Credit Card,431.58
ORD11648,CUST1731,2024-09-16,Cancelled,Debit Card,118.0
ORD11649,CUST2387,2026-01-02,Delivered,Cash on Delivery,215.21
ORD11650,CUST2405,2025-04-04,Delivered,Debit Card,106.21
ORD11651,CUST1531,2024-05-29,Delivered,Cash on Delivery,232.17
ORD11652,CUST1955,2024-03-23,Delivered,Cash on Delivery,67.85
ORD11653,CUST1151,2025-03-10,Delivered,Net Banking,172.65
ORD11654,CUST2585,2026-01-12,Delivered,Net Banking,230.33
ORD11655,CUST2712,2025-07-29,Delivered,Debit Card,265.17
ORD11656,CUST1946,2024-10-02,Delivered,Credit Card,294.66
ORD11657,CUST1607,2025-03-04,Delivered,Debit Card,173.75
ORD11658,CUST2640,2026-02-13,Returned,Credit Card,285.37
ORD11659,CUST1419,2024-08-09,Delivered,Debit Card,279.05
ORD11660,CUST2273,2025-04-04,Delivered,UPI,192.28
ORD11661,CUST2140,2025-07-25,Returned,UPI,423.59
ORD11662,CUST1865,2026-02-25,Delivered,Credit Card,295.54
ORD11663,CUST2535,2025-08-23,Shipped,Net Banking,199.52
ORD11664,CUST2763,2025-08-04,Returned,Credit Card,476.3
ORD11665,CUST1577,2024-08-20,Delivered,Debit Card,430.3
ORD11666,CUST1334,2024-07-02,Shipped,Cash on Delivery,492.16
ORD11667,CUST2441,2024-05-31,Delivered,UPI,361.51
ORD11668,CUST1931,2026-01-27,Delivered,Cash on Delivery,220.2
ORD11669,CUST2797,2024-09-03,Delivered,UPI,176.39
ORD11670,CUST1294,2025-06-13,Delivered,Debit Card,348.49
ORD11671,CUST2961,2026-01-21,Shipped,UPI,491.37
ORD11672,CUST1754,2025-04-04,Delivered,Credit Card,332.02
ORD11673,CUST2394,2025-07-15,Delivered,Cash on Delivery,446.73
ORD11674,CUST1185,2024-03-30,Delivered,Cash on Delivery,198.1
ORD11675,CUST2269,2025-03-01,Delivered,Debit Card,233.13
ORD11676,CUST1636,2025-08-31,Delivered,Cash on Delivery,457.82
ORD11677,CUST2291,2025-07-02,Delivered,Debit Card,390.59
ORD11678,CUST2666,2025-12-01,Returned,Net Banking,491.63
ORD11679,CUST2260,2024-06-03,Delivered,Credit Card,398.64
ORD11680,CUST1529,2024-05-24,Returned,UPI,251.83
ORD11681,CUST2575,2025-08-07,Delivered,UPI,288.98
ORD11682,CUST1020,2025-05-04,Cancelled,UPI,455.23
ORD11683,CUST1910,2024-12-08,Cancelled,Net Banking,298.24
ORD11684,CUST2760,2024-09-12,Delivered,Credit Card,164.93
ORD11685,CUST1866,2025-11-25,Delivered,Cash on Delivery,246.03
ORD11686,CUST1793,2024-08-09,Returned,Cash on Delivery,282.34
ORD11687,CUST2543,2025-10-26,Delivered,Credit Card,93.52
ORD11688,CUST1099,2024-04-18,Shipped,Credit Card,384.69
ORD11689,CUST1751,2025-04-01,Delivered,UPI,99.21
ORD11690,CUST1477,2024-08-31,Delivered,Cash on Delivery,232.21
ORD11691,CUST2622,2025-05-27,Delivered,Credit Card,412.08
ORD11692,CUST2321,2025-08-23,Shipped,Cash on Delivery,260.41
ORD11693,CUST1939,2024-04-22,Delivered,Credit Card,428.91
ORD11694,CUST1525,2025-04-28,Returned,Debit Card,203.85
ORD11695,CUST1333,2025-05-07,Returned,UPI,480.94
ORD11696,CUST1001,2024-07-16,Delivered,Credit Card,144.26
ORD11697,CUST1374,2026-01-15,Delivered,Net Banking,67.22
ORD11698,CUST1292,2024-10-09,Cancelled,Credit Card,442.59
ORD11699,CUST1836,2025-02-25,Delivered,Debit Card,388.49
ORD11700,CUST2957,2025-07-03,Cancelled,Net Banking,154.39
ORD11701,CUST2004,2024-11-13,Delivered,Net Banking,493.13
ORD11702,CUST1552,2025-03-31,Delivered,Credit Card,276.03
ORD11703,CUST1317,2024-09-21,Cancelled,Debit Card,477.98
ORD11704,CUST2525,2024-07-23,Delivered,Net Banking,277.26
ORD11705,CUST2851,2024-05-15,Delivered,UPI,262.34
ORD11706,CUST1380,2025-04-01,Delivered,UPI,252.11
ORD11707,CUST2646,2026-01-05,Delivered,Cash on Delivery,200.69
ORD11708,CUST1013,2025-05-03,Delivered,Cash on Delivery,290.17
ORD11709,CUST1503,2025-03-24,Returned,Debit Card,253.65
ORD11710,CUST1230,2024-08-13,Delivered,Net Banking,66.54
ORD11711,CUST2107,2025-03-13,Delivered,UPI,167.2
ORD11712,CUST1129,2025-05-09,Delivered,UPI,145.91
ORD11713,CUST2766,2025-08-16,Delivered,Debit Card,440.35
ORD11714,CUST1837,2024-06-08,Delivered,Net Banking,319.49
ORD11715,CUST2168,2024-05-22,Shipped,Debit Card,393.66
ORD11716,CUST1890,2025-11-16,Cancelled,Credit Card,480.57
ORD11717,CUST2880,2024-12-14,Delivered,UPI,339.82
ORD11718,CUST1027,2025-09-04,Delivered,Debit Card,492.17
ORD11719,CUST1065,2024-07-17,Delivered,Debit Card,190.29
ORD11720,CUST2186,2026-01-10,Delivered,Credit Card,133.82
ORD11721,CUST2252,2024-07-31,Delivered,Cash on Delivery,231.49
ORD11722,CUST1260,2025-06-19,Delivered,UPI,261.86
ORD11723,CUST2472,2024-06-22,Delivered,Debit Card,452.91
ORD11724,CUST2447,2025-01-14,Delivered,UPI,301.97
ORD11725,CUST1459,2026-02-23,Delivered,Cash on Delivery,181.48
ORD11726,CUST2975,2025-02-16,Shipped,Debit Card,384.19
ORD11727,CUST2699,2025-04-28,Delivered,Credit Card,277.62
ORD11728,CUST1300,2025-06-04,Delivered,UPI,122.96
ORD11729,CUST1918,2024-10-16,Delivered,Credit Card,309.57
ORD11730,CUST2326,2026-02-16,Delivered,Cash on Delivery,460.13
ORD11731,CUST1286,2025-07-02,Cancelled,Cash on Delivery,429.18
ORD11732,CUST2418,2025-04-04,Delivered,UPI,314.06
ORD11733,CUST2033,2024-03-05,Delivered,Cash on Delivery,219.69
ORD11734,CUST2730,2024-08-26,Delivered,Net Banking,89.14
ORD11735,CUST1629,2025-03-23,Cancelled,UPI,261.34
ORD11736,CUST1269,2025-01-28,Delivered,Net Banking,388.44
ORD11737,CUST1591,2024-10-05,Delivered,Cash on Delivery,212.12
ORD11738,CUST2993,2025-05-06,Delivered,UPI,155.95
ORD11739,CUST2628,2025-09-14,Delivered,Net Banking,469.12
ORD11740,CUST2801,2025-12-21,Delivered,Cash on Delivery,419.7
ORD11741,CUST1843,2024-06-07,Delivered,Debit Card,337.22
ORD11742,CUST1861,2025-12-13,Delivered,Debit Card,111.55
ORD11743,CUST2384,2024-03-24,Returned,Credit Card,115.21
ORD11744,CUST2280,2024-10-13,Delivered,Debit Card,96.45
ORD11745,CUST1132,2024-10-02,Delivered,Net Banking,327.33
ORD11746,CUST2299,2025-11-03,Delivered,Debit Card,102.0
ORD11747,CUST2799,2024-03-06,Shipped,UPI,429.18
ORD11748,CUST2706,2025-11-16,Delivered,UPI,496.83
ORD11749,CUST1971,2025-06-09,Cancelled,UPI,214.86
ORD11750,CUST1512,2026-01-10,Delivered,Debit Card,254.15
ORD11751,CUST1312,2024-11-18,Delivered,Debit Card,370.25
ORD11752,CUST1575,2025-09-04,Delivered,Credit Card,471.72
ORD11753,CUST1885,2025-07-05,Delivered,Cash on Delivery,452.34
ORD11754,CUST2307,2025-01-02,Shipped,Credit Card,75.92
ORD11755,CUST2144,2025-12-06,Shipped,Net Banking,126.08
ORD11756,CUST2130,2025-02-01,Delivered,UPI,389.57
ORD11757,CUST2956,2025-01-13,Delivered,Debit Card,360.0
ORD11758,CUST1686,2024-03-02,Shipped,Cash on Delivery,109.95
ORD11759,CUST2227,2024-07-25,Delivered,Cash on Delivery,275.93
ORD11760,CUST1164,2024-11-08,Delivered,Debit Card,401.37
ORD11761,CUST1304,2024-10-12,Delivered,Credit Card,148.45
ORD11762,CUST2520,2024-11-17,Delivered,Cash on Delivery,442.08
ORD11763,CUST2655,2025-12-06,Delivered,Credit Card,73.84
ORD11764,CUST2579,2024-09-30,Delivered,Debit Card,401.99
ORD11765,CUST2847,2025-02-01,Delivered,Credit Card,327.12
ORD11766,CUST1155,2024-08-30,Delivered,UPI,191.84
ORD11767,CUST2390,2024-08-02,Delivered,Debit Card,374.42
ORD11768,CUST2742,2024-12-14,Delivered,Debit Card,402.06
ORD11769,CUST2925,2025-01-27,Returned,Cash on Delivery,470.25
ORD11770,CUST1619,2024-05-28,Delivered,Cash on Delivery,215.5
ORD11771,CUST2274,2024-10-09,Delivered,Cash on Delivery,358.71
ORD11772,CUST1956,2025-10-28,Shipped,UPI,321.18
ORD11773,CUST2939,2024-04-15,Shipped,UPI,286.34
ORD11774,CUST2905,2025-12-06,Delivered,Net Banking,450.69
ORD11775,CUST1333,2025-07-08,Delivered,Debit Card,51.43
ORD11776,CUST2665,2025-09-16,Cancelled,Cash on Delivery,176.95
ORD11777,CUST1968,2025-06-04,Returned,Debit Card,292.22
ORD11778,CUST1510,2024-06-04,Shipped,Credit Card,130.23
ORD11779,CUST2316,2024-08-24,Returned,UPI,458.54
ORD11780,CUST2043,2024-05-15,Delivered,Net Banking,341.42
ORD11781,CUST1281,2024-07-25,Delivered,Credit Card,265.05
ORD11782,CUST1796,2026-01-28,Delivered,Debit Card,416.62
ORD11783,CUST2024,2025-12-27,Delivered,UPI,252.9
ORD11784,CUST1118,2025-08-29,Delivered,Cash on Delivery,301.39
ORD11785,CUST2058,2024-07-01,Delivered,Credit Card,51.24
ORD11786,CUST1197,2025-07-25,Delivered,UPI,214.57
ORD11787,CUST1484,2024-10-15,Cancelled,Debit Card,112.46
ORD11788,CUST2780,2025-01-26,Delivered,Debit Card,360.36
ORD11789,CUST2082,2024-09-12,Delivered,Credit Card,265.56
ORD11790,CUST1836,2024-07-26,Delivered,Credit Card,185.79
ORD11791,CUST2184,2024-08-03,Delivered,Credit Card,260.52
ORD11792,CUST2008,2025-02-24,Cancelled,Net Banking,144.33
ORD11793,CUST1690,2025-12-18,Delivered,Cash on Delivery,466.29
ORD11794,CUST2229,2024-11-24,Shipped,UPI,74.29
ORD11795,CUST2035,2026-01-28,Delivered,Debit Card,439.44
ORD11796,CUST1489,2025-05-26,Delivered,Debit Card,280.11
ORD11797,CUST1275,2025-10-31,Delivered,Cash on Delivery,328.53
ORD11798,CUST1692,2024-11-12,Delivered,Credit Card,186.17
ORD11799,CUST1241,2025-07-31,Returned,Credit Card,485.01
ORD11800,CUST2239,2024-10-29,Delivered,Debit Card,176.83
ORD11801,CUST2274,2024-04-26,Returned,Cash on Delivery,315.0
ORD11802,CUST2834,2025-01-09,Delivered,Debit Card,497.04
ORD11803,CUST1125,2025-09-21,Returned,Credit Card,446.49
ORD11804,CUST1216,2025-04-03,Delivered,UPI,291.35
ORD11805,CUST2329,2025-02-23,Returned,Credit Card,495.67
ORD11806,CUST2820,2024-06-12,Delivered,UPI,365.62
ORD11807,CUST2208,2024-07-14,Delivered,Net Banking,143.92
ORD11808,CUST2062,2025-12-21,Delivered,Cash on Delivery,232.52
ORD11809,CUST2246,2024-09-13,Shipped,Net Banking,200.52
ORD11810,CUST2207,2024-07-09,Delivered,Credit Card,204.81
ORD11811,CUST1494,2025-01-29,Delivered,Cash on Delivery,392.21
ORD11812,CUST1426,2024-03-21,Returned,Credit Card,312.92
ORD11813,CUST2201,2025-12-11,Delivered,Cash on Delivery,67.14
ORD11814,CUST1918,2024-05-12,Delivered,Cash on Delivery,444.85
ORD11815,CUST2451,2024-12-08,Delivered,Credit Card,183.56
ORD11816,CUST2317,2026-01-31,Delivered,Credit Card,498.68
ORD11817,CUST2875,2025-02-13,Shipped,Cash on Delivery,479.39
ORD11818,CUST1150,2024-05-14,Cancelled,Cash on Delivery,473.24
ORD11819,CUST1383,2025-08-27,Delivered,Credit Card,415.01
ORD11820,CUST2661,2026-02-06,Shipped,Credit Card,149.28
ORD11821,CUST2836,2024-03-23,Delivered,Debit Card,289.68
ORD11822,CUST1307,2025-02-17,Delivered,Debit Card,150.94
ORD11823,CUST2359,2024-03-26,Delivered,Debit Card,166.85
ORD11824,CUST2969,2024-06-18,Delivered,Net Banking,324.93
ORD11825,CUST1745,2024-03-16,Delivered,Cash on Delivery,68.38
ORD11826,CUST1891,2025-06-21,Shipped,UPI,486.26
ORD11827,CUST1374,2025-12-01,Cancelled,Net Banking,463.4
ORD11828,CUST2031,2025-07-06,Delivered,Cash on Delivery,221.35
ORD11829,CUST2364,2025-09-21,Delivered,UPI,281.94
ORD11830,CUST1128,2024-11-24,Cancelled,Debit Card,259.75
ORD11831,CUST2014,2024-07-08,Shipped,UPI,446.99
ORD11832,CUST2799,2025-03-22,Returned,Credit Card,359.87
ORD11833,CUST1668,2025-01-12,Delivered,Credit Card,175.15
ORD11834,CUST2375,2025-10-07,Cancelled,Cash on Delivery,251.08
ORD11835,CUST2381,2025-07-09,Delivered,Net Banking,243.03
ORD11836,CUST1516,2025-12-25,Delivered,Debit Card,481.7
ORD11837,CUST2518,2024-06-29,Delivered,Cash on Delivery,128.89
ORD11838,CUST1085,2025-06-29,Delivered,Debit Card,90.31
ORD11839,CUST2198,2025-10-15,Delivered,Credit Card,446.28
ORD11840,CUST2825,2025-07-29,Delivered,Net Banking,453.51
ORD11841,CUST2216,2024-12-04,Delivered,Net Banking,442.28
ORD11842,CUST1310,2025-07-12,Cancelled,Credit Card,279.94
ORD11843,CUST2142,2025-06-19,Delivered,UPI,346.88
ORD11844,CUST2241,2025-01-31,Delivered,Net Banking,303.51
ORD11845,CUST1426,2024-08-18,Delivered,UPI,81.25
ORD11846,CUST2993,2025-05-18,Shipped,Debit Card,318.13
ORD11847,CUST2437,2025-06-19,Delivered,Net Banking,56.13
ORD11848,CUST1113,2025-05-30,Delivered,Credit Card,196.24
ORD11849,CUST2168,2025-01-08,Delivered,UPI,469.53
ORD11850,CUST2561,2026-01-16,Returned,Debit Card,186.82
ORD11851,CUST2671,2024-08-18,Shipped,Debit Card,472.92
ORD11852,CUST1302,2024-03-08,Delivered,Net Banking,162.56
ORD11853,CUST1743,2025-09-07,Delivered,Net Banking,191.55
ORD11854,CUST2904,2025-02-28,Shipped,Cash on Delivery,332.78
ORD11855,CUST1587,2024-07-26,Delivered,Cash on Delivery,392.73
ORD11856,CUST1986,2025-02-14,Delivered,Net Banking,275.62
ORD11857,CUST2863,2024-10-26,Delivered,Cash on Delivery,446.95
ORD11858,CUST1344,2024-03-15,Delivered,Credit Card,68.11
ORD11859,CUST1813,2024-08-08,Delivered,Credit Card,464.99
ORD11860,CUST2987,2024-12-13,Delivered,Cash on Delivery,138.34
ORD11861,CUST1800,2024-11-24,Delivered,Net Banking,447.91
ORD11862,CUST2024,2026-02-25,Shipped,Credit Card,230.39
ORD11863,CUST2170,2025-10-07,Delivered,Debit Card,424.74
ORD11864,CUST2310,2025-07-10,Returned,Net Banking,352.25
ORD11865,CUST2999,2024-10-09,Delivered,UPI,129.17
ORD11866,CUST2677,2024-08-10,Delivered,UPI,463.12
ORD11867,CUST2076,2026-01-18,Delivered,Net Banking,160.48
ORD11868,CUST2327,2026-01-01,Shipped,Cash on Delivery,159.86
ORD11869,CUST2092,2024-03-31,Cancelled,Credit Card,416.38
ORD11870,CUST1360,2024-06-29,Delivered,Credit Card,97.64
ORD11871,CUST2625,2024-09-26,Returned,Net Banking,149.92
ORD11872,CUST2981,2024-11-01,Delivered,Debit Card,276.65
ORD11873,CUST2243,2025-01-05,Shipped,Cash on Delivery,423.71
ORD11874,CUST2985,2025-08-25,Cancelled,Debit Card,116.37
ORD11875,CUST2009,2025-09-09,Shipped,Net Banking,296.45
ORD11876,CUST1703,2025-02-08,Delivered,Net Banking,370.06
ORD11877,CUST2989,2025-04-19,Delivered,Debit Card,437.27
ORD11878,CUST1574,2025-02-14,Delivered,UPI,471.0
ORD11879,CUST2608,2024-09-23,Delivered,Net Banking,403.09
ORD11880,CUST2184,2025-08-02,Delivered,Cash on Delivery,343.77
ORD11881,CUST2704,2025-09-05,Delivered,Debit Card,245.13
ORD11882,CUST2112,2025-06-02,Delivered,UPI,100.45
ORD11883,CUST1687,2025-09-11,Delivered,Debit Card,369.38
ORD11884,CUST1780,2025-03-26,Delivered,UPI,496.73
ORD11885,CUST1584,2025-04-14,Delivered,UPI,381.54
ORD11886,CUST2780,2024-07-13,Shipped,Cash on Delivery,57.52
ORD11887,CUST1588,2025-01-20,Delivered,Net Banking,273.32
ORD11888,CUST2182,2025-12-17,Delivered,UPI,326.59
ORD11889,CUST1488,2025-08-14,Cancelled,Net Banking,360.35
ORD11890,CUST1970,2024-03-14,Delivered,Cash on Delivery,373.88
ORD11891,CUST2347,2026-02-03,Delivered,Net Banking,301.15
ORD11892,CUST2633,2024-12-25,Delivered,Credit Card,150.51
ORD11893,CUST2404,2024-09-02,Delivered,UPI,473.99
ORD11894,CUST2125,2024-11-02,Shipped,Cash on Delivery,363.5
ORD11895,CUST1493,2025-03-27,Delivered,Debit Card,156.58
ORD11896,CUST2667,2025-01-26,Delivered,Cash on Delivery,195.04
ORD11897,CUST2637,2024-05-27,Delivered,UPI,464.87
ORD11898,CUST1018,2025-04-25,Delivered,Cash on Delivery,449.37
ORD11899,CUST2477,2025-09-09,Cancelled,Debit Card,232.32
ORD11900,CUST2505,2025-03-13,Delivered,Credit Card,67.24
ORD11901,CUST2617,2024-10-01,Delivered,UPI,71.82
ORD11902,CUST1396,2025-01-24,Delivered,UPI,177.76
ORD11903,CUST2000,2025-06-13,Delivered,Cash on Delivery,333.1
ORD11904,CUST2302,2024-06-18,Delivered,Net Banking,312.89
ORD11905,CUST1850,2024-07-24,Returned,Net Banking,335.22
ORD11906,CUST2388,2025-10-01,Cancelled,Debit Card,372.78
ORD11907,CUST2354,2025-07-31,Shipped,Credit Card,58.56
ORD11908,CUST2664,2024-05-20,Returned,Credit Card,97.29
ORD11909,CUST2367,2025-12-30,Delivered,Cash on Delivery,211.77
ORD11910,CUST1821,2025-11-07,Delivered,Cash on Delivery,119.69
ORD11911,CUST1454,2025-12-21,Cancelled,Net Banking,83.89
ORD11912,CUST2624,2025-12-20,Returned,Credit Card,338.43
ORD11913,CUST1724,2024-11-03,Cancelled,Credit Card,416.9
ORD11914,CUST2678,2024-12-04,Delivered,Credit Card,388.68
ORD11915,CUST2088,2024-11-24,Delivered,Debit Card,417.67
ORD11916,CUST2099,2025-09-06,Returned,Debit Card,349.64
ORD11917,CUST1710,2025-06-28,Cancelled,Cash on Delivery,380.91
ORD11918,CUST1142,2024-03-26,Shipped,Net Banking,172.3
ORD11919,CUST1916,2025-06-18,Delivered,UPI,496.85
ORD11920,CUST2938,2024-03-03,Delivered,Net Banking,132.42
ORD11921,CUST1827,2024-06-07,Delivered,Debit Card,146.52
ORD11922,CUST1604,2025-12-22,Cancelled,Debit Card,180.01
ORD11923,CUST2496,2026-02-14,Delivered,Cash on Delivery,488.9
ORD11924,CUST2440,2024-10-29,Delivered,UPI,494.73
ORD11925,CUST1304,2025-04-29,Shipped,Credit Card,407.7
ORD11926,CUST1735,2026-02-05,Delivered,UPI,333.08
ORD11927,CUST2520,2025-01-03,Returned,UPI,284.03
ORD11928,CUST1290,2024-10-02,Delivered,UPI,486.78
ORD11929,CUST2963,2024-12-21,Returned,Cash on Delivery,363.03
ORD11930,CUST1101,2025-07-22,Delivered,Debit Card,475.13
ORD11931,CUST2290,2024-08-07,Shipped,Credit Card,192.45
ORD11932,CUST1866,2025-09-01,Shipped,UPI,200.2
ORD11933,CUST1967,2024-05-17,Delivered,Credit Card,434.63
ORD11934,CUST2645,2025-08-21,Delivered,UPI,117.43
ORD11935,CUST1973,2025-04-17,Delivered,Debit Card,475.67
ORD11936,CUST1841,2024-05-10,Delivered,Credit Card,278.36
ORD11937,CUST1961,2025-01-23,Returned,Net Banking,466.89
ORD11938,CUST1941,2024-03-03,Delivered,Debit Card,201.56
ORD11939,CUST2800,2025-10-21,Delivered,Credit Card,372.18
ORD11940,CUST2026,2024-04-20,Delivered,UPI,267.29
ORD11941,CUST1084,2025-04-12,Returned,UPI,332.06
ORD11942,CUST2817,2025-09-28,Shipped,Debit Card,276.97
ORD11943,CUST1327,2024-08-29,Delivered,Debit Card,485.2
ORD11944,CUST1815,2025-02-16,Delivered,UPI,361.45
ORD11945,CUST2473,2024-11-22,Delivered,Credit Card,163.09
ORD11946,CUST1453,2025-07-21,Delivered,Net Banking,459.35
ORD11947,CUST2947,2024-06-13,Delivered,Cash on Delivery,182.31
ORD11948,CUST1628,2026-01-01,Delivered,Debit Card,217.22
ORD11949,CUST2244,2025-11-18,Delivered,UPI,95.96
ORD11950,CUST2177,2025-12-31,Delivered,Credit Card,454.98
ORD11951,CUST1664,2026-02-07,Delivered,Debit Card,178.75
ORD11952,CUST1011,2025-04-07,Delivered,Credit Card,166.51
ORD11953,CUST2156,2024-11-27,Delivered,Debit Card,464.12
ORD11954,CUST1303,2024-09-20,Cancelled,UPI,412.49
ORD11955,CUST2316,2025-12-26,Cancelled,Credit Card,113.49
ORD11956,CUST1974,2024-03-10,Delivered,UPI,396.2
ORD11957,CUST2323,2025-08-07,Delivered,Credit Card,460.86
ORD11958,CUST2763,2024-04-10,Cancelled,Debit Card,85.33
ORD11959,CUST1782,2025-09-28,Shipped,Cash on Delivery,421.35
ORD11960,CUST1042,2024-06-14,Delivered,Cash on Delivery,296.34
ORD11961,CUST1943,2026-02-12,Delivered,Net Banking,351.14
ORD11962,CUST1342,2024-04-17,Delivered,Net Banking,271.78
ORD11963,CUST2349,2025-12-21,Delivered,UPI,364.01
ORD11964,CUST2837,2026-01-04,Delivered,Credit Card,65.34
ORD11965,CUST1497,2025-10-12,Delivered,Net Banking,393.22
ORD11966,CUST1363,2024-09-01,Delivered,Debit Card,65.0
ORD11967,CUST1890,2025-11-11,Delivered,Cash on Delivery,254.88
ORD11968,CUST1426,2024-11-06,Delivered,Credit Card,117.93
ORD11969,CUST2004,2025-09-23,Delivered,Cash on Delivery,420.61
ORD11970,CUST1020,2025-07-13,Delivered,Credit Card,191.15
ORD11971,CUST1406,2025-10-17,Delivered,Net Banking,254.34
ORD11972,CUST1618,2025-07-12,Delivered,Net Banking,242.94
ORD11973,CUST2014,2024-12-23,Returned,UPI,397.63
ORD11974,CUST1335,2024-05-04,Delivered,Credit Card,266.51
ORD11975,CUST2838,2026-01-30,Cancelled,Debit Card,405.03
ORD11976,CUST2140,2025-05-24,Shipped,Net Banking,83.08
ORD11977,CUST2147,2024-07-23,Delivered,UPI,136.22
ORD11978,CUST1398,2024-05-10,Delivered,Net Banking,298.19
ORD11979,CUST1792,2025-02-01,Delivered,Cash on Delivery,476.19
ORD11980,CUST2827,2025-02-05,Returned,Net Banking,83.64
ORD11981,CUST1714,2024-12-27,Shipped,Credit Card,69.39
ORD11982,CUST1050,2024-06-02,Cancelled,UPI,120.45
ORD11983,CUST2806,2024-11-30,Delivered,Credit Card,338.52
ORD11984,CUST1323,2025-10-30,Delivered,Debit Card,229.55
ORD11985,CUST1788,2025-01-06,Delivered,Debit Card,421.5
ORD11986,CUST1140,2025-09-23,Delivered,Net Banking,82.37
ORD11987,CUST1469,2025-12-28,Delivered,UPI,138.39
ORD11988,CUST1786,2024-07-12,Delivered,UPI,185.01
ORD11989,CUST2825,2025-05-09,Cancelled,UPI,332.03
ORD11990,CUST2357,2025-10-10,Delivered,UPI,358.33
ORD11991,CUST2916,2024-06-30,Delivered,Net Banking,105.89
ORD11992,CUST1963,2026-02-19,Delivered,Credit Card,474.71
ORD11993,CUST2007,2025-01-05,Returned,Net Banking,203.47
ORD11994,CUST1372,2024-07-24,Cancelled,Credit Card,370.93
ORD11995,CUST2587,2025-10-02,Delivered,Cash on Delivery,285.89
ORD11996,CUST1493,2024-10-30,Delivered,Cash on Delivery,150.24
ORD11997,CUST2562,2024-03-07,Delivered,Credit Card,430.8
ORD11998,CUST2692,2024-12-19,Shipped,Net Banking,418.21
ORD11999,CUST1750,2024-07-16,Delivered,Debit Card,228.23
ORD12000,CUST2179,2024-12-12,Delivered,Net Banking,314.87
ORD12001,CUST1290,2024-07-30,Delivered,Debit Card,166.02
ORD12002,CUST2671,2024-08-10,Delivered,Net Banking,360.43
ORD12003,CUST2167,2025-05-03,Returned,UPI,189.06
ORD12004,CUST1105,2025-08-14,Delivered,UPI,429.84
ORD12005,CUST2443,2024-09-09,Delivered,Cash on Delivery,147.82
ORD12006,CUST1669,2025-12-21,Delivered,Cash on Delivery,56.66
ORD12007,CUST2681,2024-03-27,Delivered,Credit Card,170.83
ORD12008,CUST1001,2024-11-21,Shipped,Debit Card,135.97
ORD12009,CUST2968,2025-10-03,Delivered,UPI,278.73
ORD12010,CUST1588,2025-06-26,Returned,Net Banking,141.67
ORD12011,CUST1643,2024-07-05,Cancelled,Credit Card,393.44
ORD12012,CUST1089,2024-05-25,Delivered,Net Banking,158.62
ORD12013,CUST2368,2024-08-06,Delivered,UPI,368.14
ORD12014,CUST1349,2025-06-08,Delivered,UPI,310.31
ORD12015,CUST2482,2024-07-23,Cancelled,UPI,493.81
ORD12016,CUST2286,2024-12-16,Delivered,UPI,499.96
ORD12017,CUST2374,2024-08-18,Delivered,Net Banking,441.29
ORD12018,CUST2131,2026-02-26,Delivered,Credit Card,391.99
ORD12019,CUST2609,2025-10-14,Cancelled,UPI,223.91
ORD12020,CUST2062,2024-11-11,Delivered,Cash on Delivery,388.97
ORD12021,CUST1908,2024-07-30,Delivered,Credit Card,480.5
ORD12022,CUST1158,2025-03-28,Delivered,Cash on Delivery,60.52
ORD12023,CUST2606,2025-01-17,Delivered,Net Banking,292.06
ORD12024,CUST1958,2025-04-04,Returned,UPI,148.1
ORD12025,CUST1311,2024-08-28,Delivered,Credit Card,301.04
ORD12026,CUST2264,2025-01-13,Returned,UPI,259.9
ORD12027,CUST2961,2025-12-27,Delivered,UPI,309.1
ORD12028,CUST1444,2025-08-07,Delivered,Credit Card,297.93
ORD12029,CUST1297,2025-08-15,Delivered,UPI,482.05
ORD12030,CUST1951,2024-09-03,Delivered,UPI,298.48
ORD12031,CUST1035,2024-03-16,Delivered,Debit Card,430.8
ORD12032,CUST2107,2024-04-28,Delivered,Debit Card,193.92
ORD12033,CUST2475,2024-03-13,Delivered,Credit Card,247.15
ORD12034,CUST2909,2024-10-27,Delivered,Credit Card,261.69
ORD12035,CUST2798,2025-12-12,Delivered,UPI,175.43
ORD12036,CUST2845,2025-03-04,Shipped,Cash on Delivery,220.91
ORD12037,CUST2408,2026-01-29,Delivered,Credit Card,319.33
ORD12038,CUST2195,2024-03-14,Delivered,UPI,311.08
ORD12039,CUST2399,2024-03-06,Delivered,Cash on Delivery,336.4
ORD12040,CUST2708,2025-10-28,Cancelled,Debit Card,208.32
ORD12041,CUST2385,2024-04-09,Cancelled,Credit Card,192.12
ORD12042,CUST1558,2025-01-24,Delivered,UPI,325.23
ORD12043,CUST1890,2024-05-13,Returned,Debit Card,109.79
ORD12044,CUST1140,2024-03-02,Delivered,Net Banking,163.86
ORD12045,CUST1886,2024-10-12,Delivered,Debit Card,68.96
ORD12046,CUST2941,2024-05-11,Returned,UPI,82.67
ORD12047,CUST2141,2025-06-19,Returned,Cash on Delivery,159.52
ORD12048,CUST2300,2026-01-12,Delivered,Net Banking,58.79
ORD12049,CUST1725,2024-08-02,Returned,Net Banking,160.43
ORD12050,CUST2243,2024-03-17,Delivered,Net Banking,344.74
ORD12051,CUST2928,2025-12-22,Returned,Credit Card,77.5
ORD12052,CUST2049,2025-11-22,Delivered,UPI,246.53
ORD12053,CUST1520,2026-01-20,Delivered,Net Banking,460.9
ORD12054,CUST2806,2025-07-19,Delivered,Debit Card,406.08
ORD12055,CUST1009,2025-08-18,Delivered,Cash on Delivery,187.45
ORD12056,CUST1983,2024-09-01,Delivered,UPI,466.16
ORD12057,CUST1377,2024-06-17,Delivered,Debit Card,198.34
ORD12058,CUST2656,2025-11-17,Delivered,Credit Card,82.63
ORD12059,CUST2660,2025-01-30,Delivered,Net Banking,497.33
ORD12060,CUST1681,2024-08-26,Delivered,Debit Card,441.51
ORD12061,CUST1583,2025-12-17,Delivered,UPI,259.67
ORD12062,CUST1151,2024-03-03,Delivered,Debit Card,349.87
ORD12063,CUST1719,2024-07-13,Cancelled,Credit Card,352.05
ORD12064,CUST2072,2024-08-20,Returned,Cash on Delivery,137.52
ORD12065,CUST2177,2025-12-20,Cancelled,Net Banking,140.02
ORD12066,CUST1858,2026-01-23,Delivered,UPI,261.31
ORD12067,CUST2316,2025-09-13,Cancelled,Net Banking,460.21
ORD12068,CUST2603,2025-09-27,Delivered,Net Banking,54.5
ORD12069,CUST1049,2025-10-19,Delivered,Net Banking,402.13
ORD12070,CUST1663,2025-09-06,Delivered,Debit Card,75.89
ORD12071,CUST1530,2025-04-30,Returned,Debit Card,265.2
ORD12072,CUST2635,2024-08-07,Delivered,Cash on Delivery,337.04
ORD12073,CUST2083,2025-11-03,Delivered,Credit Card,359.04
ORD12074,CUST2190,2024-06-30,Delivered,UPI,76.32
ORD12075,CUST2225,2026-01-20,Returned,Debit Card,238.37
ORD12076,CUST1856,2024-05-23,Delivered,Net Banking,312.73
ORD12077,CUST1145,2024-12-14,Delivered,Credit Card,79.72
ORD12078,CUST1914,2025-06-08,Delivered,UPI,110.79
ORD12079,CUST2699,2025-10-29,Delivered,UPI,348.64
ORD12080,CUST2993,2025-01-28,Delivered,UPI,284.74
ORD12081,CUST1992,2025-05-22,Delivered,UPI,122.82
ORD12082,CUST2462,2024-08-31,Returned,Cash on Delivery,290.86
ORD12083,CUST1241,2025-10-30,Delivered,UPI,460.71
ORD12084,CUST1580,2024-07-01,Delivered,Credit Card,57.01
ORD12085,CUST1686,2025-05-09,Delivered,Debit Card,339.19
ORD12086,CUST2584,2024-10-19,Delivered,Credit Card,83.14
ORD12087,CUST1482,2024-10-15,Delivered,Net Banking,52.9
ORD12088,CUST2131,2025-02-10,Delivered,Cash on Delivery,117.79
ORD12089,CUST2249,2025-11-22,Delivered,Cash on Delivery,240.31
ORD12090,CUST1672,2025-09-26,Cancelled,Net Banking,411.05
ORD12091,CUST1630,2025-04-21,Delivered,Credit Card,176.8
ORD12092,CUST1660,2024-07-21,Delivered,Credit Card,331.55
ORD12093,CUST1661,2024-08-19,Returned,Net Banking,235.02
ORD12094,CUST2455,2024-04-24,Delivered,UPI,155.45
ORD12095,CUST1804,2026-01-06,Cancelled,UPI,281.41
ORD12096,CUST2678,2025-05-30,Delivered,Debit Card,408.86
ORD12097,CUST1418,2025-07-04,Delivered,Credit Card,424.62
ORD12098,CUST1987,2025-06-26,Returned,Credit Card,430.93
ORD12099,CUST2478,2025-09-20,Delivered,Net Banking,202.35
ORD12100,CUST2183,2025-02-14,Delivered,Net Banking,407.06
ORD12101,CUST2546,2025-07-06,Cancelled,UPI,145.48
ORD12102,CUST1649,2024-04-04,Delivered,Credit Card,382.29
ORD12103,CUST1968,2024-09-05,Delivered,Credit Card,476.77
ORD12104,CUST1589,2024-06-29,Delivered,Cash on Delivery,56.18
ORD12105,CUST2100,2024-10-31,Returned,Debit Card,248.16
ORD12106,CUST1508,2025-05-26,Shipped,Debit Card,341.5
ORD12107,CUST1440,2024-09-27,Delivered,UPI,365.8
ORD12108,CUST2277,2024-10-20,Delivered,Credit Card,129.24
ORD12109,CUST1920,2024-06-22,Shipped,Cash on Delivery,487.48
ORD12110,CUST1769,2025-08-17,Delivered,Credit Card,326.87
ORD12111,CUST2343,2025-08-24,Delivered,Net Banking,123.95
ORD12112,CUST2826,2025-04-09,Cancelled,UPI,59.24
ORD12113,CUST1262,2025-02-07,Returned,Debit Card,402.47
ORD12114,CUST2620,2024-10-06,Returned,Credit Card,85.87
ORD12115,CUST2681,2025-09-23,Delivered,UPI,113.47
ORD12116,CUST2858,2024-07-10,Delivered,Debit Card,308.67
ORD12117,CUST2577,2024-06-18,Delivered,Credit Card,321.58
ORD12118,CUST2397,2024-07-13,Delivered,Cash on Delivery,359.1
ORD12119,CUST1636,2024-11-30,Delivered,UPI,227.08
ORD12120,CUST2190,2024-05-06,Cancelled,Credit Card,398.25
ORD12121,CUST2960,2025-11-12,Delivered,Debit Card,488.46
ORD12122,CUST2776,2025-06-20,Returned,Debit Card,171.99
ORD12123,CUST1458,2025-01-07,Delivered,Cash on Delivery,366.36
ORD12124,CUST1998,2025-08-25,Delivered,UPI,467.81
ORD12125,CUST2303,2024-04-27,Delivered,UPI,358.83
ORD12126,CUST1699,2024-06-12,Delivered,Credit Card,356.5
ORD12127,CUST1301,2024-07-09,Delivered,Debit Card,150.7
ORD12128,CUST2554,2025-05-21,Shipped,Debit Card,290.81
ORD12129,CUST2603,2024-05-11,Returned,Cash on Delivery,303.14
ORD12130,CUST2241,2025-01-06,Delivered,Cash on Delivery,365.06
ORD12131,CUST2125,2025-01-31,Delivered,UPI,498.57
ORD12132,CUST1553,2025-04-17,Shipped,Debit Card,65.14
ORD12133,CUST1287,2024-06-18,Delivered,Credit Card,79.35
ORD12134,CUST2190,2024-06-14,Delivered,Net Banking,85.08
ORD12135,CUST1620,2025-05-07,Delivered,Credit Card,384.34
ORD12136,CUST2005,2025-10-13,Shipped,Cash on Delivery,111.36
ORD12137,CUST1035,2025-10-14,Delivered,Credit Card,330.1
ORD12138,CUST1743,2025-07-21,Delivered,Debit Card,196.1
ORD12139,CUST2764,2025-01-15,Shipped,UPI,255.79
ORD12140,CUST1352,2025-03-21,Delivered,Net Banking,147.05
ORD12141,CUST2699,2025-11-09,Delivered,UPI,439.75
ORD12142,CUST2922,2024-03-22,Delivered,Net Banking,313.77
ORD12143,CUST1072,2024-09-07,Returned,Net Banking,475.05
ORD12144,CUST1647,2025-04-23,Delivered,Debit Card,308.57
ORD12145,CUST2376,2024-10-30,Shipped,Debit Card,105.76
ORD12146,CUST2914,2024-12-09,Delivered,Cash on Delivery,126.89
ORD12147,CUST2093,2025-03-18,Delivered,Cash on Delivery,495.08
ORD12148,CUST1424,2025-11-11,Shipped,Net Banking,376.5
ORD12149,CUST1998,2024-06-01,Delivered,Cash on Delivery,72.18
ORD12150,CUST1707,2025-04-21,Delivered,Debit Card,366.7
ORD12151,CUST2804,2025-09-23,Delivered,Cash on Delivery,235.48
ORD12152,CUST1560,2024-07-20,Delivered,Net Banking,188.24
ORD12153,CUST1827,2026-02-21,Delivered,UPI,119.33
ORD12154,CUST2665,2025-05-25,Delivered,Credit Card,427.96
ORD12155,CUST1955,2025-02-03,Delivered,Cash on Delivery,78.73
ORD12156,CUST1516,2025-11-27,Returned,Debit Card,180.43
ORD12157,CUST1427,2024-03-07,Delivered,UPI,187.87
ORD12158,CUST2562,2024-07-23,Shipped,Debit Card,122.41
ORD12159,CUST1159,2024-03-04,Delivered,Cash on Delivery,278.68
ORD12160,CUST1148,2024-05-12,Delivered,Net Banking,55.27
ORD12161,CUST1775,2025-12-07,Delivered,Credit Card,185.44
ORD12162,CUST2253,2024-05-10,Delivered,Credit Card,470.13
ORD12163,CUST2735,2025-10-20,Delivered,UPI,189.74
ORD12164,CUST2585,2025-09-01,Cancelled,Credit Card,212.21
ORD12165,CUST1066,2024-12-13,Shipped,Net Banking,262.92
ORD12166,CUST2013,2025-02-25,Shipped,Debit Card,302.76
ORD12167,CUST2835,2024-09-05,Delivered,Net Banking,413.92
ORD12168,CUST1380,2024-10-22,Returned,UPI,135.64
ORD12169,CUST1057,2024-10-13,Delivered,UPI,442.29
ORD12170,CUST2282,2025-03-29,Delivered,Credit Card,390.9
ORD12171,CUST1341,2025-06-19,Returned,Net Banking,375.19
ORD12172,CUST2861,2024-12-25,Delivered,Debit Card,89.06
ORD12173,CUST2153,2025-05-04,Delivered,Net Banking,59.74
ORD12174,CUST1726,2024-03-30,Delivered,Debit Card,317.31
ORD12175,CUST2195,2025-02-12,Delivered,Debit Card,438.41
ORD12176,CUST1769,2025-11-23,Cancelled,Net Banking,313.0
ORD12177,CUST1613,2024-06-22,Delivered,Cash on Delivery,145.96
ORD12178,CUST2232,2025-06-30,Shipped,Net Banking,90.73
ORD12179,CUST2826,2025-11-11,Delivered,Debit Card,364.82
ORD12180,CUST1353,2025-08-01,Delivered,UPI,374.8
ORD12181,CUST2494,2025-02-21,Delivered,UPI,127.64
ORD12182,CUST2821,2024-11-23,Delivered,Credit Card,62.69
ORD12183,CUST1115,2025-12-18,Delivered,UPI,233.73
ORD12184,CUST2287,2024-10-22,Cancelled,Cash on Delivery,312.22
ORD12185,CUST1661,2024-03-18,Returned,Debit Card,367.7
ORD12186,CUST2835,2025-05-31,Shipped,Net Banking,414.48
ORD12187,CUST2465,2025-08-10,Returned,Net Banking,324.74
ORD12188,CUST2571,2025-04-16,Returned,Cash on Delivery,99.9
ORD12189,CUST1452,2025-08-29,Delivered,UPI,357.16
ORD12190,CUST2868,2025-11-07,Returned,Debit Card,492.88
ORD12191,CUST2500,2025-02-04,Delivered,UPI,457.51
ORD12192,CUST1286,2025-07-30,Delivered,Credit Card,442.25
ORD12193,CUST2326,2024-08-27,Delivered,UPI,185.98
ORD12194,CUST2016,2025-09-20,Delivered,Credit Card,387.85
ORD12195,CUST1310,2024-07-23,Delivered,Net Banking,433.0
ORD12196,CUST1207,2024-12-01,Shipped,Debit Card,355.25
ORD12197,CUST1617,2024-03-26,Delivered,Credit Card,162.75
ORD12198,CUST1445,2024-09-21,Delivered,UPI,479.23
ORD12199,CUST1669,2024-08-24,Delivered,UPI,252.87
ORD12200,CUST1632,2024-08-03,Delivered,Net Banking,108.41
ORD12201,CUST1054,2025-11-07,Delivered,Cash on Delivery,99.4
ORD12202,CUST1911,2025-10-31,Delivered,Cash on Delivery,341.38
ORD12203,CUST2035,2024-08-28,Delivered,UPI,246.97
ORD12204,CUST1656,2025-02-18,Delivered,Cash on Delivery,92.52
ORD12205,CUST2423,2025-05-06,Cancelled,Debit Card,383.16
ORD12206,CUST2931,2025-11-28,Cancelled,Cash on Delivery,409.7
ORD12207,CUST2671,2025-03-05,Delivered,Debit Card,376.44
ORD12208,CUST1979,2024-11-16,Delivered,UPI,141.02
ORD12209,CUST1514,2025-05-17,Delivered,UPI,360.4
ORD12210,CUST2679,2024-07-04,Cancelled,UPI,54.83
ORD12211,CUST2565,2024-10-25,Delivered,Net Banking,187.3
ORD12212,CUST1236,2025-09-02,Delivered,Cash on Delivery,229.47
ORD12213,CUST2302,2025-02-28,Cancelled,Credit Card,425.86
ORD12214,CUST1347,2024-08-29,Delivered,Credit Card,225.68
ORD12215,CUST1626,2025-09-12,Delivered,UPI,55.07
ORD12216,CUST2127,2025-10-21,Delivered,Cash on Delivery,208.56
ORD12217,CUST1629,2024-08-26,Shipped,Debit Card,274.52
ORD12218,CUST2540,2025-10-04,Returned,Credit Card,477.05
ORD12219,CUST2895,2025-02-10,Cancelled,UPI,473.47
ORD12220,CUST2271,2025-05-30,Delivered,Credit Card,131.39
ORD12221,CUST1363,2025-10-24,Delivered,Credit Card,133.32
ORD12222,CUST1320,2025-06-21,Shipped,Credit Card,123.52
ORD12223,CUST2656,2026-01-02,Shipped,UPI,405.01
ORD12224,CUST1285,2025-06-22,Delivered,UPI,52.71
ORD12225,CUST1148,2024-08-14,Returned,Net Banking,107.23
ORD12226,CUST2107,2024-11-14,Delivered,Net Banking,292.08
ORD12227,CUST2989,2025-03-20,Delivered,Net Banking,161.4
ORD12228,CUST1405,2025-09-02,Delivered,Credit Card,91.56
ORD12229,CUST1977,2024-08-30,Delivered,Cash on Delivery,211.95
ORD12230,CUST1455,2025-09-13,Shipped,UPI,173.39
ORD12231,CUST2766,2026-02-10,Delivered,Net Banking,280.0
ORD12232,CUST1799,2025-01-27,Delivered,Cash on Delivery,490.66
ORD12233,CUST2184,2024-07-14,Shipped,Net Banking,105.94
ORD12234,CUST2012,2024-08-24,Shipped,Net Banking,217.73
ORD12235,CUST1783,2025-02-16,Delivered,Cash on Delivery,469.39
ORD12236,CUST1459,2025-08-17,Delivered,Net Banking,444.59
ORD12237,CUST2573,2026-01-07,Delivered,Credit Card,227.42
ORD12238,CUST2523,2024-11-19,Delivered,Credit Card,364.53
ORD12239,CUST1737,2025-08-03,Shipped,Credit Card,89.54
ORD12240,CUST1508,2025-10-06,Shipped,Debit Card,370.64
ORD12241,CUST2677,2024-11-01,Delivered,Net Banking,487.79
ORD12242,CUST2827,2025-12-14,Delivered,Debit Card,291.87
ORD12243,CUST1480,2024-05-09,Delivered,UPI,274.32
ORD12244,CUST2686,2024-08-08,Shipped,Cash on Delivery,134.29
ORD12245,CUST1113,2024-08-24,Delivered,UPI,335.2
ORD12246,CUST1748,2025-08-30,Delivered,Debit Card,315.7
ORD12247,CUST2601,2024-12-21,Delivered,Credit Card,343.37
ORD12248,CUST1360,2024-04-05,Delivered,Net Banking,61.74
ORD12249,CUST1340,2025-03-16,Delivered,Net Banking,296.93
ORD12250,CUST1769,2024-09-22,Delivered,Credit Card,317.72
ORD12251,CUST1760,2026-02-13,Shipped,Net Banking,143.39
ORD12252,CUST1968,2024-05-19,Shipped,Cash on Delivery,143.75
ORD12253,CUST1448,2025-06-27,Cancelled,Cash on Delivery,174.3
ORD12254,CUST2866,2026-02-02,Delivered,Cash on Delivery,370.27
ORD12255,CUST1834,2025-05-14,Delivered,UPI,322.82
ORD12256,CUST2203,2024-03-29,Delivered,Credit Card,430.59
ORD12257,CUST2725,2025-01-15,Delivered,Cash on Delivery,183.05
ORD12258,CUST2430,2024-05-22,Shipped,Debit Card,460.43
ORD12259,CUST2689,2024-06-11,Delivered,Cash on Delivery,384.67
ORD12260,CUST2219,2026-02-05,Delivered,UPI,227.76
ORD12261,CUST2489,2024-11-14,Shipped,Debit Card,92.87
ORD12262,CUST1310,2024-11-16,Shipped,Credit Card,165.64
ORD12263,CUST1261,2025-12-29,Delivered,Credit Card,480.55
ORD12264,CUST2442,2024-08-14,Delivered,Cash on Delivery,189.66
ORD12265,CUST1405,2025-10-03,Delivered,Debit Card,198.46
ORD12266,CUST2962,2025-08-14,Delivered,Debit Card,135.32
ORD12267,CUST1142,2024-09-07,Delivered,Cash on Delivery,413.08
ORD12268,CUST1341,2025-12-28,Delivered,Cash on Delivery,174.04
ORD12269,CUST2339,2024-11-10,Shipped,Net Banking,198.62
ORD12270,CUST2124,2025-12-24,Delivered,Net Banking,236.46
ORD12271,CUST1243,2025-10-25,Delivered,Cash on Delivery,245.18
ORD12272,CUST1489,2024-07-06,Delivered,UPI,235.1
ORD12273,CUST1011,2024-09-19,Delivered,Net Banking,276.68
ORD12274,CUST2262,2025-04-28,Returned,Cash on Delivery,416.53
ORD12275,CUST1560,2025-03-29,Delivered,Debit Card,418.68
ORD12276,CUST1041,2025-03-20,Delivered,Net Banking,409.24
ORD12277,CUST1677,2025-12-24,Delivered,UPI,95.51
ORD12278,CUST1593,2025-11-16,Cancelled,Credit Card,409.86
ORD12279,CUST2452,2025-04-30,Delivered,Debit Card,104.11
ORD12280,CUST2826,2026-02-04,Cancelled,UPI,106.13
ORD12281,CUST2181,2024-03-20,Delivered,UPI,476.54
ORD12282,CUST2239,2025-11-12,Delivered,UPI,418.73
ORD12283,CUST2693,2024-08-24,Delivered,Debit Card,298.58
ORD12284,CUST2485,2024-03-15,Shipped,UPI,443.74
ORD12285,CUST1133,2026-01-24,Shipped,Credit Card,495.21
ORD12286,CUST2090,2025-10-31,Delivered,Net Banking,324.79
ORD12287,CUST2871,2024-06-29,Delivered,Debit Card,325.8
ORD12288,CUST2030,2025-03-16,Delivered,UPI,389.49
ORD12289,CUST1947,2024-12-21,Delivered,Cash on Delivery,154.46
ORD12290,CUST2549,2025-09-28,Delivered,Net Banking,125.21
ORD12291,CUST1072,2024-06-29,Shipped,Debit Card,391.81
ORD12292,CUST1398,2025-08-11,Shipped,Cash on Delivery,205.21
ORD12293,CUST2428,2025-12-08,Delivered,Cash on Delivery,110.78
ORD12294,CUST2698,2025-10-16,Delivered,UPI,191.69
ORD12295,CUST1577,2025-03-03,Returned,Debit Card,211.39
ORD12296,CUST1858,2025-06-28,Returned,UPI,484.35
ORD12297,CUST1129,2025-12-30,Delivered,Credit Card,364.08
ORD12298,CUST1930,2024-03-29,Delivered,Cash on Delivery,288.89
ORD12299,CUST2489,2025-07-24,Delivered,Credit Card,485.99
ORD12300,CUST2229,2024-10-19,Delivered,UPI,456.41
ORD12301,CUST2811,2024-08-29,Delivered,Net Banking,280.4
ORD12302,CUST2791,2024-03-16,Delivered,Cash on Delivery,457.56
ORD12303,CUST1265,2024-09-17,Delivered,Net Banking,231.94
ORD12304,CUST2560,2025-12-28,Delivered,Debit Card,153.69
ORD12305,CUST2985,2024-05-26,Delivered,Cash on Delivery,154.71
ORD12306,CUST1792,2024-03-26,Delivered,Credit Card,348.04
ORD12307,CUST1252,2025-12-13,Returned,Net Banking,275.48
ORD12308,CUST1821,2024-03-24,Returned,Debit Card,346.53
ORD12309,CUST2312,2025-03-08,Delivered,Cash on Delivery,358.73
ORD12310,CUST1163,2024-07-19,Delivered,Debit Card,60.05
ORD12311,CUST1094,2024-08-15,Shipped,Credit Card,74.32
ORD12312,CUST2805,2024-06-30,Delivered,Cash on Delivery,289.7
ORD12313,CUST1832,2025-09-16,Delivered,Debit Card,135.97
ORD12314,CUST2133,2024-04-28,Delivered,UPI,334.64
ORD12315,CUST1335,2024-09-09,Delivered,Cash on Delivery,298.48
ORD12316,CUST1821,2025-03-27,Delivered,Cash on Delivery,313.59
ORD12317,CUST1237,2024-05-25,Shipped,Cash on Delivery,186.1
ORD12318,CUST1380,2024-11-29,Delivered,Cash on Delivery,337.93
ORD12319,CUST2459,2024-11-07,Delivered,UPI,423.27
ORD12320,CUST1898,2024-05-18,Shipped,Credit Card,499.13
ORD12321,CUST1482,2024-09-09,Delivered,UPI,427.3
ORD12322,CUST2960,2025-05-29,Delivered,UPI,300.87
ORD12323,CUST1901,2024-09-05,Delivered,Debit Card,137.04
ORD12324,CUST2048,2024-02-27,Delivered,Net Banking,356.65
ORD12325,CUST2676,2025-12-05,Delivered,Net Banking,471.94
ORD12326,CUST2140,2024-11-18,Delivered,Debit Card,145.34
ORD12327,CUST1481,2026-01-08,Delivered,UPI,165.2
ORD12328,CUST2415,2024-11-21,Delivered,Debit Card,117.05
ORD12329,CUST1916,2024-06-26,Delivered,Cash on Delivery,381.52
ORD12330,CUST1993,2025-05-20,Delivered,Debit Card,232.95
ORD12331,CUST1963,2025-08-15,Delivered,Debit Card,78.21
ORD12332,CUST1536,2024-06-09,Delivered,Cash on Delivery,443.73
ORD12333,CUST2102,2024-09-20,Delivered,Net Banking,300.95
ORD12334,CUST2603,2025-03-13,Shipped,Cash on Delivery,198.99
ORD12335,CUST2196,2025-08-29,Delivered,Credit Card,204.79
ORD12336,CUST2979,2025-07-07,Delivered,Debit Card,180.61
ORD12337,CUST2035,2025-05-06,Cancelled,Debit Card,254.97
ORD12338,CUST2823,2026-02-22,Delivered,Net Banking,201.67
ORD12339,CUST1127,2024-06-09,Delivered,UPI,296.58
ORD12340,CUST2631,2024-09-03,Returned,Cash on Delivery,398.08
ORD12341,CUST1091,2025-01-04,Returned,UPI,353.51
ORD12342,CUST2676,2025-04-14,Delivered,Credit Card,182.51
ORD12343,CUST1542,2024-04-07,Delivered,Cash on Delivery,287.93
ORD12344,CUST1845,2025-06-25,Delivered,Credit Card,428.06
ORD12345,CUST2555,2024-07-31,Cancelled,Credit Card,80.69
ORD12346,CUST2681,2024-09-15,Delivered,Credit Card,85.23
ORD12347,CUST1988,2024-09-08,Delivered,Cash on Delivery,300.28
ORD12348,CUST2851,2025-09-24,Returned,Cash on Delivery,337.6
ORD12349,CUST1446,2025-08-03,Delivered,Net Banking,145.14
ORD12350,CUST1389,2025-08-25,Cancelled,Debit Card,385.35
ORD12351,CUST1671,2024-12-29,Delivered,UPI,340.82
ORD12352,CUST2884,2025-09-06,Delivered,UPI,465.48
ORD12353,CUST1042,2025-04-03,Delivered,Credit Card,126.03
ORD12354,CUST1253,2025-11-05,Returned,Cash on Delivery,388.12
ORD12355,CUST2153,2025-04-12,Delivered,Cash on Delivery,87.64
ORD12356,CUST2083,2024-07-16,Delivered,Credit Card,304.38
ORD12357,CUST1662,2024-08-08,Delivered,Debit Card,298.35
ORD12358,CUST1466,2024-04-02,Cancelled,UPI,224.77
ORD12359,CUST1286,2024-06-17,Shipped,Net Banking,430.06
ORD12360,CUST2010,2024-08-11,Delivered,Debit Card,51.97
ORD12361,CUST2540,2025-01-18,Delivered,Cash on Delivery,284.08
ORD12362,CUST2490,2025-12-23,Shipped,Credit Card,147.72
ORD12363,CUST2953,2024-05-17,Delivered,UPI,384.57
ORD12364,CUST1777,2024-06-27,Delivered,Credit Card,69.38
ORD12365,CUST1344,2024-08-31,Delivered,Cash on Delivery,424.2
ORD12366,CUST1641,2024-09-23,Returned,Credit Card,427.14
ORD12367,CUST1381,2025-04-30,Delivered,UPI,424.79
ORD12368,CUST2802,2024-09-30,Delivered,Credit Card,118.66
ORD12369,CUST1689,2026-01-16,Delivered,UPI,333.68
ORD12370,CUST2276,2025-01-12,Delivered,Credit Card,56.47
ORD12371,CUST2950,2024-08-12,Delivered,Credit Card,431.58
ORD12372,CUST2079,2025-03-04,Delivered,UPI,375.34
ORD12373,CUST2486,2024-03-05,Delivered,Credit Card,289.02
ORD12374,CUST1456,2024-09-11,Delivered,Debit Card,378.77
ORD12375,CUST1982,2024-12-08,Delivered,Net Banking,92.45
ORD12376,CUST1082,2025-04-04,Cancelled,Debit Card,287.9
ORD12377,CUST2928,2024-08-24,Returned,Net Banking,181.07
ORD12378,CUST2122,2025-04-11,Cancelled,Debit Card,487.68
ORD12379,CUST1148,2025-04-17,Delivered,Net Banking,435.7
ORD12380,CUST2352,2025-09-19,Delivered,Credit Card,379.97
ORD12381,CUST2179,2025-11-05,Delivered,UPI,470.19
ORD12382,CUST1189,2024-10-20,Shipped,UPI,206.08
ORD12383,CUST2517,2025-09-27,Returned,Cash on Delivery,455.4
ORD12384,CUST1882,2024-09-25,Returned,Net Banking,196.36
ORD12385,CUST1262,2025-04-15,Delivered,Cash on Delivery,379.76
ORD12386,CUST2103,2025-10-03,Delivered,Cash on Delivery,381.39
ORD12387,CUST1399,2025-09-10,Delivered,Net Banking,58.26
ORD12388,CUST1763,2025-02-12,Delivered,UPI,212.48
ORD12389,CUST1608,2024-10-27,Delivered,Net Banking,58.74
ORD12390,CUST2283,2026-01-14,Shipped,Credit Card,498.69
ORD12391,CUST2795,2025-08-12,Delivered,Cash on Delivery,104.99
ORD12392,CUST2638,2024-03-16,Delivered,Cash on Delivery,294.26
ORD12393,CUST2575,2024-08-24,Delivered,Net Banking,405.75
ORD12394,CUST1784,2025-11-03,Shipped,Cash on Delivery,140.57
ORD12395,CUST1100,2025-06-11,Delivered,UPI,268.27
ORD12396,CUST2382,2025-03-11,Delivered,Cash on Delivery,323.34
ORD12397,CUST2403,2024-07-26,Shipped,Net Banking,122.09
ORD12398,CUST1819,2025-12-23,Delivered,UPI,400.35
ORD12399,CUST2244,2024-08-14,Delivered,UPI,184.7
ORD12400,CUST1819,2024-04-25,Delivered,Cash on Delivery,144.96
ORD12401,CUST1419,2025-12-31,Delivered,Net Banking,301.23
ORD12402,CUST1123,2024-06-30,Returned,Cash on Delivery,234.64
ORD12403,CUST1421,2024-02-28,Cancelled,Credit Card,464.13
ORD12404,CUST2254,2024-12-31,Delivered,Credit Card,446.03
ORD12405,CUST2713,2026-02-20,Delivered,UPI,267.51
ORD12406,CUST2086,2025-10-27,Delivered,Cash on Delivery,211.67
ORD12407,CUST2508,2024-09-28,Delivered,Credit Card,196.48
ORD12408,CUST2651,2024-05-25,Delivered,Debit Card,170.4
ORD12409,CUST2726,2025-08-15,Delivered,Credit Card,295.05
ORD12410,CUST2597,2025-05-17,Delivered,Cash on Delivery,412.24
ORD12411,CUST1767,2025-02-19,Returned,Cash on Delivery,189.84
ORD12412,CUST1482,2024-10-18,Delivered,Credit Card,135.54
ORD12413,CUST1518,2024-10-02,Delivered,Cash on Delivery,263.97
ORD12414,CUST1154,2025-02-08,Delivered,Cash on Delivery,81.07
ORD12415,CUST1091,2025-02-05,Returned,Debit Card,365.58
ORD12416,CUST1981,2025-07-22,Delivered,UPI,283.26
ORD12417,CUST2549,2024-12-11,Delivered,Cash on Delivery,273.37
ORD12418,CUST1454,2024-07-05,Delivered,Net Banking,185.2
ORD12419,CUST2764,2024-08-04,Cancelled,UPI,457.1
ORD12420,CUST1597,2025-09-15,Delivered,UPI,90.72
ORD12421,CUST2668,2024-09-13,Returned,Net Banking,441.42
ORD12422,CUST1509,2024-07-07,Shipped,Credit Card,219.52
ORD12423,CUST2206,2025-10-19,Cancelled,Debit Card,446.28
ORD12424,CUST1385,2025-01-01,Delivered,Cash on Delivery,377.94
ORD12425,CUST2597,2025-02-14,Delivered,Credit Card,96.88
ORD12426,CUST2754,2025-04-03,Delivered,Net Banking,424.19
ORD12427,CUST1404,2026-02-22,Shipped,Debit Card,356.98
ORD12428,CUST1245,2024-03-17,Delivered,Debit Card,64.54
ORD12429,CUST1741,2024-05-02,Delivered,Debit Card,110.17
ORD12430,CUST2614,2024-10-06,Delivered,Net Banking,336.03
ORD12431,CUST1660,2025-09-05,Delivered,Credit Card,348.17
ORD12432,CUST1649,2025-12-12,Delivered,Cash on Delivery,385.99
ORD12433,CUST2494,2025-03-28,Delivered,Debit Card,374.11
ORD12434,CUST2849,2024-05-07,Delivered,Debit Card,346.78
ORD12435,CUST2911,2026-01-13,Returned,Credit Card,394.81
ORD12436,CUST2446,2026-02-01,Delivered,Debit Card,308.79
ORD12437,CUST1900,2025-07-13,Delivered,Debit Card,167.36
ORD12438,CUST1064,2024-12-23,Delivered,Net Banking,460.57
ORD12439,CUST2036,2024-12-15,Delivered,UPI,58.2
ORD12440,CUST1212,2025-12-03,Cancelled,Credit Card,214.95
ORD12441,CUST1241,2025-01-03,Delivered,Credit Card,377.99
ORD12442,CUST1492,2025-07-13,Delivered,Credit Card,242.22
ORD12443,CUST2236,2024-03-13,Delivered,Net Banking,61.18
ORD12444,CUST2716,2024-11-03,Shipped,Net Banking,79.69
ORD12445,CUST1337,2025-08-25,Delivered,Cash on Delivery,341.89
ORD12446,CUST1172,2025-09-08,Cancelled,Net Banking,484.19
ORD12447,CUST1671,2025-05-08,Delivered,Credit Card,298.34
ORD12448,CUST1163,2025-08-05,Delivered,Cash on Delivery,278.04
ORD12449,CUST1464,2024-07-18,Delivered,UPI,193.25
ORD12450,CUST1994,2024-07-02,Returned,Debit Card,165.51
ORD12451,CUST1496,2024-03-23,Delivered,Debit Card,59.44
ORD12452,CUST1699,2024-10-03,Shipped,Cash on Delivery,172.83
ORD12453,CUST1394,2025-09-09,Delivered,UPI,252.1
ORD12454,CUST1702,2025-02-02,Delivered,Debit Card,139.08
ORD12455,CUST2940,2024-03-27,Delivered,Cash on Delivery,89.31
ORD12456,CUST1307,2025-10-06,Returned,Net Banking,372.98
ORD12457,CUST2791,2024-08-16,Delivered,Credit Card,452.58
ORD12458,CUST1182,2024-07-05,Returned,UPI,471.55
ORD12459,CUST1628,2025-04-04,Shipped,Debit Card,328.1
ORD12460,CUST2817,2025-10-10,Shipped,Credit Card,73.75
ORD12461,CUST1509,2025-04-06,Delivered,Cash on Delivery,383.39
ORD12462,CUST2731,2025-09-03,Delivered,Debit Card,99.54
ORD12463,CUST1545,2025-10-11,Cancelled,Credit Card,351.39
ORD12464,CUST2587,2024-09-30,Delivered,Net Banking,400.71
ORD12465,CUST1623,2025-05-08,Delivered,UPI,376.64
ORD12466,CUST2787,2024-10-08,Delivered,Cash on Delivery,478.35
ORD12467,CUST1593,2024-08-25,Delivered,Debit Card,382.17
ORD12468,CUST1743,2024-03-30,Delivered,Net Banking,361.94
ORD12469,CUST2250,2024-10-07,Delivered,UPI,167.78
ORD12470,CUST2768,2024-04-26,Delivered,UPI,466.15
ORD12471,CUST2756,2025-12-16,Delivered,Net Banking,130.79
ORD12472,CUST2459,2024-11-12,Delivered,Debit Card,457.2
ORD12473,CUST2948,2025-11-17,Delivered,UPI,190.7
ORD12474,CUST2445,2025-04-22,Delivered,Cash on Delivery,108.57
ORD12475,CUST1553,2024-03-06,Delivered,Credit Card,422.01
ORD12476,CUST1020,2025-08-22,Delivered,Cash on Delivery,51.12
ORD12477,CUST1553,2026-02-05,Delivered,UPI,424.44
ORD12478,CUST1396,2025-07-08,Delivered,Credit Card,168.04
ORD12479,CUST1624,2025-08-16,Cancelled,Net Banking,448.12
ORD12480,CUST1104,2025-11-19,Delivered,Credit Card,361.17
ORD12481,CUST1191,2025-12-21,Cancelled,Credit Card,349.78
ORD12482,CUST1016,2024-03-19,Delivered,Credit Card,214.39
ORD12483,CUST2143,2024-06-04,Delivered,UPI,76.73
ORD12484,CUST1392,2025-03-28,Delivered,Debit Card,423.53
ORD12485,CUST1424,2025-12-29,Delivered,UPI,126.91
ORD12486,CUST1128,2025-03-23,Delivered,Debit Card,217.52
ORD12487,CUST2153,2025-07-29,Delivered,Net Banking,320.16
ORD12488,CUST1571,2024-11-18,Delivered,Net Banking,267.01
ORD12489,CUST2583,2025-04-06,Delivered,Net Banking,139.4
ORD12490,CUST1028,2025-03-10,Delivered,Net Banking,113.28
ORD12491,CUST2120,2024-11-04,Shipped,Net Banking,105.46
ORD12492,CUST2033,2024-09-16,Delivered,Cash on Delivery,438.35
ORD12493,CUST1241,2026-01-14,Delivered,UPI,64.2
ORD12494,CUST2849,2024-10-07,Delivered,Debit Card,489.66
ORD12495,CUST2979,2025-05-18,Delivered,Net Banking,139.34
ORD12496,CUST1231,2024-05-14,Returned,Cash on Delivery,99.65
ORD12497,CUST1788,2025-11-24,Delivered,Cash on Delivery,309.64
ORD12498,CUST2307,2024-07-05,Delivered,Cash on Delivery,85.99
ORD12499,CUST1714,2025-06-22,Returned,UPI,321.1
ORD12500,CUST1758,2024-11-02,Delivered,Net Banking,432.78
ORD12501,CUST1801,2026-02-18,Delivered,Cash on Delivery,71.55
ORD12502,CUST1775,2025-09-26,Shipped,Cash on Delivery,409.94
ORD12503,CUST2978,2025-05-09,Delivered,Net Banking,227.51
ORD12504,CUST1725,2025-07-01,Delivered,UPI,121.77
ORD12505,CUST1199,2024-03-12,Delivered,Cash on Delivery,129.24
ORD12506,CUST1944,2024-07-22,Delivered,Debit Card,463.44
ORD12507,CUST1078,2025-06-20,Delivered,Credit Card,99.77
ORD12508,CUST2936,2025-12-18,Returned,Credit Card,440.05
ORD12509,CUST1955,2025-03-11,Delivered,Credit Card,294.91
ORD12510,CUST2878,2024-06-28,Cancelled,UPI,67.58
ORD12511,CUST1855,2025-05-18,Shipped,Cash on Delivery,259.01
ORD12512,CUST2196,2025-09-22,Delivered,Credit Card,417.85
ORD12513,CUST1466,2026-02-01,Delivered,Credit Card,376.79
ORD12514,CUST1580,2025-10-03,Delivered,Net Banking,269.95
ORD12515,CUST2439,2024-12-03,Shipped,Cash on Delivery,437.02
ORD12516,CUST1939,2024-05-23,Returned,Cash on Delivery,104.16
ORD12517,CUST1448,2025-03-09,Delivered,Net Banking,459.47
ORD12518,CUST1086,2025-05-15,Delivered,Cash on Delivery,430.9
ORD12519,CUST1100,2025-08-11,Delivered,Debit Card,368.72
ORD12520,CUST2031,2025-05-29,Shipped,UPI,418.05
ORD12521,CUST1844,2024-03-23,Delivered,Net Banking,294.72
ORD12522,CUST2223,2024-08-21,Delivered,Credit Card,353.82
ORD12523,CUST2528,2024-12-20,Returned,Cash on Delivery,302.27
ORD12524,CUST1086,2024-09-17,Delivered,Debit Card,209.94
ORD12525,CUST1042,2024-10-23,Delivered,Debit Card,305.99
ORD12526,CUST2408,2024-12-13,Delivered,UPI,165.86
ORD12527,CUST2644,2024-11-26,Delivered,Debit Card,248.13
ORD12528,CUST2458,2024-11-30,Delivered,Cash on Delivery,176.35
ORD12529,CUST1407,2025-04-14,Shipped,Cash on Delivery,105.3
ORD12530,CUST2506,2025-07-07,Delivered,Debit Card,194.84
ORD12531,CUST1663,2024-11-11,Delivered,Cash on Delivery,433.39
ORD12532,CUST2040,2024-09-01,Delivered,Cash on Delivery,221.49
ORD12533,CUST2668,2024-07-27,Delivered,Credit Card,386.6
ORD12534,CUST1147,2026-02-19,Delivered,Net Banking,128.84
ORD12535,CUST1276,2026-01-18,Cancelled,Cash on Delivery,240.99
ORD12536,CUST1231,2025-08-11,Returned,Cash on Delivery,101.69
ORD12537,CUST2849,2025-02-20,Delivered,UPI,112.38
ORD12538,CUST2950,2025-07-07,Delivered,Net Banking,327.85
ORD12539,CUST1365,2024-09-14,Delivered,Net Banking,323.37
ORD12540,CUST2251,2025-06-10,Shipped,Net Banking,146.02
ORD12541,CUST2674,2024-06-29,Delivered,Debit Card,263.49
ORD12542,CUST1435,2025-09-09,Cancelled,Credit Card,438.49
ORD12543,CUST1398,2025-11-04,Delivered,Credit Card,128.39
ORD12544,CUST2234,2024-12-28,Shipped,UPI,58.64
ORD12545,CUST2414,2025-11-13,Cancelled,Net Banking,343.4
ORD12546,CUST1498,2025-11-14,Cancelled,Net Banking,74.07
ORD12547,CUST1539,2025-12-03,Delivered,Cash on Delivery,490.97
ORD12548,CUST1562,2025-08-16,Delivered,Debit Card,324.33
ORD12549,CUST2514,2025-07-10,Delivered,Debit Card,261.68
ORD12550,CUST1441,2024-08-17,Cancelled,UPI,243.5
ORD12551,CUST2284,2025-09-14,Delivered,Credit Card,307.88
ORD12552,CUST1772,2025-02-09,Shipped,Net Banking,90.78
ORD12553,CUST1349,2025-05-09,Returned,UPI,468.51
ORD12554,CUST2375,2025-11-21,Delivered,Debit Card,331.54
ORD12555,CUST1519,2024-10-16,Returned,Debit Card,132.79
ORD12556,CUST2343,2025-09-18,Delivered,Debit Card,303.16
ORD12557,CUST1137,2024-05-02,Delivered,Net Banking,109.97
ORD12558,CUST2573,2025-12-08,Delivered,Net Banking,57.9
ORD12559,CUST2646,2024-04-04,Delivered,Net Banking,333.73
ORD12560,CUST1991,2025-02-19,Cancelled,Cash on Delivery,341.82
ORD12561,CUST1367,2025-06-30,Delivered,Credit Card,312.66
ORD12562,CUST2243,2025-07-21,Delivered,Debit Card,132.57
ORD12563,CUST2360,2024-06-09,Delivered,Debit Card,321.54
ORD12564,CUST2246,2026-02-20,Cancelled,Cash on Delivery,75.43
ORD12565,CUST2671,2025-08-13,Delivered,Debit Card,324.16
ORD12566,CUST2791,2024-07-09,Returned,Debit Card,299.31
ORD12567,CUST1359,2024-09-12,Delivered,Net Banking,344.86
ORD12568,CUST1920,2025-05-20,Delivered,Net Banking,452.96
ORD12569,CUST1328,2026-01-23,Delivered,Credit Card,432.66
ORD12570,CUST1961,2025-09-05,Delivered,Debit Card,491.29
ORD12571,CUST1462,2024-05-29,Returned,UPI,489.31
ORD12572,CUST1945,2024-06-29,Delivered,Debit Card,397.54
ORD12573,CUST1962,2025-01-04,Cancelled,Debit Card,480.39
ORD12574,CUST2584,2025-11-20,Delivered,Credit Card,440.28
ORD12575,CUST2827,2025-09-08,Delivered,UPI,377.41
ORD12576,CUST2405,2026-02-06,Shipped,Debit Card,83.92
ORD12577,CUST1835,2024-07-06,Cancelled,UPI,72.07
ORD12578,CUST2613,2024-04-28,Delivered,Net Banking,426.92
ORD12579,CUST2640,2025-03-14,Delivered,Net Banking,270.35
ORD12580,CUST1168,2024-11-20,Delivered,UPI,416.57
ORD12581,CUST1216,2025-03-11,Delivered,Debit Card,190.81
ORD12582,CUST1377,2024-12-25,Cancelled,UPI,228.94
ORD12583,CUST1118,2024-10-10,Cancelled,UPI,365.08
ORD12584,CUST1189,2025-02-02,Delivered,Net Banking,461.9
ORD12585,CUST1766,2025-06-20,Shipped,UPI,89.49
ORD12586,CUST1369,2025-02-28,Delivered,Cash on Delivery,437.67
ORD12587,CUST2801,2024-06-22,Delivered,Cash on Delivery,406.86
ORD12588,CUST1148,2025-09-14,Delivered,Net Banking,191.99
ORD12589,CUST2699,2025-01-05,Delivered,Debit Card,209.85
ORD12590,CUST1651,2024-07-17,Delivered,Debit Card,70.91
ORD12591,CUST2882,2025-02-05,Delivered,Net Banking,57.08
ORD12592,CUST2511,2025-10-03,Delivered,Debit Card,264.65
ORD12593,CUST1769,2025-09-04,Delivered,Credit Card,92.99
ORD12594,CUST1373,2024-06-24,Returned,Cash on Delivery,137.3
ORD12595,CUST1780,2025-09-30,Delivered,Credit Card,431.05
ORD12596,CUST2716,2025-03-19,Delivered,Credit Card,306.96
ORD12597,CUST1159,2024-04-16,Cancelled,Credit Card,335.13
ORD12598,CUST1350,2025-02-28,Shipped,Net Banking,134.37
ORD12599,CUST2935,2025-01-17,Shipped,Credit Card,422.9
ORD12600,CUST2311,2024-07-05,Delivered,UPI,440.59
ORD12601,CUST2311,2024-10-26,Delivered,Debit Card,285.5
ORD12602,CUST1891,2025-10-16,Delivered,Net Banking,460.65
ORD12603,CUST2249,2025-08-08,Delivered,UPI,430.17
ORD12604,CUST1522,2025-10-28,Shipped,UPI,379.1
ORD12605,CUST1521,2024-09-26,Delivered,Cash on Delivery,380.33
ORD12606,CUST1782,2025-05-27,Delivered,Cash on Delivery,97.43
ORD12607,CUST1272,2025-06-28,Delivered,UPI,171.88
ORD12608,CUST1935,2025-01-21,Delivered,Cash on Delivery,80.08
ORD12609,CUST2425,2025-05-09,Cancelled,Debit Card,53.91
ORD12610,CUST1182,2024-09-05,Delivered,Debit Card,121.24
ORD12611,CUST2992,2024-10-26,Delivered,Cash on Delivery,446.22
ORD12612,CUST2688,2025-01-30,Delivered,Credit Card,157.94
ORD12613,CUST1487,2025-11-03,Delivered,UPI,486.57
ORD12614,CUST2850,2025-05-30,Delivered,Debit Card,318.78
ORD12615,CUST1845,2025-03-07,Delivered,Cash on Delivery,156.77
ORD12616,CUST1123,2024-07-11,Delivered,Cash on Delivery,273.71
ORD12617,CUST1984,2024-08-04,Cancelled,Debit Card,148.59
ORD12618,CUST2649,2025-07-20,Shipped,Debit Card,492.79
ORD12619,CUST1789,2025-02-28,Shipped,Credit Card,431.27
ORD12620,CUST1413,2024-06-15,Shipped,Cash on Delivery,61.81
ORD12621,CUST2748,2024-04-09,Delivered,Cash on Delivery,476.5
ORD12622,CUST2195,2024-09-14,Delivered,Net Banking,374.48
ORD12623,CUST2311,2025-08-16,Delivered,Credit Card,87.07
ORD12624,CUST2458,2024-11-29,Returned,Debit Card,351.79
ORD12625,CUST1685,2025-09-21,Shipped,Debit Card,341.12
ORD12626,CUST1112,2024-10-02,Returned,UPI,148.45
ORD12627,CUST1887,2025-05-11,Delivered,Debit Card,391.3
ORD12628,CUST2940,2024-07-08,Shipped,Cash on Delivery,89.18
ORD12629,CUST1121,2025-06-28,Delivered,Debit Card,270.25
ORD12630,CUST2567,2025-08-08,Delivered,Cash on Delivery,54.47
ORD12631,CUST2245,2025-07-09,Delivered,Cash on Delivery,485.93
ORD12632,CUST2654,2025-10-26,Delivered,Credit Card,388.2
ORD12633,CUST1038,2025-08-14,Delivered,Debit Card,121.48
ORD12634,CUST1496,2026-01-01,Delivered,Credit Card,203.75
ORD12635,CUST1779,2024-06-02,Delivered,Cash on Delivery,122.25
ORD12636,CUST2256,2025-01-15,Delivered,Debit Card,394.98
ORD12637,CUST1942,2026-02-09,Returned,Debit Card,76.5
ORD12638,CUST2553,2025-07-07,Delivered,Credit Card,428.18
ORD12639,CUST1148,2025-02-17,Delivered,Credit Card,473.99
ORD12640,CUST2420,2025-06-04,Returned,Cash on Delivery,354.48
ORD12641,CUST2021,2025-11-08,Shipped,Cash on Delivery,145.83
ORD12642,CUST1660,2025-02-04,Delivered,Debit Card,212.04
ORD12643,CUST2661,2024-10-01,Delivered,Debit Card,264.76
ORD12644,CUST2927,2024-12-03,Delivered,Net Banking,322.08
ORD12645,CUST1301,2025-08-04,Delivered,Net Banking,350.9
ORD12646,CUST2383,2024-12-13,Delivered,UPI,299.4
ORD12647,CUST1237,2024-05-30,Returned,Cash on Delivery,208.09
ORD12648,CUST1646,2025-09-12,Delivered,UPI,450.91
ORD12649,CUST1662,2025-04-03,Returned,UPI,86.63
ORD12650,CUST1235,2025-11-18,Returned,Credit Card,259.82
ORD12651,CUST2759,2024-05-16,Shipped,Credit Card,399.0
ORD12652,CUST1202,2025-01-02,Delivered,Net Banking,77.39
ORD12653,CUST1255,2025-04-14,Shipped,UPI,367.4
ORD12654,CUST1597,2026-02-04,Delivered,Net Banking,418.87
ORD12655,CUST1661,2025-11-01,Delivered,Cash on Delivery,347.37
ORD12656,CUST1234,2025-05-01,Delivered,Debit Card,55.82
ORD12657,CUST2368,2026-01-05,Delivered,Credit Card,131.06
ORD12658,CUST1533,2025-11-29,Cancelled,Cash on Delivery,203.95
ORD12659,CUST1859,2026-02-13,Delivered,Cash on Delivery,155.16
ORD12660,CUST2820,2025-09-10,Delivered,Credit Card,483.19
ORD12661,CUST2804,2024-07-25,Delivered,Credit Card,343.22
ORD12662,CUST2489,2024-07-22,Delivered,UPI,183.64
ORD12663,CUST1769,2024-11-25,Delivered,Net Banking,468.36
ORD12664,CUST1540,2025-03-10,Returned,Cash on Delivery,383.27
ORD12665,CUST1212,2025-06-27,Delivered,UPI,178.07
ORD12666,CUST1462,2024-05-29,Delivered,UPI,220.5
ORD12667,CUST1435,2026-01-10,Delivered,Cash on Delivery,139.74
ORD12668,CUST1282,2025-11-08,Delivered,Cash on Delivery,486.98
ORD12669,CUST2585,2025-09-05,Delivered,Debit Card,282.78
ORD12670,CUST2630,2025-05-13,Delivered,Net Banking,453.23
ORD12671,CUST2486,2025-09-01,Shipped,Cash on Delivery,205.92
ORD12672,CUST2430,2025-09-18,Delivered,Credit Card,437.38
ORD12673,CUST1087,2025-05-06,Delivered,Debit Card,74.25
ORD12674,CUST2067,2025-08-19,Delivered,Net Banking,491.94
ORD12675,CUST1460,2025-05-10,Returned,Credit Card,460.42
ORD12676,CUST1277,2025-08-08,Delivered,Credit Card,213.44
ORD12677,CUST2706,2024-07-01,Delivered,Net Banking,398.62
ORD12678,CUST1420,2024-12-08,Cancelled,Debit Card,388.52
ORD12679,CUST2724,2024-08-24,Delivered,Credit Card,455.56
ORD12680,CUST2376,2024-03-11,Delivered,UPI,188.26
ORD12681,CUST1695,2025-09-19,Delivered,Net Banking,259.48
ORD12682,CUST1514,2024-11-17,Delivered,Net Banking,439.25
ORD12683,CUST1702,2025-09-11,Delivered,Cash on Delivery,400.36
ORD12684,CUST2653,2025-01-15,Delivered,Debit Card,227.06
ORD12685,CUST1018,2024-08-23,Delivered,UPI,430.58
ORD12686,CUST1022,2025-04-12,Delivered,UPI,71.13
ORD12687,CUST1412,2025-12-17,Delivered,Cash on Delivery,401.92
ORD12688,CUST2053,2025-07-16,Shipped,Credit Card,143.04
ORD12689,CUST2830,2025-02-27,Returned,Credit Card,178.75
ORD12690,CUST1107,2025-05-15,Cancelled,UPI,271.95
ORD12691,CUST2390,2024-09-07,Delivered,Debit Card,252.38
ORD12692,CUST2304,2025-06-15,Delivered,Credit Card,284.26
ORD12693,CUST2151,2024-10-24,Delivered,Net Banking,295.15
ORD12694,CUST2252,2024-03-11,Delivered,Cash on Delivery,199.19
ORD12695,CUST2134,2024-07-01,Shipped,Debit Card,128.85
ORD12696,CUST1135,2025-03-01,Delivered,Credit Card,395.82
ORD12697,CUST1361,2024-03-13,Delivered,UPI,229.99
ORD12698,CUST2209,2026-01-15,Delivered,Cash on Delivery,277.63
ORD12699,CUST2679,2024-06-11,Delivered,Credit Card,340.11
ORD12700,CUST2607,2025-08-09,Delivered,UPI,459.34
ORD12701,CUST1128,2024-07-26,Delivered,Credit Card,368.4
ORD12702,CUST2899,2025-12-23,Delivered,Cash on Delivery,70.46
ORD12703,CUST2284,2024-07-20,Returned,Net Banking,427.35
ORD12704,CUST1514,2025-01-27,Delivered,Net Banking,495.21
ORD12705,CUST1448,2024-10-28,Shipped,UPI,262.62
ORD12706,CUST2923,2024-09-09,Returned,Net Banking,486.32
ORD12707,CUST2127,2025-01-05,Delivered,Cash on Delivery,296.3
ORD12708,CUST2506,2025-05-09,Cancelled,UPI,256.83
ORD12709,CUST2247,2025-02-18,Delivered,Credit Card,199.13
ORD12710,CUST2855,2025-10-14,Shipped,Debit Card,345.9
ORD12711,CUST1873,2024-05-19,Delivered,Credit Card,153.42
ORD12712,CUST2889,2024-03-03,Delivered,Cash on Delivery,97.22
ORD12713,CUST2514,2025-12-29,Delivered,UPI,62.26
ORD12714,CUST1472,2024-10-16,Delivered,Credit Card,181.57
ORD12715,CUST2033,2024-12-13,Shipped,UPI,228.1
ORD12716,CUST2428,2024-07-23,Delivered,Net Banking,298.43
ORD12717,CUST2919,2025-08-16,Delivered,Debit Card,181.74
ORD12718,CUST1301,2024-04-29,Delivered,Cash on Delivery,492.83
ORD12719,CUST1230,2025-09-22,Shipped,Credit Card,181.29
ORD12720,CUST2754,2025-10-25,Delivered,Debit Card,248.44
ORD12721,CUST1922,2026-01-01,Delivered,Cash on Delivery,96.47
ORD12722,CUST2089,2025-12-09,Delivered,Cash on Delivery,167.28
ORD12723,CUST1936,2025-04-10,Cancelled,Net Banking,71.75
ORD12724,CUST1111,2024-04-15,Delivered,UPI,301.78
ORD12725,CUST2036,2025-10-04,Delivered,UPI,387.98
ORD12726,CUST2416,2024-09-22,Delivered,Debit Card,138.07
ORD12727,CUST1499,2024-08-03,Cancelled,Net Banking,215.56
ORD12728,CUST1931,2025-04-04,Delivered,Cash on Delivery,57.48
ORD12729,CUST1597,2024-09-05,Delivered,Net Banking,427.78
ORD12730,CUST1233,2024-09-05,Delivered,Net Banking,400.98
ORD12731,CUST1601,2026-01-20,Returned,Debit Card,78.46
ORD12732,CUST1313,2025-04-09,Shipped,UPI,214.19
ORD12733,CUST1565,2025-11-11,Delivered,Net Banking,479.88
ORD12734,CUST2035,2025-11-12,Delivered,Net Banking,226.41
ORD12735,CUST1208,2024-08-23,Delivered,Net Banking,286.79
ORD12736,CUST2997,2024-07-08,Delivered,Credit Card,209.86
ORD12737,CUST2037,2025-01-19,Delivered,Net Banking,318.26
ORD12738,CUST2656,2025-02-03,Delivered,Net Banking,490.17
ORD12739,CUST2441,2025-05-07,Delivered,Cash on Delivery,498.88
ORD12740,CUST2460,2024-05-23,Shipped,Credit Card,398.62
ORD12741,CUST2400,2025-04-22,Delivered,Net Banking,231.94
ORD12742,CUST2043,2026-01-24,Delivered,Net Banking,272.49
ORD12743,CUST1586,2024-09-26,Delivered,Debit Card,210.53
ORD12744,CUST2935,2025-11-09,Delivered,Debit Card,493.51
ORD12745,CUST2778,2025-09-17,Delivered,Credit Card,368.49
ORD12746,CUST2758,2025-07-21,Delivered,Cash on Delivery,252.02
ORD12747,CUST2014,2025-05-03,Delivered,Credit Card,55.45
ORD12748,CUST2093,2024-09-12,Cancelled,Credit Card,284.22
ORD12749,CUST2847,2025-03-01,Shipped,Debit Card,492.77
ORD12750,CUST2234,2024-07-16,Delivered,Debit Card,285.38
ORD12751,CUST2124,2024-05-10,Delivered,Cash on Delivery,132.09
ORD12752,CUST1697,2025-02-09,Delivered,Net Banking,59.94
ORD12753,CUST1131,2024-08-03,Delivered,Cash on Delivery,209.62
ORD12754,CUST2646,2024-02-28,Delivered,Net Banking,463.2
ORD12755,CUST2404,2024-05-01,Cancelled,UPI,498.45
ORD12756,CUST2155,2024-09-03,Shipped,Debit Card,475.42
ORD12757,CUST2043,2025-01-17,Shipped,UPI,378.24
ORD12758,CUST2929,2024-11-06,Delivered,UPI,301.16
ORD12759,CUST1535,2024-12-23,Returned,Debit Card,315.81
ORD12760,CUST2013,2025-08-08,Cancelled,UPI,292.55
ORD12761,CUST1226,2025-01-04,Delivered,Credit Card,368.17
ORD12762,CUST2177,2024-09-17,Delivered,Net Banking,238.49
ORD12763,CUST2828,2024-09-22,Returned,Cash on Delivery,351.14
ORD12764,CUST2765,2025-04-17,Delivered,Debit Card,104.73
ORD12765,CUST2492,2025-05-09,Delivered,Credit Card,169.56
ORD12766,CUST1821,2024-10-07,Delivered,Cash on Delivery,426.2
ORD12767,CUST1870,2024-06-17,Delivered,Cash on Delivery,456.69
ORD12768,CUST1404,2024-05-25,Delivered,Cash on Delivery,292.55
ORD12769,CUST1201,2025-01-22,Shipped,UPI,64.24
ORD12770,CUST1037,2025-11-09,Delivered,UPI,467.14
ORD12771,CUST1941,2024-03-25,Delivered,UPI,365.93
ORD12772,CUST2795,2025-12-30,Delivered,UPI,236.31
ORD12773,CUST1187,2025-08-01,Delivered,Credit Card,319.27
ORD12774,CUST2080,2025-09-05,Delivered,UPI,243.4
ORD12775,CUST1940,2025-07-23,Delivered,Debit Card,259.4
ORD12776,CUST2043,2024-03-15,Delivered,Cash on Delivery,449.06
ORD12777,CUST1272,2025-10-02,Delivered,Credit Card,122.49
ORD12778,CUST2142,2024-04-22,Delivered,UPI,96.65
ORD12779,CUST1582,2024-08-09,Delivered,Cash on Delivery,51.23
ORD12780,CUST1515,2025-02-18,Delivered,Credit Card,191.3
ORD12781,CUST2244,2024-09-24,Delivered,Cash on Delivery,116.34
ORD12782,CUST1525,2024-07-24,Shipped,Credit Card,148.99
ORD12783,CUST2538,2024-05-25,Delivered,Net Banking,55.06
ORD12784,CUST2751,2024-06-11,Delivered,Credit Card,152.24
ORD12785,CUST2764,2024-07-14,Delivered,UPI,199.72
ORD12786,CUST1335,2024-07-18,Delivered,Cash on Delivery,64.21
ORD12787,CUST1697,2024-10-02,Shipped,Cash on Delivery,323.56
ORD12788,CUST2078,2025-04-11,Delivered,Cash on Delivery,305.96
ORD12789,CUST1499,2025-10-05,Delivered,Debit Card,93.67
ORD12790,CUST1899,2024-06-14,Delivered,Debit Card,317.75
ORD12791,CUST2911,2024-05-16,Delivered,UPI,499.39
ORD12792,CUST1765,2025-01-11,Returned,Net Banking,475.01
ORD12793,CUST1535,2024-10-08,Delivered,Debit Card,51.2
ORD12794,CUST1161,2024-08-14,Delivered,Credit Card,407.92
ORD12795,CUST2693,2025-02-22,Delivered,UPI,209.12
ORD12796,CUST1593,2024-08-14,Delivered,Net Banking,78.64
ORD12797,CUST2938,2024-04-23,Returned,Credit Card,183.19
ORD12798,CUST1158,2025-08-12,Delivered,Cash on Delivery,194.78
ORD12799,CUST2211,2025-05-04,Delivered,Debit Card,285.46
ORD12800,CUST1059,2024-06-18,Delivered,Credit Card,347.49
ORD12801,CUST1914,2025-07-26,Delivered,Net Banking,387.08
ORD12802,CUST2840,2025-09-08,Delivered,UPI,160.66
ORD12803,CUST2342,2024-11-18,Delivered,Credit Card,194.8
ORD12804,CUST2901,2024-07-04,Delivered,UPI,188.77
ORD12805,CUST1210,2025-01-16,Delivered,Cash on Delivery,213.23
ORD12806,CUST1405,2024-08-01,Delivered,Net Banking,499.85
ORD12807,CUST1663,2024-10-28,Shipped,Net Banking,400.07
ORD12808,CUST2132,2025-12-19,Delivered,Debit Card,488.75
ORD12809,CUST2099,2025-07-06,Delivered,Net Banking,361.9
ORD12810,CUST1541,2024-07-21,Delivered,Credit Card,232.82
ORD12811,CUST2337,2024-12-12,Delivered,Credit Card,225.38
ORD12812,CUST1997,2026-02-09,Delivered,Credit Card,269.86
ORD12813,CUST2140,2024-12-20,Returned,Cash on Delivery,237.59
ORD12814,CUST1926,2024-10-22,Delivered,Net Banking,422.75
ORD12815,CUST1867,2024-05-02,Delivered,Net Banking,259.25
ORD12816,CUST2727,2024-05-27,Delivered,Credit Card,183.03
ORD12817,CUST1018,2025-11-04,Delivered,Debit Card,398.69
ORD12818,CUST1431,2024-10-07,Delivered,Debit Card,434.49
ORD12819,CUST2708,2024-11-20,Cancelled,Net Banking,239.19
ORD12820,CUST1739,2024-04-06,Delivered,Net Banking,350.51
ORD12821,CUST2373,2026-02-06,Delivered,UPI,76.46
ORD12822,CUST1182,2025-09-22,Delivered,Net Banking,288.26
ORD12823,CUST1112,2025-07-20,Delivered,Credit Card,70.24
ORD12824,CUST2206,2025-11-11,Delivered,Cash on Delivery,63.14
ORD12825,CUST1480,2025-04-01,Delivered,Net Banking,325.82
ORD12826,CUST2169,2024-04-23,Delivered,Net Banking,186.5
ORD12827,CUST1830,2025-06-23,Delivered,Credit Card,384.14
ORD12828,CUST2651,2025-08-20,Delivered,UPI,453.24
ORD12829,CUST2136,2025-06-01,Delivered,Net Banking,112.73
ORD12830,CUST1762,2025-06-04,Delivered,Debit Card,376.04
ORD12831,CUST1475,2024-06-08,Delivered,Debit Card,281.53
ORD12832,CUST1762,2025-09-29,Delivered,Debit Card,100.45
ORD12833,CUST2326,2024-03-19,Delivered,Cash on Delivery,343.22
ORD12834,CUST1970,2025-04-06,Delivered,Cash on Delivery,324.26
ORD12835,CUST2848,2025-06-18,Returned,Net Banking,282.04
ORD12836,CUST2019,2025-05-14,Delivered,Net Banking,466.91
ORD12837,CUST2141,2024-11-21,Delivered,Net Banking,284.49
ORD12838,CUST2836,2025-11-09,Delivered,Cash on Delivery,495.73
ORD12839,CUST1160,2024-08-07,Delivered,Net Banking,279.15
ORD12840,CUST1400,2025-02-15,Delivered,Credit Card,102.13
ORD12841,CUST1197,2024-11-25,Delivered,UPI,261.71
ORD12842,CUST2283,2024-10-15,Delivered,Debit Card,132.05
ORD12843,CUST1659,2025-12-29,Delivered,Debit Card,318.71
ORD12844,CUST2775,2025-12-23,Delivered,Credit Card,361.91
ORD12845,CUST2070,2025-12-11,Cancelled,Net Banking,260.8
ORD12846,CUST1398,2025-03-17,Delivered,Cash on Delivery,93.97
ORD12847,CUST2733,2025-11-11,Delivered,Net Banking,260.89
ORD12848,CUST2582,2024-09-12,Delivered,Net Banking,86.65
ORD12849,CUST1077,2024-06-04,Delivered,Debit Card,356.96
ORD12850,CUST1123,2024-08-14,Delivered,Debit Card,405.67
ORD12851,CUST1074,2025-12-01,Delivered,Cash on Delivery,483.07
ORD12852,CUST2894,2025-04-05,Delivered,Debit Card,116.96
ORD12853,CUST1136,2024-03-24,Delivered,Net Banking,289.59
ORD12854,CUST1601,2024-03-28,Returned,Credit Card,305.39
ORD12855,CUST2423,2024-08-22,Shipped,Cash on Delivery,465.11
ORD12856,CUST1836,2025-08-21,Delivered,Credit Card,332.27
ORD12857,CUST2528,2025-03-23,Delivered,Net Banking,115.48
ORD12858,CUST1499,2025-07-27,Delivered,Cash on Delivery,246.36
ORD12859,CUST2596,2026-01-09,Delivered,Credit Card,344.64
ORD12860,CUST1137,2025-08-29,Delivered,Cash on Delivery,365.13
ORD12861,CUST1049,2024-08-10,Delivered,Net Banking,438.38
ORD12862,CUST2794,2024-03-07,Shipped,Cash on Delivery,131.23
ORD12863,CUST1972,2026-01-25,Delivered,Net Banking,478.19
ORD12864,CUST2642,2024-04-29,Delivered,Cash on Delivery,76.61
ORD12865,CUST2648,2024-08-28,Delivered,Cash on Delivery,492.69
ORD12866,CUST2885,2025-10-18,Returned,Debit Card,436.0
ORD12867,CUST1253,2024-09-20,Delivered,Net Banking,347.12
ORD12868,CUST2653,2024-12-21,Delivered,UPI,380.75
ORD12869,CUST1709,2024-04-07,Delivered,Cash on Delivery,82.71
ORD12870,CUST2872,2025-01-02,Returned,Credit Card,68.67
ORD12871,CUST2900,2024-06-12,Delivered,Debit Card,95.79
ORD12872,CUST1562,2025-12-17,Returned,Debit Card,89.31
ORD12873,CUST1756,2025-02-20,Delivered,Cash on Delivery,296.32
ORD12874,CUST2938,2025-09-28,Delivered,UPI,146.95
ORD12875,CUST2449,2025-10-29,Delivered,Debit Card,437.09
ORD12876,CUST1546,2024-10-14,Delivered,Net Banking,250.59
ORD12877,CUST2325,2025-06-01,Delivered,Cash on Delivery,362.98
ORD12878,CUST1921,2024-11-09,Returned,Cash on Delivery,343.79
ORD12879,CUST1580,2024-10-25,Delivered,UPI,193.93
ORD12880,CUST2372,2024-05-25,Delivered,Net Banking,159.43
ORD12881,CUST2855,2025-06-27,Delivered,Net Banking,204.11
ORD12882,CUST2956,2025-08-02,Delivered,UPI,408.5
ORD12883,CUST1048,2024-09-12,Delivered,Credit Card,313.82
ORD12884,CUST1916,2025-02-20,Delivered,Net Banking,164.09
ORD12885,CUST2097,2025-05-21,Delivered,Credit Card,418.03
ORD12886,CUST1703,2025-05-16,Delivered,Credit Card,74.64
ORD12887,CUST1260,2024-06-25,Shipped,Cash on Delivery,364.63
ORD12888,CUST1355,2025-08-30,Delivered,Cash on Delivery,247.6
ORD12889,CUST2605,2025-12-31,Returned,Debit Card,379.08
ORD12890,CUST2625,2025-11-11,Delivered,Cash on Delivery,467.36
ORD12891,CUST2283,2025-10-16,Delivered,Net Banking,387.52
ORD12892,CUST1637,2025-10-13,Delivered,Net Banking,248.88
ORD12893,CUST1742,2025-09-20,Delivered,Credit Card,117.94
ORD12894,CUST2318,2025-06-30,Returned,Net Banking,412.86
ORD12895,CUST2009,2024-12-14,Delivered,Cash on Delivery,257.32
ORD12896,CUST1930,2025-11-09,Delivered,Cash on Delivery,83.89
ORD12897,CUST1640,2025-04-18,Returned,Cash on Delivery,373.57
ORD12898,CUST1791,2025-04-11,Delivered,UPI,181.33
ORD12899,CUST2336,2025-08-02,Delivered,Net Banking,72.0
ORD12900,CUST1611,2024-03-11,Delivered,Debit Card,456.24
ORD12901,CUST2861,2025-05-25,Returned,Net Banking,267.4
ORD12902,CUST1808,2024-05-18,Delivered,Net Banking,176.43
ORD12903,CUST2205,2024-10-26,Delivered,UPI,372.37
ORD12904,CUST1685,2024-04-29,Delivered,Net Banking,448.66
ORD12905,CUST2851,2024-06-23,Shipped,Credit Card,50.14
ORD12906,CUST2387,2024-11-05,Delivered,Cash on Delivery,359.53
ORD12907,CUST1187,2025-03-21,Delivered,Cash on Delivery,395.16
ORD12908,CUST2592,2025-11-26,Delivered,UPI,144.47
ORD12909,CUST2566,2025-10-29,Shipped,Cash on Delivery,270.33
ORD12910,CUST2619,2025-03-06,Returned,Credit Card,90.18
ORD12911,CUST2687,2024-03-13,Shipped,UPI,386.04
ORD12912,CUST1984,2026-02-06,Delivered,Debit Card,431.36
ORD12913,CUST1547,2025-03-31,Delivered,Cash on Delivery,98.68
ORD12914,CUST1724,2025-03-17,Delivered,Net Banking,417.41
ORD12915,CUST1925,2025-07-05,Returned,Credit Card,397.21
ORD12916,CUST2431,2024-08-09,Delivered,Credit Card,206.11
ORD12917,CUST1875,2024-07-01,Delivered,Cash on Delivery,360.63
ORD12918,CUST1617,2024-03-28,Cancelled,Debit Card,50.02
ORD12919,CUST1413,2026-01-01,Delivered,Net Banking,469.31
ORD12920,CUST2365,2024-10-24,Delivered,Debit Card,297.67
ORD12921,CUST2243,2024-04-22,Delivered,Debit Card,329.15
ORD12922,CUST1902,2024-07-24,Delivered,Cash on Delivery,349.1
ORD12923,CUST1162,2024-10-18,Cancelled,Net Banking,302.62
ORD12924,CUST2974,2024-11-29,Delivered,Cash on Delivery,435.54
ORD12925,CUST2243,2024-12-27,Delivered,Cash on Delivery,324.37
ORD12926,CUST1269,2024-03-18,Delivered,Credit Card,458.49
ORD12927,CUST1631,2025-07-31,Delivered,Cash on Delivery,312.05
ORD12928,CUST1905,2024-11-14,Delivered,UPI,127.01
ORD12929,CUST2871,2024-07-31,Delivered,Net Banking,461.1
ORD12930,CUST2423,2024-11-09,Delivered,Credit Card,356.73
ORD12931,CUST2205,2025-09-29,Delivered,Net Banking,364.66
ORD12932,CUST2641,2025-04-04,Delivered,Credit Card,493.47
ORD12933,CUST2752,2025-09-01,Delivered,UPI,83.84
ORD12934,CUST1204,2025-08-24,Returned,Cash on Delivery,242.87
ORD12935,CUST1581,2024-08-27,Cancelled,Credit Card,157.59
ORD12936,CUST2579,2025-09-05,Cancelled,Credit Card,333.69
ORD12937,CUST1840,2024-06-13,Delivered,Credit Card,413.07
ORD12938,CUST2836,2024-05-12,Delivered,UPI,484.84
ORD12939,CUST2251,2024-05-18,Delivered,Net Banking,254.57
ORD12940,CUST2719,2024-05-08,Delivered,UPI,403.8
ORD12941,CUST2642,2024-11-01,Delivered,Credit Card,462.67
ORD12942,CUST1595,2025-08-25,Delivered,Credit Card,357.5
ORD12943,CUST2873,2026-02-02,Shipped,Cash on Delivery,159.23
ORD12944,CUST1249,2025-03-23,Delivered,UPI,323.53
ORD12945,CUST1874,2024-12-09,Delivered,UPI,486.48
ORD12946,CUST2464,2025-12-17,Cancelled,Debit Card,494.4
ORD12947,CUST2556,2025-01-29,Delivered,Net Banking,339.06
ORD12948,CUST1195,2024-06-15,Returned,Debit Card,449.14
ORD12949,CUST1689,2024-07-23,Cancelled,Debit Card,140.16
ORD12950,CUST2952,2025-08-12,Shipped,Net Banking,160.74
ORD12951,CUST2542,2025-05-19,Delivered,Cash on Delivery,478.8
ORD12952,CUST2093,2025-05-07,Delivered,Cash on Delivery,110.86
ORD12953,CUST1638,2025-09-06,Delivered,Net Banking,136.0
ORD12954,CUST2422,2025-02-19,Delivered,Net Banking,239.25
ORD12955,CUST1671,2025-10-16,Delivered,UPI,315.31
ORD12956,CUST2783,2024-11-26,Delivered,UPI,321.72
ORD12957,CUST2226,2024-12-17,Delivered,UPI,181.39
ORD12958,CUST2171,2024-10-30,Delivered,UPI,464.28
ORD12959,CUST2495,2025-07-09,Returned,Credit Card,461.79
ORD12960,CUST2678,2026-02-11,Cancelled,Credit Card,226.43
ORD12961,CUST1943,2024-06-08,Delivered,Cash on Delivery,245.43
ORD12962,CUST1198,2024-05-13,Delivered,Credit Card,366.12
ORD12963,CUST2940,2025-01-18,Cancelled,Credit Card,348.35
ORD12964,CUST2449,2025-07-16,Delivered,UPI,222.03
ORD12965,CUST2689,2025-08-17,Returned,UPI,236.41
ORD12966,CUST1491,2025-01-05,Shipped,Net Banking,206.62
ORD12967,CUST2911,2025-01-03,Delivered,UPI,155.92
ORD12968,CUST1895,2024-08-01,Returned,Net Banking,256.16
ORD12969,CUST1141,2025-05-10,Delivered,Net Banking,358.9
ORD12970,CUST2336,2024-04-08,Delivered,Credit Card,383.89
ORD12971,CUST1164,2025-02-12,Delivered,UPI,400.49
ORD12972,CUST1313,2026-02-18,Delivered,Credit Card,218.63
ORD12973,CUST1020,2026-01-25,Cancelled,UPI,394.09
ORD12974,CUST2105,2025-12-05,Delivered,Credit Card,52.93
ORD12975,CUST2604,2025-09-03,Delivered,Credit Card,264.67
ORD12976,CUST2154,2025-10-28,Delivered,Credit Card,407.26
ORD12977,CUST2622,2025-09-05,Cancelled,Cash on Delivery,333.52
ORD12978,CUST2753,2025-12-23,Shipped,Credit Card,263.33
ORD12979,CUST2956,2025-04-21,Cancelled,Debit Card,340.09
ORD12980,CUST1983,2024-04-20,Delivered,Debit Card,458.13
ORD12981,CUST1304,2025-03-17,Delivered,Debit Card,304.87
ORD12982,CUST2938,2025-09-28,Delivered,Net Banking,409.9
ORD12983,CUST1370,2026-01-25,Delivered,Credit Card,491.33
ORD12984,CUST2880,2025-10-04,Delivered,Debit Card,367.51
ORD12985,CUST1852,2026-01-02,Delivered,Net Banking,308.0
ORD12986,CUST1383,2025-12-28,Delivered,Debit Card,66.87
ORD12987,CUST2931,2024-10-15,Cancelled,UPI,218.52
ORD12988,CUST1444,2024-06-30,Delivered,Cash on Delivery,304.45
ORD12989,CUST1424,2026-02-04,Delivered,Credit Card,408.74
ORD12990,CUST1160,2025-06-06,Delivered,Cash on Delivery,247.15
ORD12991,CUST2201,2025-12-07,Returned,Cash on Delivery,482.03
ORD12992,CUST1628,2026-02-22,Cancelled,UPI,172.31
ORD12993,CUST2731,2025-04-11,Returned,UPI,385.06
ORD12994,CUST1894,2024-06-30,Delivered,UPI,238.56
ORD12995,CUST1489,2024-04-19,Shipped,Net Banking,268.69
ORD12996,CUST2016,2026-01-03,Delivered,Debit Card,411.13
ORD12997,CUST1326,2025-10-28,Delivered,Credit Card,183.3
ORD12998,CUST1597,2024-07-30,Shipped,UPI,93.57
ORD12999,CUST2014,2024-05-13,Delivered,Credit Card,284.12
ORD13000,CUST1288,2025-08-16,Delivered,Credit Card,287.96
ORD13001,CUST1592,2024-11-01,Delivered,Credit Card,408.73
ORD13002,CUST2687,2025-04-17,Delivered,UPI,485.74
ORD13003,CUST2596,2025-01-18,Shipped,UPI,74.89
ORD13004,CUST1572,2025-02-15,Delivered,Debit Card,316.26
ORD13005,CUST2377,2025-03-28,Delivered,UPI,356.58
ORD13006,CUST1027,2024-10-17,Delivered,UPI,493.61
ORD13007,CUST1953,2025-07-27,Delivered,Credit Card,474.17
ORD13008,CUST1042,2024-11-09,Delivered,Debit Card,370.6
ORD13009,CUST2704,2026-01-29,Delivered,Cash on Delivery,284.81
ORD13010,CUST1422,2025-02-18,Delivered,UPI,122.69
ORD13011,CUST2621,2024-08-23,Delivered,UPI,222.88
ORD13012,CUST1176,2024-08-13,Shipped,Cash on Delivery,313.31
ORD13013,CUST1528,2025-07-16,Delivered,Credit Card,376.34
ORD13014,CUST2633,2024-11-07,Delivered,Debit Card,335.93
ORD13015,CUST1965,2025-07-12,Delivered,Credit Card,371.36
ORD13016,CUST2517,2025-08-01,Delivered,Net Banking,243.12
ORD13017,CUST1197,2024-04-14,Cancelled,UPI,377.43
ORD13018,CUST1609,2025-05-21,Shipped,Net Banking,114.68
ORD13019,CUST2600,2024-03-02,Delivered,UPI,123.16
ORD13020,CUST1841,2024-03-26,Returned,Net Banking,123.27
ORD13021,CUST1852,2025-02-27,Delivered,Cash on Delivery,450.89
ORD13022,CUST2540,2025-05-01,Delivered,UPI,84.22
ORD13023,CUST2537,2024-03-18,Delivered,UPI,410.68
ORD13024,CUST1021,2024-09-10,Delivered,Net Banking,155.11
ORD13025,CUST2135,2025-02-22,Delivered,Debit Card,260.79
ORD13026,CUST2080,2025-03-10,Returned,Net Banking,462.18
ORD13027,CUST2089,2025-07-03,Delivered,UPI,313.67
ORD13028,CUST1841,2025-11-19,Shipped,UPI,144.55
ORD13029,CUST1097,2024-08-15,Cancelled,Debit Card,177.84
ORD13030,CUST2167,2025-01-10,Delivered,Credit Card,464.2
ORD13031,CUST2903,2025-09-19,Delivered,Debit Card,242.21
ORD13032,CUST1434,2025-03-24,Delivered,Credit Card,314.14
ORD13033,CUST1636,2025-09-08,Shipped,UPI,256.97
ORD13034,CUST2702,2024-11-20,Delivered,Cash on Delivery,220.3
ORD13035,CUST2109,2025-05-11,Delivered,Cash on Delivery,150.48
ORD13036,CUST1587,2025-12-04,Delivered,Net Banking,358.79
ORD13037,CUST1343,2025-07-11,Delivered,Debit Card,373.21
ORD13038,CUST2959,2025-06-15,Delivered,Debit Card,173.7
ORD13039,CUST2317,2025-05-06,Delivered,Cash on Delivery,405.05
ORD13040,CUST2979,2024-11-10,Delivered,Credit Card,434.54
ORD13041,CUST1570,2024-05-02,Delivered,Debit Card,464.3
ORD13042,CUST2673,2025-01-05,Delivered,Credit Card,122.55
ORD13043,CUST1610,2024-04-14,Delivered,Credit Card,186.77
ORD13044,CUST2727,2025-03-29,Delivered,Credit Card,437.16
ORD13045,CUST1242,2025-03-18,Delivered,Credit Card,139.34
ORD13046,CUST2854,2024-05-01,Delivered,Net Banking,51.56
ORD13047,CUST1560,2025-02-13,Delivered,Net Banking,441.87
ORD13048,CUST1959,2025-03-03,Delivered,Cash on Delivery,196.9
ORD13049,CUST1031,2024-12-28,Delivered,Net Banking,236.52
ORD13050,CUST1390,2025-02-05,Delivered,Debit Card,250.85
ORD13051,CUST1276,2024-03-15,Delivered,Net Banking,431.72
ORD13052,CUST1531,2025-04-15,Delivered,Debit Card,202.05
ORD13053,CUST2177,2025-03-03,Returned,Debit Card,451.53
ORD13054,CUST1382,2024-06-23,Cancelled,Credit Card,327.62
ORD13055,CUST2091,2025-05-15,Cancelled,Cash on Delivery,287.28
ORD13056,CUST2901,2025-07-26,Cancelled,Credit Card,196.53
ORD13057,CUST1883,2025-08-17,Delivered,Credit Card,159.67
ORD13058,CUST1213,2025-01-18,Delivered,Net Banking,330.83
ORD13059,CUST2678,2025-03-09,Delivered,Net Banking,251.1
ORD13060,CUST1375,2025-12-30,Delivered,Debit Card,459.73
ORD13061,CUST1743,2024-10-22,Delivered,Net Banking,271.24
ORD13062,CUST1212,2024-04-30,Cancelled,Net Banking,280.31
ORD13063,CUST1078,2024-05-08,Delivered,UPI,237.53
ORD13064,CUST2749,2025-03-29,Delivered,Debit Card,405.17
ORD13065,CUST1627,2026-02-04,Delivered,Debit Card,241.18
ORD13066,CUST1603,2024-07-20,Delivered,UPI,171.2
ORD13067,CUST1781,2025-06-29,Delivered,Debit Card,437.91
ORD13068,CUST2946,2025-09-28,Returned,Cash on Delivery,318.57
ORD13069,CUST2404,2024-05-21,Delivered,Cash on Delivery,316.18
ORD13070,CUST2000,2024-07-09,Cancelled,UPI,324.87
ORD13071,CUST1679,2025-08-23,Delivered,Net Banking,373.48
ORD13072,CUST1057,2024-11-18,Returned,Cash on Delivery,190.88
ORD13073,CUST2819,2026-02-14,Delivered,UPI,65.23
ORD13074,CUST2049,2025-10-17,Delivered,Cash on Delivery,414.77
ORD13075,CUST1880,2025-01-06,Delivered,Credit Card,108.01
ORD13076,CUST1446,2024-08-13,Cancelled,UPI,374.82
ORD13077,CUST1065,2025-07-03,Shipped,Debit Card,87.04
ORD13078,CUST2944,2025-09-06,Delivered,Cash on Delivery,218.89
ORD13079,CUST2783,2025-02-01,Delivered,Debit Card,78.36
ORD13080,CUST2277,2024-09-30,Shipped,UPI,285.0
ORD13081,CUST2922,2024-05-10,Delivered,Cash on Delivery,343.91
ORD13082,CUST2991,2025-10-25,Delivered,Debit Card,127.14
ORD13083,CUST2067,2025-09-26,Delivered,Net Banking,217.23
ORD13084,CUST2120,2025-08-15,Delivered,Net Banking,468.61
ORD13085,CUST2577,2025-01-27,Cancelled,Credit Card,249.08
ORD13086,CUST2011,2024-07-14,Cancelled,UPI,411.14
ORD13087,CUST1226,2024-03-17,Delivered,Debit Card,467.23
ORD13088,CUST1773,2025-06-24,Delivered,Credit Card,488.46
ORD13089,CUST1678,2024-11-27,Returned,UPI,454.24
ORD13090,CUST2459,2024-10-28,Delivered,Net Banking,192.83
ORD13091,CUST2814,2025-05-24,Returned,Debit Card,483.16
ORD13092,CUST1600,2024-09-11,Delivered,Cash on Delivery,415.58
ORD13093,CUST1378,2025-09-25,Delivered,Net Banking,426.73
ORD13094,CUST2201,2025-05-02,Shipped,Cash on Delivery,56.83
ORD13095,CUST2450,2026-01-17,Delivered,Cash on Delivery,479.41
ORD13096,CUST2938,2024-09-23,Delivered,Debit Card,400.14
ORD13097,CUST1708,2024-04-19,Delivered,Debit Card,395.59
ORD13098,CUST1306,2025-04-23,Delivered,Cash on Delivery,86.69
ORD13099,CUST1778,2025-01-31,Delivered,Credit Card,154.66
ORD13100,CUST1503,2024-10-20,Shipped,Cash on Delivery,483.02
ORD13101,CUST1267,2024-09-05,Cancelled,Cash on Delivery,275.3
ORD13102,CUST2609,2025-12-28,Delivered,Debit Card,229.04
ORD13103,CUST1007,2025-01-31,Delivered,UPI,427.97
ORD13104,CUST2943,2025-06-19,Delivered,Net Banking,89.3
ORD13105,CUST1507,2024-06-30,Delivered,Debit Card,237.62
ORD13106,CUST1475,2024-09-27,Delivered,Credit Card,219.07
ORD13107,CUST2320,2024-10-27,Cancelled,Net Banking,207.43
ORD13108,CUST1163,2025-03-30,Delivered,Debit Card,188.46
ORD13109,CUST1484,2024-11-23,Returned,Debit Card,144.53
ORD13110,CUST2620,2024-04-05,Delivered,UPI,127.81
ORD13111,CUST2095,2024-07-07,Delivered,Credit Card,338.18
ORD13112,CUST1566,2025-02-19,Delivered,Credit Card,463.73
ORD13113,CUST1904,2025-05-27,Delivered,Debit Card,278.98
ORD13114,CUST1558,2024-07-17,Delivered,UPI,184.09
ORD13115,CUST2934,2025-10-15,Shipped,Debit Card,121.62
ORD13116,CUST2967,2026-01-26,Delivered,Cash on Delivery,423.56
ORD13117,CUST1237,2024-07-16,Shipped,Cash on Delivery,487.17
ORD13118,CUST2127,2026-02-12,Delivered,UPI,207.12
ORD13119,CUST2233,2025-10-04,Shipped,Debit Card,180.93
ORD13120,CUST1553,2024-04-12,Delivered,UPI,320.67
ORD13121,CUST1827,2024-09-02,Shipped,Debit Card,398.9
ORD13122,CUST1467,2025-10-26,Delivered,Debit Card,254.93
ORD13123,CUST2477,2024-04-29,Cancelled,Cash on Delivery,333.53
ORD13124,CUST2291,2024-11-20,Shipped,Net Banking,372.45
ORD13125,CUST1385,2024-12-14,Delivered,Credit Card,482.27
ORD13126,CUST1774,2024-09-03,Delivered,Credit Card,124.27
ORD13127,CUST1847,2024-09-17,Delivered,UPI,498.82
ORD13128,CUST1386,2025-06-02,Shipped,Credit Card,226.47
ORD13129,CUST1876,2026-02-05,Delivered,Cash on Delivery,375.44
ORD13130,CUST1258,2025-11-16,Delivered,Net Banking,307.59
ORD13131,CUST1282,2025-06-03,Delivered,Debit Card,269.0
ORD13132,CUST2649,2025-09-19,Delivered,Debit Card,364.13
ORD13133,CUST2898,2025-11-26,Returned,Cash on Delivery,228.09
ORD13134,CUST1039,2025-08-24,Delivered,Credit Card,106.75
ORD13135,CUST1485,2025-03-31,Delivered,Debit Card,270.0
ORD13136,CUST1928,2025-10-17,Shipped,Credit Card,284.86
ORD13137,CUST1219,2025-12-23,Delivered,Cash on Delivery,140.86
ORD13138,CUST2152,2025-07-11,Delivered,Debit Card,471.03
ORD13139,CUST2014,2025-03-02,Delivered,UPI,152.36
ORD13140,CUST2023,2025-11-12,Delivered,Net Banking,234.15
ORD13141,CUST2543,2024-06-21,Delivered,Credit Card,119.72
ORD13142,CUST1612,2024-04-05,Cancelled,Credit Card,291.11
ORD13143,CUST1927,2024-09-12,Delivered,Credit Card,188.44
ORD13144,CUST2915,2025-01-12,Delivered,Credit Card,270.17
ORD13145,CUST1687,2024-06-06,Delivered,Cash on Delivery,151.08
ORD13146,CUST2642,2025-04-11,Delivered,Cash on Delivery,74.2
ORD13147,CUST1612,2025-09-17,Cancelled,Cash on Delivery,400.65
ORD13148,CUST1259,2024-06-17,Delivered,Cash on Delivery,338.49
ORD13149,CUST1989,2025-01-13,Delivered,Debit Card,203.33
ORD13150,CUST1965,2025-02-27,Delivered,Cash on Delivery,71.37
ORD13151,CUST1365,2024-10-14,Delivered,Debit Card,439.51
ORD13152,CUST2781,2025-07-03,Delivered,UPI,126.41
ORD13153,CUST2810,2024-09-23,Delivered,Cash on Delivery,468.83
ORD13154,CUST1543,2024-11-29,Delivered,UPI,265.37
ORD13155,CUST1648,2024-06-30,Cancelled,Cash on Delivery,203.17
ORD13156,CUST2547,2025-09-06,Delivered,UPI,383.79
ORD13157,CUST2930,2025-06-12,Returned,Net Banking,444.58
ORD13158,CUST1813,2025-02-02,Returned,UPI,216.82
ORD13159,CUST2910,2025-04-19,Delivered,Debit Card,233.3
ORD13160,CUST2039,2024-09-17,Delivered,Credit Card,244.92
ORD13161,CUST2152,2024-03-23,Delivered,UPI,465.05
ORD13162,CUST1574,2024-07-31,Delivered,Credit Card,361.65
ORD13163,CUST2132,2025-05-10,Cancelled,Net Banking,161.44
ORD13164,CUST2910,2025-12-18,Delivered,Net Banking,133.25
ORD13165,CUST2012,2025-12-22,Delivered,Debit Card,153.67
ORD13166,CUST2556,2026-02-07,Delivered,Debit Card,168.6
ORD13167,CUST1669,2024-05-06,Delivered,UPI,153.58
ORD13168,CUST1268,2025-01-18,Delivered,Cash on Delivery,346.33
ORD13169,CUST2185,2024-09-12,Cancelled,Net Banking,102.17
ORD13170,CUST2283,2025-02-07,Delivered,Credit Card,224.31
ORD13171,CUST1923,2024-03-16,Cancelled,Cash on Delivery,331.27
ORD13172,CUST2125,2024-06-25,Delivered,Net Banking,180.89
ORD13173,CUST2529,2024-10-17,Delivered,UPI,79.37
ORD13174,CUST2758,2025-05-29,Delivered,Net Banking,86.82
ORD13175,CUST2594,2025-07-09,Delivered,Debit Card,106.69
ORD13176,CUST1246,2024-04-04,Delivered,Credit Card,426.13
ORD13177,CUST2663,2024-09-12,Returned,Credit Card,346.04
ORD13178,CUST2818,2025-04-15,Returned,Debit Card,79.04
ORD13179,CUST2860,2024-06-03,Delivered,Cash on Delivery,225.98
ORD13180,CUST2560,2024-11-14,Delivered,Debit Card,175.36
ORD13181,CUST1130,2025-05-26,Delivered,Credit Card,310.12
ORD13182,CUST1352,2024-12-14,Returned,UPI,285.26
ORD13183,CUST1195,2025-09-17,Delivered,Cash on Delivery,266.51
ORD13184,CUST2816,2024-07-17,Shipped,Net Banking,191.53
ORD13185,CUST2939,2024-06-30,Delivered,UPI,112.01
ORD13186,CUST1929,2024-07-30,Delivered,Cash on Delivery,384.07
ORD13187,CUST2689,2025-06-05,Shipped,Credit Card,445.94
ORD13188,CUST2405,2025-04-15,Delivered,Credit Card,474.87
ORD13189,CUST2021,2025-03-14,Delivered,UPI,76.38
ORD13190,CUST1644,2025-10-04,Delivered,Cash on Delivery,382.96
ORD13191,CUST1226,2025-05-02,Delivered,Net Banking,376.93
ORD13192,CUST1700,2025-08-06,Delivered,Net Banking,476.2
ORD13193,CUST2499,2025-09-05,Delivered,Debit Card,163.81
ORD13194,CUST2500,2025-02-02,Cancelled,UPI,383.98
ORD13195,CUST1264,2024-08-03,Delivered,Cash on Delivery,74.58
ORD13196,CUST2395,2025-08-19,Shipped,UPI,334.06
ORD13197,CUST2509,2024-08-16,Delivered,Net Banking,207.88
ORD13198,CUST2457,2024-07-01,Delivered,Cash on Delivery,396.01
ORD13199,CUST1645,2024-07-26,Delivered,Credit Card,438.49
ORD13200,CUST1210,2024-08-29,Delivered,Credit Card,214.17
ORD13201,CUST2595,2025-12-06,Delivered,Cash on Delivery,286.51
ORD13202,CUST2963,2025-04-24,Shipped,UPI,102.83
ORD13203,CUST2400,2024-11-06,Delivered,UPI,237.61
ORD13204,CUST2418,2025-07-22,Delivered,Credit Card,212.36
ORD13205,CUST2473,2024-07-24,Delivered,Credit Card,132.41
ORD13206,CUST1942,2024-03-02,Cancelled,Net Banking,452.52
ORD13207,CUST2387,2026-01-28,Returned,Cash on Delivery,116.64
ORD13208,CUST2899,2025-03-05,Delivered,UPI,336.08
ORD13209,CUST1456,2024-04-19,Delivered,Net Banking,450.56
ORD13210,CUST1724,2025-10-15,Delivered,UPI,460.39
ORD13211,CUST2751,2025-05-04,Delivered,Credit Card,406.96
ORD13212,CUST2249,2024-07-07,Delivered,Cash on Delivery,129.26
ORD13213,CUST1981,2025-07-03,Delivered,Debit Card,417.84
ORD13214,CUST2154,2025-07-07,Delivered,Cash on Delivery,174.45
ORD13215,CUST1587,2025-07-08,Delivered,Debit Card,465.08
ORD13216,CUST1475,2026-02-10,Delivered,Net Banking,369.09
ORD13217,CUST2821,2024-09-05,Shipped,Debit Card,403.37
ORD13218,CUST1985,2024-10-10,Shipped,Debit Card,88.26
ORD13219,CUST2300,2024-12-11,Delivered,Net Banking,312.24
ORD13220,CUST1155,2024-09-19,Delivered,Cash on Delivery,419.51
ORD13221,CUST2783,2024-10-22,Delivered,Net Banking,437.72
ORD13222,CUST2241,2025-05-24,Delivered,Credit Card,62.88
ORD13223,CUST1189,2025-01-09,Cancelled,Credit Card,472.62
ORD13224,CUST2440,2025-08-02,Delivered,Debit Card,69.5
ORD13225,CUST1980,2026-02-14,Returned,Net Banking,326.53
ORD13226,CUST2698,2024-05-09,Shipped,Net Banking,362.02
ORD13227,CUST2715,2024-11-02,Delivered,Net Banking,98.31
ORD13228,CUST1545,2024-10-17,Delivered,Cash on Delivery,71.61
ORD13229,CUST1040,2025-09-04,Delivered,UPI,403.21
ORD13230,CUST1306,2024-05-15,Delivered,UPI,223.1
ORD13231,CUST1942,2024-03-17,Delivered,UPI,98.2
ORD13232,CUST1337,2025-06-20,Delivered,Cash on Delivery,393.2
ORD13233,CUST2337,2024-07-23,Returned,Net Banking,432.12
ORD13234,CUST2098,2025-09-09,Delivered,UPI,314.32
ORD13235,CUST1952,2025-12-29,Delivered,Net Banking,122.56
ORD13236,CUST1278,2025-01-09,Delivered,Debit Card,56.85
ORD13237,CUST2199,2025-04-13,Delivered,UPI,365.36
ORD13238,CUST1895,2025-08-11,Delivered,Debit Card,297.56
ORD13239,CUST2685,2024-11-07,Returned,Cash on Delivery,342.86
ORD13240,CUST1272,2025-04-04,Delivered,Credit Card,415.93
ORD13241,CUST1836,2025-02-24,Delivered,Cash on Delivery,245.4
ORD13242,CUST1619,2025-05-10,Delivered,Cash on Delivery,106.03
ORD13243,CUST2674,2025-10-23,Delivered,Cash on Delivery,472.99
ORD13244,CUST1861,2026-01-04,Returned,UPI,295.37
ORD13245,CUST2806,2025-05-09,Delivered,Debit Card,326.88
ORD13246,CUST2882,2025-04-05,Returned,UPI,470.04
ORD13247,CUST1930,2024-03-22,Delivered,Credit Card,469.21
ORD13248,CUST1288,2026-01-04,Delivered,Cash on Delivery,307.44
ORD13249,CUST1723,2025-05-03,Delivered,Net Banking,183.93
ORD13250,CUST1892,2025-07-21,Delivered,Credit Card,498.7
ORD13251,CUST1271,2025-03-04,Delivered,Debit Card,356.37
ORD13252,CUST2953,2025-05-21,Cancelled,Credit Card,233.8
ORD13253,CUST2089,2025-02-26,Delivered,UPI,301.93
ORD13254,CUST1482,2024-05-06,Delivered,Net Banking,237.13
ORD13255,CUST1935,2025-06-09,Delivered,UPI,449.74
ORD13256,CUST1247,2024-04-02,Delivered,Cash on Delivery,267.12
ORD13257,CUST1155,2024-05-20,Delivered,Cash on Delivery,420.59
ORD13258,CUST2070,2025-10-29,Delivered,Credit Card,428.08
ORD13259,CUST2958,2024-03-19,Delivered,Cash on Delivery,420.95
ORD13260,CUST1453,2025-11-28,Delivered,Cash on Delivery,374.98
ORD13261,CUST1200,2024-06-13,Delivered,Debit Card,434.69
ORD13262,CUST2683,2025-08-07,Delivered,Debit Card,224.25
ORD13263,CUST1123,2025-06-09,Delivered,UPI,101.6
ORD13264,CUST1000,2024-05-12,Delivered,UPI,429.1
ORD13265,CUST1967,2024-06-06,Shipped,Debit Card,274.18
ORD13266,CUST2782,2025-04-12,Delivered,Credit Card,107.32
ORD13267,CUST1854,2025-07-01,Delivered,Debit Card,101.89
ORD13268,CUST1639,2024-07-05,Delivered,UPI,121.66
ORD13269,CUST1190,2025-06-13,Delivered,Net Banking,387.94
ORD13270,CUST2602,2026-01-17,Returned,Cash on Delivery,369.89
ORD13271,CUST1515,2025-10-18,Delivered,Net Banking,141.72
ORD13272,CUST1441,2025-08-08,Shipped,Net Banking,431.12
ORD13273,CUST2944,2025-01-10,Returned,Cash on Delivery,176.58
ORD13274,CUST2838,2024-09-22,Delivered,Debit Card,406.84
ORD13275,CUST2829,2024-11-23,Delivered,Credit Card,269.96
ORD13276,CUST1142,2024-06-11,Delivered,Net Banking,379.2
ORD13277,CUST2214,2025-09-17,Delivered,Credit Card,221.62
ORD13278,CUST1532,2024-08-14,Delivered,UPI,206.21
ORD13279,CUST1226,2025-03-16,Delivered,Net Banking,428.61
ORD13280,CUST2336,2026-01-28,Delivered,UPI,65.89
ORD13281,CUST2652,2024-06-14,Delivered,Debit Card,488.63
ORD13282,CUST1948,2025-12-11,Delivered,Net Banking,341.68
ORD13283,CUST2325,2024-04-29,Returned,UPI,244.62
ORD13284,CUST2677,2025-12-28,Delivered,UPI,332.62
ORD13285,CUST1459,2025-11-30,Returned,Debit Card,105.23
ORD13286,CUST2424,2026-01-24,Delivered,Credit Card,281.32
ORD13287,CUST1550,2024-11-05,Delivered,Credit Card,493.29
ORD13288,CUST1392,2024-06-20,Delivered,Net Banking,155.87
ORD13289,CUST2890,2025-02-26,Delivered,Debit Card,375.03
ORD13290,CUST2787,2026-02-15,Delivered,Net Banking,245.74
ORD13291,CUST1844,2026-01-30,Delivered,Credit Card,343.61
ORD13292,CUST2230,2025-11-06,Returned,Debit Card,142.2
ORD13293,CUST1209,2026-01-23,Delivered,Cash on Delivery,261.71
ORD13294,CUST2138,2024-10-19,Delivered,Debit Card,491.04
ORD13295,CUST2760,2024-12-03,Returned,Debit Card,137.88
ORD13296,CUST1645,2024-11-21,Cancelled,Cash on Delivery,336.4
ORD13297,CUST2274,2025-10-20,Delivered,UPI,309.02
ORD13298,CUST1218,2025-01-20,Delivered,UPI,304.27
ORD13299,CUST1406,2024-04-07,Returned,UPI,326.81
ORD13300,CUST2466,2024-04-30,Delivered,Credit Card,276.01
ORD13301,CUST2626,2024-05-30,Delivered,Debit Card,57.62
ORD13302,CUST2377,2025-01-12,Delivered,Cash on Delivery,455.04
ORD13303,CUST1887,2025-09-23,Returned,Credit Card,422.14
ORD13304,CUST1557,2025-03-18,Delivered,Cash on Delivery,128.38
ORD13305,CUST1549,2024-10-23,Shipped,Credit Card,235.97
ORD13306,CUST1141,2024-03-30,Delivered,Credit Card,396.75
ORD13307,CUST1611,2024-11-10,Cancelled,Credit Card,491.03
ORD13308,CUST1500,2025-09-05,Delivered,Cash on Delivery,478.01
ORD13309,CUST1839,2025-06-24,Delivered,Net Banking,454.71
ORD13310,CUST1701,2026-02-24,Returned,Credit Card,121.27
ORD13311,CUST2570,2025-08-25,Delivered,UPI,461.51
ORD13312,CUST2682,2024-06-18,Delivered,Debit Card,445.3
ORD13313,CUST2565,2025-02-16,Delivered,Net Banking,219.63
ORD13314,CUST2869,2024-04-22,Delivered,Net Banking,227.54
ORD13315,CUST2530,2025-05-27,Delivered,Cash on Delivery,256.96
ORD13316,CUST1595,2025-06-10,Delivered,Net Banking,345.28
ORD13317,CUST2904,2024-04-28,Delivered,Cash on Delivery,167.38
ORD13318,CUST1280,2025-03-31,Delivered,Cash on Delivery,60.33
ORD13319,CUST1423,2024-11-12,Delivered,UPI,113.55
ORD13320,CUST1855,2024-11-16,Delivered,Credit Card,248.05
ORD13321,CUST1269,2024-09-17,Cancelled,Net Banking,176.9
ORD13322,CUST1153,2025-11-02,Delivered,Credit Card,394.03
ORD13323,CUST1613,2024-06-05,Delivered,Credit Card,98.01
ORD13324,CUST2750,2025-02-18,Shipped,Credit Card,462.86
ORD13325,CUST1661,2024-09-24,Delivered,Cash on Delivery,452.9
ORD13326,CUST2967,2025-03-01,Returned,Credit Card,458.94
ORD13327,CUST1082,2024-08-31,Returned,Net Banking,382.82
ORD13328,CUST2645,2024-08-11,Cancelled,Cash on Delivery,98.15
ORD13329,CUST1946,2025-10-29,Delivered,Net Banking,247.16
ORD13330,CUST1898,2025-12-23,Returned,Cash on Delivery,109.13
ORD13331,CUST2449,2025-08-21,Cancelled,Debit Card,494.46
ORD13332,CUST2298,2024-03-05,Delivered,Debit Card,199.87
ORD13333,CUST2736,2024-07-17,Delivered,Debit Card,313.4
ORD13334,CUST1283,2025-09-24,Delivered,Debit Card,400.73
ORD13335,CUST1979,2025-04-15,Delivered,Cash on Delivery,464.28
ORD13336,CUST1172,2025-04-18,Delivered,Credit Card,390.0
ORD13337,CUST2350,2025-05-18,Delivered,UPI,353.53
ORD13338,CUST2741,2025-09-28,Delivered,UPI,259.69
ORD13339,CUST2086,2024-10-21,Delivered,Debit Card,322.43
ORD13340,CUST2096,2025-11-24,Delivered,Credit Card,92.37
ORD13341,CUST1762,2026-02-09,Delivered,Net Banking,447.77
ORD13342,CUST2659,2024-04-25,Shipped,Credit Card,294.7
ORD13343,CUST2398,2024-09-22,Delivered,Net Banking,68.06
ORD13344,CUST1632,2024-09-04,Delivered,UPI,463.96
ORD13345,CUST2531,2025-12-02,Delivered,Credit Card,270.19
ORD13346,CUST1786,2025-10-29,Delivered,Credit Card,440.87
ORD13347,CUST1942,2025-03-08,Cancelled,UPI,435.6
ORD13348,CUST2011,2024-06-17,Shipped,Credit Card,417.09
ORD13349,CUST1397,2025-11-04,Delivered,Net Banking,77.63
ORD13350,CUST2143,2024-08-17,Shipped,Credit Card,161.18
ORD13351,CUST1933,2024-04-22,Delivered,Net Banking,444.0
ORD13352,CUST2460,2025-03-07,Delivered,Debit Card,454.55
ORD13353,CUST2852,2026-02-26,Delivered,Credit Card,256.13
ORD13354,CUST1675,2024-12-05,Returned,Net Banking,248.02
ORD13355,CUST1935,2024-09-08,Delivered,UPI,128.81
ORD13356,CUST1464,2024-10-31,Delivered,Debit Card,485.78
ORD13357,CUST1285,2025-11-30,Returned,Credit Card,145.91
ORD13358,CUST1264,2025-10-01,Delivered,Net Banking,135.92
ORD13359,CUST1319,2024-04-24,Delivered,Credit Card,347.33
ORD13360,CUST1672,2024-06-19,Returned,Net Banking,159.28
ORD13361,CUST2399,2024-06-27,Delivered,Credit Card,472.45
ORD13362,CUST1819,2025-11-02,Delivered,Debit Card,54.91
ORD13363,CUST1088,2025-12-17,Delivered,Debit Card,52.59
ORD13364,CUST2677,2026-01-08,Delivered,Credit Card,277.19
ORD13365,CUST2226,2025-11-06,Delivered,Credit Card,269.63
ORD13366,CUST1820,2024-04-10,Delivered,Cash on Delivery,123.51
ORD13367,CUST2762,2024-07-25,Delivered,Credit Card,272.53
ORD13368,CUST2000,2024-12-19,Delivered,Credit Card,235.25
ORD13369,CUST2978,2025-03-30,Returned,Debit Card,450.65
ORD13370,CUST1333,2024-04-07,Shipped,Credit Card,54.16
ORD13371,CUST1221,2024-08-05,Delivered,UPI,489.32
ORD13372,CUST1040,2025-07-28,Delivered,Credit Card,330.98
ORD13373,CUST2731,2025-10-18,Shipped,Cash on Delivery,118.33
ORD13374,CUST1067,2025-03-06,Delivered,Net Banking,71.04
ORD13375,CUST1987,2025-06-07,Delivered,Debit Card,292.15
ORD13376,CUST2799,2025-12-05,Shipped,UPI,155.7
ORD13377,CUST1513,2026-02-24,Cancelled,Net Banking,185.52
ORD13378,CUST2896,2024-09-16,Cancelled,UPI,160.31
ORD13379,CUST2660,2025-05-04,Cancelled,Debit Card,342.58
ORD13380,CUST2645,2024-11-30,Delivered,Cash on Delivery,299.09
ORD13381,CUST2621,2025-10-19,Delivered,Debit Card,85.09
ORD13382,CUST2960,2025-03-05,Delivered,UPI,286.94
ORD13383,CUST2655,2024-03-09,Delivered,UPI,406.04
ORD13384,CUST2150,2025-02-26,Delivered,Debit Card,86.54
ORD13385,CUST2278,2025-06-28,Cancelled,Credit Card,450.38
ORD13386,CUST1694,2025-09-03,Cancelled,Debit Card,310.24
ORD13387,CUST2039,2025-05-08,Delivered,Cash on Delivery,477.78
ORD13388,CUST1476,2025-06-27,Cancelled,Debit Card,116.66
ORD13389,CUST2085,2025-05-29,Returned,Net Banking,497.1
ORD13390,CUST1880,2025-01-05,Delivered,Credit Card,339.92
ORD13391,CUST1431,2024-08-10,Delivered,Net Banking,305.37
ORD13392,CUST2693,2025-03-23,Delivered,Debit Card,281.88
ORD13393,CUST1267,2025-10-06,Delivered,Credit Card,60.64
ORD13394,CUST2058,2025-04-10,Delivered,Net Banking,472.84
ORD13395,CUST1778,2025-10-10,Delivered,Net Banking,339.8
ORD13396,CUST2599,2025-12-05,Delivered,Credit Card,91.23
ORD13397,CUST1493,2025-03-01,Delivered,Credit Card,59.43
ORD13398,CUST2585,2024-11-26,Shipped,UPI,72.85
ORD13399,CUST2492,2024-10-24,Delivered,Credit Card,324.23
ORD13400,CUST2790,2024-10-05,Cancelled,Debit Card,326.31
ORD13401,CUST1660,2025-05-04,Delivered,Cash on Delivery,274.85
ORD13402,CUST2348,2025-04-05,Delivered,UPI,188.04
ORD13403,CUST2327,2026-01-18,Shipped,Credit Card,289.28
ORD13404,CUST2299,2024-06-26,Delivered,Cash on Delivery,282.34
ORD13405,CUST2892,2025-08-12,Delivered,UPI,58.74
ORD13406,CUST2986,2025-07-28,Cancelled,Debit Card,177.11
ORD13407,CUST2707,2024-11-07,Delivered,Cash on Delivery,73.93
ORD13408,CUST2952,2024-06-19,Delivered,Credit Card,455.07
ORD13409,CUST2012,2025-05-11,Delivered,Credit Card,376.35
ORD13410,CUST2224,2025-12-23,Returned,Debit Card,498.25
ORD13411,CUST2468,2025-03-12,Delivered,UPI,185.98
ORD13412,CUST2928,2024-10-13,Delivered,Cash on Delivery,445.32
ORD13413,CUST2347,2024-08-22,Delivered,Debit Card,321.37
ORD13414,CUST2058,2026-01-04,Delivered,UPI,253.91
ORD13415,CUST1976,2024-06-27,Cancelled,Net Banking,150.16
ORD13416,CUST1481,2024-03-03,Delivered,Net Banking,382.28
ORD13417,CUST1727,2026-01-18,Delivered,UPI,456.86
ORD13418,CUST1479,2025-02-16,Delivered,Credit Card,155.89
ORD13419,CUST2088,2025-07-22,Returned,Credit Card,128.93
ORD13420,CUST2031,2025-09-10,Delivered,Net Banking,363.3
ORD13421,CUST2324,2025-04-25,Returned,Credit Card,489.64
ORD13422,CUST1342,2024-07-04,Returned,Credit Card,387.48
ORD13423,CUST2454,2024-10-16,Delivered,UPI,178.06
ORD13424,CUST2447,2025-01-07,Delivered,UPI,238.98
ORD13425,CUST1331,2024-11-02,Delivered,Credit Card,222.94
ORD13426,CUST1437,2024-12-23,Returned,UPI,433.44
ORD13427,CUST2611,2025-05-20,Delivered,Cash on Delivery,397.12
ORD13428,CUST1173,2025-12-06,Delivered,Net Banking,315.04
ORD13429,CUST1558,2025-12-08,Returned,Cash on Delivery,173.73
ORD13430,CUST1526,2025-08-16,Delivered,Cash on Delivery,472.09
ORD13431,CUST2896,2024-04-13,Delivered,Credit Card,343.99
ORD13432,CUST1658,2024-12-07,Delivered,Credit Card,486.71
ORD13433,CUST1025,2024-08-22,Delivered,Cash on Delivery,311.05
ORD13434,CUST1819,2025-12-13,Cancelled,Cash on Delivery,419.54
ORD13435,CUST1604,2024-09-09,Delivered,Debit Card,415.9
ORD13436,CUST1405,2024-05-06,Delivered,Debit Card,201.8
ORD13437,CUST1231,2025-12-06,Returned,Net Banking,483.81
ORD13438,CUST1532,2024-09-03,Delivered,Cash on Delivery,59.87
ORD13439,CUST2842,2024-06-11,Shipped,UPI,395.92
ORD13440,CUST2573,2025-01-21,Shipped,Debit Card,484.5
ORD13441,CUST2811,2025-04-30,Delivered,Credit Card,202.51
ORD13442,CUST1504,2025-07-26,Delivered,Cash on Delivery,341.65
ORD13443,CUST2692,2025-05-27,Cancelled,UPI,303.0
ORD13444,CUST1178,2025-12-09,Delivered,UPI,392.68
ORD13445,CUST1131,2025-02-27,Delivered,UPI,439.78
ORD13446,CUST2846,2025-02-01,Cancelled,Credit Card,321.37
ORD13447,CUST2478,2025-10-05,Delivered,Debit Card,417.16
ORD13448,CUST1347,2024-05-17,Returned,UPI,190.53
ORD13449,CUST1539,2025-09-07,Delivered,Debit Card,152.86
ORD13450,CUST1771,2024-04-25,Delivered,Net Banking,243.8
ORD13451,CUST2429,2024-08-27,Delivered,Credit Card,354.98
ORD13452,CUST1075,2024-09-10,Shipped,Debit Card,134.26
ORD13453,CUST2964,2024-09-21,Delivered,Debit Card,356.16
ORD13454,CUST1578,2025-09-02,Returned,UPI,227.34
ORD13455,CUST1853,2025-10-07,Delivered,UPI,408.01
ORD13456,CUST2515,2025-11-16,Delivered,Credit Card,66.58
ORD13457,CUST1193,2025-08-11,Delivered,Debit Card,350.59
ORD13458,CUST2185,2024-11-04,Delivered,Cash on Delivery,342.42
ORD13459,CUST1346,2025-05-08,Delivered,UPI,473.42
ORD13460,CUST1950,2025-01-03,Delivered,UPI,371.02
ORD13461,CUST2384,2024-05-15,Delivered,Net Banking,408.34
ORD13462,CUST2792,2025-04-01,Shipped,Credit Card,457.07
ORD13463,CUST2607,2025-07-05,Delivered,Debit Card,353.77
ORD13464,CUST2110,2026-02-10,Shipped,Debit Card,180.57
ORD13465,CUST2957,2024-09-09,Delivered,Debit Card,441.4
ORD13466,CUST2285,2024-08-21,Delivered,UPI,386.41
ORD13467,CUST1213,2025-10-19,Delivered,Credit Card,241.0
ORD13468,CUST2688,2024-05-29,Delivered,Debit Card,369.74
ORD13469,CUST2745,2024-03-16,Delivered,Cash on Delivery,440.46
ORD13470,CUST2936,2024-07-06,Delivered,Net Banking,489.04
ORD13471,CUST1572,2025-08-30,Delivered,Net Banking,478.56
ORD13472,CUST1779,2025-09-01,Cancelled,Debit Card,196.4
ORD13473,CUST1261,2025-02-08,Delivered,UPI,239.76
ORD13474,CUST1729,2025-06-05,Returned,Net Banking,99.29
ORD13475,CUST1282,2025-11-14,Delivered,Net Banking,161.39
ORD13476,CUST2671,2025-04-12,Delivered,Net Banking,447.09
ORD13477,CUST2490,2024-04-02,Delivered,Net Banking,212.38
ORD13478,CUST2403,2025-02-10,Delivered,Debit Card,329.25
ORD13479,CUST1361,2025-12-24,Delivered,Credit Card,349.68
ORD13480,CUST2472,2025-11-28,Delivered,Credit Card,401.82
ORD13481,CUST1440,2025-05-31,Delivered,UPI,132.26
ORD13482,CUST1092,2024-07-09,Delivered,Cash on Delivery,187.17
ORD13483,CUST2644,2024-04-17,Delivered,Credit Card,251.75
ORD13484,CUST1752,2024-03-13,Delivered,Cash on Delivery,214.18
ORD13485,CUST1866,2025-08-14,Delivered,Credit Card,492.31
ORD13486,CUST2447,2025-11-27,Shipped,Credit Card,425.72
ORD13487,CUST1141,2024-10-22,Cancelled,UPI,265.86
ORD13488,CUST2314,2024-04-11,Delivered,Net Banking,445.67
ORD13489,CUST2455,2024-04-29,Returned,UPI,206.44
ORD13490,CUST1748,2025-01-26,Returned,Credit Card,403.62
ORD13491,CUST2875,2026-01-25,Delivered,Net Banking,150.65
ORD13492,CUST2847,2024-05-28,Delivered,Net Banking,397.54
ORD13493,CUST2712,2025-08-20,Shipped,Net Banking,255.4
ORD13494,CUST1652,2025-05-14,Delivered,Cash on Delivery,98.37
ORD13495,CUST1700,2024-05-25,Shipped,Credit Card,172.97
ORD13496,CUST1997,2024-12-08,Delivered,Debit Card,231.02
ORD13497,CUST1048,2025-12-06,Delivered,UPI,387.18
ORD13498,CUST2325,2025-12-02,Delivered,Cash on Delivery,82.84
ORD13499,CUST1880,2024-03-11,Delivered,UPI,346.8
ORD13500,CUST2213,2024-07-04,Returned,Debit Card,372.21
ORD13501,CUST2159,2024-06-07,Shipped,Net Banking,344.26
ORD13502,CUST1554,2026-01-17,Delivered,Debit Card,392.3
ORD13503,CUST1403,2025-01-28,Delivered,UPI,130.18
ORD13504,CUST1891,2024-04-25,Returned,Debit Card,314.2
ORD13505,CUST1864,2025-08-21,Delivered,Credit Card,473.52
ORD13506,CUST1601,2025-04-21,Delivered,Debit Card,324.85
ORD13507,CUST2830,2024-12-16,Delivered,Credit Card,325.1
ORD13508,CUST1340,2024-04-01,Cancelled,Debit Card,381.4
ORD13509,CUST2780,2025-05-18,Cancelled,Credit Card,199.94
ORD13510,CUST2968,2024-09-17,Delivered,Credit Card,365.21
ORD13511,CUST1703,2024-03-15,Delivered,Debit Card,462.31
ORD13512,CUST1317,2025-07-17,Shipped,Cash on Delivery,54.9
ORD13513,CUST1617,2025-11-06,Delivered,Net Banking,441.55
ORD13514,CUST2386,2024-08-01,Delivered,Net Banking,148.38
ORD13515,CUST2845,2024-12-17,Delivered,Net Banking,255.17
ORD13516,CUST1381,2025-10-12,Cancelled,Credit Card,433.56
ORD13517,CUST1232,2025-11-02,Delivered,Net Banking,420.76
ORD13518,CUST2800,2024-11-21,Delivered,Credit Card,451.37
ORD13519,CUST2367,2025-02-07,Delivered,Cash on Delivery,473.19
ORD13520,CUST2572,2024-10-27,Delivered,Debit Card,251.22
ORD13521,CUST1816,2025-08-14,Delivered,Debit Card,345.36
ORD13522,CUST1552,2025-10-13,Delivered,Credit Card,225.72
ORD13523,CUST2552,2025-12-21,Delivered,Credit Card,207.82
ORD13524,CUST1855,2024-08-28,Delivered,Cash on Delivery,244.22
ORD13525,CUST2812,2025-08-07,Delivered,Net Banking,384.38
ORD13526,CUST1818,2024-09-24,Delivered,Cash on Delivery,275.65
ORD13527,CUST2594,2025-07-12,Shipped,Debit Card,416.33
ORD13528,CUST2958,2025-06-11,Returned,Debit Card,385.35
ORD13529,CUST1182,2025-08-03,Delivered,Net Banking,59.22
ORD13530,CUST2064,2024-08-17,Cancelled,Debit Card,333.61
ORD13531,CUST2574,2024-04-10,Delivered,Credit Card,246.46
ORD13532,CUST1396,2024-05-09,Shipped,Debit Card,255.48
ORD13533,CUST2727,2024-11-07,Delivered,UPI,418.27
ORD13534,CUST1778,2025-09-15,Delivered,Net Banking,296.42
ORD13535,CUST2517,2024-03-29,Delivered,Net Banking,448.53
ORD13536,CUST2682,2024-05-27,Delivered,Net Banking,370.76
ORD13537,CUST1906,2025-04-18,Shipped,UPI,298.78
ORD13538,CUST2356,2024-09-07,Delivered,Cash on Delivery,389.54
ORD13539,CUST1126,2024-07-23,Delivered,Credit Card,67.26
ORD13540,CUST2581,2024-11-22,Delivered,Net Banking,62.19
ORD13541,CUST2580,2025-09-16,Cancelled,Debit Card,87.51
ORD13542,CUST1000,2025-09-03,Delivered,Credit Card,246.9
ORD13543,CUST2191,2025-01-09,Delivered,Debit Card,155.95
ORD13544,CUST2643,2026-01-11,Shipped,Credit Card,492.92
ORD13545,CUST1018,2024-06-15,Delivered,Credit Card,294.03
ORD13546,CUST2355,2025-10-10,Delivered,Debit Card,348.09
ORD13547,CUST1583,2025-05-02,Shipped,Debit Card,175.47
ORD13548,CUST1455,2025-07-01,Delivered,Credit Card,194.81
ORD13549,CUST1956,2024-09-08,Delivered,Net Banking,200.96
ORD13550,CUST2132,2026-01-10,Delivered,Debit Card,364.43
ORD13551,CUST2291,2025-01-24,Returned,UPI,263.17
ORD13552,CUST1444,2025-06-04,Delivered,UPI,282.96
ORD13553,CUST2263,2024-07-04,Shipped,Credit Card,316.4
ORD13554,CUST2952,2024-09-18,Cancelled,Cash on Delivery,395.97
ORD13555,CUST2324,2025-07-27,Delivered,Credit Card,90.67
ORD13556,CUST1601,2026-02-14,Cancelled,Credit Card,399.59
ORD13557,CUST1102,2025-05-01,Delivered,Net Banking,303.46
ORD13558,CUST1987,2024-06-13,Delivered,Net Banking,351.09
ORD13559,CUST2273,2024-03-23,Cancelled,Cash on Delivery,197.4
ORD13560,CUST2476,2024-09-22,Shipped,Cash on Delivery,234.22
ORD13561,CUST1519,2024-10-03,Delivered,Cash on Delivery,154.02
ORD13562,CUST2176,2025-11-04,Delivered,Cash on Delivery,490.68
ORD13563,CUST1858,2025-06-25,Delivered,Cash on Delivery,273.65
ORD13564,CUST1173,2024-09-18,Delivered,Credit Card,498.23
ORD13565,CUST2366,2026-01-06,Delivered,Credit Card,270.4
ORD13566,CUST2693,2024-10-17,Delivered,UPI,148.89
ORD13567,CUST2004,2024-08-21,Delivered,UPI,278.35
ORD13568,CUST1430,2026-01-23,Delivered,Debit Card,67.82
ORD13569,CUST1726,2025-10-25,Delivered,Credit Card,457.15
ORD13570,CUST2712,2024-08-01,Returned,Cash on Delivery,418.35
ORD13571,CUST2710,2025-11-29,Returned,Debit Card,376.62
ORD13572,CUST2875,2025-01-28,Delivered,Net Banking,324.42
ORD13573,CUST1849,2025-08-30,Delivered,Credit Card,310.93
ORD13574,CUST2681,2024-05-09,Delivered,UPI,498.53
ORD13575,CUST2985,2025-08-28,Delivered,Credit Card,175.1
ORD13576,CUST2347,2026-02-08,Delivered,Credit Card,400.86
ORD13577,CUST1989,2025-03-17,Cancelled,Credit Card,311.63
ORD13578,CUST2696,2024-11-05,Delivered,Credit Card,489.15
ORD13579,CUST1638,2024-10-19,Delivered,Net Banking,422.51
ORD13580,CUST1419,2024-03-31,Delivered,UPI,499.34
ORD13581,CUST1593,2025-08-10,Delivered,Credit Card,314.75
ORD13582,CUST1484,2025-08-14,Delivered,Net Banking,142.04
ORD13583,CUST2682,2025-07-23,Shipped,Debit Card,276.66
ORD13584,CUST2774,2025-05-25,Delivered,Credit Card,370.0
ORD13585,CUST1411,2025-06-27,Delivered,Net Banking,398.46
ORD13586,CUST1935,2024-07-11,Delivered,Cash on Delivery,50.23
ORD13587,CUST2107,2025-09-11,Shipped,Debit Card,277.26
ORD13588,CUST2136,2024-06-19,Delivered,UPI,155.86
ORD13589,CUST2760,2025-08-23,Delivered,Credit Card,443.71
ORD13590,CUST1331,2024-08-23,Returned,Credit Card,118.81
ORD13591,CUST2401,2024-08-22,Delivered,Net Banking,349.91
ORD13592,CUST2778,2025-01-21,Delivered,UPI,169.73
ORD13593,CUST1654,2024-11-19,Delivered,Cash on Delivery,210.44
ORD13594,CUST1040,2025-06-09,Delivered,Debit Card,473.25
ORD13595,CUST2958,2024-09-26,Delivered,UPI,158.2
ORD13596,CUST2793,2024-07-23,Delivered,Credit Card,92.75
ORD13597,CUST1958,2024-03-11,Delivered,Net Banking,81.18
ORD13598,CUST2820,2024-09-01,Delivered,Cash on Delivery,277.08
ORD13599,CUST1104,2025-11-09,Delivered,Net Banking,338.77
ORD13600,CUST1201,2025-02-21,Delivered,Debit Card,197.28
ORD13601,CUST1449,2024-09-10,Delivered,UPI,360.62
ORD13602,CUST2842,2026-01-05,Shipped,Net Banking,77.47
ORD13603,CUST2866,2025-12-08,Delivered,Net Banking,435.8
ORD13604,CUST2996,2025-11-27,Delivered,Credit Card,417.46
ORD13605,CUST2289,2024-09-27,Delivered,Net Banking,493.47
ORD13606,CUST1909,2025-08-22,Delivered,Cash on Delivery,471.43
ORD13607,CUST1209,2025-08-29,Delivered,UPI,210.29
ORD13608,CUST1562,2024-04-13,Delivered,Debit Card,229.67
ORD13609,CUST2141,2024-03-28,Delivered,Net Banking,385.68
ORD13610,CUST1712,2024-04-14,Delivered,Cash on Delivery,110.34
ORD13611,CUST2400,2024-07-28,Cancelled,Debit Card,191.31
ORD13612,CUST2574,2024-10-04,Delivered,Cash on Delivery,103.34
ORD13613,CUST2563,2024-10-08,Delivered,Net Banking,254.7
ORD13614,CUST1770,2024-11-15,Delivered,Net Banking,298.4
ORD13615,CUST2107,2024-05-30,Delivered,UPI,145.02
ORD13616,CUST1453,2025-10-11,Delivered,Credit Card,61.98
ORD13617,CUST1666,2025-03-21,Delivered,Cash on Delivery,373.71
ORD13618,CUST1628,2025-02-05,Delivered,Credit Card,59.0
ORD13619,CUST2537,2025-06-22,Cancelled,Credit Card,488.03
ORD13620,CUST2628,2025-04-23,Returned,Debit Card,149.72
ORD13621,CUST2701,2024-11-03,Delivered,Debit Card,348.76
ORD13622,CUST1386,2025-12-15,Delivered,Cash on Delivery,245.64
ORD13623,CUST2935,2025-10-13,Returned,Credit Card,76.85
ORD13624,CUST2373,2025-11-04,Delivered,UPI,262.48
ORD13625,CUST1295,2025-05-19,Delivered,Credit Card,282.54
ORD13626,CUST1257,2024-12-11,Delivered,Debit Card,434.61
ORD13627,CUST2104,2025-07-09,Delivered,Credit Card,379.56
ORD13628,CUST2960,2024-12-03,Delivered,Net Banking,85.69
ORD13629,CUST1267,2025-11-16,Delivered,Net Banking,144.12
ORD13630,CUST1418,2024-10-16,Delivered,UPI,190.35
ORD13631,CUST1234,2025-02-28,Delivered,Cash on Delivery,102.38
ORD13632,CUST2856,2024-06-10,Cancelled,Credit Card,255.6
ORD13633,CUST2334,2024-07-26,Delivered,Net Banking,492.94
ORD13634,CUST2836,2024-11-08,Delivered,Cash on Delivery,281.58
ORD13635,CUST2998,2025-08-29,Delivered,Net Banking,383.85
ORD13636,CUST1985,2025-02-17,Cancelled,Cash on Delivery,357.32
ORD13637,CUST2380,2024-10-15,Cancelled,Cash on Delivery,432.46
ORD13638,CUST2236,2024-06-24,Delivered,Net Banking,147.08
ORD13639,CUST1573,2024-09-22,Delivered,Debit Card,389.22
ORD13640,CUST1048,2024-06-05,Cancelled,Cash on Delivery,446.61
ORD13641,CUST2150,2025-05-25,Delivered,Credit Card,127.18
ORD13642,CUST1222,2024-07-16,Delivered,Net Banking,206.06
ORD13643,CUST1920,2024-11-13,Delivered,Debit Card,486.55
ORD13644,CUST2302,2026-01-04,Delivered,Net Banking,401.35
ORD13645,CUST2431,2024-06-01,Delivered,UPI,177.17
ORD13646,CUST2528,2024-08-12,Delivered,Credit Card,303.77
ORD13647,CUST2317,2026-01-10,Delivered,UPI,231.95
ORD13648,CUST2819,2024-07-17,Shipped,Cash on Delivery,270.48
ORD13649,CUST1276,2024-05-20,Cancelled,Cash on Delivery,209.82
ORD13650,CUST2461,2024-05-14,Shipped,UPI,175.7
ORD13651,CUST2130,2024-09-04,Shipped,UPI,353.64
ORD13652,CUST2681,2024-04-26,Delivered,Cash on Delivery,400.34
ORD13653,CUST1419,2024-10-22,Delivered,Debit Card,443.28
ORD13654,CUST1610,2025-03-01,Delivered,Credit Card,119.9
ORD13655,CUST2452,2025-03-22,Returned,Net Banking,420.28
ORD13656,CUST1374,2024-11-26,Delivered,UPI,164.66
ORD13657,CUST1072,2026-01-18,Shipped,Credit Card,242.3
ORD13658,CUST2972,2024-07-21,Delivered,Net Banking,455.65
ORD13659,CUST2657,2024-12-15,Cancelled,Net Banking,254.53
ORD13660,CUST2053,2024-08-11,Delivered,UPI,138.68
ORD13661,CUST2211,2026-02-06,Delivered,Debit Card,121.94
ORD13662,CUST2387,2025-10-21,Cancelled,Debit Card,262.84
ORD13663,CUST2889,2025-01-24,Delivered,Credit Card,393.2
ORD13664,CUST2823,2024-04-22,Returned,Credit Card,498.74
ORD13665,CUST2474,2024-08-14,Delivered,Cash on Delivery,404.33
ORD13666,CUST1194,2025-10-26,Delivered,Debit Card,444.66
ORD13667,CUST2179,2024-12-14,Delivered,Credit Card,386.52
ORD13668,CUST2195,2025-12-22,Delivered,Cash on Delivery,452.95
ORD13669,CUST1846,2024-11-22,Delivered,Net Banking,84.33
ORD13670,CUST2064,2024-05-19,Delivered,Credit Card,468.47
ORD13671,CUST2086,2025-04-19,Delivered,Cash on Delivery,228.38
ORD13672,CUST1022,2026-02-15,Delivered,Debit Card,464.73
ORD13673,CUST1359,2026-01-06,Delivered,Net Banking,84.08
ORD13674,CUST2098,2025-05-31,Delivered,Credit Card,371.86
ORD13675,CUST1559,2025-11-08,Cancelled,Debit Card,381.06
ORD13676,CUST1671,2024-09-18,Delivered,Net Banking,498.61
ORD13677,CUST2848,2024-06-19,Delivered,UPI,395.98
ORD13678,CUST2141,2024-07-03,Delivered,Debit Card,222.16
ORD13679,CUST2635,2024-08-27,Delivered,UPI,300.76
ORD13680,CUST2403,2024-10-27,Delivered,Credit Card,214.95
ORD13681,CUST2952,2024-10-15,Shipped,Cash on Delivery,138.21
ORD13682,CUST2943,2024-07-13,Returned,Credit Card,161.83
ORD13683,CUST1678,2026-02-08,Delivered,Debit Card,149.9
ORD13684,CUST2313,2025-07-22,Delivered,UPI,296.97
ORD13685,CUST1439,2025-08-30,Returned,UPI,457.77
ORD13686,CUST2691,2024-05-17,Delivered,Net Banking,460.73
ORD13687,CUST1932,2026-01-11,Delivered,Credit Card,74.64
ORD13688,CUST1006,2026-01-04,Delivered,Credit Card,85.95
ORD13689,CUST2219,2024-11-14,Delivered,Debit Card,160.3
ORD13690,CUST1420,2025-10-22,Shipped,UPI,164.78
ORD13691,CUST2591,2025-07-01,Delivered,Debit Card,92.7
ORD13692,CUST1832,2025-04-21,Delivered,Debit Card,224.81
ORD13693,CUST2216,2024-11-08,Delivered,UPI,314.48
ORD13694,CUST1558,2024-09-23,Cancelled,Debit Card,310.17
ORD13695,CUST2171,2025-07-28,Returned,UPI,294.54
ORD13696,CUST2810,2024-05-23,Delivered,Debit Card,202.4
ORD13697,CUST2692,2024-03-16,Delivered,Cash on Delivery,367.91
ORD13698,CUST2225,2026-01-01,Delivered,Debit Card,421.92
ORD13699,CUST2467,2024-11-11,Returned,Debit Card,205.82
ORD13700,CUST1913,2024-10-13,Cancelled,Cash on Delivery,88.49
ORD13701,CUST2442,2024-11-23,Delivered,Credit Card,183.35
ORD13702,CUST2450,2025-02-24,Cancelled,UPI,111.82
ORD13703,CUST2006,2024-12-25,Delivered,Net Banking,260.31
ORD13704,CUST2502,2025-10-14,Delivered,Cash on Delivery,120.17
ORD13705,CUST2498,2025-09-28,Delivered,Credit Card,258.28
ORD13706,CUST1125,2024-12-20,Delivered,Debit Card,149.45
ORD13707,CUST1394,2025-10-16,Delivered,Credit Card,382.43
ORD13708,CUST1816,2025-08-09,Delivered,Cash on Delivery,62.41
ORD13709,CUST1880,2024-11-08,Delivered,Debit Card,299.64
ORD13710,CUST2829,2024-05-21,Delivered,Credit Card,126.27
ORD13711,CUST1575,2024-12-03,Delivered,Net Banking,50.45
ORD13712,CUST1324,2024-09-15,Delivered,UPI,441.14
ORD13713,CUST2415,2024-05-23,Delivered,UPI,352.19
ORD13714,CUST1929,2024-12-12,Delivered,Cash on Delivery,94.52
ORD13715,CUST2711,2024-04-01,Delivered,Debit Card,348.83
ORD13716,CUST2651,2024-02-28,Returned,Debit Card,325.24
ORD13717,CUST2463,2025-02-06,Cancelled,UPI,263.01
ORD13718,CUST2227,2025-11-15,Returned,Credit Card,238.67
ORD13719,CUST2509,2024-09-04,Delivered,Debit Card,449.18
ORD13720,CUST1832,2026-01-28,Delivered,Net Banking,160.32
ORD13721,CUST2054,2025-04-24,Delivered,Net Banking,229.24
ORD13722,CUST2411,2024-08-26,Delivered,Debit Card,198.1
ORD13723,CUST2648,2024-12-24,Delivered,Debit Card,397.04
ORD13724,CUST2900,2025-01-05,Delivered,UPI,462.41
ORD13725,CUST2457,2025-09-24,Returned,Cash on Delivery,432.4
ORD13726,CUST1836,2024-04-06,Delivered,UPI,408.97
ORD13727,CUST1925,2025-08-02,Shipped,Cash on Delivery,494.06
ORD13728,CUST2399,2024-08-28,Returned,Net Banking,363.72
ORD13729,CUST2367,2025-08-02,Delivered,Cash on Delivery,387.97
ORD13730,CUST1442,2024-10-23,Cancelled,UPI,492.26
ORD13731,CUST2602,2024-12-02,Delivered,Debit Card,53.15
ORD13732,CUST1074,2024-11-17,Returned,Cash on Delivery,335.32
ORD13733,CUST1556,2024-07-02,Delivered,UPI,382.54
ORD13734,CUST2795,2025-03-13,Cancelled,Net Banking,463.02
ORD13735,CUST2689,2024-11-30,Delivered,Cash on Delivery,447.73
ORD13736,CUST2178,2025-07-10,Shipped,Net Banking,428.88
ORD13737,CUST2453,2025-11-14,Delivered,Net Banking,475.61
ORD13738,CUST1362,2025-10-30,Delivered,Credit Card,291.82
ORD13739,CUST1447,2025-11-04,Cancelled,Cash on Delivery,53.11
ORD13740,CUST2257,2025-08-16,Returned,UPI,54.97
ORD13741,CUST2586,2025-11-10,Delivered,Cash on Delivery,295.09
ORD13742,CUST2841,2025-06-15,Delivered,Cash on Delivery,245.87
ORD13743,CUST1261,2024-09-24,Delivered,Net Banking,253.06
ORD13744,CUST2850,2024-05-30,Shipped,Net Banking,230.18
ORD13745,CUST1124,2024-09-24,Cancelled,Net Banking,462.98
ORD13746,CUST1910,2024-04-21,Returned,Net Banking,211.63
ORD13747,CUST1244,2025-04-13,Delivered,UPI,435.3
ORD13748,CUST1541,2025-04-03,Delivered,Debit Card,456.29
ORD13749,CUST2961,2025-03-19,Delivered,Credit Card,274.78
ORD13750,CUST1484,2024-09-19,Returned,Net Banking,251.12
ORD13751,CUST1121,2025-12-07,Delivered,Net Banking,392.46
ORD13752,CUST1124,2024-10-20,Returned,Credit Card,368.59
ORD13753,CUST2572,2025-02-24,Delivered,Net Banking,197.84
ORD13754,CUST1169,2024-12-28,Delivered,Debit Card,96.15
ORD13755,CUST1123,2024-05-22,Delivered,Cash on Delivery,169.18
ORD13756,CUST2892,2025-11-19,Delivered,Credit Card,108.96
ORD13757,CUST2058,2024-03-08,Delivered,UPI,182.63
ORD13758,CUST2110,2025-09-12,Delivered,Credit Card,167.82
ORD13759,CUST1645,2024-05-05,Delivered,Debit Card,336.97
ORD13760,CUST2731,2025-06-27,Returned,UPI,479.52
ORD13761,CUST1785,2025-09-24,Delivered,Cash on Delivery,358.58
ORD13762,CUST1200,2024-04-17,Delivered,Net Banking,466.99
ORD13763,CUST1368,2025-12-21,Delivered,Credit Card,402.86
ORD13764,CUST1796,2024-12-17,Delivered,UPI,377.54
ORD13765,CUST1076,2024-05-12,Cancelled,Credit Card,236.33
ORD13766,CUST1058,2025-04-03,Delivered,Cash on Delivery,196.16
ORD13767,CUST1430,2025-12-28,Cancelled,Credit Card,430.82
ORD13768,CUST1637,2024-05-03,Delivered,UPI,457.43
ORD13769,CUST2523,2024-07-30,Delivered,Debit Card,253.35
ORD13770,CUST2936,2024-09-05,Delivered,UPI,54.08
ORD13771,CUST1108,2025-05-27,Delivered,Credit Card,406.64
ORD13772,CUST2759,2024-10-19,Delivered,Cash on Delivery,178.28
ORD13773,CUST2007,2026-01-12,Cancelled,Net Banking,54.45
ORD13774,CUST2301,2026-02-24,Delivered,Net Banking,412.24
ORD13775,CUST1067,2025-10-22,Delivered,Cash on Delivery,282.84
ORD13776,CUST2092,2024-12-25,Delivered,Credit Card,358.34
ORD13777,CUST2188,2025-07-26,Delivered,Cash on Delivery,461.61
ORD13778,CUST2512,2025-03-08,Delivered,Credit Card,293.53
ORD13779,CUST1304,2025-02-24,Delivered,UPI,276.44
ORD13780,CUST2932,2024-06-28,Delivered,Debit Card,180.8
ORD13781,CUST1673,2024-07-21,Delivered,Credit Card,187.34
ORD13782,CUST1364,2024-06-23,Delivered,Net Banking,408.44
ORD13783,CUST2877,2025-04-23,Returned,Net Banking,252.06
ORD13784,CUST1820,2025-01-31,Delivered,Debit Card,123.59
ORD13785,CUST2402,2024-07-21,Delivered,Credit Card,92.54
ORD13786,CUST1342,2025-05-03,Shipped,Debit Card,262.81
ORD13787,CUST1946,2025-06-03,Delivered,UPI,259.23
ORD13788,CUST1898,2024-04-16,Delivered,Debit Card,344.06
ORD13789,CUST2577,2024-05-13,Delivered,UPI,261.98
ORD13790,CUST2377,2025-04-28,Delivered,Net Banking,114.56
ORD13791,CUST2439,2025-03-01,Delivered,UPI,278.51
ORD13792,CUST2132,2024-04-11,Shipped,Credit Card,458.06
ORD13793,CUST2586,2025-11-16,Cancelled,Credit Card,121.75
ORD13794,CUST1761,2026-01-15,Cancelled,Credit Card,360.39
ORD13795,CUST2520,2024-10-28,Cancelled,Credit Card,317.24
ORD13796,CUST1340,2026-02-26,Delivered,Cash on Delivery,386.86
ORD13797,CUST1941,2025-11-03,Delivered,UPI,117.77
ORD13798,CUST1382,2024-05-18,Returned,Credit Card,473.72
ORD13799,CUST2003,2024-07-12,Shipped,Debit Card,329.43
ORD13800,CUST2556,2025-05-31,Delivered,Debit Card,431.18
ORD13801,CUST1299,2025-06-02,Shipped,Cash on Delivery,160.97
ORD13802,CUST1138,2024-04-16,Delivered,UPI,382.74
ORD13803,CUST1358,2024-12-15,Delivered,UPI,401.46
ORD13804,CUST1835,2024-11-11,Delivered,UPI,228.85
ORD13805,CUST2522,2025-09-17,Delivered,Cash on Delivery,222.78
ORD13806,CUST2408,2024-05-16,Delivered,UPI,346.01
ORD13807,CUST2627,2025-05-25,Delivered,UPI,92.03
ORD13808,CUST2982,2024-09-01,Delivered,Credit Card,381.03
ORD13809,CUST2303,2024-10-06,Delivered,UPI,69.3
ORD13810,CUST2660,2025-03-28,Delivered,Credit Card,135.77
ORD13811,CUST1482,2025-08-20,Shipped,Credit Card,348.86
ORD13812,CUST1908,2025-01-04,Delivered,UPI,94.25
ORD13813,CUST2134,2024-12-16,Delivered,Debit Card,487.33
ORD13814,CUST1865,2025-08-15,Delivered,Net Banking,440.78
ORD13815,CUST1138,2025-09-12,Delivered,Debit Card,331.84
ORD13816,CUST1995,2025-05-10,Cancelled,UPI,418.58
ORD13817,CUST1434,2024-11-21,Delivered,UPI,449.41
ORD13818,CUST1508,2024-11-15,Cancelled,Debit Card,166.76
ORD13819,CUST1272,2024-02-29,Delivered,UPI,432.24
ORD13820,CUST2122,2025-07-20,Delivered,Credit Card,137.66
ORD13821,CUST2787,2024-07-08,Delivered,Cash on Delivery,236.0
ORD13822,CUST2873,2025-07-09,Delivered,UPI,301.22
ORD13823,CUST1103,2024-03-29,Delivered,UPI,371.25
ORD13824,CUST2237,2024-06-27,Delivered,Debit Card,63.56
ORD13825,CUST2784,2025-06-07,Delivered,Credit Card,180.73
ORD13826,CUST2687,2024-08-18,Delivered,Debit Card,323.83
ORD13827,CUST1761,2026-02-18,Shipped,Debit Card,210.82
ORD13828,CUST1786,2025-07-11,Delivered,UPI,398.76
ORD13829,CUST1164,2025-07-25,Delivered,Credit Card,343.24
ORD13830,CUST1998,2025-06-17,Delivered,UPI,155.48
ORD13831,CUST2876,2025-12-25,Delivered,UPI,115.67
ORD13832,CUST1519,2024-12-20,Delivered,UPI,333.07
ORD13833,CUST2307,2025-02-11,Returned,UPI,252.71
ORD13834,CUST1516,2024-09-29,Shipped,Cash on Delivery,126.03
ORD13835,CUST1656,2025-07-15,Delivered,Net Banking,196.87
ORD13836,CUST1612,2025-09-22,Delivered,Credit Card,186.37
ORD13837,CUST1163,2025-08-04,Delivered,Cash on Delivery,98.66
ORD13838,CUST2909,2025-09-21,Delivered,Net Banking,296.11
ORD13839,CUST2682,2024-06-01,Delivered,Net Banking,393.64
ORD13840,CUST1063,2026-01-09,Delivered,Net Banking,308.96
ORD13841,CUST2114,2025-10-17,Delivered,Cash on Delivery,421.83
ORD13842,CUST2140,2026-01-22,Delivered,Credit Card,107.41
ORD13843,CUST2889,2024-12-17,Delivered,Debit Card,246.03
ORD13844,CUST1266,2025-08-20,Delivered,Net Banking,324.24
ORD13845,CUST2845,2025-02-18,Delivered,Debit Card,354.2
ORD13846,CUST2708,2024-05-22,Delivered,Debit Card,363.1
ORD13847,CUST2582,2025-10-07,Returned,UPI,378.03
ORD13848,CUST2163,2024-08-19,Delivered,Debit Card,343.14
ORD13849,CUST1245,2025-02-20,Cancelled,UPI,92.4
ORD13850,CUST2684,2024-03-14,Delivered,Credit Card,362.89
ORD13851,CUST2781,2025-12-11,Delivered,Credit Card,376.15
ORD13852,CUST1394,2026-01-27,Delivered,UPI,497.07
ORD13853,CUST2510,2025-03-06,Delivered,Credit Card,362.01
ORD13854,CUST1475,2025-05-24,Shipped,Net Banking,359.07
ORD13855,CUST2540,2024-12-27,Delivered,Credit Card,281.67
ORD13856,CUST1976,2024-11-12,Delivered,UPI,440.57
ORD13857,CUST2207,2024-09-12,Delivered,Net Banking,498.58
ORD13858,CUST2043,2025-02-10,Shipped,Debit Card,400.57
ORD13859,CUST2960,2024-05-27,Delivered,Debit Card,325.63
ORD13860,CUST1557,2024-10-01,Shipped,Debit Card,85.53
ORD13861,CUST2017,2026-02-03,Shipped,UPI,377.03
ORD13862,CUST2547,2025-12-27,Delivered,Debit Card,368.85
ORD13863,CUST2605,2025-02-13,Returned,Credit Card,399.01
ORD13864,CUST2552,2025-01-11,Shipped,Debit Card,106.05
ORD13865,CUST1882,2024-12-05,Delivered,Cash on Delivery,344.18
ORD13866,CUST1146,2026-02-16,Delivered,Cash on Delivery,183.08
ORD13867,CUST1665,2025-04-22,Delivered,Debit Card,392.12
ORD13868,CUST2327,2025-05-21,Delivered,Debit Card,158.17
ORD13869,CUST1619,2025-01-29,Delivered,Cash on Delivery,357.79
ORD13870,CUST2771,2025-03-10,Delivered,Debit Card,182.75
ORD13871,CUST1819,2024-04-27,Delivered,Net Banking,54.05
ORD13872,CUST1863,2024-03-30,Delivered,Cash on Delivery,335.01
ORD13873,CUST1581,2026-02-08,Delivered,UPI,100.97
ORD13874,CUST2022,2024-07-06,Returned,Cash on Delivery,346.68
ORD13875,CUST1694,2025-08-29,Cancelled,Credit Card,466.52
ORD13876,CUST2785,2024-11-01,Delivered,Net Banking,486.16
ORD13877,CUST2251,2024-12-15,Delivered,UPI,156.17
ORD13878,CUST2125,2025-08-22,Delivered,Debit Card,414.16
ORD13879,CUST2610,2024-12-27,Shipped,Credit Card,209.1
ORD13880,CUST2440,2025-04-04,Delivered,Credit Card,455.21
ORD13881,CUST2981,2024-03-19,Delivered,Net Banking,404.37
ORD13882,CUST2239,2025-09-26,Shipped,UPI,83.26
ORD13883,CUST1406,2024-08-21,Shipped,Credit Card,233.21
ORD13884,CUST1398,2025-03-11,Cancelled,UPI,201.79
ORD13885,CUST2946,2025-02-23,Cancelled,UPI,403.33
ORD13886,CUST1714,2024-08-24,Delivered,Credit Card,234.63
ORD13887,CUST1703,2025-03-28,Delivered,UPI,358.06
ORD13888,CUST1760,2025-03-20,Delivered,Net Banking,321.1
ORD13889,CUST1498,2024-09-23,Delivered,Credit Card,489.04
ORD13890,CUST2777,2024-03-30,Returned,Net Banking,472.0
ORD13891,CUST2488,2025-05-17,Delivered,Net Banking,242.46
ORD13892,CUST2714,2025-02-16,Delivered,UPI,375.61
ORD13893,CUST2972,2025-08-17,Shipped,UPI,423.26
ORD13894,CUST1973,2024-06-15,Delivered,Credit Card,454.5
ORD13895,CUST2754,2024-09-15,Shipped,Debit Card,80.66
ORD13896,CUST1081,2025-07-05,Shipped,Credit Card,185.94
ORD13897,CUST1603,2024-11-01,Delivered,Net Banking,194.1
ORD13898,CUST2970,2024-11-23,Delivered,UPI,245.5
ORD13899,CUST2710,2024-10-19,Delivered,Net Banking,126.17
ORD13900,CUST2774,2025-12-02,Delivered,Cash on Delivery,273.29
ORD13901,CUST1771,2024-12-18,Delivered,Cash on Delivery,348.45
ORD13902,CUST1902,2024-05-15,Delivered,Net Banking,273.81
ORD13903,CUST1364,2024-09-05,Shipped,Debit Card,349.61
ORD13904,CUST1162,2024-07-16,Delivered,Debit Card,79.9
ORD13905,CUST2071,2024-10-18,Cancelled,Credit Card,444.19
ORD13906,CUST1510,2025-01-17,Delivered,Credit Card,472.58
ORD13907,CUST2352,2025-03-27,Delivered,Credit Card,328.06
ORD13908,CUST2863,2024-11-01,Shipped,UPI,446.63
ORD13909,CUST1115,2024-10-07,Delivered,Debit Card,109.15
ORD13910,CUST1940,2026-02-21,Delivered,Net Banking,408.85
ORD13911,CUST2872,2025-12-01,Delivered,Cash on Delivery,103.62
ORD13912,CUST1336,2024-12-30,Cancelled,Debit Card,233.6
ORD13913,CUST1880,2024-11-17,Delivered,Debit Card,195.72
ORD13914,CUST1736,2024-07-01,Delivered,Debit Card,313.52
ORD13915,CUST2887,2025-06-05,Delivered,Credit Card,185.68
ORD13916,CUST1839,2024-08-23,Shipped,UPI,336.79
ORD13917,CUST1146,2024-10-27,Shipped,Net Banking,215.32
ORD13918,CUST2598,2025-06-09,Delivered,Credit Card,437.36
ORD13919,CUST2829,2025-01-12,Returned,UPI,335.25
ORD13920,CUST2346,2024-08-31,Delivered,Debit Card,146.88
ORD13921,CUST1442,2025-01-29,Delivered,UPI,201.26
ORD13922,CUST1836,2024-06-12,Delivered,Credit Card,431.34
ORD13923,CUST2036,2025-04-18,Delivered,Debit Card,223.92
ORD13924,CUST1942,2025-04-02,Delivered,Credit Card,291.11
ORD13925,CUST2517,2024-09-19,Delivered,Net Banking,342.02
ORD13926,CUST2724,2025-05-20,Delivered,Debit Card,206.51
ORD13927,CUST1286,2025-02-05,Cancelled,UPI,182.29
ORD13928,CUST1719,2024-07-25,Delivered,Credit Card,263.86
ORD13929,CUST2137,2025-06-12,Delivered,Cash on Delivery,146.7
ORD13930,CUST1479,2025-09-02,Shipped,UPI,177.89
ORD13931,CUST1021,2024-06-21,Delivered,UPI,77.94
ORD13932,CUST2372,2024-09-03,Delivered,Debit Card,186.79
ORD13933,CUST2749,2025-03-07,Cancelled,UPI,194.32
ORD13934,CUST1682,2026-02-16,Delivered,Credit Card,482.82
ORD13935,CUST2858,2025-09-26,Delivered,Cash on Delivery,315.38
ORD13936,CUST2589,2025-07-31,Delivered,Net Banking,404.32
ORD13937,CUST1905,2024-08-01,Returned,Cash on Delivery,70.42
ORD13938,CUST2833,2025-03-03,Delivered,Credit Card,97.94
ORD13939,CUST1319,2025-08-07,Returned,Debit Card,416.54
ORD13940,CUST1125,2026-02-06,Delivered,Credit Card,330.6
ORD13941,CUST1276,2025-01-19,Delivered,UPI,135.94
ORD13942,CUST2999,2024-05-18,Returned,Debit Card,232.16
ORD13943,CUST2227,2025-11-15,Delivered,Net Banking,292.4
ORD13944,CUST1193,2024-02-29,Delivered,Net Banking,429.62
ORD13945,CUST2704,2024-04-15,Delivered,Credit Card,77.19
ORD13946,CUST2687,2024-08-22,Returned,UPI,318.53
ORD13947,CUST2570,2025-11-29,Delivered,Net Banking,372.67
ORD13948,CUST1695,2024-11-16,Delivered,Cash on Delivery,490.05
ORD13949,CUST2309,2026-01-08,Delivered,Debit Card,413.22
ORD13950,CUST1056,2024-04-15,Shipped,Cash on Delivery,174.3
ORD13951,CUST2757,2024-07-07,Delivered,Net Banking,369.31
ORD13952,CUST2326,2025-06-27,Delivered,Net Banking,393.48
ORD13953,CUST2186,2024-08-06,Delivered,Credit Card,378.38
ORD13954,CUST1018,2024-07-10,Delivered,Credit Card,419.06
ORD13955,CUST2393,2025-06-21,Delivered,Debit Card,456.68
ORD13956,CUST1263,2025-09-23,Delivered,Credit Card,94.29
ORD13957,CUST1793,2024-09-12,Delivered,UPI,97.14
ORD13958,CUST1112,2025-12-11,Cancelled,Debit Card,408.38
ORD13959,CUST2511,2025-08-30,Returned,UPI,163.57
ORD13960,CUST2350,2024-04-06,Delivered,Credit Card,76.34
ORD13961,CUST1541,2025-04-09,Returned,Debit Card,230.55
ORD13962,CUST1646,2024-07-10,Delivered,Net Banking,418.94
ORD13963,CUST1578,2025-02-21,Returned,Cash on Delivery,106.95
ORD13964,CUST2088,2024-09-11,Delivered,Net Banking,352.33
ORD13965,CUST2315,2025-05-14,Delivered,UPI,51.63
ORD13966,CUST1024,2025-02-28,Shipped,Net Banking,99.38
ORD13967,CUST2572,2025-09-13,Returned,Net Banking,207.88
ORD13968,CUST1000,2025-11-08,Delivered,Cash on Delivery,87.62
ORD13969,CUST1910,2024-07-08,Delivered,Cash on Delivery,430.66
ORD13970,CUST2572,2025-10-29,Delivered,Net Banking,438.83
ORD13971,CUST1140,2025-08-25,Delivered,Cash on Delivery,390.01
ORD13972,CUST2767,2025-11-16,Delivered,Net Banking,159.12
ORD13973,CUST1647,2024-09-05,Delivered,Debit Card,285.46
ORD13974,CUST2924,2024-07-03,Returned,Net Banking,132.88
ORD13975,CUST1187,2025-12-17,Delivered,Credit Card,176.58
ORD13976,CUST2151,2024-06-27,Delivered,Cash on Delivery,282.2
ORD13977,CUST1200,2025-11-26,Delivered,Cash on Delivery,380.76
ORD13978,CUST2150,2024-04-15,Delivered,UPI,92.59
ORD13979,CUST1256,2026-01-29,Delivered,UPI,183.51
ORD13980,CUST2699,2025-10-15,Delivered,Credit Card,466.98
ORD13981,CUST1546,2024-03-30,Cancelled,Cash on Delivery,243.11
ORD13982,CUST1193,2025-08-03,Returned,Cash on Delivery,472.49
ORD13983,CUST1702,2025-05-15,Delivered,UPI,496.13
ORD13984,CUST2127,2024-03-23,Delivered,UPI,287.0
ORD13985,CUST2558,2025-01-03,Delivered,Net Banking,179.62
ORD13986,CUST2288,2025-05-26,Returned,Cash on Delivery,405.85
ORD13987,CUST1801,2025-05-06,Cancelled,Cash on Delivery,121.69
ORD13988,CUST1941,2024-04-13,Delivered,Net Banking,163.42
ORD13989,CUST2997,2024-12-10,Delivered,Cash on Delivery,403.2
ORD13990,CUST2407,2024-05-12,Returned,Credit Card,245.14
ORD13991,CUST2283,2025-12-01,Delivered,UPI,140.69
ORD13992,CUST1413,2026-01-25,Delivered,UPI,343.01
ORD13993,CUST2381,2025-12-30,Shipped,UPI,379.74
ORD13994,CUST2098,2025-06-29,Cancelled,Debit Card,106.28
ORD13995,CUST2378,2025-11-13,Delivered,Credit Card,174.64
ORD13996,CUST2607,2025-09-01,Delivered,Credit Card,149.57
ORD13997,CUST2794,2025-10-02,Delivered,Net Banking,220.93
ORD13998,CUST1909,2024-06-15,Delivered,Debit Card,393.55
ORD13999,CUST1187,2024-04-06,Delivered,Cash on Delivery,371.17
ORD14000,CUST2996,2025-11-24,Delivered,Credit Card,348.14
ORD14001,CUST2708,2025-09-29,Cancelled,Debit Card,52.83
ORD14002,CUST2313,2024-12-19,Returned,Debit Card,113.96
ORD14003,CUST1044,2024-09-03,Delivered,Credit Card,150.48
ORD14004,CUST2596,2026-02-23,Delivered,Net Banking,172.38
ORD14005,CUST1082,2024-07-30,Delivered,Debit Card,115.89
ORD14006,CUST2146,2025-04-05,Delivered,UPI,234.64
ORD14007,CUST1357,2024-06-24,Delivered,Debit Card,83.83
ORD14008,CUST2551,2026-02-13,Delivered,Cash on Delivery,387.51
ORD14009,CUST2089,2024-07-15,Returned,Credit Card,404.47
ORD14010,CUST1935,2025-04-29,Delivered,Cash on Delivery,308.42
ORD14011,CUST2680,2025-12-18,Shipped,Net Banking,90.37
ORD14012,CUST1374,2025-08-12,Shipped,UPI,450.54
ORD14013,CUST1161,2024-12-14,Delivered,Credit Card,484.54
ORD14014,CUST2769,2025-04-27,Delivered,Debit Card,141.06
ORD14015,CUST2403,2024-08-28,Shipped,UPI,367.09
ORD14016,CUST2679,2024-11-09,Shipped,Debit Card,428.87
ORD14017,CUST2381,2024-09-11,Delivered,Net Banking,292.93
ORD14018,CUST2211,2025-03-26,Delivered,Credit Card,195.5
ORD14019,CUST1321,2025-10-01,Delivered,Net Banking,265.35
ORD14020,CUST1449,2024-12-08,Shipped,Net Banking,280.52
ORD14021,CUST2497,2024-11-21,Delivered,Net Banking,230.29
ORD14022,CUST2036,2025-09-23,Delivered,Net Banking,468.43
ORD14023,CUST1183,2025-10-13,Returned,Debit Card,384.75
ORD14024,CUST1110,2024-08-24,Delivered,Cash on Delivery,158.59
ORD14025,CUST2950,2025-07-16,Delivered,Debit Card,313.5
ORD14026,CUST1507,2024-04-15,Delivered,UPI,359.91
ORD14027,CUST2313,2025-09-24,Returned,Net Banking,113.07
ORD14028,CUST1294,2026-02-20,Delivered,UPI,211.29
ORD14029,CUST2474,2024-08-01,Delivered,Debit Card,457.5
ORD14030,CUST1903,2024-06-26,Delivered,Net Banking,305.23
ORD14031,CUST2238,2024-04-18,Delivered,Debit Card,147.65
ORD14032,CUST1973,2024-11-20,Delivered,Net Banking,105.25
ORD14033,CUST1631,2024-07-06,Delivered,Debit Card,283.2
ORD14034,CUST2917,2025-07-25,Delivered,Credit Card,296.46
ORD14035,CUST2590,2025-03-25,Returned,Cash on Delivery,200.49
ORD14036,CUST2050,2025-10-26,Returned,Cash on Delivery,333.69
ORD14037,CUST2653,2024-12-29,Delivered,Net Banking,80.91
ORD14038,CUST1732,2024-07-04,Delivered,Credit Card,115.31
ORD14039,CUST2254,2025-05-07,Delivered,UPI,295.82
ORD14040,CUST2588,2024-10-27,Returned,Credit Card,77.82
ORD14041,CUST2830,2025-10-26,Delivered,Net Banking,446.41
ORD14042,CUST1320,2025-01-26,Delivered,Credit Card,113.97
ORD14043,CUST1912,2025-04-24,Delivered,UPI,353.26
ORD14044,CUST2256,2024-05-14,Delivered,Net Banking,226.04
ORD14045,CUST2693,2026-01-14,Delivered,Cash on Delivery,229.9
ORD14046,CUST1436,2025-02-13,Delivered,Credit Card,394.2
ORD14047,CUST1780,2024-09-09,Delivered,Cash on Delivery,274.76
ORD14048,CUST2556,2025-11-14,Cancelled,Cash on Delivery,376.54
ORD14049,CUST2426,2025-06-05,Delivered,Debit Card,277.34
ORD14050,CUST2076,2025-06-30,Delivered,UPI,316.81
ORD14051,CUST2810,2025-01-10,Delivered,Credit Card,392.32
ORD14052,CUST2336,2024-11-11,Delivered,Cash on Delivery,323.29
ORD14053,CUST2304,2025-11-05,Delivered,Cash on Delivery,327.03
ORD14054,CUST1725,2025-10-27,Delivered,UPI,405.15
ORD14055,CUST1030,2025-12-23,Delivered,Cash on Delivery,477.09
ORD14056,CUST1336,2024-12-26,Delivered,Cash on Delivery,219.52
ORD14057,CUST1182,2025-08-22,Delivered,Cash on Delivery,309.7
ORD14058,CUST2046,2025-08-16,Delivered,Cash on Delivery,88.82
ORD14059,CUST1543,2024-05-26,Returned,Debit Card,211.46
ORD14060,CUST2469,2025-08-09,Delivered,Debit Card,235.42
ORD14061,CUST2097,2025-05-07,Delivered,Net Banking,425.86
ORD14062,CUST2033,2024-06-25,Delivered,Credit Card,281.03
ORD14063,CUST2507,2024-10-22,Delivered,UPI,378.98
ORD14064,CUST2479,2025-09-21,Delivered,Net Banking,58.55
ORD14065,CUST2589,2024-04-22,Delivered,Debit Card,259.02
ORD14066,CUST2587,2024-07-22,Cancelled,Debit Card,455.59
ORD14067,CUST1659,2025-04-11,Delivered,Debit Card,150.94
ORD14068,CUST1159,2025-02-20,Delivered,Net Banking,64.18
ORD14069,CUST2905,2025-06-30,Returned,Debit Card,245.03
ORD14070,CUST2037,2024-06-24,Shipped,Net Banking,366.99
ORD14071,CUST2201,2025-07-16,Delivered,Debit Card,254.51
ORD14072,CUST1411,2025-03-18,Delivered,Cash on Delivery,256.99
ORD14073,CUST2901,2024-08-26,Delivered,Cash on Delivery,351.41
ORD14074,CUST2011,2024-08-10,Delivered,Credit Card,164.47
ORD14075,CUST1052,2025-06-04,Delivered,Debit Card,388.35
ORD14076,CUST1407,2025-10-15,Delivered,Credit Card,118.9
ORD14077,CUST1846,2024-04-02,Cancelled,Net Banking,228.09
ORD14078,CUST2045,2025-08-03,Delivered,Credit Card,345.2
ORD14079,CUST2053,2025-07-11,Delivered,Debit Card,422.77
ORD14080,CUST1702,2025-05-05,Delivered,Net Banking,406.19
ORD14081,CUST1259,2024-03-01,Returned,Net Banking,374.76
ORD14082,CUST2228,2025-06-27,Delivered,Cash on Delivery,211.59
ORD14083,CUST2082,2025-01-13,Delivered,Net Banking,105.04
ORD14084,CUST2494,2025-06-22,Delivered,Net Banking,147.58
ORD14085,CUST1775,2024-11-02,Delivered,Credit Card,439.18
ORD14086,CUST2489,2024-09-19,Delivered,Net Banking,435.8
ORD14087,CUST2035,2024-11-25,Delivered,UPI,478.2
ORD14088,CUST2654,2025-10-03,Delivered,Cash on Delivery,84.19
ORD14089,CUST2950,2025-11-18,Delivered,Cash on Delivery,291.56
ORD14090,CUST2997,2024-06-30,Delivered,Net Banking,341.91
ORD14091,CUST2313,2025-02-16,Delivered,Credit Card,369.8
ORD14092,CUST1849,2024-05-04,Delivered,Cash on Delivery,339.74
ORD14093,CUST2783,2024-09-26,Delivered,Cash on Delivery,396.51
ORD14094,CUST1353,2026-01-23,Delivered,UPI,211.76
ORD14095,CUST2662,2026-01-02,Delivered,Net Banking,130.74
ORD14096,CUST2098,2025-01-03,Shipped,Cash on Delivery,142.06
ORD14097,CUST1872,2025-04-30,Delivered,Cash on Delivery,55.39
ORD14098,CUST2739,2025-12-11,Delivered,Cash on Delivery,207.64
ORD14099,CUST2584,2025-09-11,Delivered,Cash on Delivery,91.28
ORD14100,CUST2614,2025-04-03,Shipped,Credit Card,194.67
ORD14101,CUST2464,2026-01-15,Returned,Debit Card,332.69
ORD14102,CUST1990,2024-03-27,Delivered,UPI,452.52
ORD14103,CUST2264,2025-03-12,Delivered,Credit Card,427.82
ORD14104,CUST2017,2024-07-01,Delivered,UPI,163.7
ORD14105,CUST2884,2025-03-01,Delivered,Cash on Delivery,110.34
ORD14106,CUST2177,2024-12-08,Cancelled,UPI,136.88
ORD14107,CUST2809,2024-07-24,Delivered,Net Banking,486.94
ORD14108,CUST2119,2025-05-11,Delivered,Net Banking,297.26
ORD14109,CUST2749,2025-07-15,Cancelled,Debit Card,132.13
ORD14110,CUST1293,2024-10-17,Returned,Debit Card,428.34
ORD14111,CUST1208,2024-03-28,Delivered,UPI,227.84
ORD14112,CUST2366,2025-10-20,Delivered,Credit Card,454.65
ORD14113,CUST2111,2025-06-03,Delivered,Credit Card,167.3
ORD14114,CUST1817,2025-09-27,Returned,Cash on Delivery,226.95
ORD14115,CUST2799,2024-12-12,Returned,Credit Card,277.23
ORD14116,CUST2960,2024-11-22,Delivered,Debit Card,451.68
ORD14117,CUST1389,2025-11-13,Delivered,Credit Card,440.94
ORD14118,CUST1324,2025-11-01,Returned,Cash on Delivery,308.46
ORD14119,CUST1939,2025-03-05,Delivered,Net Banking,149.8
ORD14120,CUST1888,2025-10-07,Delivered,Credit Card,231.51
ORD14121,CUST2855,2025-01-20,Cancelled,Credit Card,489.03
ORD14122,CUST2180,2025-08-14,Delivered,Debit Card,323.5
ORD14123,CUST1667,2025-12-05,Delivered,UPI,401.49
ORD14124,CUST2674,2024-05-26,Returned,Net Banking,252.44
ORD14125,CUST1632,2026-01-16,Cancelled,UPI,289.4
ORD14126,CUST1576,2026-02-20,Delivered,Cash on Delivery,243.03
ORD14127,CUST2642,2024-06-29,Delivered,Cash on Delivery,366.31
ORD14128,CUST2682,2025-09-07,Delivered,UPI,433.16
ORD14129,CUST1136,2026-01-03,Delivered,Debit Card,278.31
ORD14130,CUST2946,2024-11-17,Delivered,Debit Card,266.39
ORD14131,CUST2697,2025-04-12,Cancelled,Debit Card,203.13
ORD14132,CUST1427,2025-02-26,Delivered,Net Banking,129.69
ORD14133,CUST2475,2025-09-06,Delivered,Cash on Delivery,472.66
ORD14134,CUST1611,2025-06-14,Delivered,Cash on Delivery,192.24
ORD14135,CUST2873,2025-03-19,Shipped,Cash on Delivery,410.31
ORD14136,CUST1910,2024-10-26,Delivered,Net Banking,371.91
ORD14137,CUST1818,2024-12-22,Delivered,Cash on Delivery,405.91
ORD14138,CUST1140,2025-01-10,Delivered,UPI,471.55
ORD14139,CUST2106,2024-08-20,Delivered,Credit Card,330.52
ORD14140,CUST1176,2024-09-21,Delivered,Net Banking,454.08
ORD14141,CUST1197,2026-01-18,Delivered,Credit Card,125.46
ORD14142,CUST1623,2025-08-05,Delivered,UPI,332.02
ORD14143,CUST2591,2025-11-03,Delivered,Debit Card,397.52
ORD14144,CUST2995,2026-01-30,Delivered,Debit Card,172.24
ORD14145,CUST1690,2025-05-16,Delivered,Debit Card,383.34
ORD14146,CUST2444,2024-08-22,Delivered,Net Banking,400.31
ORD14147,CUST1400,2025-08-02,Delivered,Debit Card,424.03
ORD14148,CUST2721,2024-04-24,Delivered,Net Banking,190.8
ORD14149,CUST1470,2025-03-20,Delivered,Net Banking,356.72
ORD14150,CUST1217,2025-09-22,Delivered,Credit Card,186.91
ORD14151,CUST2948,2024-11-05,Delivered,Debit Card,382.57
ORD14152,CUST1928,2025-10-20,Delivered,Cash on Delivery,258.34
ORD14153,CUST2851,2024-05-27,Delivered,Debit Card,318.89
ORD14154,CUST2752,2025-06-15,Shipped,Debit Card,237.13
ORD14155,CUST1631,2026-01-22,Returned,Debit Card,122.89
ORD14156,CUST1950,2025-11-20,Delivered,Cash on Delivery,130.11
ORD14157,CUST1905,2025-03-10,Delivered,Cash on Delivery,84.91
ORD14158,CUST1174,2024-04-01,Delivered,Net Banking,328.13
ORD14159,CUST1022,2025-05-27,Delivered,Cash on Delivery,431.89
ORD14160,CUST2748,2024-05-23,Delivered,Net Banking,59.38
ORD14161,CUST2940,2025-07-29,Delivered,Credit Card,79.81
ORD14162,CUST1234,2024-07-15,Delivered,Net Banking,255.86
ORD14163,CUST2036,2025-07-29,Returned,Debit Card,381.97
ORD14164,CUST2124,2025-02-27,Delivered,UPI,120.97
ORD14165,CUST1928,2025-08-03,Returned,UPI,172.24
ORD14166,CUST2559,2024-05-23,Cancelled,Debit Card,154.4
ORD14167,CUST2899,2024-06-28,Delivered,Net Banking,229.57
ORD14168,CUST1522,2025-04-28,Delivered,Debit Card,151.25
ORD14169,CUST2808,2024-10-16,Delivered,Cash on Delivery,208.67
ORD14170,CUST2475,2025-04-18,Delivered,Net Banking,377.84
ORD14171,CUST1430,2024-07-20,Delivered,Debit Card,324.95
ORD14172,CUST1792,2024-08-28,Delivered,Cash on Delivery,86.53
ORD14173,CUST2629,2025-06-10,Delivered,Cash on Delivery,336.99
ORD14174,CUST2736,2025-03-06,Shipped,Net Banking,264.68
ORD14175,CUST1532,2026-02-02,Delivered,Credit Card,470.55
ORD14176,CUST2875,2024-11-02,Shipped,Credit Card,180.19
ORD14177,CUST1978,2024-03-31,Delivered,Cash on Delivery,376.77
ORD14178,CUST2746,2025-01-19,Cancelled,Credit Card,378.89
ORD14179,CUST2675,2025-08-20,Delivered,Cash on Delivery,149.68
ORD14180,CUST2316,2024-06-04,Delivered,Credit Card,456.45
ORD14181,CUST1809,2025-11-12,Returned,Cash on Delivery,271.03
ORD14182,CUST1912,2025-04-24,Delivered,Cash on Delivery,355.5
ORD14183,CUST2124,2024-03-21,Delivered,Cash on Delivery,115.64
ORD14184,CUST2525,2025-08-20,Delivered,Cash on Delivery,166.01
ORD14185,CUST2327,2024-12-30,Delivered,UPI,313.75
ORD14186,CUST1870,2025-02-18,Delivered,Credit Card,193.56
ORD14187,CUST1539,2025-12-12,Cancelled,Cash on Delivery,274.86
ORD14188,CUST2023,2024-06-06,Delivered,Debit Card,218.3
ORD14189,CUST2576,2025-02-24,Delivered,Net Banking,338.25
ORD14190,CUST2378,2024-09-14,Returned,Debit Card,269.22
ORD14191,CUST2326,2025-05-08,Delivered,Debit Card,52.07
ORD14192,CUST2519,2025-12-30,Delivered,UPI,342.36
ORD14193,CUST2681,2025-03-28,Cancelled,Credit Card,239.95
ORD14194,CUST2791,2024-10-19,Delivered,UPI,203.76
ORD14195,CUST2997,2025-06-16,Delivered,Credit Card,92.37
ORD14196,CUST1226,2024-03-24,Delivered,Cash on Delivery,149.17
ORD14197,CUST2259,2025-02-15,Delivered,UPI,150.7
ORD14198,CUST1872,2025-02-21,Delivered,Net Banking,470.92
ORD14199,CUST1891,2025-09-15,Delivered,Credit Card,244.63
ORD14200,CUST2478,2025-08-15,Cancelled,UPI,68.93
ORD14201,CUST2036,2026-01-01,Delivered,Net Banking,112.47
ORD14202,CUST1209,2024-06-15,Delivered,Debit Card,85.56
ORD14203,CUST1740,2024-06-28,Shipped,Cash on Delivery,314.99
ORD14204,CUST1396,2025-08-28,Delivered,Cash on Delivery,133.98
ORD14205,CUST2123,2024-12-01,Returned,Debit Card,274.35
ORD14206,CUST1030,2024-08-13,Delivered,UPI,216.53
ORD14207,CUST1897,2024-09-19,Cancelled,Debit Card,411.74
ORD14208,CUST2551,2025-01-31,Delivered,Net Banking,194.22
ORD14209,CUST1648,2024-10-30,Delivered,Credit Card,256.22
ORD14210,CUST1328,2025-10-29,Delivered,UPI,374.58
ORD14211,CUST2189,2024-03-21,Delivered,Credit Card,245.01
ORD14212,CUST2482,2026-01-15,Returned,Debit Card,406.95
ORD14213,CUST2845,2026-01-30,Delivered,Cash on Delivery,347.76
ORD14214,CUST1951,2024-05-29,Delivered,Credit Card,234.74
ORD14215,CUST2123,2025-03-17,Cancelled,Credit Card,276.79
ORD14216,CUST1620,2024-05-19,Delivered,Cash on Delivery,485.24
ORD14217,CUST2878,2024-03-22,Delivered,Credit Card,347.73
ORD14218,CUST2196,2025-04-26,Delivered,Credit Card,457.25
ORD14219,CUST2772,2025-11-25,Delivered,Cash on Delivery,130.44
ORD14220,CUST1161,2024-07-22,Delivered,Cash on Delivery,267.46
ORD14221,CUST2928,2025-08-22,Shipped,Debit Card,458.9
ORD14222,CUST2751,2024-04-07,Delivered,Debit Card,195.18
ORD14223,CUST1775,2024-11-19,Delivered,Credit Card,485.45
ORD14224,CUST2286,2025-08-06,Returned,UPI,93.68
ORD14225,CUST2827,2024-06-01,Delivered,Debit Card,456.2
ORD14226,CUST1273,2024-11-29,Delivered,Debit Card,250.35
ORD14227,CUST2026,2025-11-07,Delivered,UPI,83.18
ORD14228,CUST2051,2025-07-13,Delivered,UPI,445.78
ORD14229,CUST1325,2024-09-11,Delivered,Cash on Delivery,163.37
ORD14230,CUST1939,2025-11-05,Delivered,Debit Card,60.01
ORD14231,CUST2172,2025-04-24,Delivered,Net Banking,111.11
ORD14232,CUST1539,2025-03-10,Cancelled,Net Banking,346.6
ORD14233,CUST1487,2024-04-19,Delivered,Credit Card,490.02
ORD14234,CUST1821,2024-04-07,Shipped,Debit Card,100.16
ORD14235,CUST2461,2024-10-04,Delivered,Net Banking,257.88
ORD14236,CUST2088,2024-08-14,Delivered,Debit Card,131.29
ORD14237,CUST1355,2024-12-08,Delivered,Debit Card,385.27
ORD14238,CUST2556,2024-09-17,Shipped,Net Banking,103.13
ORD14239,CUST2275,2024-10-06,Delivered,Debit Card,157.93
ORD14240,CUST1234,2024-05-08,Delivered,UPI,138.38
ORD14241,CUST1226,2024-03-12,Returned,Credit Card,298.63
ORD14242,CUST2548,2025-01-21,Delivered,Cash on Delivery,442.93
ORD14243,CUST2336,2024-11-17,Returned,Net Banking,279.99
ORD14244,CUST1048,2025-07-16,Delivered,Cash on Delivery,76.21
ORD14245,CUST1117,2025-06-17,Cancelled,Credit Card,303.53
ORD14246,CUST1053,2024-07-14,Shipped,UPI,408.88
ORD14247,CUST2673,2025-05-03,Delivered,UPI,109.47
ORD14248,CUST1564,2024-07-20,Delivered,UPI,82.72
ORD14249,CUST2067,2025-08-20,Delivered,UPI,134.51
ORD14250,CUST2838,2025-09-20,Shipped,Net Banking,385.74
ORD14251,CUST1052,2024-10-01,Delivered,Net Banking,316.26
ORD14252,CUST2609,2025-06-23,Delivered,Debit Card,293.27
ORD14253,CUST1557,2025-03-15,Delivered,Debit Card,162.27
ORD14254,CUST2548,2024-10-15,Delivered,Credit Card,199.51
ORD14255,CUST2700,2024-12-27,Delivered,Debit Card,484.65
ORD14256,CUST2125,2024-11-22,Delivered,Credit Card,158.28
ORD14257,CUST2815,2025-10-04,Delivered,Credit Card,455.74
ORD14258,CUST2793,2024-05-04,Delivered,Credit Card,311.24
ORD14259,CUST2872,2025-10-16,Delivered,UPI,105.48
ORD14260,CUST1867,2026-01-04,Delivered,Cash on Delivery,260.29
ORD14261,CUST1397,2025-03-08,Returned,Cash on Delivery,476.85
ORD14262,CUST2161,2026-01-27,Returned,Net Banking,238.35
ORD14263,CUST1674,2026-02-08,Delivered,Credit Card,438.52
ORD14264,CUST2944,2025-10-04,Delivered,UPI,165.39
ORD14265,CUST1386,2026-01-21,Delivered,Debit Card,306.91
ORD14266,CUST1110,2024-07-24,Delivered,Debit Card,429.73
ORD14267,CUST1613,2026-02-12,Delivered,Net Banking,464.31
ORD14268,CUST1016,2025-06-21,Delivered,Net Banking,268.62
ORD14269,CUST2803,2024-11-20,Delivered,Credit Card,337.86
ORD14270,CUST2205,2025-04-12,Shipped,Credit Card,51.34
ORD14271,CUST1883,2025-12-03,Delivered,Debit Card,163.95
ORD14272,CUST2559,2025-04-09,Delivered,Debit Card,175.42
ORD14273,CUST1540,2025-07-06,Delivered,Debit Card,92.07
ORD14274,CUST1170,2024-08-21,Shipped,Debit Card,175.86
ORD14275,CUST1408,2025-09-23,Delivered,Cash on Delivery,194.5
ORD14276,CUST1739,2025-10-11,Delivered,Credit Card,485.94
ORD14277,CUST2401,2025-07-12,Delivered,Credit Card,350.87
ORD14278,CUST2211,2025-06-29,Delivered,Debit Card,241.7
ORD14279,CUST1857,2025-11-04,Delivered,UPI,494.62
ORD14280,CUST1229,2025-05-07,Delivered,Debit Card,118.95
ORD14281,CUST2856,2024-09-16,Delivered,Net Banking,264.22
ORD14282,CUST2875,2025-05-17,Delivered,UPI,341.18
ORD14283,CUST1118,2025-05-19,Delivered,Net Banking,75.01
ORD14284,CUST2179,2026-02-22,Returned,UPI,372.65
ORD14285,CUST1783,2025-08-07,Delivered,Net Banking,94.94
ORD14286,CUST2710,2024-08-19,Cancelled,Debit Card,113.13
ORD14287,CUST1464,2024-03-12,Delivered,Debit Card,121.86
ORD14288,CUST1103,2026-01-28,Delivered,UPI,468.0
ORD14289,CUST2627,2025-12-19,Delivered,Net Banking,357.46
ORD14290,CUST1697,2025-10-25,Delivered,Cash on Delivery,344.94
ORD14291,CUST2995,2025-08-09,Returned,UPI,299.97
ORD14292,CUST2818,2024-12-30,Shipped,UPI,181.76
ORD14293,CUST2525,2024-11-10,Delivered,Credit Card,329.4
ORD14294,CUST2716,2024-03-30,Delivered,UPI,234.57
ORD14295,CUST2705,2025-12-14,Delivered,Cash on Delivery,115.44
ORD14296,CUST2722,2024-06-06,Delivered,Debit Card,360.32
ORD14297,CUST1174,2024-09-26,Delivered,Net Banking,108.31
ORD14298,CUST2757,2025-12-28,Delivered,Credit Card,135.8
ORD14299,CUST1744,2024-04-10,Shipped,Net Banking,417.96
ORD14300,CUST2697,2026-02-11,Delivered,Debit Card,347.05
ORD14301,CUST2444,2024-08-20,Shipped,UPI,333.95
ORD14302,CUST2157,2025-02-20,Cancelled,Cash on Delivery,238.19
ORD14303,CUST2414,2025-03-06,Cancelled,Credit Card,228.33
ORD14304,CUST2759,2026-02-24,Delivered,Cash on Delivery,360.62
ORD14305,CUST2524,2025-06-06,Delivered,Cash on Delivery,383.0
ORD14306,CUST1664,2025-09-20,Delivered,Cash on Delivery,279.6
ORD14307,CUST1032,2024-07-13,Delivered,Cash on Delivery,486.17
ORD14308,CUST1054,2025-09-11,Delivered,Debit Card,480.06
ORD14309,CUST2977,2025-09-30,Shipped,Cash on Delivery,235.59
ORD14310,CUST1518,2024-11-23,Cancelled,Cash on Delivery,419.28
ORD14311,CUST1755,2025-02-24,Cancelled,Debit Card,294.47
ORD14312,CUST2848,2024-10-16,Returned,Net Banking,280.29
ORD14313,CUST2661,2025-09-24,Delivered,Debit Card,74.73
ORD14314,CUST1011,2024-10-03,Delivered,UPI,308.29
ORD14315,CUST2551,2026-02-21,Delivered,Debit Card,455.26
ORD14316,CUST1719,2024-04-21,Delivered,Net Banking,401.06
ORD14317,CUST1554,2025-04-03,Returned,UPI,403.84
ORD14318,CUST1372,2024-05-12,Delivered,UPI,121.97
ORD14319,CUST1483,2025-09-19,Delivered,Credit Card,211.3
ORD14320,CUST1972,2024-04-02,Delivered,Cash on Delivery,154.94
ORD14321,CUST2670,2024-10-20,Delivered,UPI,192.16
ORD14322,CUST2251,2024-08-14,Delivered,UPI,310.79
ORD14323,CUST1622,2025-04-21,Returned,Net Banking,214.15
ORD14324,CUST1306,2026-02-11,Delivered,UPI,302.31
ORD14325,CUST1456,2026-01-02,Delivered,Net Banking,247.33
ORD14326,CUST1159,2025-10-07,Delivered,Cash on Delivery,178.98
ORD14327,CUST1330,2024-08-12,Delivered,Credit Card,92.93
ORD14328,CUST1775,2025-12-31,Delivered,Credit Card,451.33
ORD14329,CUST1224,2026-01-13,Shipped,Cash on Delivery,55.12
ORD14330,CUST1982,2024-07-23,Delivered,Cash on Delivery,50.74
ORD14331,CUST1728,2024-10-30,Delivered,Debit Card,422.06
ORD14332,CUST2527,2024-12-09,Delivered,UPI,498.56
ORD14333,CUST2479,2025-12-10,Delivered,UPI,377.2
ORD14334,CUST2068,2024-09-04,Delivered,UPI,56.87
ORD14335,CUST2237,2026-02-20,Delivered,Net Banking,152.01
ORD14336,CUST2082,2024-05-18,Delivered,Debit Card,487.32
ORD14337,CUST1643,2024-06-27,Returned,UPI,413.87
ORD14338,CUST1615,2024-04-22,Delivered,Net Banking,305.06
ORD14339,CUST1194,2024-03-05,Delivered,Net Banking,156.59
ORD14340,CUST2948,2024-12-18,Delivered,Credit Card,56.47
ORD14341,CUST1488,2024-10-13,Delivered,Net Banking,59.39
ORD14342,CUST1156,2025-12-09,Returned,Cash on Delivery,325.39
ORD14343,CUST1609,2024-06-17,Shipped,Net Banking,59.82
ORD14344,CUST2249,2024-06-07,Delivered,Cash on Delivery,497.13
ORD14345,CUST1411,2024-10-18,Returned,Cash on Delivery,132.52
ORD14346,CUST2228,2025-04-19,Cancelled,Credit Card,369.82
ORD14347,CUST2102,2026-02-05,Shipped,Credit Card,119.78
ORD14348,CUST2147,2024-08-28,Delivered,Net Banking,293.04
ORD14349,CUST1470,2024-03-24,Delivered,Credit Card,86.28
ORD14350,CUST2963,2025-08-14,Delivered,Credit Card,395.05
ORD14351,CUST2241,2025-04-11,Returned,UPI,313.21
ORD14352,CUST1515,2025-12-13,Delivered,Net Banking,88.78
ORD14353,CUST2625,2024-08-28,Delivered,Net Banking,431.86
ORD14354,CUST2127,2024-05-21,Delivered,Net Banking,296.16
ORD14355,CUST1392,2025-05-27,Delivered,Credit Card,464.72
ORD14356,CUST1630,2025-06-23,Delivered,Credit Card,462.48
ORD14357,CUST2668,2024-04-08,Returned,Cash on Delivery,464.23
ORD14358,CUST2847,2025-04-26,Delivered,Debit Card,85.0
ORD14359,CUST1607,2025-11-29,Returned,Debit Card,104.43
ORD14360,CUST1979,2024-07-04,Delivered,Debit Card,494.47
ORD14361,CUST1433,2024-11-02,Delivered,UPI,269.42
ORD14362,CUST2354,2024-03-16,Delivered,Credit Card,157.2
ORD14363,CUST2166,2024-07-10,Delivered,Cash on Delivery,396.35
ORD14364,CUST2823,2024-06-28,Delivered,Cash on Delivery,168.93
ORD14365,CUST1539,2024-08-10,Delivered,Debit Card,377.25
ORD14366,CUST1277,2025-08-31,Delivered,UPI,426.78
ORD14367,CUST1232,2024-07-28,Cancelled,UPI,402.92
ORD14368,CUST2552,2025-01-11,Delivered,Debit Card,173.32
ORD14369,CUST2594,2024-04-23,Delivered,Debit Card,230.73
ORD14370,CUST2113,2025-01-20,Delivered,Credit Card,235.96
ORD14371,CUST2515,2024-12-15,Delivered,UPI,271.07
ORD14372,CUST2222,2024-06-22,Delivered,Cash on Delivery,125.32
ORD14373,CUST1361,2024-06-26,Delivered,Debit Card,253.61
ORD14374,CUST2464,2025-12-29,Delivered,Credit Card,279.85
ORD14375,CUST1025,2025-11-14,Delivered,Cash on Delivery,289.27
ORD14376,CUST2048,2025-12-22,Delivered,UPI,418.96
ORD14377,CUST2417,2025-01-01,Cancelled,Debit Card,282.8
ORD14378,CUST1506,2024-10-01,Delivered,Debit Card,153.85
ORD14379,CUST2324,2024-12-03,Delivered,Credit Card,348.41
ORD14380,CUST2362,2025-02-11,Cancelled,Credit Card,408.79
ORD14381,CUST1266,2025-06-20,Delivered,UPI,193.72
ORD14382,CUST1460,2025-11-25,Delivered,Debit Card,340.39
ORD14383,CUST2716,2024-08-15,Delivered,Credit Card,116.12
ORD14384,CUST1455,2025-06-10,Delivered,Debit Card,203.87
ORD14385,CUST2383,2025-07-01,Delivered,UPI,459.15
ORD14386,CUST2091,2025-02-17,Delivered,Debit Card,460.09
ORD14387,CUST2006,2025-07-05,Shipped,Cash on Delivery,308.9
ORD14388,CUST1862,2024-07-07,Returned,Debit Card,366.06
ORD14389,CUST2435,2024-05-10,Delivered,Net Banking,434.31
ORD14390,CUST2994,2024-08-18,Delivered,Net Banking,481.35
ORD14391,CUST1490,2025-06-24,Delivered,UPI,270.45
ORD14392,CUST2856,2024-11-26,Delivered,UPI,302.71
ORD14393,CUST2072,2025-12-28,Delivered,UPI,237.04
ORD14394,CUST2710,2024-11-05,Delivered,Cash on Delivery,82.39
ORD14395,CUST1563,2024-06-17,Delivered,Cash on Delivery,240.26
ORD14396,CUST2125,2024-04-05,Delivered,Debit Card,405.78
ORD14397,CUST1215,2025-10-14,Shipped,Credit Card,412.2
ORD14398,CUST2461,2025-08-21,Delivered,Net Banking,451.57
ORD14399,CUST2723,2024-04-21,Shipped,Net Banking,73.16
ORD14400,CUST2592,2026-02-18,Shipped,Net Banking,287.22
ORD14401,CUST1558,2024-06-15,Delivered,Debit Card,98.34
ORD14402,CUST1158,2025-02-03,Cancelled,Debit Card,140.33
ORD14403,CUST1488,2025-11-06,Delivered,UPI,455.1
ORD14404,CUST1685,2025-02-06,Delivered,Credit Card,273.56
ORD14405,CUST2265,2024-11-06,Delivered,UPI,391.35
ORD14406,CUST1793,2025-04-11,Delivered,Debit Card,78.97
ORD14407,CUST2776,2024-09-18,Delivered,Cash on Delivery,237.57
ORD14408,CUST2905,2024-07-16,Delivered,UPI,353.41
ORD14409,CUST1004,2024-08-24,Delivered,Debit Card,110.03
ORD14410,CUST2619,2025-01-29,Delivered,Debit Card,196.62
ORD14411,CUST2843,2025-12-07,Delivered,Cash on Delivery,79.05
ORD14412,CUST1360,2024-11-16,Delivered,Cash on Delivery,343.1
ORD14413,CUST1458,2026-01-19,Delivered,Cash on Delivery,486.9
ORD14414,CUST1247,2024-09-12,Delivered,Credit Card,422.17
ORD14415,CUST2589,2026-01-05,Delivered,Debit Card,488.58
ORD14416,CUST2696,2024-11-25,Delivered,Cash on Delivery,430.52
ORD14417,CUST1945,2024-05-07,Returned,Credit Card,434.84
ORD14418,CUST1421,2025-08-13,Delivered,Net Banking,309.73
ORD14419,CUST2946,2024-04-23,Delivered,Net Banking,283.21
ORD14420,CUST2761,2026-02-23,Delivered,Net Banking,232.81
ORD14421,CUST1014,2026-02-11,Returned,Debit Card,418.14
ORD14422,CUST1735,2024-06-23,Delivered,Credit Card,131.93
ORD14423,CUST2596,2024-05-31,Delivered,Credit Card,75.3
ORD14424,CUST2145,2024-10-13,Delivered,Net Banking,476.55
ORD14425,CUST1276,2025-03-14,Delivered,UPI,51.7
ORD14426,CUST2581,2024-11-26,Delivered,Net Banking,489.57
ORD14427,CUST1452,2024-04-18,Delivered,Debit Card,377.98
ORD14428,CUST2413,2025-01-25,Shipped,Net Banking,197.82
ORD14429,CUST2317,2025-03-14,Delivered,Net Banking,364.02
ORD14430,CUST2597,2024-06-18,Delivered,Credit Card,418.04
ORD14431,CUST1597,2024-11-17,Cancelled,Net Banking,160.41
ORD14432,CUST1445,2025-10-16,Delivered,Cash on Delivery,396.9
ORD14433,CUST1209,2024-05-12,Returned,Cash on Delivery,411.97
ORD14434,CUST2613,2025-06-19,Delivered,UPI,162.21
ORD14435,CUST1713,2026-01-16,Cancelled,Debit Card,68.87
ORD14436,CUST1301,2024-05-17,Delivered,Debit Card,141.86
ORD14437,CUST2932,2024-05-09,Returned,Credit Card,140.29
ORD14438,CUST2246,2024-05-02,Cancelled,Debit Card,79.36
ORD14439,CUST2757,2024-04-28,Delivered,UPI,376.7
ORD14440,CUST1002,2024-10-25,Delivered,Cash on Delivery,220.99
ORD14441,CUST1989,2024-06-09,Delivered,Credit Card,447.97
ORD14442,CUST2541,2026-02-19,Shipped,Cash on Delivery,163.48
ORD14443,CUST2116,2025-11-06,Delivered,UPI,253.95
ORD14444,CUST1519,2025-07-14,Delivered,Credit Card,337.56
ORD14445,CUST2451,2024-09-04,Delivered,Net Banking,444.86
ORD14446,CUST1492,2025-08-15,Delivered,Debit Card,286.08
ORD14447,CUST2258,2025-06-03,Delivered,UPI,218.09
ORD14448,CUST1619,2024-10-04,Shipped,Credit Card,440.16
ORD14449,CUST2184,2025-10-15,Delivered,Cash on Delivery,189.61
ORD14450,CUST2744,2024-03-03,Returned,Credit Card,85.74
ORD14451,CUST2775,2024-10-07,Delivered,Net Banking,250.27
ORD14452,CUST1330,2024-06-22,Delivered,UPI,403.29
ORD14453,CUST1332,2025-03-01,Delivered,Credit Card,63.85
ORD14454,CUST1049,2025-12-19,Delivered,UPI,313.65
ORD14455,CUST2546,2025-10-09,Shipped,UPI,317.51
ORD14456,CUST1862,2024-04-09,Returned,Cash on Delivery,467.84
ORD14457,CUST2691,2024-06-05,Delivered,Debit Card,178.91
ORD14458,CUST2515,2025-07-22,Delivered,Net Banking,175.48
ORD14459,CUST2605,2025-02-10,Delivered,Credit Card,248.22
ORD14460,CUST2704,2025-01-29,Shipped,Debit Card,210.61
ORD14461,CUST1271,2024-10-18,Returned,Cash on Delivery,381.36
ORD14462,CUST1579,2026-01-20,Cancelled,Debit Card,338.79
ORD14463,CUST2890,2025-02-06,Delivered,UPI,391.51
ORD14464,CUST2275,2024-03-21,Delivered,UPI,419.02
ORD14465,CUST1559,2024-10-07,Delivered,Net Banking,465.34
ORD14466,CUST1695,2026-01-29,Delivered,Credit Card,243.92
ORD14467,CUST2855,2025-07-04,Delivered,Credit Card,493.11
ORD14468,CUST2722,2025-07-20,Delivered,Cash on Delivery,147.05
ORD14469,CUST2113,2025-02-06,Delivered,Net Banking,371.46
ORD14470,CUST1445,2025-10-21,Returned,Credit Card,290.3
ORD14471,CUST2016,2024-11-03,Cancelled,UPI,417.61
ORD14472,CUST2355,2025-09-15,Delivered,Net Banking,264.55
ORD14473,CUST2162,2025-03-19,Delivered,Debit Card,402.77
ORD14474,CUST1356,2025-12-06,Delivered,Net Banking,468.58
ORD14475,CUST2624,2025-11-04,Cancelled,Net Banking,379.53
ORD14476,CUST1273,2025-02-04,Cancelled,Credit Card,399.24
ORD14477,CUST2042,2024-04-26,Cancelled,Cash on Delivery,80.23
ORD14478,CUST1310,2024-06-20,Cancelled,Cash on Delivery,142.23
ORD14479,CUST1869,2024-12-25,Delivered,Credit Card,488.44
ORD14480,CUST1885,2024-07-16,Delivered,Credit Card,361.93
ORD14481,CUST1153,2024-03-16,Delivered,Credit Card,302.65
ORD14482,CUST2413,2024-09-08,Delivered,Cash on Delivery,215.14
ORD14483,CUST2283,2025-06-21,Cancelled,Credit Card,69.98
ORD14484,CUST1619,2025-02-21,Delivered,Debit Card,216.11
ORD14485,CUST1882,2024-11-23,Delivered,Debit Card,274.51
ORD14486,CUST1796,2024-07-06,Delivered,UPI,145.16
ORD14487,CUST2594,2025-03-01,Shipped,Debit Card,127.91
ORD14488,CUST1124,2025-03-08,Delivered,Net Banking,278.79
ORD14489,CUST2377,2025-06-22,Delivered,UPI,313.66
ORD14490,CUST2296,2026-02-12,Delivered,Debit Card,157.96
ORD14491,CUST1618,2024-04-19,Delivered,Net Banking,314.33
ORD14492,CUST2834,2024-05-24,Delivered,Debit Card,455.15
ORD14493,CUST1244,2024-05-29,Cancelled,Net Banking,262.93
ORD14494,CUST1847,2025-10-15,Delivered,Credit Card,435.83
ORD14495,CUST1449,2024-06-24,Returned,Net Banking,467.27
ORD14496,CUST1929,2024-03-23,Delivered,Credit Card,91.58
ORD14497,CUST2270,2024-06-13,Delivered,Net Banking,93.12
ORD14498,CUST1519,2025-06-01,Shipped,Net Banking,264.22
ORD14499,CUST2164,2024-03-30,Delivered,Debit Card,314.65
ORD14500,CUST1361,2024-03-13,Delivered,Net Banking,241.65
ORD14501,CUST1007,2025-03-26,Cancelled,Debit Card,196.9
ORD14502,CUST1477,2025-06-18,Delivered,Net Banking,338.45
ORD14503,CUST2375,2026-01-06,Cancelled,Cash on Delivery,50.94
ORD14504,CUST1494,2024-04-23,Delivered,UPI,485.63
ORD14505,CUST2629,2025-10-17,Delivered,Debit Card,154.44
ORD14506,CUST1832,2025-09-17,Delivered,Debit Card,462.69
ORD14507,CUST2450,2024-06-14,Returned,Credit Card,99.06
ORD14508,CUST2062,2025-02-02,Delivered,Cash on Delivery,157.14
ORD14509,CUST1592,2024-04-26,Cancelled,Credit Card,155.69
ORD14510,CUST1186,2026-02-13,Shipped,Cash on Delivery,498.27
ORD14511,CUST2619,2025-09-11,Delivered,Cash on Delivery,52.07
ORD14512,CUST2623,2024-11-13,Delivered,Net Banking,337.84
ORD14513,CUST1753,2024-04-05,Delivered,Credit Card,441.36
ORD14514,CUST2877,2026-02-05,Delivered,UPI,352.52
ORD14515,CUST1092,2024-11-19,Delivered,Cash on Delivery,213.23
ORD14516,CUST1085,2024-09-28,Delivered,Cash on Delivery,481.24
ORD14517,CUST2067,2024-06-01,Shipped,Debit Card,452.08
ORD14518,CUST1136,2024-07-04,Shipped,Net Banking,245.28
ORD14519,CUST1420,2025-01-05,Returned,UPI,308.0
ORD14520,CUST1073,2024-04-12,Returned,Cash on Delivery,485.38
ORD14521,CUST2571,2024-07-28,Delivered,Debit Card,492.15
ORD14522,CUST2636,2025-06-06,Delivered,Credit Card,252.42
ORD14523,CUST2535,2025-06-27,Returned,Cash on Delivery,431.31
ORD14524,CUST2179,2025-05-06,Delivered,Debit Card,185.89
ORD14525,CUST2961,2025-09-30,Shipped,Credit Card,217.32
ORD14526,CUST2278,2025-05-20,Delivered,Net Banking,124.17
ORD14527,CUST1170,2025-04-19,Delivered,Credit Card,144.13
ORD14528,CUST2751,2025-01-05,Cancelled,Cash on Delivery,345.59
ORD14529,CUST1169,2025-03-12,Shipped,UPI,279.85
ORD14530,CUST2787,2025-03-04,Delivered,Credit Card,154.01
ORD14531,CUST1871,2025-10-29,Cancelled,UPI,231.31
ORD14532,CUST1321,2024-09-05,Delivered,UPI,217.93
ORD14533,CUST2590,2024-04-17,Delivered,Credit Card,494.31
ORD14534,CUST1455,2025-07-08,Cancelled,Net Banking,434.1
ORD14535,CUST1943,2025-05-30,Delivered,Credit Card,224.58
ORD14536,CUST2626,2024-10-22,Delivered,Debit Card,461.26
ORD14537,CUST1789,2025-01-30,Delivered,UPI,204.19
ORD14538,CUST1612,2025-06-01,Delivered,Cash on Delivery,350.56
ORD14539,CUST2178,2025-11-05,Delivered,UPI,484.99
ORD14540,CUST1888,2024-09-04,Delivered,Cash on Delivery,225.63
ORD14541,CUST1348,2024-08-05,Delivered,Debit Card,355.95
ORD14542,CUST2474,2024-11-12,Shipped,Debit Card,183.17
ORD14543,CUST2899,2026-01-16,Delivered,Debit Card,169.84
ORD14544,CUST2676,2026-02-19,Cancelled,Credit Card,308.37
ORD14545,CUST2196,2025-01-16,Delivered,UPI,490.67
ORD14546,CUST1009,2024-07-17,Delivered,Cash on Delivery,253.91
ORD14547,CUST1739,2025-04-18,Delivered,Debit Card,471.94
ORD14548,CUST2288,2025-01-09,Delivered,Debit Card,461.46
ORD14549,CUST2461,2025-11-04,Delivered,Cash on Delivery,164.19
ORD14550,CUST2783,2025-09-20,Delivered,UPI,230.82
ORD14551,CUST2270,2026-01-08,Delivered,UPI,339.49
ORD14552,CUST1666,2025-12-13,Delivered,Cash on Delivery,283.12
ORD14553,CUST1545,2024-12-30,Delivered,Net Banking,93.18
ORD14554,CUST2522,2025-12-30,Delivered,UPI,497.16
ORD14555,CUST1128,2025-12-14,Delivered,Cash on Delivery,388.69
ORD14556,CUST2695,2024-03-23,Shipped,Cash on Delivery,246.96
ORD14557,CUST1600,2026-02-07,Delivered,Debit Card,328.18
ORD14558,CUST1604,2024-09-11,Delivered,Cash on Delivery,89.41
ORD14559,CUST1326,2026-02-06,Delivered,Credit Card,272.89
ORD14560,CUST2776,2025-09-04,Shipped,Debit Card,468.87
ORD14561,CUST2858,2025-09-11,Delivered,Debit Card,453.47
ORD14562,CUST1979,2025-01-29,Cancelled,UPI,201.82
ORD14563,CUST1403,2025-06-16,Delivered,Net Banking,289.12
ORD14564,CUST1628,2025-04-15,Shipped,UPI,363.82
ORD14565,CUST2629,2024-07-06,Returned,Credit Card,203.0
ORD14566,CUST2698,2025-10-12,Returned,Debit Card,79.2
ORD14567,CUST2634,2024-11-12,Delivered,Debit Card,277.45
ORD14568,CUST2648,2024-12-11,Delivered,Cash on Delivery,320.74
ORD14569,CUST2382,2025-12-17,Delivered,Net Banking,52.63
ORD14570,CUST2626,2026-01-31,Delivered,Net Banking,93.01
ORD14571,CUST2881,2024-09-04,Returned,Cash on Delivery,143.28
ORD14572,CUST1717,2024-05-31,Delivered,Credit Card,206.62
ORD14573,CUST2040,2025-08-09,Delivered,Net Banking,293.47
ORD14574,CUST1273,2024-12-16,Delivered,Debit Card,182.23
ORD14575,CUST1684,2025-08-15,Delivered,Credit Card,174.28
ORD14576,CUST1115,2024-10-16,Delivered,UPI,441.21
ORD14577,CUST1860,2024-11-06,Cancelled,UPI,115.27
ORD14578,CUST1692,2026-01-19,Delivered,Credit Card,272.96
ORD14579,CUST2114,2024-10-07,Delivered,Debit Card,478.77
ORD14580,CUST2105,2024-09-10,Delivered,UPI,331.26
ORD14581,CUST1323,2025-11-09,Delivered,Debit Card,372.74
ORD14582,CUST1960,2025-08-30,Delivered,Cash on Delivery,244.06
ORD14583,CUST1113,2024-08-07,Delivered,Net Banking,58.97
ORD14584,CUST2792,2024-07-28,Cancelled,Credit Card,340.76
ORD14585,CUST2081,2025-01-07,Cancelled,Net Banking,334.37
ORD14586,CUST1153,2024-08-24,Cancelled,Cash on Delivery,99.69
ORD14587,CUST2900,2025-01-25,Delivered,UPI,257.97
ORD14588,CUST2427,2024-11-30,Shipped,Debit Card,461.9
ORD14589,CUST2651,2024-12-11,Returned,Debit Card,142.29
ORD14590,CUST2878,2025-09-24,Shipped,Cash on Delivery,257.49
ORD14591,CUST2289,2025-01-26,Delivered,Credit Card,257.5
ORD14592,CUST1314,2024-03-25,Shipped,Net Banking,414.84
ORD14593,CUST2738,2026-01-10,Returned,UPI,421.06
ORD14594,CUST2064,2025-08-23,Returned,Credit Card,391.67
ORD14595,CUST1104,2025-04-24,Delivered,Cash on Delivery,214.45
ORD14596,CUST2924,2024-08-14,Cancelled,Cash on Delivery,82.42
ORD14597,CUST2913,2024-11-07,Shipped,Debit Card,207.27
ORD14598,CUST2216,2025-05-10,Delivered,UPI,355.91
ORD14599,CUST2424,2024-12-28,Delivered,Credit Card,366.24
ORD14600,CUST2301,2024-11-11,Shipped,Debit Card,484.25
ORD14601,CUST1353,2024-06-04,Delivered,UPI,254.14
ORD14602,CUST2015,2024-07-27,Delivered,Net Banking,334.6
ORD14603,CUST2772,2025-07-13,Delivered,Net Banking,292.64
ORD14604,CUST2960,2024-10-01,Shipped,Debit Card,117.78
ORD14605,CUST1732,2025-08-27,Delivered,Credit Card,257.54
ORD14606,CUST2603,2024-12-03,Delivered,UPI,295.18
ORD14607,CUST1708,2024-11-17,Delivered,Net Banking,477.84
ORD14608,CUST2279,2025-10-03,Cancelled,Net Banking,214.94
ORD14609,CUST1650,2024-12-15,Delivered,Credit Card,491.04
ORD14610,CUST1823,2024-05-15,Shipped,Debit Card,294.04
ORD14611,CUST1946,2025-11-15,Shipped,Cash on Delivery,159.11
ORD14612,CUST1660,2025-08-22,Delivered,UPI,136.25
ORD14613,CUST1098,2024-07-19,Delivered,Net Banking,113.76
ORD14614,CUST1587,2024-11-18,Delivered,Cash on Delivery,253.82
ORD14615,CUST1281,2025-07-15,Delivered,Credit Card,59.87
ORD14616,CUST2906,2025-05-17,Delivered,Debit Card,250.27
ORD14617,CUST1402,2025-09-28,Shipped,UPI,494.78
ORD14618,CUST2132,2025-03-28,Returned,Credit Card,351.55
ORD14619,CUST1699,2025-09-28,Delivered,Debit Card,391.9
ORD14620,CUST1198,2024-06-29,Delivered,Credit Card,103.55
ORD14621,CUST2326,2025-11-15,Delivered,Net Banking,262.9
ORD14622,CUST1326,2025-08-13,Delivered,Net Banking,178.8
ORD14623,CUST1153,2025-12-27,Delivered,Cash on Delivery,452.34
ORD14624,CUST1551,2024-08-19,Returned,Credit Card,131.58
ORD14625,CUST2668,2025-10-09,Shipped,Net Banking,256.43
ORD14626,CUST1404,2025-09-24,Delivered,Debit Card,314.62
ORD14627,CUST1461,2024-05-05,Returned,Cash on Delivery,281.32
ORD14628,CUST1131,2024-12-01,Delivered,UPI,423.61
ORD14629,CUST1790,2024-12-31,Cancelled,Credit Card,154.15
ORD14630,CUST1873,2024-08-05,Delivered,Net Banking,219.83
ORD14631,CUST1083,2026-01-30,Delivered,Debit Card,406.44
ORD14632,CUST2422,2025-07-15,Shipped,Credit Card,287.63
ORD14633,CUST1753,2025-06-02,Delivered,Debit Card,230.95
ORD14634,CUST1627,2025-01-23,Cancelled,Cash on Delivery,63.25
ORD14635,CUST2132,2026-01-28,Delivered,Net Banking,389.02
ORD14636,CUST1220,2025-07-29,Delivered,Net Banking,487.48
ORD14637,CUST2927,2025-04-25,Delivered,Cash on Delivery,329.13
ORD14638,CUST1552,2024-04-20,Delivered,Debit Card,435.44
ORD14639,CUST2391,2025-12-27,Delivered,Credit Card,282.59
ORD14640,CUST2170,2024-07-21,Delivered,Debit Card,154.26
ORD14641,CUST1111,2025-09-26,Delivered,Credit Card,56.5
ORD14642,CUST1614,2024-12-07,Delivered,Cash on Delivery,344.03
ORD14643,CUST2581,2025-08-21,Cancelled,UPI,271.9
ORD14644,CUST1923,2025-07-22,Delivered,Credit Card,401.94
ORD14645,CUST2517,2024-12-24,Shipped,Net Banking,362.61
ORD14646,CUST2528,2025-05-02,Delivered,Net Banking,494.58
ORD14647,CUST1474,2026-02-11,Delivered,Net Banking,279.64
ORD14648,CUST1835,2025-04-21,Delivered,Debit Card,242.23
ORD14649,CUST2913,2025-01-29,Delivered,Debit Card,179.03
ORD14650,CUST1270,2025-01-21,Delivered,Debit Card,264.59
ORD14651,CUST1420,2025-12-25,Delivered,Net Banking,442.79
ORD14652,CUST2920,2025-06-23,Delivered,Credit Card,69.1
ORD14653,CUST1706,2024-07-10,Delivered,Net Banking,490.06
ORD14654,CUST2390,2025-08-07,Cancelled,Credit Card,496.99
ORD14655,CUST2303,2025-03-08,Delivered,Debit Card,319.02
ORD14656,CUST2306,2025-07-02,Delivered,UPI,199.19
ORD14657,CUST1039,2025-11-22,Delivered,Debit Card,150.37
ORD14658,CUST2982,2024-12-06,Cancelled,Cash on Delivery,174.42
ORD14659,CUST1188,2025-03-20,Delivered,Credit Card,72.55
ORD14660,CUST2187,2025-07-23,Delivered,UPI,263.8
ORD14661,CUST1993,2024-04-17,Delivered,Debit Card,75.8
ORD14662,CUST2559,2025-01-10,Delivered,UPI,373.31
ORD14663,CUST1535,2024-09-30,Delivered,Net Banking,217.37
ORD14664,CUST2027,2024-11-07,Returned,Credit Card,139.71
ORD14665,CUST2858,2025-01-12,Delivered,Cash on Delivery,295.18
ORD14666,CUST1289,2025-08-16,Delivered,Net Banking,488.19
ORD14667,CUST2976,2025-10-05,Delivered,UPI,362.81
ORD14668,CUST1432,2025-03-15,Delivered,Debit Card,271.29
ORD14669,CUST1470,2025-04-21,Delivered,Credit Card,399.61
ORD14670,CUST2204,2024-12-03,Delivered,Cash on Delivery,381.86
ORD14671,CUST2271,2025-04-28,Delivered,Debit Card,451.28
ORD14672,CUST1627,2026-02-22,Delivered,Cash on Delivery,142.1
ORD14673,CUST1278,2024-11-11,Delivered,Credit Card,436.49
ORD14674,CUST1876,2025-05-31,Cancelled,UPI,185.46
ORD14675,CUST1580,2024-10-24,Delivered,Cash on Delivery,473.45
ORD14676,CUST1862,2024-10-03,Delivered,Credit Card,176.48
ORD14677,CUST1253,2025-05-13,Delivered,Cash on Delivery,467.08
ORD14678,CUST1180,2025-05-26,Delivered,Debit Card,483.71
ORD14679,CUST2853,2024-07-05,Delivered,Cash on Delivery,115.47
ORD14680,CUST1680,2025-07-27,Delivered,Debit Card,488.52
ORD14681,CUST1824,2025-11-08,Shipped,Debit Card,88.58
ORD14682,CUST2532,2026-01-25,Cancelled,Credit Card,148.36
ORD14683,CUST2784,2025-06-20,Delivered,Net Banking,249.88
ORD14684,CUST1699,2025-07-10,Returned,Cash on Delivery,497.12
ORD14685,CUST1565,2024-10-04,Cancelled,UPI,269.85
ORD14686,CUST2349,2025-10-06,Delivered,Debit Card,297.68
ORD14687,CUST2380,2025-07-29,Returned,Net Banking,362.49
ORD14688,CUST2848,2025-03-29,Delivered,Debit Card,485.73
ORD14689,CUST2673,2025-11-10,Delivered,Net Banking,402.51
ORD14690,CUST1679,2024-05-24,Delivered,Net Banking,150.87
ORD14691,CUST1390,2024-05-15,Delivered,UPI,186.35
ORD14692,CUST2638,2024-09-09,Delivered,Net Banking,93.93
ORD14693,CUST2957,2024-12-22,Delivered,UPI,340.0
ORD14694,CUST2108,2025-12-06,Shipped,Credit Card,131.33
ORD14695,CUST2340,2024-11-23,Shipped,Debit Card,165.83
ORD14696,CUST1211,2025-02-06,Returned,UPI,449.65
ORD14697,CUST2538,2025-07-06,Returned,Debit Card,197.04
ORD14698,CUST1383,2025-04-14,Shipped,Cash on Delivery,304.99
ORD14699,CUST2714,2025-05-31,Delivered,Credit Card,228.9
ORD14700,CUST1341,2024-05-01,Delivered,Cash on Delivery,83.31
ORD14701,CUST2838,2024-09-22,Delivered,Cash on Delivery,213.29
ORD14702,CUST2987,2025-02-22,Returned,Net Banking,233.63
ORD14703,CUST1843,2025-10-31,Delivered,Net Banking,453.07
ORD14704,CUST2061,2025-04-05,Cancelled,Cash on Delivery,196.0
ORD14705,CUST2534,2024-09-06,Delivered,Net Banking,220.66
ORD14706,CUST1419,2024-09-23,Delivered,Debit Card,402.3
ORD14707,CUST1750,2026-02-09,Cancelled,Net Banking,391.53
ORD14708,CUST2192,2024-11-18,Delivered,Cash on Delivery,409.23
ORD14709,CUST2988,2024-11-04,Delivered,Net Banking,479.2
ORD14710,CUST2932,2024-03-24,Delivered,Net Banking,408.0
ORD14711,CUST2366,2025-05-27,Delivered,UPI,233.42
ORD14712,CUST2849,2025-09-10,Cancelled,UPI,419.68
ORD14713,CUST1305,2025-11-04,Delivered,Cash on Delivery,278.9
ORD14714,CUST2565,2024-09-07,Delivered,Debit Card,174.97
ORD14715,CUST1701,2025-09-15,Delivered,Credit Card,186.31
ORD14716,CUST1868,2024-07-07,Returned,Credit Card,150.73
ORD14717,CUST1536,2025-06-14,Delivered,Cash on Delivery,115.25
ORD14718,CUST2135,2025-02-02,Delivered,Debit Card,133.02
ORD14719,CUST2434,2026-02-05,Cancelled,Debit Card,78.43
ORD14720,CUST2970,2025-11-04,Delivered,Debit Card,449.8
ORD14721,CUST1205,2024-06-05,Returned,UPI,468.95
ORD14722,CUST2208,2025-05-19,Delivered,Cash on Delivery,314.05
ORD14723,CUST2405,2025-10-08,Delivered,Credit Card,428.22
ORD14724,CUST1495,2025-01-11,Delivered,Debit Card,132.61
ORD14725,CUST2402,2024-06-10,Shipped,Cash on Delivery,455.75
ORD14726,CUST2070,2024-06-14,Cancelled,Credit Card,277.86
ORD14727,CUST2909,2025-12-17,Delivered,UPI,80.22
ORD14728,CUST2763,2026-01-24,Delivered,Net Banking,113.59
ORD14729,CUST2574,2025-08-18,Returned,Credit Card,189.04
ORD14730,CUST2551,2024-10-09,Delivered,Credit Card,69.6
ORD14731,CUST1503,2025-07-08,Cancelled,Credit Card,189.18
ORD14732,CUST2045,2025-12-01,Delivered,Net Banking,76.97
ORD14733,CUST1212,2024-09-13,Cancelled,Debit Card,156.21
ORD14734,CUST1309,2025-04-10,Delivered,Net Banking,169.55
ORD14735,CUST1660,2025-01-14,Delivered,Credit Card,497.47
ORD14736,CUST2991,2024-04-06,Delivered,UPI,156.0
ORD14737,CUST1752,2025-03-24,Shipped,Credit Card,157.63
ORD14738,CUST1271,2024-09-05,Delivered,UPI,359.06
ORD14739,CUST2594,2025-02-01,Delivered,Cash on Delivery,436.71
ORD14740,CUST2822,2024-06-15,Delivered,UPI,224.17
ORD14741,CUST1937,2025-02-25,Delivered,Credit Card,444.03
ORD14742,CUST2225,2025-02-15,Returned,Net Banking,203.06
ORD14743,CUST1031,2024-03-30,Cancelled,Credit Card,138.66
ORD14744,CUST1442,2026-01-31,Delivered,Credit Card,198.34
ORD14745,CUST1161,2024-03-29,Shipped,Cash on Delivery,324.21
ORD14746,CUST1766,2024-05-18,Cancelled,Debit Card,215.21
ORD14747,CUST1253,2025-12-11,Returned,Credit Card,352.8
ORD14748,CUST1520,2025-07-16,Delivered,Cash on Delivery,156.62
ORD14749,CUST1976,2025-06-27,Returned,Net Banking,365.45
ORD14750,CUST2674,2025-04-28,Delivered,Cash on Delivery,206.35
ORD14751,CUST2503,2024-10-04,Delivered,Cash on Delivery,255.14
ORD14752,CUST1009,2024-12-07,Returned,UPI,300.99
ORD14753,CUST1725,2024-12-21,Delivered,Debit Card,358.8
ORD14754,CUST1504,2025-07-02,Delivered,Debit Card,157.42
ORD14755,CUST1784,2025-05-18,Cancelled,Net Banking,426.18
ORD14756,CUST2859,2024-06-04,Returned,Cash on Delivery,374.83
ORD14757,CUST2583,2025-04-16,Delivered,Net Banking,155.34
ORD14758,CUST1435,2025-09-09,Returned,Net Banking,488.74
ORD14759,CUST2134,2025-01-18,Delivered,Debit Card,349.16
ORD14760,CUST1152,2025-06-07,Delivered,Debit Card,253.59
ORD14761,CUST2658,2024-08-24,Returned,Debit Card,120.89
ORD14762,CUST1916,2024-12-02,Delivered,Credit Card,289.95
ORD14763,CUST1868,2025-01-04,Delivered,Cash on Delivery,124.15
ORD14764,CUST2125,2024-08-28,Delivered,Net Banking,243.27
ORD14765,CUST1752,2024-09-18,Delivered,Cash on Delivery,233.92
ORD14766,CUST2856,2024-12-12,Delivered,Net Banking,373.97
ORD14767,CUST2214,2025-06-13,Returned,Net Banking,136.57
ORD14768,CUST2752,2024-06-10,Cancelled,Net Banking,419.84
ORD14769,CUST1562,2025-05-20,Delivered,Net Banking,196.76
ORD14770,CUST2827,2024-06-01,Cancelled,UPI,249.79
ORD14771,CUST2104,2025-03-07,Delivered,UPI,397.55
ORD14772,CUST1488,2024-12-08,Delivered,Credit Card,331.43
ORD14773,CUST1894,2024-05-26,Returned,Debit Card,188.61
ORD14774,CUST2111,2026-01-04,Delivered,Net Banking,223.79
ORD14775,CUST2217,2024-09-18,Delivered,Cash on Delivery,187.6
ORD14776,CUST1103,2025-06-16,Delivered,UPI,317.65
ORD14777,CUST2806,2024-05-26,Delivered,Debit Card,199.68
ORD14778,CUST2119,2025-10-26,Returned,Credit Card,376.56
ORD14779,CUST2446,2024-03-07,Delivered,Debit Card,310.9
ORD14780,CUST2914,2025-12-12,Delivered,Net Banking,115.57
ORD14781,CUST2221,2025-07-24,Delivered,Debit Card,189.62
ORD14782,CUST2024,2025-11-04,Delivered,Net Banking,149.65
ORD14783,CUST2006,2025-10-01,Delivered,UPI,225.64
ORD14784,CUST1406,2024-12-05,Delivered,UPI,282.19
ORD14785,CUST2401,2024-11-16,Returned,Net Banking,278.04
ORD14786,CUST1166,2025-03-18,Shipped,Cash on Delivery,389.54
ORD14787,CUST1508,2026-02-23,Delivered,UPI,135.13
ORD14788,CUST2661,2024-04-20,Delivered,Cash on Delivery,475.91
ORD14789,CUST1312,2025-09-11,Delivered,Net Banking,204.28
ORD14790,CUST2616,2025-03-23,Shipped,Net Banking,185.11
ORD14791,CUST2441,2025-08-16,Shipped,UPI,358.33
ORD14792,CUST1762,2025-07-13,Delivered,Cash on Delivery,412.48
ORD14793,CUST1680,2025-08-25,Cancelled,Net Banking,220.31
ORD14794,CUST1476,2024-07-14,Delivered,UPI,386.08
ORD14795,CUST1072,2024-09-18,Delivered,Net Banking,447.68
ORD14796,CUST2164,2024-09-09,Delivered,Debit Card,395.06
ORD14797,CUST1581,2026-01-10,Delivered,Debit Card,65.39
ORD14798,CUST1261,2024-08-07,Delivered,UPI,422.32
ORD14799,CUST2363,2025-06-20,Delivered,Net Banking,398.52
ORD14800,CUST2331,2024-04-09,Delivered,UPI,351.18
ORD14801,CUST1244,2024-05-03,Delivered,Credit Card,392.01
ORD14802,CUST2538,2025-01-19,Delivered,UPI,490.74
ORD14803,CUST2360,2025-03-22,Delivered,UPI,244.0
ORD14804,CUST2598,2024-03-11,Delivered,Debit Card,80.25
ORD14805,CUST1560,2025-09-21,Delivered,Debit Card,257.4
ORD14806,CUST2099,2024-08-05,Delivered,Net Banking,70.9
ORD14807,CUST2903,2024-06-21,Delivered,UPI,182.41
ORD14808,CUST1174,2025-02-23,Delivered,UPI,314.1
ORD14809,CUST1108,2024-06-20,Delivered,Net Banking,189.33
ORD14810,CUST1182,2024-11-21,Delivered,Cash on Delivery,358.43
ORD14811,CUST1191,2025-02-20,Delivered,Net Banking,419.89
ORD14812,CUST1064,2025-09-04,Cancelled,Debit Card,239.2
ORD14813,CUST2872,2025-11-29,Delivered,Debit Card,455.06
ORD14814,CUST1962,2025-11-24,Delivered,UPI,85.93
ORD14815,CUST2497,2025-08-02,Delivered,Debit Card,428.05
ORD14816,CUST2806,2025-10-15,Delivered,Net Banking,422.86
ORD14817,CUST2123,2024-04-26,Delivered,UPI,194.9
ORD14818,CUST2567,2025-12-17,Delivered,Net Banking,184.42
ORD14819,CUST1863,2025-06-22,Delivered,Net Banking,187.29
ORD14820,CUST2151,2025-04-23,Shipped,UPI,415.13
ORD14821,CUST2475,2024-11-05,Delivered,Cash on Delivery,424.24
ORD14822,CUST2937,2025-02-27,Delivered,Debit Card,198.38
ORD14823,CUST1368,2024-07-02,Delivered,Credit Card,316.67
ORD14824,CUST1850,2025-11-14,Shipped,Credit Card,112.52
ORD14825,CUST1042,2024-07-20,Cancelled,Credit Card,260.95
ORD14826,CUST2907,2025-01-06,Delivered,Debit Card,499.46
ORD14827,CUST2442,2025-08-17,Returned,Cash on Delivery,121.48
ORD14828,CUST1487,2024-04-30,Delivered,Net Banking,476.4
ORD14829,CUST1077,2025-05-19,Returned,UPI,420.91
ORD14830,CUST1825,2024-07-12,Returned,Cash on Delivery,487.5
ORD14831,CUST2824,2024-08-16,Delivered,Credit Card,130.81
ORD14832,CUST2293,2025-05-12,Cancelled,Debit Card,146.08
ORD14833,CUST1673,2025-11-03,Delivered,Debit Card,57.59
ORD14834,CUST1700,2025-09-28,Delivered,UPI,376.12
ORD14835,CUST1758,2024-07-03,Delivered,Net Banking,339.84
ORD14836,CUST2923,2025-03-16,Cancelled,Cash on Delivery,130.13
ORD14837,CUST1727,2024-05-05,Delivered,Cash on Delivery,406.02
ORD14838,CUST2338,2024-12-31,Delivered,Cash on Delivery,184.64
ORD14839,CUST1924,2025-05-06,Cancelled,Net Banking,110.75
ORD14840,CUST2874,2024-05-29,Delivered,Net Banking,240.15
ORD14841,CUST1901,2026-02-26,Delivered,Net Banking,90.94
ORD14842,CUST1888,2025-12-24,Delivered,UPI,168.46
ORD14843,CUST1992,2025-02-20,Delivered,Debit Card,217.1
ORD14844,CUST2968,2025-03-08,Delivered,Credit Card,433.34
ORD14845,CUST2191,2025-10-07,Delivered,Net Banking,406.65
ORD14846,CUST1338,2026-01-20,Shipped,Debit Card,249.24
ORD14847,CUST1192,2024-06-01,Cancelled,Net Banking,376.06
ORD14848,CUST2476,2025-12-14,Delivered,Credit Card,305.89
ORD14849,CUST1282,2025-02-22,Delivered,Net Banking,203.38
ORD14850,CUST2359,2026-01-01,Delivered,Debit Card,376.64
ORD14851,CUST1389,2024-03-03,Delivered,UPI,357.57
ORD14852,CUST1999,2025-03-09,Delivered,Credit Card,328.59
ORD14853,CUST1524,2024-02-28,Delivered,Debit Card,328.08
ORD14854,CUST2263,2026-02-06,Returned,Cash on Delivery,357.34
ORD14855,CUST2855,2024-08-27,Delivered,Cash on Delivery,223.05
ORD14856,CUST2981,2025-08-09,Delivered,Cash on Delivery,441.08
ORD14857,CUST2506,2026-02-15,Returned,UPI,123.04
ORD14858,CUST1658,2024-05-22,Delivered,Net Banking,447.75
ORD14859,CUST1715,2024-12-14,Delivered,Net Banking,204.03
ORD14860,CUST2615,2026-02-13,Delivered,Net Banking,106.26
ORD14861,CUST1890,2025-10-10,Delivered,UPI,320.01
ORD14862,CUST2578,2025-11-18,Cancelled,Cash on Delivery,219.19
ORD14863,CUST2481,2026-02-19,Delivered,Net Banking,416.97
ORD14864,CUST2112,2026-01-22,Returned,UPI,243.85
ORD14865,CUST2683,2024-12-18,Shipped,UPI,350.85
ORD14866,CUST2118,2025-05-26,Shipped,Debit Card,188.72
ORD14867,CUST1451,2024-03-12,Shipped,Net Banking,144.25
ORD14868,CUST1427,2024-08-20,Delivered,Cash on Delivery,224.62
ORD14869,CUST2174,2024-07-01,Delivered,Credit Card,323.06
ORD14870,CUST2537,2024-06-13,Delivered,UPI,345.63
ORD14871,CUST2399,2025-11-13,Delivered,Debit Card,310.19
ORD14872,CUST2045,2025-09-27,Returned,Credit Card,494.63
ORD14873,CUST1882,2025-03-08,Delivered,UPI,360.99
ORD14874,CUST1312,2025-04-21,Shipped,Debit Card,469.18
ORD14875,CUST1839,2024-03-19,Returned,Net Banking,103.07
ORD14876,CUST1518,2024-12-02,Shipped,Debit Card,77.62
ORD14877,CUST2229,2024-04-02,Returned,UPI,189.95
ORD14878,CUST2975,2025-10-01,Delivered,Net Banking,111.47
ORD14879,CUST1374,2024-06-23,Delivered,Cash on Delivery,286.64
ORD14880,CUST1450,2024-12-01,Delivered,Debit Card,283.54
ORD14881,CUST2649,2025-10-04,Delivered,Credit Card,308.77
ORD14882,CUST2807,2024-06-20,Delivered,Net Banking,385.35
ORD14883,CUST2014,2026-01-26,Returned,Net Banking,487.1
ORD14884,CUST1594,2024-06-20,Returned,Cash on Delivery,445.22
ORD14885,CUST2202,2024-03-05,Delivered,Debit Card,103.27
ORD14886,CUST2233,2025-11-08,Delivered,Credit Card,202.33
ORD14887,CUST1499,2026-02-21,Delivered,Cash on Delivery,165.12
ORD14888,CUST1463,2024-07-15,Delivered,Debit Card,129.57
ORD14889,CUST2863,2025-05-08,Delivered,Credit Card,295.13
ORD14890,CUST2147,2026-01-18,Delivered,Credit Card,298.97
ORD14891,CUST1112,2024-07-20,Delivered,UPI,152.26
ORD14892,CUST2035,2024-07-09,Delivered,Credit Card,370.35
ORD14893,CUST2149,2024-05-27,Delivered,Debit Card,379.81
ORD14894,CUST2588,2024-10-09,Delivered,Cash on Delivery,59.44
ORD14895,CUST1330,2025-03-06,Delivered,Cash on Delivery,228.09
ORD14896,CUST2924,2025-07-02,Delivered,UPI,450.56
ORD14897,CUST2306,2024-03-31,Delivered,Debit Card,284.14
ORD14898,CUST1139,2025-10-22,Shipped,Credit Card,206.43
ORD14899,CUST2424,2024-03-19,Delivered,UPI,164.15
ORD14900,CUST1901,2024-12-27,Delivered,Net Banking,159.51
ORD14901,CUST2120,2025-06-25,Cancelled,Debit Card,94.9
ORD14902,CUST1516,2025-11-21,Delivered,UPI,417.75
ORD14903,CUST1568,2024-08-25,Shipped,Cash on Delivery,89.0
ORD14904,CUST2947,2024-04-18,Delivered,UPI,181.53
ORD14905,CUST1845,2024-05-15,Delivered,Net Banking,70.55
ORD14906,CUST2092,2025-12-16,Delivered,Debit Card,401.62
ORD14907,CUST1117,2025-09-07,Delivered,UPI,67.68
ORD14908,CUST1887,2024-09-01,Delivered,Credit Card,188.74
ORD14909,CUST2082,2024-04-13,Delivered,Debit Card,307.98
ORD14910,CUST2056,2026-02-10,Delivered,UPI,234.3
ORD14911,CUST2341,2024-05-03,Delivered,UPI,177.02
ORD14912,CUST1049,2025-01-09,Delivered,Debit Card,173.84
ORD14913,CUST2903,2024-11-28,Delivered,Cash on Delivery,409.01
ORD14914,CUST2512,2024-07-23,Delivered,Credit Card,488.29
ORD14915,CUST1018,2025-08-05,Delivered,Debit Card,206.62
ORD14916,CUST1725,2025-10-27,Delivered,Credit Card,67.62
ORD14917,CUST1196,2025-02-04,Cancelled,Credit Card,66.45
ORD14918,CUST2914,2024-08-05,Delivered,Debit Card,391.65
ORD14919,CUST2473,2025-06-03,Delivered,UPI,298.57
ORD14920,CUST1558,2025-10-26,Delivered,Cash on Delivery,402.62
ORD14921,CUST2702,2024-10-10,Delivered,Credit Card,363.87
ORD14922,CUST1451,2025-07-11,Shipped,Credit Card,458.38
ORD14923,CUST1288,2025-08-07,Delivered,UPI,448.62
ORD14924,CUST2164,2025-10-20,Delivered,Debit Card,404.75
ORD14925,CUST2107,2025-05-26,Delivered,Cash on Delivery,263.84
ORD14926,CUST2717,2025-11-06,Returned,Credit Card,188.66
ORD14927,CUST1390,2026-01-13,Delivered,Credit Card,278.16
ORD14928,CUST2614,2026-02-23,Shipped,Debit Card,275.93
ORD14929,CUST1214,2025-08-05,Shipped,UPI,324.62
ORD14930,CUST2549,2024-08-13,Delivered,Net Banking,133.74
ORD14931,CUST1214,2024-09-23,Shipped,UPI,345.03
ORD14932,CUST2426,2024-09-29,Delivered,Credit Card,255.47
ORD14933,CUST1127,2025-03-23,Returned,Credit Card,329.09
ORD14934,CUST2845,2025-12-11,Delivered,Cash on Delivery,157.82
ORD14935,CUST2500,2026-02-02,Delivered,UPI,245.48
ORD14936,CUST1759,2025-04-02,Delivered,Net Banking,144.59
ORD14937,CUST1403,2024-12-19,Cancelled,Cash on Delivery,443.89
ORD14938,CUST2052,2025-12-01,Delivered,Net Banking,269.58
ORD14939,CUST2815,2024-03-05,Delivered,Cash on Delivery,151.24
ORD14940,CUST1337,2025-08-14,Delivered,UPI,68.54
ORD14941,CUST1830,2024-07-10,Delivered,Credit Card,354.08
ORD14942,CUST1713,2025-05-02,Delivered,Net Banking,146.59
ORD14943,CUST1360,2025-03-06,Delivered,UPI,495.31
ORD14944,CUST1568,2025-01-18,Delivered,Net Banking,290.17
ORD14945,CUST2415,2026-02-26,Delivered,UPI,180.04
ORD14946,CUST1217,2024-07-04,Delivered,Cash on Delivery,345.95
ORD14947,CUST2597,2025-04-20,Delivered,UPI,173.85
ORD14948,CUST2692,2024-09-20,Delivered,Cash on Delivery,419.12
ORD14949,CUST1201,2025-03-14,Shipped,Credit Card,188.71
ORD14950,CUST1016,2024-04-01,Delivered,Cash on Delivery,494.71
ORD14951,CUST1321,2025-02-09,Shipped,Debit Card,322.32
ORD14952,CUST1517,2025-12-16,Cancelled,Credit Card,429.99
ORD14953,CUST2593,2025-08-22,Delivered,UPI,82.77
ORD14954,CUST2348,2024-11-14,Delivered,UPI,206.73
ORD14955,CUST2435,2024-03-16,Returned,Debit Card,381.87
ORD14956,CUST2341,2025-05-27,Delivered,UPI,344.78
ORD14957,CUST1680,2025-02-06,Delivered,Credit Card,137.41
ORD14958,CUST2988,2025-12-18,Delivered,Credit Card,210.29
ORD14959,CUST2105,2025-06-10,Delivered,Cash on Delivery,168.55
ORD14960,CUST2497,2025-02-23,Returned,Net Banking,326.02
ORD14961,CUST2491,2025-11-06,Delivered,UPI,205.06
ORD14962,CUST1424,2024-03-27,Delivered,Debit Card,189.07
ORD14963,CUST2968,2024-04-23,Delivered,Credit Card,143.32
ORD14964,CUST2754,2024-12-17,Delivered,Credit Card,234.06
ORD14965,CUST2712,2025-09-12,Delivered,Credit Card,137.98
ORD14966,CUST2227,2024-06-28,Delivered,Net Banking,483.16
ORD14967,CUST2606,2024-12-06,Returned,Net Banking,119.53
ORD14968,CUST2018,2025-03-05,Delivered,UPI,460.99
ORD14969,CUST1386,2025-01-02,Returned,Debit Card,242.81
ORD14970,CUST1777,2024-03-31,Delivered,Net Banking,220.04
ORD14971,CUST1097,2025-12-12,Delivered,Cash on Delivery,154.09
ORD14972,CUST2368,2025-04-21,Delivered,Net Banking,336.09
ORD14973,CUST2826,2024-04-04,Delivered,Credit Card,358.49
ORD14974,CUST1207,2024-05-05,Delivered,Debit Card,260.41
ORD14975,CUST2537,2025-10-24,Delivered,UPI,75.07
ORD14976,CUST2659,2025-03-23,Cancelled,Net Banking,463.33
ORD14977,CUST2815,2024-11-20,Cancelled,Credit Card,491.15
ORD14978,CUST1585,2024-04-24,Delivered,Cash on Delivery,243.97
ORD14979,CUST1165,2024-03-05,Delivered,Cash on Delivery,326.15
ORD14980,CUST1021,2025-07-27,Delivered,UPI,252.63
ORD14981,CUST1153,2026-01-19,Delivered,UPI,194.85
ORD14982,CUST2962,2024-11-30,Delivered,Net Banking,84.79
ORD14983,CUST2462,2024-04-13,Delivered,UPI,255.23
ORD14984,CUST2318,2026-02-11,Shipped,Credit Card,418.27
ORD14985,CUST1218,2025-01-13,Returned,Credit Card,57.66
ORD14986,CUST1668,2025-08-25,Delivered,Credit Card,311.95
ORD14987,CUST2518,2024-12-16,Delivered,Net Banking,446.35
ORD14988,CUST1229,2024-07-10,Delivered,Net Banking,147.9
ORD14989,CUST1019,2025-08-06,Cancelled,UPI,132.47
ORD14990,CUST1552,2025-12-18,Delivered,Net Banking,397.52
ORD14991,CUST1949,2025-08-14,Delivered,Credit Card,164.79
ORD14992,CUST1147,2024-08-30,Cancelled,Debit Card,136.39
ORD14993,CUST2131,2024-12-07,Delivered,Credit Card,220.1
ORD14994,CUST1402,2025-02-02,Delivered,Debit Card,226.63
ORD14995,CUST1595,2024-07-25,Delivered,UPI,443.35
ORD14996,CUST2506,2025-01-27,Delivered,Cash on Delivery,328.3
ORD14997,CUST1366,2025-06-20,Delivered,Net Banking,232.68
ORD14998,CUST2857,2026-01-02,Delivered,Net Banking,290.47
ORD14999,CUST2437,2024-10-15,Delivered,Credit Card,479.28
ORD15000,CUST2332,2024-10-07,Delivered,Credit Card,100.95
ORD15001,CUST1801,2024-04-11,Cancelled,Debit Card,143.47
ORD15002,CUST1917,2025-10-28,Delivered,Net Banking,483.14
ORD15003,CUST2858,2025-01-09,Delivered,UPI,480.8
ORD15004,CUST2157,2024-10-26,Delivered,Credit Card,129.72
ORD15005,CUST2742,2024-08-11,Cancelled,Net Banking,115.3
ORD15006,CUST2306,2024-07-05,Returned,Cash on Delivery,239.49
ORD15007,CUST2801,2024-05-31,Delivered,Debit Card,72.37
ORD15008,CUST1072,2024-09-20,Delivered,Credit Card,344.71
ORD15009,CUST1480,2025-01-21,Cancelled,Credit Card,84.87
ORD15010,CUST2375,2024-08-19,Delivered,UPI,76.11
ORD15011,CUST1559,2026-02-13,Delivered,Credit Card,268.33
ORD15012,CUST2349,2024-04-14,Shipped,Net Banking,481.0
ORD15013,CUST1744,2025-08-25,Delivered,Net Banking,242.06
ORD15014,CUST2466,2025-05-16,Shipped,Net Banking,210.42
ORD15015,CUST1099,2024-12-25,Returned,Cash on Delivery,499.08
ORD15016,CUST2082,2025-07-28,Delivered,Cash on Delivery,289.39
ORD15017,CUST1507,2024-07-02,Shipped,Credit Card,218.86
ORD15018,CUST1257,2025-05-10,Cancelled,Cash on Delivery,223.64
ORD15019,CUST1412,2025-03-20,Delivered,Cash on Delivery,137.73
ORD15020,CUST2475,2024-03-10,Delivered,UPI,280.5
ORD15021,CUST2088,2024-09-08,Delivered,Cash on Delivery,247.48
ORD15022,CUST1594,2024-11-28,Delivered,Debit Card,171.86
ORD15023,CUST2177,2025-03-20,Cancelled,Debit Card,122.24
ORD15024,CUST1265,2024-04-01,Delivered,Debit Card,190.06
ORD15025,CUST1820,2024-04-11,Delivered,Credit Card,278.91
ORD15026,CUST2102,2024-03-02,Delivered,Net Banking,76.25
ORD15027,CUST2338,2025-10-10,Returned,UPI,119.18
ORD15028,CUST1661,2025-05-23,Delivered,Credit Card,476.45
ORD15029,CUST1946,2025-01-07,Delivered,Net Banking,294.28
ORD15030,CUST1559,2024-07-22,Delivered,UPI,78.55
ORD15031,CUST1916,2025-05-30,Delivered,UPI,361.89
ORD15032,CUST1890,2025-11-15,Delivered,UPI,77.81
ORD15033,CUST2271,2025-07-11,Delivered,Debit Card,382.49
ORD15034,CUST2813,2024-07-13,Delivered,Debit Card,387.48
ORD15035,CUST1867,2025-07-14,Delivered,Debit Card,342.99
ORD15036,CUST1609,2024-08-23,Shipped,UPI,379.49
ORD15037,CUST1413,2024-03-15,Delivered,UPI,89.58
ORD15038,CUST1024,2024-09-25,Delivered,Debit Card,377.05
ORD15039,CUST1283,2024-11-15,Delivered,UPI,111.51
ORD15040,CUST2472,2024-04-07,Delivered,Debit Card,202.78
ORD15041,CUST1880,2025-03-06,Delivered,Debit Card,474.24
ORD15042,CUST1300,2025-11-24,Delivered,Debit Card,276.29
ORD15043,CUST2091,2025-11-28,Delivered,Net Banking,485.34
ORD15044,CUST2030,2026-02-15,Delivered,UPI,90.02
ORD15045,CUST1816,2026-02-11,Delivered,Credit Card,264.9
ORD15046,CUST2160,2024-07-06,Cancelled,Debit Card,78.08
ORD15047,CUST2187,2024-10-27,Delivered,Credit Card,333.59
ORD15048,CUST1082,2024-06-22,Delivered,Net Banking,85.42
ORD15049,CUST2920,2025-07-10,Delivered,UPI,128.92
ORD15050,CUST2673,2025-10-23,Delivered,Debit Card,166.47
ORD15051,CUST2443,2024-03-27,Delivered,Debit Card,386.93
ORD15052,CUST2096,2025-04-08,Delivered,Debit Card,123.78
ORD15053,CUST2260,2024-04-01,Delivered,Credit Card,430.98
ORD15054,CUST1045,2025-11-16,Delivered,Net Banking,109.36
ORD15055,CUST1617,2025-06-04,Delivered,UPI,65.86
ORD15056,CUST1927,2024-05-04,Shipped,Net Banking,227.77
ORD15057,CUST2823,2024-12-03,Delivered,Debit Card,490.75
ORD15058,CUST1261,2026-02-06,Delivered,Net Banking,99.65
ORD15059,CUST1175,2025-06-15,Returned,Credit Card,95.77
ORD15060,CUST2189,2024-04-27,Delivered,Cash on Delivery,388.02
ORD15061,CUST1656,2025-11-19,Delivered,Cash on Delivery,190.47
ORD15062,CUST1841,2024-03-03,Delivered,UPI,372.78
ORD15063,CUST1369,2025-03-14,Delivered,UPI,140.0
ORD15064,CUST2818,2024-09-09,Delivered,Net Banking,257.03
ORD15065,CUST1053,2025-09-22,Cancelled,UPI,169.38
ORD15066,CUST1689,2025-04-02,Delivered,Credit Card,253.19
ORD15067,CUST2442,2024-09-07,Delivered,Debit Card,396.09
ORD15068,CUST2779,2024-04-09,Cancelled,Debit Card,392.9
ORD15069,CUST2530,2025-05-14,Cancelled,Net Banking,282.1
ORD15070,CUST2364,2025-03-21,Delivered,Debit Card,467.77
ORD15071,CUST2150,2025-02-05,Delivered,Net Banking,168.7
ORD15072,CUST2432,2025-06-08,Delivered,UPI,158.14
ORD15073,CUST2947,2024-07-15,Delivered,UPI,326.21
ORD15074,CUST1366,2024-06-22,Delivered,Credit Card,329.58
ORD15075,CUST2294,2024-11-15,Delivered,Debit Card,70.94
ORD15076,CUST1643,2024-05-21,Shipped,Credit Card,323.5
ORD15077,CUST2628,2024-04-22,Delivered,Cash on Delivery,218.5
ORD15078,CUST1378,2024-09-06,Delivered,Credit Card,386.35
ORD15079,CUST1072,2025-10-08,Delivered,Net Banking,413.65
ORD15080,CUST2946,2024-10-18,Delivered,Net Banking,298.47
ORD15081,CUST2945,2025-07-21,Delivered,Credit Card,50.77
ORD15082,CUST1914,2025-03-19,Delivered,UPI,336.36
ORD15083,CUST2271,2025-10-16,Returned,Cash on Delivery,387.0
ORD15084,CUST1859,2024-07-25,Delivered,Credit Card,162.04
ORD15085,CUST2808,2025-09-14,Delivered,UPI,259.09
ORD15086,CUST1042,2024-12-26,Delivered,Credit Card,484.58
ORD15087,CUST1376,2026-01-31,Delivered,Debit Card,184.15
ORD15088,CUST2064,2025-01-20,Delivered,Net Banking,150.42
ORD15089,CUST1169,2025-10-11,Returned,Debit Card,144.88
ORD15090,CUST2969,2025-03-03,Shipped,Debit Card,301.46
ORD15091,CUST1211,2025-12-07,Delivered,Cash on Delivery,477.4
ORD15092,CUST2516,2026-01-31,Delivered,UPI,323.91
ORD15093,CUST2703,2025-09-14,Returned,Net Banking,186.5
ORD15094,CUST1038,2024-12-17,Delivered,Debit Card,337.36
ORD15095,CUST1368,2024-04-16,Delivered,Net Banking,331.18
ORD15096,CUST1756,2025-06-12,Delivered,UPI,318.62
ORD15097,CUST1150,2025-05-26,Cancelled,Credit Card,121.74
ORD15098,CUST2134,2024-10-02,Delivered,Debit Card,335.56
ORD15099,CUST2503,2025-06-11,Returned,UPI,243.57
ORD15100,CUST2459,2025-04-07,Cancelled,Net Banking,58.37
ORD15101,CUST2070,2024-12-03,Delivered,UPI,292.89
ORD15102,CUST2023,2024-05-31,Cancelled,Credit Card,495.17
ORD15103,CUST2598,2026-02-18,Returned,UPI,207.38
ORD15104,CUST1736,2025-04-29,Delivered,Net Banking,484.5
ORD15105,CUST2389,2025-03-03,Delivered,Debit Card,93.29
ORD15106,CUST1068,2024-08-09,Delivered,Debit Card,379.6
ORD15107,CUST1298,2024-06-03,Delivered,Cash on Delivery,101.45
ORD15108,CUST1943,2024-05-12,Delivered,Net Banking,173.11
ORD15109,CUST1801,2025-05-07,Delivered,Cash on Delivery,306.88
ORD15110,CUST1295,2024-03-04,Delivered,Cash on Delivery,316.75
ORD15111,CUST1202,2025-01-10,Returned,Credit Card,398.85
ORD15112,CUST1060,2025-07-03,Delivered,Net Banking,326.89
ORD15113,CUST1945,2024-06-15,Delivered,Debit Card,317.13
ORD15114,CUST1962,2025-02-12,Delivered,Net Banking,460.56
ORD15115,CUST2853,2025-01-13,Delivered,Credit Card,253.47
ORD15116,CUST2337,2025-09-16,Delivered,Net Banking,151.37
ORD15117,CUST2184,2025-08-10,Delivered,Net Banking,122.8
ORD15118,CUST1330,2024-12-05,Delivered,Cash on Delivery,230.0
ORD15119,CUST2551,2026-02-02,Cancelled,Net Banking,370.74
ORD15120,CUST1337,2025-03-02,Cancelled,Cash on Delivery,69.14
ORD15121,CUST2629,2025-01-28,Delivered,Cash on Delivery,108.07
ORD15122,CUST2327,2025-07-01,Cancelled,UPI,97.75
ORD15123,CUST2526,2024-08-17,Cancelled,Credit Card,313.36
ORD15124,CUST2673,2025-04-04,Delivered,Cash on Delivery,159.29
ORD15125,CUST2361,2024-06-29,Shipped,Net Banking,124.82
ORD15126,CUST2573,2025-03-17,Returned,Cash on Delivery,316.75
ORD15127,CUST1638,2024-09-14,Delivered,Cash on Delivery,392.59
ORD15128,CUST1274,2024-09-26,Delivered,Cash on Delivery,199.47
ORD15129,CUST2187,2024-07-12,Delivered,Debit Card,310.19
ORD15130,CUST2466,2025-11-26,Delivered,Debit Card,94.16
ORD15131,CUST1318,2025-05-17,Cancelled,Debit Card,470.84
ORD15132,CUST1588,2024-04-02,Delivered,Debit Card,201.6
ORD15133,CUST1503,2026-02-16,Cancelled,UPI,498.88
ORD15134,CUST2709,2024-03-19,Cancelled,Cash on Delivery,490.36
ORD15135,CUST1386,2025-09-02,Delivered,UPI,400.47
ORD15136,CUST2993,2025-06-12,Delivered,Net Banking,59.03
ORD15137,CUST1869,2025-01-23,Delivered,Credit Card,294.56
ORD15138,CUST1832,2024-05-17,Delivered,UPI,89.08
ORD15139,CUST2014,2024-07-04,Delivered,Debit Card,452.81
ORD15140,CUST2911,2024-11-12,Delivered,Debit Card,405.34
ORD15141,CUST1602,2025-06-19,Delivered,Net Banking,487.55
ORD15142,CUST2773,2024-12-02,Returned,Cash on Delivery,323.77
ORD15143,CUST2799,2025-01-09,Delivered,Credit Card,284.98
ORD15144,CUST1690,2024-04-19,Delivered,UPI,283.54
ORD15145,CUST1493,2024-07-23,Delivered,Cash on Delivery,223.9
ORD15146,CUST1489,2025-04-25,Cancelled,Cash on Delivery,260.91
ORD15147,CUST1720,2025-06-13,Delivered,UPI,335.94
ORD15148,CUST2096,2025-08-20,Delivered,UPI,469.83
ORD15149,CUST1508,2024-07-03,Shipped,UPI,318.15
ORD15150,CUST1389,2024-06-16,Delivered,UPI,435.7
ORD15151,CUST2642,2024-08-04,Delivered,Debit Card,438.25
ORD15152,CUST2880,2024-04-06,Delivered,Cash on Delivery,283.47
ORD15153,CUST1294,2024-07-15,Cancelled,Cash on Delivery,206.36
ORD15154,CUST2392,2024-02-27,Delivered,Debit Card,337.81
ORD15155,CUST2979,2024-07-01,Delivered,Cash on Delivery,250.64
ORD15156,CUST1795,2025-03-28,Delivered,UPI,86.65
ORD15157,CUST1864,2026-01-29,Shipped,Credit Card,220.01
ORD15158,CUST2717,2024-07-28,Delivered,Cash on Delivery,497.33
ORD15159,CUST1548,2024-08-07,Delivered,Credit Card,71.83
ORD15160,CUST1648,2024-06-26,Shipped,Credit Card,363.5
ORD15161,CUST2873,2026-01-17,Delivered,Debit Card,428.53
ORD15162,CUST1567,2026-02-23,Shipped,Net Banking,341.93
ORD15163,CUST2210,2024-11-05,Shipped,Cash on Delivery,306.39
ORD15164,CUST1852,2024-05-29,Returned,Debit Card,368.4
ORD15165,CUST1769,2024-05-23,Delivered,Debit Card,243.2
ORD15166,CUST1444,2025-05-06,Delivered,Credit Card,91.11
ORD15167,CUST2593,2024-03-14,Cancelled,Cash on Delivery,483.07
ORD15168,CUST1362,2024-11-19,Shipped,Debit Card,244.54
ORD15169,CUST1122,2024-11-26,Delivered,UPI,349.43
ORD15170,CUST2211,2025-01-13,Cancelled,Debit Card,289.09
ORD15171,CUST1741,2024-11-13,Delivered,UPI,74.6
ORD15172,CUST1679,2024-12-01,Delivered,Net Banking,478.74
ORD15173,CUST1419,2026-02-18,Delivered,UPI,406.64
ORD15174,CUST2649,2025-04-30,Cancelled,UPI,117.09
ORD15175,CUST2275,2025-02-22,Delivered,Credit Card,491.74
ORD15176,CUST2642,2024-06-02,Delivered,Debit Card,381.61
ORD15177,CUST2572,2025-05-31,Shipped,Net Banking,262.54
ORD15178,CUST2358,2025-03-22,Delivered,Debit Card,325.12
ORD15179,CUST1091,2024-03-08,Delivered,UPI,98.03
ORD15180,CUST2553,2024-06-20,Delivered,UPI,302.19
ORD15181,CUST2889,2025-11-03,Delivered,Debit Card,83.15
ORD15182,CUST1062,2024-12-22,Delivered,Net Banking,295.18
ORD15183,CUST2685,2025-12-21,Shipped,Net Banking,298.71
ORD15184,CUST1511,2025-12-02,Delivered,Credit Card,443.5
ORD15185,CUST2162,2025-09-14,Cancelled,UPI,376.28
ORD15186,CUST2721,2025-05-19,Delivered,UPI,162.3
ORD15187,CUST2208,2025-04-05,Delivered,Credit Card,449.79
ORD15188,CUST2228,2024-03-21,Delivered,Debit Card,307.96
ORD15189,CUST1771,2025-08-31,Delivered,UPI,322.87
ORD15190,CUST2237,2026-01-07,Delivered,Debit Card,126.04
ORD15191,CUST1255,2024-03-19,Delivered,Net Banking,436.0
ORD15192,CUST1134,2025-09-20,Delivered,Cash on Delivery,468.93
ORD15193,CUST2596,2025-06-25,Delivered,Credit Card,398.75
ORD15194,CUST1874,2024-02-29,Delivered,UPI,473.34
ORD15195,CUST1821,2025-03-07,Delivered,Credit Card,186.03
ORD15196,CUST1087,2025-10-27,Shipped,Net Banking,437.5
ORD15197,CUST2859,2025-06-02,Delivered,Net Banking,270.0
ORD15198,CUST1987,2025-04-29,Delivered,Net Banking,123.76
ORD15199,CUST2230,2025-03-04,Shipped,Net Banking,350.96
ORD15200,CUST2152,2025-01-17,Cancelled,Cash on Delivery,357.85
ORD15201,CUST1822,2024-08-03,Delivered,Debit Card,179.12
ORD15202,CUST2026,2025-12-19,Delivered,Debit Card,62.37
ORD15203,CUST1973,2025-03-16,Delivered,Cash on Delivery,139.93
ORD15204,CUST1933,2025-02-25,Delivered,Debit Card,229.9
ORD15205,CUST2777,2025-08-04,Cancelled,Net Banking,125.4
ORD15206,CUST1120,2025-07-07,Cancelled,Debit Card,137.31
ORD15207,CUST2408,2026-01-26,Delivered,Credit Card,226.13
ORD15208,CUST2637,2025-05-27,Shipped,Debit Card,482.8
ORD15209,CUST2061,2025-02-22,Delivered,Credit Card,393.91
ORD15210,CUST2364,2025-02-11,Delivered,UPI,193.89
ORD15211,CUST2007,2025-05-05,Returned,Credit Card,478.22
ORD15212,CUST1924,2024-12-14,Delivered,Credit Card,340.54
ORD15213,CUST1644,2025-04-08,Cancelled,Net Banking,254.95
ORD15214,CUST1713,2025-08-17,Shipped,Net Banking,260.74
ORD15215,CUST1859,2026-01-30,Delivered,Net Banking,234.84
ORD15216,CUST1020,2024-04-12,Delivered,Credit Card,154.85
ORD15217,CUST1241,2025-07-31,Delivered,Cash on Delivery,223.98
ORD15218,CUST1454,2025-12-16,Delivered,Net Banking,287.55
ORD15219,CUST1962,2025-02-08,Delivered,Net Banking,287.61
ORD15220,CUST1620,2024-05-13,Delivered,Credit Card,392.78
ORD15221,CUST1302,2025-01-31,Cancelled,UPI,211.46
ORD15222,CUST2619,2026-02-19,Delivered,UPI,372.56
ORD15223,CUST2618,2024-08-12,Delivered,Debit Card,310.14
ORD15224,CUST1802,2024-04-04,Delivered,UPI,482.83
ORD15225,CUST1963,2024-08-11,Cancelled,Net Banking,223.38
ORD15226,CUST1068,2026-01-07,Delivered,Cash on Delivery,455.55
ORD15227,CUST2152,2026-02-04,Delivered,Debit Card,419.29
ORD15228,CUST1195,2024-04-20,Cancelled,Cash on Delivery,336.95
ORD15229,CUST1139,2024-06-17,Delivered,Cash on Delivery,344.53
ORD15230,CUST2467,2024-06-07,Delivered,Net Banking,88.09
ORD15231,CUST1282,2024-07-27,Returned,Credit Card,477.6
ORD15232,CUST1311,2024-03-01,Delivered,Credit Card,98.12
ORD15233,CUST1745,2025-01-03,Shipped,Credit Card,303.45
ORD15234,CUST2558,2025-08-07,Delivered,UPI,198.53
ORD15235,CUST2688,2025-08-20,Delivered,Credit Card,243.43
ORD15236,CUST1276,2025-01-23,Returned,Net Banking,324.58
ORD15237,CUST1060,2024-10-07,Delivered,UPI,458.98
ORD15238,CUST2342,2024-11-21,Cancelled,Credit Card,255.91
ORD15239,CUST2913,2025-03-27,Returned,Cash on Delivery,494.48
ORD15240,CUST1051,2025-11-04,Returned,Net Banking,316.77
ORD15241,CUST2879,2025-03-20,Shipped,Net Banking,122.25
ORD15242,CUST1152,2024-12-31,Delivered,Debit Card,135.5
ORD15243,CUST2772,2024-12-02,Cancelled,Net Banking,372.25
ORD15244,CUST2334,2024-12-08,Delivered,Cash on Delivery,72.68
ORD15245,CUST2837,2026-02-19,Delivered,Net Banking,266.15
ORD15246,CUST1543,2024-08-01,Returned,Debit Card,116.7
ORD15247,CUST1566,2024-09-15,Delivered,Net Banking,244.95
ORD15248,CUST2887,2025-11-28,Delivered,Net Banking,387.46
ORD15249,CUST2412,2025-12-16,Delivered,Debit Card,256.47
ORD15250,CUST2571,2025-06-19,Delivered,Net Banking,123.55
ORD15251,CUST1621,2025-10-09,Shipped,UPI,163.37
ORD15252,CUST2200,2025-08-13,Delivered,Net Banking,215.39
ORD15253,CUST2385,2025-05-26,Delivered,Credit Card,81.3
ORD15254,CUST1313,2024-08-21,Returned,Credit Card,312.95
ORD15255,CUST1806,2024-10-03,Delivered,UPI,323.39
ORD15256,CUST1847,2025-02-07,Delivered,Net Banking,77.97
ORD15257,CUST1096,2025-03-02,Delivered,Cash on Delivery,231.04
ORD15258,CUST1880,2025-12-10,Delivered,Net Banking,236.3
ORD15259,CUST2236,2025-12-11,Delivered,Credit Card,200.22
ORD15260,CUST1828,2025-05-03,Returned,Debit Card,300.98
ORD15261,CUST1136,2025-05-18,Delivered,UPI,205.68
ORD15262,CUST2029,2025-03-25,Shipped,Debit Card,237.38
ORD15263,CUST2010,2024-06-28,Returned,Cash on Delivery,408.89
ORD15264,CUST1108,2025-03-23,Delivered,Net Banking,122.95
ORD15265,CUST1546,2024-06-11,Delivered,Cash on Delivery,328.6
ORD15266,CUST2062,2024-07-29,Delivered,Debit Card,277.52
ORD15267,CUST1661,2025-05-12,Delivered,Net Banking,187.28
ORD15268,CUST1424,2025-04-20,Shipped,Cash on Delivery,377.39
ORD15269,CUST1629,2025-11-06,Delivered,Credit Card,298.03
ORD15270,CUST1260,2024-03-01,Delivered,Credit Card,264.81
ORD15271,CUST2449,2025-05-24,Delivered,UPI,350.45
ORD15272,CUST1086,2024-04-23,Delivered,Credit Card,411.03
ORD15273,CUST1464,2024-04-07,Delivered,Credit Card,487.7
ORD15274,CUST1075,2024-05-13,Delivered,Debit Card,333.21
ORD15275,CUST1470,2024-07-14,Delivered,Credit Card,443.5
ORD15276,CUST2999,2025-10-04,Delivered,Credit Card,50.49
ORD15277,CUST2986,2024-11-24,Delivered,Debit Card,288.61
ORD15278,CUST1413,2025-05-01,Cancelled,Credit Card,146.59
ORD15279,CUST1824,2024-07-27,Delivered,Credit Card,92.39
ORD15280,CUST1894,2024-04-04,Delivered,UPI,289.39
ORD15281,CUST1725,2024-03-10,Delivered,Credit Card,386.07
ORD15282,CUST1456,2025-11-09,Delivered,Credit Card,235.52
ORD15283,CUST2308,2024-03-09,Shipped,UPI,351.55
ORD15284,CUST2262,2025-11-10,Delivered,Debit Card,270.37
ORD15285,CUST2700,2024-05-24,Delivered,Credit Card,246.69
ORD15286,CUST2622,2026-02-17,Returned,Cash on Delivery,180.62
ORD15287,CUST1652,2024-12-29,Returned,Debit Card,222.17
ORD15288,CUST1671,2024-03-01,Delivered,Debit Card,207.41
ORD15289,CUST2581,2024-07-09,Delivered,Credit Card,340.78
ORD15290,CUST2395,2024-03-25,Cancelled,UPI,102.21
ORD15291,CUST1494,2024-04-20,Delivered,Debit Card,91.69
ORD15292,CUST2647,2024-11-18,Returned,UPI,347.01
ORD15293,CUST2942,2024-06-23,Cancelled,Cash on Delivery,295.83
ORD15294,CUST2068,2026-01-06,Cancelled,UPI,243.59
ORD15295,CUST2424,2025-08-05,Delivered,Net Banking,118.6
ORD15296,CUST2270,2025-03-05,Cancelled,UPI,234.96
ORD15297,CUST2639,2026-02-10,Delivered,Debit Card,405.38
ORD15298,CUST1596,2025-02-24,Returned,UPI,450.33
ORD15299,CUST1449,2025-11-11,Delivered,UPI,366.16
ORD15300,CUST1484,2025-03-23,Delivered,Net Banking,76.96
ORD15301,CUST1645,2024-09-18,Delivered,Net Banking,351.68
ORD15302,CUST1619,2024-04-17,Delivered,Credit Card,158.44
ORD15303,CUST2041,2025-02-04,Delivered,Debit Card,191.86
ORD15304,CUST2629,2025-01-18,Shipped,Credit Card,138.14
ORD15305,CUST1661,2025-01-02,Delivered,Net Banking,399.09
ORD15306,CUST1757,2025-01-01,Returned,UPI,341.87
ORD15307,CUST1288,2026-01-01,Delivered,Net Banking,325.33
ORD15308,CUST2437,2025-01-18,Delivered,Cash on Delivery,350.59
ORD15309,CUST1720,2025-04-17,Delivered,UPI,156.55
ORD15310,CUST1637,2024-04-01,Delivered,Credit Card,250.09
ORD15311,CUST1234,2025-10-20,Shipped,UPI,334.96
ORD15312,CUST1415,2025-08-03,Delivered,Cash on Delivery,336.47
ORD15313,CUST1937,2025-06-30,Delivered,Net Banking,406.33
ORD15314,CUST1498,2024-03-26,Delivered,Debit Card,179.2
ORD15315,CUST1973,2024-07-04,Shipped,Debit Card,396.65
ORD15316,CUST1633,2025-02-26,Delivered,Debit Card,248.08
ORD15317,CUST2673,2025-10-30,Delivered,Net Banking,351.58
ORD15318,CUST2019,2024-06-25,Delivered,Debit Card,255.07
ORD15319,CUST1114,2025-05-16,Delivered,Cash on Delivery,476.87
ORD15320,CUST1931,2026-02-04,Delivered,Net Banking,130.69
ORD15321,CUST1673,2025-01-18,Returned,Debit Card,353.75
ORD15322,CUST2736,2025-04-19,Delivered,Credit Card,309.44
ORD15323,CUST2257,2024-12-06,Delivered,Net Banking,127.73
ORD15324,CUST2563,2025-06-28,Delivered,Net Banking,79.7
ORD15325,CUST2034,2026-01-31,Delivered,UPI,409.61
ORD15326,CUST1205,2026-01-28,Delivered,Debit Card,120.85
ORD15327,CUST2702,2025-07-27,Shipped,Credit Card,133.93
ORD15328,CUST1246,2024-12-14,Returned,Cash on Delivery,490.3
ORD15329,CUST2582,2025-08-22,Returned,Net Banking,372.77
ORD15330,CUST1757,2025-02-09,Returned,Cash on Delivery,162.72
ORD15331,CUST2150,2026-01-08,Delivered,Cash on Delivery,315.93
ORD15332,CUST1146,2024-07-22,Delivered,Cash on Delivery,290.35
ORD15333,CUST1117,2025-08-28,Delivered,UPI,430.01
ORD15334,CUST2934,2025-01-02,Delivered,Cash on Delivery,378.19
ORD15335,CUST2405,2024-08-17,Delivered,Debit Card,424.27
ORD15336,CUST1411,2025-06-30,Delivered,Debit Card,145.18
ORD15337,CUST2687,2024-08-20,Delivered,Credit Card,338.1
ORD15338,CUST2607,2024-03-28,Returned,Credit Card,68.11
ORD15339,CUST1362,2025-06-21,Cancelled,Cash on Delivery,81.02
ORD15340,CUST2532,2024-09-11,Shipped,Cash on Delivery,371.09
ORD15341,CUST1136,2025-09-15,Delivered,UPI,60.99
ORD15342,CUST2198,2024-05-01,Delivered,Cash on Delivery,310.89
ORD15343,CUST2312,2024-08-09,Delivered,Cash on Delivery,428.18
ORD15344,CUST1957,2024-07-24,Delivered,Cash on Delivery,220.97
ORD15345,CUST2504,2026-01-18,Delivered,Net Banking,70.18
ORD15346,CUST1018,2025-02-05,Delivered,Net Banking,371.23
ORD15347,CUST1194,2025-01-21,Delivered,UPI,468.36
ORD15348,CUST1329,2025-10-01,Delivered,UPI,372.73
ORD15349,CUST2959,2024-03-13,Delivered,Debit Card,310.3
ORD15350,CUST1174,2025-11-07,Delivered,UPI,153.51
ORD15351,CUST2001,2026-02-10,Delivered,Debit Card,56.92
ORD15352,CUST1448,2025-07-12,Delivered,Cash on Delivery,362.6
ORD15353,CUST2948,2025-10-15,Delivered,UPI,153.96
ORD15354,CUST1945,2024-11-24,Delivered,UPI,436.17
ORD15355,CUST2377,2024-08-04,Delivered,UPI,259.86
ORD15356,CUST2522,2025-02-14,Cancelled,Debit Card,288.79
ORD15357,CUST1140,2026-02-18,Cancelled,Debit Card,389.27
ORD15358,CUST1757,2026-02-04,Delivered,Credit Card,400.74
ORD15359,CUST2920,2026-02-09,Delivered,Debit Card,339.19
ORD15360,CUST1929,2025-06-01,Delivered,Debit Card,472.29
ORD15361,CUST1092,2024-07-10,Delivered,Net Banking,492.03
ORD15362,CUST2967,2024-09-27,Delivered,UPI,476.1
ORD15363,CUST1238,2024-12-25,Delivered,Debit Card,420.88
ORD15364,CUST1204,2026-02-09,Delivered,UPI,367.53
ORD15365,CUST1559,2025-02-01,Delivered,UPI,348.5
ORD15366,CUST2456,2026-01-23,Cancelled,Net Banking,96.69
ORD15367,CUST1244,2025-12-29,Delivered,UPI,172.17
ORD15368,CUST1831,2026-01-24,Cancelled,Debit Card,52.56
ORD15369,CUST2340,2024-08-15,Delivered,UPI,111.83
ORD15370,CUST1924,2024-12-11,Delivered,Credit Card,247.65
ORD15371,CUST1294,2025-07-19,Shipped,Credit Card,115.94
ORD15372,CUST1639,2025-01-25,Shipped,Net Banking,455.75
ORD15373,CUST1855,2025-01-22,Delivered,Debit Card,412.56
ORD15374,CUST2305,2026-01-20,Delivered,Net Banking,82.23
ORD15375,CUST1016,2026-02-04,Delivered,Credit Card,162.01
ORD15376,CUST1070,2024-03-15,Delivered,Debit Card,418.58
ORD15377,CUST2292,2024-11-07,Returned,UPI,411.37
ORD15378,CUST2348,2024-05-05,Shipped,Debit Card,475.45
ORD15379,CUST2817,2024-06-13,Delivered,Cash on Delivery,498.9
ORD15380,CUST1304,2025-03-30,Delivered,Debit Card,489.32
ORD15381,CUST2474,2025-07-20,Delivered,UPI,234.56
ORD15382,CUST2030,2026-01-16,Delivered,Cash on Delivery,162.65
ORD15383,CUST2337,2024-04-05,Shipped,Net Banking,391.28
ORD15384,CUST1816,2025-11-04,Returned,Debit Card,184.67
ORD15385,CUST2126,2025-09-25,Delivered,Net Banking,412.88
ORD15386,CUST1820,2024-08-29,Delivered,Debit Card,290.28
ORD15387,CUST1192,2024-12-02,Delivered,Credit Card,407.27
ORD15388,CUST2776,2025-02-22,Delivered,Credit Card,174.15
ORD15389,CUST2597,2026-02-04,Returned,UPI,278.61
ORD15390,CUST1528,2025-01-10,Delivered,Credit Card,303.81
ORD15391,CUST1170,2024-11-15,Delivered,Cash on Delivery,474.4
ORD15392,CUST2560,2025-05-06,Delivered,Cash on Delivery,169.97
ORD15393,CUST1250,2025-05-21,Returned,Debit Card,471.51
ORD15394,CUST2788,2025-10-21,Delivered,Net Banking,412.19
ORD15395,CUST2410,2025-11-22,Returned,Cash on Delivery,378.9
ORD15396,CUST2230,2025-02-21,Returned,Debit Card,404.09
ORD15397,CUST1540,2025-09-24,Shipped,Net Banking,322.44
ORD15398,CUST2652,2026-01-31,Delivered,Credit Card,159.84
ORD15399,CUST1415,2024-03-24,Delivered,Debit Card,135.27
ORD15400,CUST1793,2025-11-29,Delivered,Net Banking,439.85
ORD15401,CUST2403,2026-02-10,Delivered,UPI,376.31
ORD15402,CUST2167,2025-06-14,Delivered,UPI,145.94
ORD15403,CUST1024,2025-05-06,Delivered,Cash on Delivery,326.79
ORD15404,CUST2845,2025-03-18,Delivered,Net Banking,251.4
ORD15405,CUST1667,2025-11-24,Returned,UPI,121.39
ORD15406,CUST2096,2025-12-09,Delivered,Cash on Delivery,289.34
ORD15407,CUST1631,2026-02-05,Delivered,Debit Card,176.68
ORD15408,CUST2847,2025-01-07,Cancelled,Debit Card,93.31
ORD15409,CUST2856,2025-04-26,Cancelled,Net Banking,260.13
ORD15410,CUST2116,2024-10-19,Returned,Net Banking,315.55
ORD15411,CUST1504,2025-08-07,Cancelled,Net Banking,71.11
ORD15412,CUST2621,2024-06-03,Shipped,Net Banking,230.94
ORD15413,CUST1335,2025-07-23,Delivered,UPI,165.95
ORD15414,CUST1424,2024-11-20,Delivered,UPI,63.79
ORD15415,CUST1498,2025-01-13,Delivered,Cash on Delivery,106.55
ORD15416,CUST2387,2024-10-11,Delivered,UPI,112.57
ORD15417,CUST1946,2025-09-22,Delivered,Debit Card,132.29
ORD15418,CUST1629,2025-08-22,Delivered,Cash on Delivery,411.52
ORD15419,CUST2768,2026-01-19,Delivered,UPI,247.77
ORD15420,CUST2222,2025-02-04,Delivered,Net Banking,116.19
ORD15421,CUST1717,2025-06-03,Delivered,UPI,95.13
ORD15422,CUST2436,2025-04-26,Shipped,Credit Card,184.07
ORD15423,CUST1338,2024-07-19,Delivered,Cash on Delivery,409.11
ORD15424,CUST1658,2025-12-02,Cancelled,UPI,214.01
ORD15425,CUST1961,2025-06-13,Delivered,UPI,121.95
ORD15426,CUST2960,2024-08-26,Shipped,Debit Card,231.85
ORD15427,CUST1428,2025-03-09,Returned,Net Banking,299.89
ORD15428,CUST2806,2025-02-08,Delivered,Net Banking,63.31
ORD15429,CUST1898,2024-06-15,Delivered,Debit Card,332.44
ORD15430,CUST1138,2026-01-09,Delivered,Debit Card,227.8
ORD15431,CUST2716,2025-12-22,Shipped,Credit Card,54.38
ORD15432,CUST1941,2025-10-19,Returned,Cash on Delivery,353.25
ORD15433,CUST1541,2024-03-23,Returned,Net Banking,370.57
ORD15434,CUST1056,2024-09-14,Delivered,Debit Card,332.98
ORD15435,CUST2255,2025-10-14,Delivered,Debit Card,203.87
ORD15436,CUST1657,2024-03-12,Returned,Cash on Delivery,288.32
ORD15437,CUST1434,2026-02-16,Delivered,Debit Card,224.22
ORD15438,CUST1383,2025-09-26,Delivered,Credit Card,365.28
ORD15439,CUST1559,2025-04-30,Delivered,Cash on Delivery,312.61
ORD15440,CUST1193,2025-07-27,Shipped,Credit Card,86.81
ORD15441,CUST2759,2025-04-02,Delivered,UPI,339.39
ORD15442,CUST2671,2025-06-02,Delivered,Net Banking,359.26
ORD15443,CUST1533,2024-02-29,Delivered,Debit Card,216.82
ORD15444,CUST1517,2025-04-03,Cancelled,Cash on Delivery,444.1
ORD15445,CUST1715,2026-01-10,Delivered,Credit Card,429.36
ORD15446,CUST1750,2025-10-16,Delivered,Net Banking,128.82
ORD15447,CUST1184,2026-02-21,Delivered,Net Banking,456.92
ORD15448,CUST2895,2025-07-18,Cancelled,Debit Card,248.39
ORD15449,CUST1291,2025-05-26,Shipped,Net Banking,375.69
ORD15450,CUST2358,2025-08-12,Returned,Debit Card,416.34
ORD15451,CUST1731,2025-07-28,Delivered,UPI,277.3
ORD15452,CUST1115,2025-06-29,Shipped,Debit Card,229.6
ORD15453,CUST1824,2024-03-07,Delivered,Credit Card,461.95
ORD15454,CUST2072,2025-07-05,Delivered,Net Banking,153.88
ORD15455,CUST1684,2025-06-08,Delivered,Net Banking,165.64
ORD15456,CUST1081,2025-07-20,Delivered,Net Banking,212.73
ORD15457,CUST1833,2024-06-17,Cancelled,Debit Card,436.76
ORD15458,CUST1332,2025-05-02,Delivered,Cash on Delivery,472.45
ORD15459,CUST1556,2025-12-15,Delivered,Debit Card,149.03
ORD15460,CUST1334,2024-11-05,Delivered,Credit Card,438.74
ORD15461,CUST1531,2024-04-20,Delivered,Debit Card,166.19
ORD15462,CUST2983,2024-04-30,Delivered,Net Banking,486.79
ORD15463,CUST1220,2024-10-06,Delivered,UPI,318.83
ORD15464,CUST1634,2024-11-12,Delivered,Credit Card,53.19
ORD15465,CUST2769,2025-12-17,Delivered,UPI,65.36
ORD15466,CUST2756,2024-10-11,Delivered,Credit Card,116.37
ORD15467,CUST1322,2025-05-14,Cancelled,Credit Card,134.41
ORD15468,CUST2874,2024-12-10,Delivered,Net Banking,395.43
ORD15469,CUST1002,2026-01-08,Returned,Debit Card,150.24
ORD15470,CUST2717,2024-06-09,Shipped,Net Banking,486.11
ORD15471,CUST1205,2025-03-06,Returned,Net Banking,336.25
ORD15472,CUST2855,2024-11-03,Delivered,Net Banking,361.63
ORD15473,CUST1039,2025-07-26,Delivered,UPI,148.02
ORD15474,CUST1058,2025-11-26,Shipped,Credit Card,451.72
ORD15475,CUST1950,2025-09-24,Delivered,Cash on Delivery,350.52
ORD15476,CUST1573,2025-11-18,Delivered,Debit Card,438.98
ORD15477,CUST1643,2025-06-19,Delivered,Net Banking,480.42
ORD15478,CUST2530,2025-11-07,Delivered,Credit Card,106.54
ORD15479,CUST2595,2025-07-25,Shipped,Debit Card,93.46
ORD15480,CUST2907,2024-09-29,Delivered,Cash on Delivery,411.53
ORD15481,CUST1842,2024-10-15,Delivered,Cash on Delivery,439.76
ORD15482,CUST2145,2024-05-12,Delivered,Net Banking,312.69
ORD15483,CUST2502,2024-12-07,Delivered,Cash on Delivery,214.7
ORD15484,CUST1618,2025-11-26,Delivered,Cash on Delivery,343.68
ORD15485,CUST1095,2026-02-13,Delivered,Debit Card,187.55
ORD15486,CUST2882,2026-02-16,Cancelled,Debit Card,157.27
ORD15487,CUST2437,2024-03-23,Delivered,Net Banking,269.67
ORD15488,CUST2258,2025-03-07,Cancelled,Credit Card,147.27
ORD15489,CUST1897,2024-12-14,Delivered,Net Banking,267.67
ORD15490,CUST2085,2024-12-26,Delivered,UPI,480.47
ORD15491,CUST2279,2025-08-16,Delivered,Cash on Delivery,427.9
ORD15492,CUST1560,2025-12-07,Delivered,Credit Card,473.73
ORD15493,CUST1904,2025-03-31,Returned,Debit Card,412.85
ORD15494,CUST1347,2026-02-26,Returned,UPI,209.64
ORD15495,CUST1670,2025-05-07,Delivered,UPI,415.42
ORD15496,CUST2147,2025-01-14,Delivered,Cash on Delivery,465.31
ORD15497,CUST2505,2025-11-08,Cancelled,Debit Card,476.17
ORD15498,CUST1316,2024-08-15,Delivered,Credit Card,357.44
ORD15499,CUST2527,2024-07-28,Delivered,Debit Card,145.11
ORD15500,CUST1718,2024-07-01,Shipped,Cash on Delivery,67.88
ORD15501,CUST2071,2024-03-18,Delivered,UPI,116.24
ORD15502,CUST2432,2024-03-31,Shipped,Cash on Delivery,484.5
ORD15503,CUST2955,2024-05-28,Delivered,Net Banking,257.94
ORD15504,CUST2159,2025-10-03,Cancelled,UPI,434.74
ORD15505,CUST2224,2025-08-18,Delivered,Cash on Delivery,259.27
ORD15506,CUST1249,2024-03-30,Delivered,Credit Card,347.37
ORD15507,CUST1313,2025-10-29,Delivered,Credit Card,60.86
ORD15508,CUST2892,2025-04-08,Delivered,Credit Card,162.44
ORD15509,CUST2391,2025-07-27,Delivered,Net Banking,246.32
ORD15510,CUST2452,2025-06-07,Delivered,Debit Card,333.78
ORD15511,CUST2853,2025-01-05,Delivered,Credit Card,127.18
ORD15512,CUST1806,2025-08-23,Cancelled,Net Banking,394.05
ORD15513,CUST2503,2025-03-21,Delivered,Credit Card,213.98
ORD15514,CUST2337,2024-09-21,Delivered,Net Banking,417.85
ORD15515,CUST2523,2024-08-12,Delivered,Credit Card,94.09
ORD15516,CUST2744,2024-03-15,Delivered,Debit Card,355.89
ORD15517,CUST2378,2024-08-04,Delivered,Cash on Delivery,182.0
ORD15518,CUST1484,2025-04-10,Delivered,Credit Card,407.92
ORD15519,CUST2234,2025-02-17,Cancelled,Cash on Delivery,230.98
ORD15520,CUST2727,2026-02-21,Delivered,Credit Card,349.41
ORD15521,CUST1043,2026-01-02,Delivered,Debit Card,470.44
ORD15522,CUST2564,2024-04-12,Returned,Cash on Delivery,59.28
ORD15523,CUST1570,2025-05-31,Cancelled,Net Banking,55.0
ORD15524,CUST1582,2024-09-24,Delivered,Credit Card,396.63
ORD15525,CUST2115,2024-09-16,Returned,Credit Card,340.88
ORD15526,CUST2288,2025-10-29,Delivered,Net Banking,181.84
ORD15527,CUST1894,2025-03-04,Returned,Debit Card,272.48
ORD15528,CUST1219,2025-05-03,Delivered,UPI,68.87
ORD15529,CUST2925,2025-06-11,Delivered,Credit Card,136.6
ORD15530,CUST1924,2024-04-22,Shipped,Net Banking,241.02
ORD15531,CUST2465,2025-05-26,Delivered,UPI,425.32
ORD15532,CUST1400,2026-02-13,Delivered,Credit Card,265.85
ORD15533,CUST2423,2025-06-17,Delivered,Cash on Delivery,313.86
ORD15534,CUST1726,2025-02-16,Delivered,Net Banking,443.19
ORD15535,CUST1990,2025-01-18,Delivered,Cash on Delivery,188.97
ORD15536,CUST1898,2024-09-29,Delivered,Debit Card,365.31
ORD15537,CUST2812,2025-06-01,Delivered,UPI,437.75
ORD15538,CUST2599,2025-04-10,Delivered,Net Banking,141.18
ORD15539,CUST1857,2024-09-12,Delivered,Credit Card,210.42
ORD15540,CUST1803,2025-01-30,Delivered,Credit Card,490.91
ORD15541,CUST1489,2024-03-26,Delivered,UPI,492.45
ORD15542,CUST2508,2025-06-26,Shipped,Cash on Delivery,150.45
ORD15543,CUST2780,2024-08-14,Delivered,Cash on Delivery,79.9
ORD15544,CUST2493,2025-12-14,Delivered,Net Banking,171.91
ORD15545,CUST2597,2024-07-26,Cancelled,Net Banking,228.98
ORD15546,CUST1937,2025-04-17,Cancelled,Cash on Delivery,248.45
ORD15547,CUST1843,2024-12-29,Delivered,Net Banking,328.46
ORD15548,CUST2705,2025-08-21,Returned,Cash on Delivery,454.78
ORD15549,CUST2468,2025-05-09,Delivered,UPI,198.66
ORD15550,CUST2292,2025-07-23,Returned,Net Banking,432.49
ORD15551,CUST1266,2024-05-16,Delivered,Cash on Delivery,92.07
ORD15552,CUST1053,2026-01-23,Delivered,Net Banking,68.84
ORD15553,CUST1527,2025-10-13,Delivered,Credit Card,276.82
ORD15554,CUST2543,2025-01-10,Cancelled,Credit Card,76.85
ORD15555,CUST1615,2025-03-11,Delivered,Debit Card,226.62
ORD15556,CUST2082,2025-03-24,Delivered,Cash on Delivery,453.55
ORD15557,CUST2848,2024-11-19,Delivered,Debit Card,158.67
ORD15558,CUST2063,2024-10-20,Shipped,Cash on Delivery,367.69
ORD15559,CUST2260,2025-03-14,Returned,Net Banking,186.06
ORD15560,CUST1954,2025-05-29,Delivered,Cash on Delivery,70.21
ORD15561,CUST1385,2025-05-18,Delivered,Credit Card,300.51
ORD15562,CUST2629,2025-01-04,Delivered,Net Banking,425.68
ORD15563,CUST1733,2024-10-07,Delivered,Credit Card,234.26
ORD15564,CUST1715,2025-07-11,Shipped,Net Banking,327.78
ORD15565,CUST1649,2024-03-18,Delivered,Cash on Delivery,455.01
ORD15566,CUST1299,2024-07-29,Delivered,Cash on Delivery,405.36
ORD15567,CUST1394,2024-11-26,Delivered,Credit Card,137.24
ORD15568,CUST2230,2025-11-05,Delivered,UPI,380.02
ORD15569,CUST2359,2025-04-12,Delivered,Cash on Delivery,275.85
ORD15570,CUST1592,2024-08-16,Delivered,UPI,385.69
ORD15571,CUST2753,2025-12-25,Delivered,Net Banking,272.53
ORD15572,CUST1513,2025-06-16,Delivered,UPI,107.58
ORD15573,CUST2201,2025-03-16,Delivered,Credit Card,306.46
ORD15574,CUST1395,2025-08-29,Delivered,Debit Card,271.46
ORD15575,CUST1370,2024-07-14,Delivered,Debit Card,283.06
ORD15576,CUST1857,2025-05-21,Cancelled,Credit Card,445.51
ORD15577,CUST1790,2025-07-19,Delivered,Debit Card,452.68
ORD15578,CUST1657,2025-03-27,Delivered,Credit Card,254.09
ORD15579,CUST2341,2025-10-31,Cancelled,Cash on Delivery,255.08
ORD15580,CUST1735,2025-07-31,Delivered,UPI,281.83
ORD15581,CUST2392,2025-06-16,Delivered,Debit Card,283.82
ORD15582,CUST1383,2025-03-07,Delivered,Cash on Delivery,477.67
ORD15583,CUST1061,2025-09-07,Delivered,Debit Card,342.23
ORD15584,CUST2829,2025-02-16,Delivered,Net Banking,174.86
ORD15585,CUST1504,2025-02-10,Delivered,Credit Card,289.19
ORD15586,CUST1238,2025-02-20,Returned,Credit Card,332.25
ORD15587,CUST1194,2026-01-04,Returned,Cash on Delivery,337.9
ORD15588,CUST1677,2025-01-29,Delivered,Net Banking,313.36
ORD15589,CUST2986,2025-06-09,Delivered,UPI,129.98
ORD15590,CUST2245,2024-11-21,Delivered,Net Banking,65.12
ORD15591,CUST1060,2024-07-05,Delivered,Net Banking,202.03
ORD15592,CUST2152,2024-11-24,Delivered,UPI,242.38
ORD15593,CUST1989,2025-05-04,Returned,UPI,77.81
ORD15594,CUST1684,2025-12-24,Delivered,Net Banking,416.74
ORD15595,CUST1155,2024-12-01,Shipped,Debit Card,204.83
ORD15596,CUST2940,2025-11-08,Cancelled,Debit Card,461.13
ORD15597,CUST2401,2025-10-07,Cancelled,Net Banking,119.48
ORD15598,CUST2645,2025-04-07,Delivered,Debit Card,75.62
ORD15599,CUST2804,2024-04-16,Delivered,UPI,267.04
ORD15600,CUST1922,2025-07-22,Delivered,UPI,135.11
ORD15601,CUST1867,2025-04-09,Delivered,Debit Card,471.83
ORD15602,CUST1902,2025-09-22,Delivered,UPI,54.64
ORD15603,CUST2813,2024-05-08,Delivered,Credit Card,235.68
ORD15604,CUST2609,2024-08-30,Delivered,UPI,467.04
ORD15605,CUST1998,2024-03-19,Delivered,Net Banking,222.99
ORD15606,CUST2460,2025-04-05,Cancelled,Cash on Delivery,91.9
ORD15607,CUST1974,2026-01-08,Delivered,Debit Card,186.3
ORD15608,CUST2230,2025-05-28,Delivered,Debit Card,274.1
ORD15609,CUST1387,2025-03-19,Delivered,UPI,133.32
ORD15610,CUST2503,2024-10-03,Shipped,UPI,259.95
ORD15611,CUST2814,2025-09-07,Delivered,Cash on Delivery,426.35
ORD15612,CUST1886,2025-09-27,Delivered,Cash on Delivery,442.68
ORD15613,CUST1837,2024-08-02,Delivered,Net Banking,72.17
ORD15614,CUST2363,2025-12-25,Shipped,Credit Card,122.41
ORD15615,CUST2892,2024-08-01,Cancelled,Net Banking,173.88
ORD15616,CUST1339,2026-01-17,Delivered,Debit Card,317.69
ORD15617,CUST1203,2024-04-21,Delivered,UPI,212.45
ORD15618,CUST1160,2025-06-29,Delivered,Net Banking,429.82
ORD15619,CUST2563,2025-12-01,Delivered,UPI,372.5
ORD15620,CUST1391,2024-11-11,Delivered,UPI,95.21
ORD15621,CUST1768,2025-12-18,Cancelled,Net Banking,331.05
ORD15622,CUST2700,2024-08-10,Shipped,Net Banking,100.86
ORD15623,CUST1574,2024-10-28,Delivered,Cash on Delivery,164.77
ORD15624,CUST1533,2024-12-15,Delivered,Credit Card,130.04
ORD15625,CUST2093,2024-08-07,Delivered,Cash on Delivery,127.88
ORD15626,CUST1892,2025-01-11,Cancelled,Credit Card,327.38
ORD15627,CUST1404,2025-10-21,Cancelled,Net Banking,303.62
ORD15628,CUST1607,2024-12-30,Delivered,Credit Card,129.21
ORD15629,CUST2698,2024-09-27,Delivered,Debit Card,495.58
ORD15630,CUST2614,2024-07-25,Delivered,Cash on Delivery,239.83
ORD15631,CUST2540,2024-05-20,Delivered,Cash on Delivery,93.68
ORD15632,CUST1827,2025-10-20,Returned,Cash on Delivery,104.26
ORD15633,CUST2143,2025-01-20,Delivered,UPI,312.75
ORD15634,CUST2837,2025-11-20,Cancelled,UPI,490.58
ORD15635,CUST1689,2025-01-10,Delivered,Net Banking,307.38
ORD15636,CUST2711,2024-05-04,Cancelled,Net Banking,477.07
ORD15637,CUST1901,2024-08-22,Delivered,UPI,249.86
ORD15638,CUST2240,2025-12-03,Returned,Cash on Delivery,246.13
ORD15639,CUST1055,2025-02-06,Delivered,UPI,275.0
ORD15640,CUST1365,2024-07-13,Delivered,Credit Card,363.84
ORD15641,CUST2722,2025-01-10,Delivered,Cash on Delivery,215.43
ORD15642,CUST2527,2025-01-09,Delivered,UPI,438.75
ORD15643,CUST2767,2024-04-23,Delivered,Net Banking,63.18
ORD15644,CUST2790,2024-12-01,Delivered,UPI,247.89
ORD15645,CUST2948,2025-07-07,Shipped,Debit Card,279.95
ORD15646,CUST1454,2025-12-01,Delivered,UPI,323.16
ORD15647,CUST1103,2025-07-19,Cancelled,Cash on Delivery,174.23
ORD15648,CUST1076,2026-02-14,Shipped,UPI,242.37
ORD15649,CUST1229,2025-07-21,Delivered,Net Banking,268.04
ORD15650,CUST2937,2026-01-03,Delivered,Credit Card,359.11
ORD15651,CUST2281,2025-01-25,Delivered,Debit Card,398.09
ORD15652,CUST2287,2026-02-15,Delivered,Cash on Delivery,382.02
ORD15653,CUST1330,2024-08-02,Delivered,Net Banking,203.71
ORD15654,CUST2205,2024-03-10,Shipped,Debit Card,499.75
ORD15655,CUST1892,2024-09-11,Delivered,UPI,431.9
ORD15656,CUST2791,2024-03-21,Delivered,Debit Card,167.01
ORD15657,CUST2573,2025-04-16,Delivered,Credit Card,137.8
ORD15658,CUST1687,2025-06-30,Returned,Debit Card,191.31
ORD15659,CUST1026,2025-05-09,Delivered,Debit Card,253.56
ORD15660,CUST2299,2024-03-05,Delivered,UPI,432.86
ORD15661,CUST2675,2025-11-12,Delivered,UPI,400.26
ORD15662,CUST1298,2024-06-15,Delivered,Cash on Delivery,433.06
ORD15663,CUST1956,2025-06-30,Shipped,UPI,172.38
ORD15664,CUST1798,2025-08-17,Returned,Debit Card,317.06
ORD15665,CUST2114,2025-05-12,Delivered,Credit Card,177.46
ORD15666,CUST1479,2024-03-14,Delivered,UPI,99.06
ORD15667,CUST1572,2025-01-10,Delivered,Cash on Delivery,357.89
ORD15668,CUST1457,2025-01-29,Delivered,Cash on Delivery,114.35
ORD15669,CUST2474,2025-05-22,Delivered,Debit Card,350.46
ORD15670,CUST1364,2025-10-07,Delivered,UPI,341.58
ORD15671,CUST1858,2024-04-14,Delivered,UPI,414.61
ORD15672,CUST2698,2024-02-28,Shipped,Cash on Delivery,112.8
ORD15673,CUST1350,2026-01-21,Delivered,UPI,402.57
ORD15674,CUST2678,2026-01-24,Shipped,Debit Card,499.67
ORD15675,CUST2423,2025-01-16,Delivered,Credit Card,432.97
ORD15676,CUST1252,2026-02-23,Delivered,Debit Card,388.32
ORD15677,CUST1780,2024-07-08,Returned,UPI,347.97
ORD15678,CUST2904,2024-05-08,Delivered,Debit Card,239.8
ORD15679,CUST1802,2025-08-01,Delivered,Net Banking,378.73
ORD15680,CUST2011,2026-02-20,Delivered,Net Banking,375.88
ORD15681,CUST1458,2024-09-22,Delivered,UPI,334.17
ORD15682,CUST2722,2024-05-19,Shipped,UPI,408.33
ORD15683,CUST1916,2026-01-20,Returned,Credit Card,251.94
ORD15684,CUST1498,2026-01-31,Delivered,Debit Card,104.56
ORD15685,CUST1949,2024-05-15,Delivered,Credit Card,301.58
ORD15686,CUST2994,2025-01-15,Delivered,UPI,169.27
ORD15687,CUST2949,2024-12-23,Delivered,UPI,222.99
ORD15688,CUST1507,2025-11-22,Delivered,Cash on Delivery,57.84
ORD15689,CUST2327,2025-10-11,Delivered,Credit Card,222.26
ORD15690,CUST1500,2024-12-01,Delivered,UPI,413.96
ORD15691,CUST1802,2025-01-20,Delivered,Net Banking,294.23
ORD15692,CUST1597,2025-02-26,Delivered,Cash on Delivery,54.41
ORD15693,CUST1165,2024-06-07,Delivered,Debit Card,261.43
ORD15694,CUST2438,2025-01-09,Delivered,Cash on Delivery,181.15
ORD15695,CUST1461,2024-08-20,Shipped,Debit Card,264.9
ORD15696,CUST1919,2024-08-15,Returned,Net Banking,232.11
ORD15697,CUST1113,2024-09-23,Delivered,Debit Card,469.39
ORD15698,CUST2456,2024-07-29,Delivered,Credit Card,68.53
ORD15699,CUST1991,2025-03-18,Returned,Debit Card,357.61
ORD15700,CUST2379,2025-10-25,Shipped,Debit Card,432.96
ORD15701,CUST2951,2026-02-21,Returned,Cash on Delivery,481.66
ORD15702,CUST2718,2024-12-10,Delivered,Net Banking,129.94
ORD15703,CUST1206,2025-04-06,Shipped,Debit Card,289.09
ORD15704,CUST2791,2024-03-11,Delivered,Credit Card,69.62
ORD15705,CUST2258,2025-11-27,Cancelled,Cash on Delivery,274.63
ORD15706,CUST2465,2025-02-21,Shipped,Net Banking,106.46
ORD15707,CUST2378,2025-03-30,Delivered,Net Banking,427.05
ORD15708,CUST1514,2025-01-01,Shipped,UPI,101.24
ORD15709,CUST2231,2025-11-20,Delivered,Credit Card,280.98
ORD15710,CUST1708,2024-09-04,Shipped,Cash on Delivery,284.49
ORD15711,CUST2876,2024-03-05,Delivered,Cash on Delivery,487.24
ORD15712,CUST2148,2024-12-27,Shipped,Credit Card,344.74
ORD15713,CUST1137,2024-03-30,Delivered,Net Banking,179.53
ORD15714,CUST1338,2024-11-02,Cancelled,Debit Card,158.36
ORD15715,CUST1536,2024-12-30,Delivered,Credit Card,107.71
ORD15716,CUST1067,2025-08-23,Delivered,Cash on Delivery,390.43
ORD15717,CUST2596,2024-09-30,Delivered,Credit Card,360.84
ORD15718,CUST2564,2025-07-16,Cancelled,Net Banking,324.44
ORD15719,CUST1382,2025-02-18,Delivered,UPI,68.38
ORD15720,CUST1018,2024-06-21,Delivered,UPI,393.27
ORD15721,CUST1682,2024-06-02,Delivered,Debit Card,338.85
ORD15722,CUST2473,2025-12-31,Shipped,Debit Card,483.75
ORD15723,CUST1073,2024-08-03,Delivered,Net Banking,314.24
ORD15724,CUST1572,2024-12-21,Delivered,Debit Card,186.78
ORD15725,CUST1938,2025-09-30,Delivered,UPI,221.68
ORD15726,CUST2688,2024-03-17,Delivered,Net Banking,129.13
ORD15727,CUST2299,2025-09-16,Delivered,Net Banking,375.31
ORD15728,CUST2071,2025-06-02,Delivered,Net Banking,368.47
ORD15729,CUST1210,2026-01-09,Returned,Credit Card,140.29
ORD15730,CUST1854,2025-10-17,Cancelled,Debit Card,121.32
ORD15731,CUST2943,2025-02-28,Delivered,Cash on Delivery,84.65
ORD15732,CUST1650,2025-05-15,Delivered,UPI,460.39
ORD15733,CUST2645,2025-05-26,Delivered,Debit Card,154.88
ORD15734,CUST1993,2024-12-11,Delivered,UPI,204.87
ORD15735,CUST1694,2024-07-11,Cancelled,Debit Card,176.23
ORD15736,CUST1539,2025-03-08,Delivered,Cash on Delivery,236.13
ORD15737,CUST2732,2025-02-20,Delivered,UPI,371.32
ORD15738,CUST2214,2024-09-24,Delivered,Cash on Delivery,441.77
ORD15739,CUST2338,2025-03-08,Returned,UPI,132.17
ORD15740,CUST1900,2025-01-17,Delivered,Credit Card,358.89
ORD15741,CUST2586,2025-03-25,Delivered,Credit Card,208.65
ORD15742,CUST2684,2024-04-04,Delivered,UPI,491.24
ORD15743,CUST1779,2024-08-26,Cancelled,UPI,184.51
ORD15744,CUST2585,2025-07-22,Shipped,Cash on Delivery,53.24
ORD15745,CUST2923,2024-10-15,Delivered,Net Banking,282.04
ORD15746,CUST2781,2024-07-01,Delivered,UPI,117.83
ORD15747,CUST2136,2025-05-28,Shipped,Debit Card,70.02
ORD15748,CUST1169,2025-08-05,Delivered,Debit Card,364.22
ORD15749,CUST2491,2025-12-12,Delivered,Debit Card,379.52
ORD15750,CUST2701,2024-10-29,Delivered,Credit Card,257.31
ORD15751,CUST2944,2025-08-28,Delivered,Cash on Delivery,354.6
ORD15752,CUST2037,2025-09-19,Delivered,Credit Card,292.21
ORD15753,CUST2738,2025-09-23,Returned,Debit Card,333.41
ORD15754,CUST1287,2025-04-05,Delivered,UPI,318.52
ORD15755,CUST2930,2024-06-01,Delivered,Debit Card,349.62
ORD15756,CUST1188,2024-07-28,Cancelled,UPI,139.83
ORD15757,CUST1913,2024-07-22,Delivered,Cash on Delivery,170.92
ORD15758,CUST2178,2025-03-18,Delivered,Net Banking,247.98
ORD15759,CUST2590,2025-12-20,Delivered,UPI,250.76
ORD15760,CUST1693,2024-08-09,Returned,Credit Card,398.49
ORD15761,CUST2745,2024-03-27,Returned,Debit Card,215.33
ORD15762,CUST1887,2024-05-10,Shipped,Debit Card,123.13
ORD15763,CUST1470,2024-06-12,Returned,Debit Card,163.16
ORD15764,CUST2098,2024-08-31,Delivered,UPI,146.63
ORD15765,CUST1276,2025-12-23,Delivered,Cash on Delivery,379.25
ORD15766,CUST1939,2025-11-03,Returned,UPI,261.65
ORD15767,CUST2668,2024-07-01,Delivered,Credit Card,368.88
ORD15768,CUST2366,2024-11-21,Delivered,Debit Card,237.3
ORD15769,CUST2448,2026-02-24,Delivered,UPI,450.38
ORD15770,CUST1570,2024-11-07,Delivered,Debit Card,492.58
ORD15771,CUST2534,2024-07-16,Shipped,Credit Card,351.43
ORD15772,CUST1856,2025-08-28,Delivered,Net Banking,438.72
ORD15773,CUST2000,2025-04-13,Delivered,Net Banking,278.57
ORD15774,CUST2205,2025-10-14,Shipped,Net Banking,470.58
ORD15775,CUST1457,2024-08-05,Delivered,Debit Card,424.21
ORD15776,CUST1917,2024-09-10,Delivered,UPI,496.3
ORD15777,CUST2874,2024-08-01,Delivered,Debit Card,330.39
ORD15778,CUST1832,2024-12-30,Returned,Cash on Delivery,400.64
ORD15779,CUST2087,2024-09-30,Cancelled,UPI,294.29
ORD15780,CUST1838,2025-07-18,Cancelled,Credit Card,166.6
ORD15781,CUST2283,2025-02-22,Cancelled,Net Banking,209.64
ORD15782,CUST1192,2024-12-10,Delivered,UPI,452.3
ORD15783,CUST2678,2025-07-04,Returned,UPI,75.18
ORD15784,CUST1615,2025-06-02,Returned,Net Banking,316.17
ORD15785,CUST2995,2025-02-24,Delivered,Credit Card,217.62
ORD15786,CUST1405,2025-02-02,Delivered,Debit Card,224.01
ORD15787,CUST2749,2026-02-15,Shipped,Debit Card,448.06
ORD15788,CUST2777,2026-01-16,Returned,UPI,434.22
ORD15789,CUST1942,2024-07-29,Returned,Net Banking,319.48
ORD15790,CUST1720,2025-09-07,Returned,Cash on Delivery,172.81
ORD15791,CUST1092,2024-03-23,Delivered,Credit Card,263.96
ORD15792,CUST1429,2025-06-10,Delivered,Debit Card,233.73
ORD15793,CUST1653,2024-04-20,Delivered,Credit Card,209.13
ORD15794,CUST2457,2025-10-06,Delivered,Credit Card,96.25
ORD15795,CUST2427,2026-02-08,Cancelled,Credit Card,294.4
ORD15796,CUST1433,2024-03-23,Delivered,Net Banking,185.82
ORD15797,CUST2135,2025-04-07,Delivered,Net Banking,347.36
ORD15798,CUST2952,2025-03-13,Delivered,Net Banking,193.64
ORD15799,CUST1374,2025-02-09,Delivered,UPI,244.02
ORD15800,CUST2082,2024-11-21,Delivered,Net Banking,73.56
ORD15801,CUST2066,2024-05-24,Delivered,UPI,496.64
ORD15802,CUST1206,2024-11-22,Delivered,Debit Card,278.42
ORD15803,CUST1779,2024-07-30,Delivered,Debit Card,60.91
ORD15804,CUST2319,2024-09-06,Shipped,Debit Card,293.55
ORD15805,CUST2141,2026-01-12,Delivered,Debit Card,441.66
ORD15806,CUST1531,2024-03-10,Delivered,Debit Card,397.65
ORD15807,CUST2245,2025-01-07,Delivered,Net Banking,365.41
ORD15808,CUST1165,2025-11-05,Delivered,Cash on Delivery,112.76
ORD15809,CUST1642,2025-11-20,Delivered,Net Banking,345.98
ORD15810,CUST2179,2024-11-13,Cancelled,Cash on Delivery,394.83
ORD15811,CUST2207,2024-11-18,Cancelled,Net Banking,307.59
ORD15812,CUST1089,2024-05-11,Delivered,Debit Card,451.74
ORD15813,CUST2117,2025-11-10,Delivered,Credit Card,174.65
ORD15814,CUST1012,2024-11-06,Shipped,Cash on Delivery,158.97
ORD15815,CUST1972,2025-09-28,Returned,Credit Card,441.31
ORD15816,CUST2857,2025-07-28,Delivered,Debit Card,331.43
ORD15817,CUST1804,2025-12-17,Delivered,Cash on Delivery,50.65
ORD15818,CUST1944,2025-02-14,Delivered,Credit Card,208.91
ORD15819,CUST1741,2025-05-24,Delivered,Net Banking,436.04
ORD15820,CUST2857,2024-11-02,Delivered,Debit Card,62.29
ORD15821,CUST2827,2024-06-07,Delivered,Net Banking,51.46
ORD15822,CUST2461,2024-03-01,Delivered,Net Banking,176.57
ORD15823,CUST2561,2025-12-22,Delivered,Debit Card,461.3
ORD15824,CUST2610,2024-11-16,Cancelled,Cash on Delivery,455.66
ORD15825,CUST2991,2024-07-28,Returned,UPI,283.44
ORD15826,CUST1875,2025-10-08,Delivered,UPI,298.96
ORD15827,CUST2959,2024-09-30,Returned,Debit Card,199.4
ORD15828,CUST2834,2024-10-26,Delivered,UPI,159.68
ORD15829,CUST2173,2025-10-08,Returned,Credit Card,416.85
ORD15830,CUST1659,2024-06-04,Delivered,Cash on Delivery,97.83
ORD15831,CUST2031,2025-08-30,Delivered,Net Banking,269.31
ORD15832,CUST2052,2025-03-20,Delivered,Net Banking,335.48
ORD15833,CUST1295,2025-10-04,Delivered,Debit Card,96.66
ORD15834,CUST1985,2024-12-03,Shipped,Net Banking,283.82
ORD15835,CUST1925,2025-02-25,Delivered,Credit Card,309.88
ORD15836,CUST2744,2025-07-26,Delivered,Credit Card,384.12
ORD15837,CUST1639,2024-09-01,Delivered,Debit Card,155.68
ORD15838,CUST1339,2025-04-15,Delivered,Net Banking,182.0
ORD15839,CUST1627,2024-04-19,Delivered,UPI,306.28
ORD15840,CUST1438,2026-01-31,Delivered,UPI,492.41
ORD15841,CUST2167,2025-08-26,Cancelled,Cash on Delivery,147.87
ORD15842,CUST1941,2025-10-05,Returned,Debit Card,493.66
ORD15843,CUST1829,2024-04-25,Shipped,Cash on Delivery,371.45
ORD15844,CUST2770,2024-05-17,Delivered,UPI,421.74
ORD15845,CUST1518,2025-06-04,Cancelled,UPI,90.34
ORD15846,CUST1975,2025-05-25,Delivered,UPI,185.19
ORD15847,CUST2068,2024-11-01,Delivered,Cash on Delivery,75.98
ORD15848,CUST1954,2024-05-26,Delivered,Debit Card,217.2
ORD15849,CUST2262,2024-05-15,Shipped,Credit Card,491.58
ORD15850,CUST1951,2025-04-08,Cancelled,Credit Card,97.37
ORD15851,CUST1943,2025-11-24,Shipped,UPI,303.07
ORD15852,CUST1154,2024-12-08,Returned,Debit Card,52.73
ORD15853,CUST2204,2025-12-02,Shipped,Debit Card,370.71
ORD15854,CUST2238,2025-06-26,Returned,Net Banking,138.74
ORD15855,CUST1087,2025-11-09,Delivered,Net Banking,108.31
ORD15856,CUST2279,2024-04-08,Delivered,Cash on Delivery,201.66
ORD15857,CUST2534,2025-06-01,Delivered,Net Banking,396.97
ORD15858,CUST2096,2025-10-15,Delivered,Cash on Delivery,97.98
ORD15859,CUST1930,2024-03-30,Delivered,Credit Card,153.43
ORD15860,CUST1178,2025-10-11,Delivered,UPI,53.81
ORD15861,CUST1211,2024-10-12,Delivered,Debit Card,485.79
ORD15862,CUST2828,2024-09-10,Shipped,Credit Card,316.47
ORD15863,CUST2257,2024-07-31,Shipped,Credit Card,373.95
ORD15864,CUST1464,2025-10-01,Delivered,Cash on Delivery,343.12
ORD15865,CUST2774,2025-10-10,Delivered,UPI,114.96
ORD15866,CUST2246,2025-06-02,Delivered,Cash on Delivery,317.72
ORD15867,CUST1630,2025-07-13,Delivered,Credit Card,109.14
ORD15868,CUST1824,2025-05-10,Cancelled,Debit Card,230.56
ORD15869,CUST2287,2025-09-25,Delivered,Net Banking,306.03
ORD15870,CUST2230,2025-05-22,Delivered,Cash on Delivery,301.5
ORD15871,CUST1606,2025-05-06,Returned,Credit Card,103.58
ORD15872,CUST1884,2024-07-01,Returned,Net Banking,65.5
ORD15873,CUST2757,2025-05-22,Delivered,Net Banking,409.21
ORD15874,CUST1365,2024-11-13,Cancelled,Credit Card,376.67
ORD15875,CUST1275,2025-12-06,Delivered,UPI,86.82
ORD15876,CUST1379,2024-12-19,Delivered,Credit Card,107.34
ORD15877,CUST2766,2024-04-25,Delivered,Debit Card,451.66
ORD15878,CUST2332,2024-10-01,Delivered,Net Banking,396.11
ORD15879,CUST2654,2024-11-14,Delivered,Debit Card,498.27
ORD15880,CUST2291,2025-06-25,Delivered,Cash on Delivery,164.29
ORD15881,CUST1944,2025-05-06,Delivered,Net Banking,269.51
ORD15882,CUST2808,2024-04-27,Cancelled,UPI,156.41
ORD15883,CUST2087,2024-07-27,Delivered,Credit Card,330.26
ORD15884,CUST1809,2024-06-16,Delivered,Cash on Delivery,101.94
ORD15885,CUST2373,2025-01-08,Returned,Debit Card,107.26
ORD15886,CUST1924,2025-04-19,Delivered,Cash on Delivery,82.35
ORD15887,CUST2938,2025-01-06,Shipped,UPI,362.11
ORD15888,CUST1493,2025-12-07,Delivered,Credit Card,272.33
ORD15889,CUST2546,2025-04-15,Delivered,Cash on Delivery,327.98
ORD15890,CUST2121,2024-10-10,Delivered,Debit Card,445.69
ORD15891,CUST2969,2025-08-29,Delivered,Cash on Delivery,383.15
ORD15892,CUST2094,2025-05-21,Delivered,Credit Card,257.78
ORD15893,CUST1363,2026-02-06,Delivered,Cash on Delivery,492.96
ORD15894,CUST1569,2024-12-26,Delivered,Debit Card,255.32
ORD15895,CUST2825,2024-11-08,Delivered,Credit Card,100.6
ORD15896,CUST1762,2024-05-04,Delivered,UPI,496.69
ORD15897,CUST1275,2025-03-18,Delivered,UPI,60.27
ORD15898,CUST1049,2024-11-16,Delivered,Net Banking,297.45
ORD15899,CUST2381,2025-06-16,Delivered,Cash on Delivery,189.09
ORD15900,CUST1727,2024-04-03,Delivered,Debit Card,276.6
ORD15901,CUST1905,2024-07-04,Delivered,Cash on Delivery,301.42
ORD15902,CUST1927,2024-04-14,Cancelled,Credit Card,158.04
ORD15903,CUST1563,2024-10-25,Delivered,Net Banking,300.59
ORD15904,CUST1782,2025-04-02,Cancelled,Debit Card,390.23
ORD15905,CUST1484,2025-06-08,Delivered,Cash on Delivery,169.93
ORD15906,CUST2107,2024-04-13,Delivered,Debit Card,222.54
ORD15907,CUST2922,2025-05-08,Delivered,Credit Card,170.71
ORD15908,CUST2828,2024-02-29,Cancelled,Net Banking,419.25
ORD15909,CUST2661,2024-04-25,Delivered,Debit Card,376.24
ORD15910,CUST2831,2025-07-29,Delivered,Credit Card,442.04
ORD15911,CUST1583,2025-07-03,Delivered,UPI,126.52
ORD15912,CUST2319,2025-04-25,Delivered,Debit Card,83.11
ORD15913,CUST1235,2025-05-25,Delivered,Net Banking,103.72
ORD15914,CUST1055,2025-12-27,Delivered,Debit Card,122.46
ORD15915,CUST2942,2025-01-11,Delivered,Debit Card,289.89
ORD15916,CUST1359,2025-11-01,Delivered,Credit Card,486.91
ORD15917,CUST2930,2024-05-30,Delivered,Cash on Delivery,210.76
ORD15918,CUST1109,2025-04-17,Cancelled,Cash on Delivery,481.33
ORD15919,CUST1191,2024-10-06,Cancelled,Debit Card,67.19
ORD15920,CUST1903,2024-08-06,Delivered,Net Banking,467.09
ORD15921,CUST2116,2024-10-01,Delivered,Net Banking,131.52
ORD15922,CUST1861,2025-12-16,Returned,Credit Card,460.61
ORD15923,CUST1567,2024-05-07,Delivered,Debit Card,75.3
ORD15924,CUST2083,2024-03-08,Delivered,Debit Card,476.7
ORD15925,CUST1649,2025-05-05,Cancelled,Cash on Delivery,140.36
ORD15926,CUST1038,2025-11-22,Delivered,Credit Card,186.22
ORD15927,CUST2563,2025-07-04,Delivered,UPI,270.92
ORD15928,CUST2072,2024-07-27,Returned,Net Banking,221.32
ORD15929,CUST2443,2024-10-18,Delivered,Net Banking,350.39
ORD15930,CUST1636,2024-07-10,Cancelled,Debit Card,488.66
ORD15931,CUST2036,2024-09-04,Cancelled,Credit Card,322.89
ORD15932,CUST1035,2025-09-18,Shipped,UPI,374.67
ORD15933,CUST1100,2024-03-02,Delivered,Net Banking,89.6
ORD15934,CUST2817,2024-07-29,Delivered,Credit Card,332.52
ORD15935,CUST2109,2025-07-21,Delivered,UPI,254.23
ORD15936,CUST2539,2025-07-23,Delivered,Debit Card,448.6
ORD15937,CUST2246,2024-09-14,Delivered,Cash on Delivery,224.69
ORD15938,CUST2361,2026-01-01,Delivered,Net Banking,355.75
ORD15939,CUST2983,2024-10-24,Delivered,Net Banking,152.67
ORD15940,CUST1165,2025-11-29,Delivered,UPI,166.72
ORD15941,CUST1382,2024-03-11,Delivered,Cash on Delivery,219.26
ORD15942,CUST2879,2024-04-28,Cancelled,Credit Card,186.83
ORD15943,CUST2918,2025-08-02,Cancelled,Debit Card,164.25
ORD15944,CUST2399,2026-01-07,Shipped,Credit Card,72.35
ORD15945,CUST2494,2026-01-29,Delivered,UPI,426.54
ORD15946,CUST1789,2025-06-22,Shipped,Net Banking,78.94
ORD15947,CUST2665,2025-04-14,Returned,Net Banking,449.31
ORD15948,CUST1030,2024-11-04,Delivered,Credit Card,106.46
ORD15949,CUST2398,2024-08-28,Delivered,Debit Card,79.37
ORD15950,CUST1010,2024-10-10,Delivered,UPI,303.35
ORD15951,CUST2325,2025-05-05,Delivered,Debit Card,276.1
ORD15952,CUST1095,2024-04-29,Delivered,UPI,271.06
ORD15953,CUST2213,2025-10-30,Delivered,Debit Card,308.53
ORD15954,CUST1452,2025-12-14,Cancelled,Credit Card,179.18
ORD15955,CUST1191,2024-09-21,Delivered,Cash on Delivery,348.33
ORD15956,CUST1485,2024-07-16,Delivered,UPI,276.08
ORD15957,CUST2289,2025-01-31,Returned,Credit Card,200.63
ORD15958,CUST2447,2025-01-22,Delivered,Net Banking,421.93
ORD15959,CUST2151,2024-06-24,Shipped,Net Banking,377.47
ORD15960,CUST1237,2026-01-24,Delivered,Debit Card,227.12
ORD15961,CUST2943,2026-02-16,Shipped,Net Banking,431.43
ORD15962,CUST2378,2024-11-13,Delivered,Cash on Delivery,464.12
ORD15963,CUST2963,2025-03-21,Delivered,UPI,291.59
ORD15964,CUST2135,2024-12-29,Delivered,Debit Card,146.73
ORD15965,CUST2851,2024-11-30,Cancelled,UPI,462.11
ORD15966,CUST2469,2024-04-28,Returned,UPI,135.27
ORD15967,CUST2366,2025-11-18,Delivered,Credit Card,71.79
ORD15968,CUST2168,2025-06-08,Shipped,Net Banking,197.37
ORD15969,CUST2088,2025-10-19,Delivered,UPI,377.13
ORD15970,CUST2270,2024-06-03,Delivered,Cash on Delivery,465.47
ORD15971,CUST1734,2025-09-19,Returned,Cash on Delivery,336.78
ORD15972,CUST1990,2024-03-03,Delivered,Net Banking,478.33
ORD15973,CUST2513,2025-03-07,Delivered,Net Banking,91.57
ORD15974,CUST1824,2024-11-29,Shipped,Debit Card,77.34
ORD15975,CUST2462,2025-07-03,Shipped,Debit Card,321.89
ORD15976,CUST1105,2024-06-20,Shipped,Debit Card,484.75
ORD15977,CUST1180,2025-01-10,Shipped,Net Banking,276.22
ORD15978,CUST1183,2025-02-15,Delivered,UPI,73.18
ORD15979,CUST1225,2024-05-09,Returned,Credit Card,149.55
ORD15980,CUST1776,2025-06-20,Delivered,Debit Card,160.16
ORD15981,CUST1789,2026-01-27,Shipped,Credit Card,202.04
ORD15982,CUST2932,2025-05-25,Delivered,Cash on Delivery,69.62
ORD15983,CUST2112,2026-01-28,Delivered,Net Banking,457.2
ORD15984,CUST1687,2025-11-18,Delivered,Cash on Delivery,282.0
ORD15985,CUST1529,2024-08-13,Delivered,Debit Card,351.92
ORD15986,CUST2394,2025-10-20,Delivered,UPI,80.23
ORD15987,CUST1971,2025-03-24,Returned,Debit Card,74.35
ORD15988,CUST1935,2025-02-20,Returned,Credit Card,313.91
ORD15989,CUST2936,2025-06-09,Delivered,Debit Card,449.28
ORD15990,CUST2422,2024-08-03,Cancelled,UPI,287.82
ORD15991,CUST1105,2025-05-21,Delivered,UPI,445.02
ORD15992,CUST2294,2024-10-01,Delivered,Net Banking,414.95
ORD15993,CUST2998,2025-10-17,Delivered,Net Banking,84.13
ORD15994,CUST1830,2026-02-06,Returned,UPI,140.88
ORD15995,CUST2526,2025-11-20,Cancelled,UPI,345.97
ORD15996,CUST1678,2024-04-02,Delivered,Credit Card,249.58
ORD15997,CUST2548,2025-04-04,Delivered,Debit Card,180.81
ORD15998,CUST1848,2024-11-13,Delivered,Net Banking,238.39
ORD15999,CUST2055,2024-07-01,Delivered,Credit Card,250.34
ORD16000,CUST1392,2024-10-12,Delivered,Debit Card,459.75
ORD16001,CUST1039,2026-01-29,Delivered,Net Banking,96.56
ORD16002,CUST1659,2025-11-29,Delivered,Credit Card,175.88
ORD16003,CUST2241,2024-09-09,Shipped,Cash on Delivery,291.9
ORD16004,CUST2754,2025-11-08,Delivered,Cash on Delivery,364.23
ORD16005,CUST1980,2024-08-22,Delivered,Net Banking,333.79
ORD16006,CUST2105,2025-07-27,Delivered,Credit Card,473.74
ORD16007,CUST1844,2025-07-08,Returned,Debit Card,408.02
ORD16008,CUST2743,2024-08-24,Cancelled,Debit Card,300.68
ORD16009,CUST1200,2025-04-27,Returned,Credit Card,146.61
ORD16010,CUST1446,2025-11-24,Delivered,Cash on Delivery,252.89
ORD16011,CUST2867,2025-04-01,Cancelled,Credit Card,362.02
ORD16012,CUST2451,2025-07-01,Delivered,Cash on Delivery,427.08
ORD16013,CUST2061,2025-07-23,Delivered,Cash on Delivery,481.88
ORD16014,CUST2234,2025-08-04,Delivered,Debit Card,322.45
ORD16015,CUST1443,2026-02-13,Delivered,Net Banking,287.11
ORD16016,CUST2350,2025-06-26,Shipped,UPI,57.96
ORD16017,CUST1760,2024-10-20,Returned,Credit Card,82.44
ORD16018,CUST1226,2026-02-23,Delivered,Cash on Delivery,120.25
ORD16019,CUST1047,2025-12-25,Delivered,Credit Card,74.64
ORD16020,CUST2041,2025-10-26,Delivered,Net Banking,230.39
ORD16021,CUST1911,2024-10-05,Delivered,Net Banking,201.6
ORD16022,CUST2462,2025-03-06,Delivered,UPI,336.81
ORD16023,CUST2830,2024-06-25,Shipped,UPI,291.05
ORD16024,CUST2731,2024-08-10,Shipped,Cash on Delivery,318.19
ORD16025,CUST1186,2024-12-13,Delivered,UPI,262.39
ORD16026,CUST1344,2024-12-22,Returned,Cash on Delivery,174.98
ORD16027,CUST1223,2025-02-03,Delivered,Debit Card,478.77
ORD16028,CUST1829,2024-04-13,Delivered,Cash on Delivery,88.88
ORD16029,CUST1487,2024-08-08,Delivered,UPI,472.5
ORD16030,CUST2932,2025-02-10,Delivered,Credit Card,190.06
ORD16031,CUST1876,2025-08-12,Cancelled,UPI,280.7
ORD16032,CUST1848,2024-06-20,Delivered,Net Banking,98.98
ORD16033,CUST2252,2026-02-22,Delivered,UPI,81.92
ORD16034,CUST2413,2025-02-16,Delivered,Debit Card,243.3
ORD16035,CUST1978,2024-04-21,Shipped,Cash on Delivery,383.76
ORD16036,CUST2612,2026-01-03,Delivered,Net Banking,171.21
ORD16037,CUST2016,2024-03-25,Cancelled,Cash on Delivery,303.06
ORD16038,CUST1187,2024-04-07,Cancelled,Cash on Delivery,175.39
ORD16039,CUST2881,2024-08-28,Delivered,UPI,224.88
ORD16040,CUST1269,2025-09-17,Delivered,Credit Card,457.9
ORD16041,CUST2630,2024-11-22,Returned,Net Banking,435.13
ORD16042,CUST1309,2024-11-24,Delivered,Debit Card,282.21
ORD16043,CUST2155,2024-11-16,Shipped,Debit Card,157.15
ORD16044,CUST2574,2025-09-27,Delivered,Credit Card,136.93
ORD16045,CUST2095,2025-09-09,Delivered,Credit Card,479.34
ORD16046,CUST2816,2024-03-31,Returned,UPI,141.22
ORD16047,CUST1844,2024-11-18,Returned,Debit Card,413.68
ORD16048,CUST2695,2024-08-11,Shipped,Net Banking,216.04
ORD16049,CUST2210,2025-04-11,Delivered,Credit Card,493.55
ORD16050,CUST1485,2025-11-23,Shipped,Credit Card,215.67
ORD16051,CUST2214,2025-12-04,Returned,Credit Card,208.18
ORD16052,CUST2445,2024-06-02,Returned,Net Banking,336.86
ORD16053,CUST1119,2024-06-15,Delivered,Debit Card,482.68
ORD16054,CUST1219,2025-06-28,Delivered,Net Banking,489.29
ORD16055,CUST1052,2025-04-24,Shipped,Net Banking,368.24
ORD16056,CUST2757,2024-04-03,Delivered,UPI,389.57
ORD16057,CUST2474,2025-10-23,Delivered,Credit Card,303.53
ORD16058,CUST2435,2024-06-13,Delivered,Debit Card,390.1
ORD16059,CUST2666,2025-04-07,Delivered,UPI,436.9
ORD16060,CUST2260,2025-04-29,Delivered,UPI,268.74
ORD16061,CUST1757,2024-06-13,Delivered,Cash on Delivery,328.94
ORD16062,CUST1737,2024-03-03,Returned,Credit Card,291.79
ORD16063,CUST1719,2025-12-07,Delivered,Debit Card,303.11
ORD16064,CUST1405,2025-11-29,Delivered,Debit Card,450.52
ORD16065,CUST1607,2025-09-20,Delivered,Debit Card,210.03
ORD16066,CUST2020,2025-02-16,Delivered,Credit Card,143.68
ORD16067,CUST1421,2024-09-05,Delivered,Debit Card,255.33
ORD16068,CUST1711,2026-01-17,Cancelled,Net Banking,143.64
ORD16069,CUST1246,2026-01-04,Delivered,Net Banking,274.28
ORD16070,CUST1071,2024-03-26,Shipped,Credit Card,456.58
ORD16071,CUST2853,2025-06-05,Delivered,Debit Card,327.85
ORD16072,CUST1184,2024-08-24,Delivered,Cash on Delivery,434.94
ORD16073,CUST1005,2024-06-29,Delivered,Cash on Delivery,124.79
ORD16074,CUST2229,2025-08-09,Delivered,Cash on Delivery,455.39
ORD16075,CUST2567,2024-05-08,Cancelled,Net Banking,320.8
ORD16076,CUST2634,2024-12-02,Returned,Cash on Delivery,64.29
ORD16077,CUST1905,2025-10-08,Delivered,Debit Card,334.9
ORD16078,CUST1386,2024-05-02,Delivered,Debit Card,478.13
ORD16079,CUST2791,2024-07-18,Delivered,Cash on Delivery,85.63
ORD16080,CUST1698,2024-12-09,Delivered,UPI,312.11
ORD16081,CUST2099,2026-01-29,Shipped,Cash on Delivery,461.97
ORD16082,CUST2200,2025-01-05,Delivered,UPI,54.36
ORD16083,CUST1826,2025-04-01,Cancelled,Credit Card,333.91
ORD16084,CUST2822,2024-07-17,Delivered,Credit Card,263.71
ORD16085,CUST1348,2025-06-09,Delivered,Debit Card,206.15
ORD16086,CUST2278,2024-06-13,Delivered,Net Banking,332.39
ORD16087,CUST2860,2024-07-06,Delivered,Debit Card,73.72
ORD16088,CUST2725,2025-10-09,Cancelled,Debit Card,388.88
ORD16089,CUST1307,2024-10-18,Delivered,Net Banking,52.02
ORD16090,CUST2368,2024-08-09,Cancelled,Debit Card,188.12
ORD16091,CUST2150,2024-10-13,Delivered,Net Banking,276.78
ORD16092,CUST2960,2024-09-23,Shipped,Debit Card,219.66
ORD16093,CUST1286,2025-11-21,Delivered,Credit Card,188.36
ORD16094,CUST1765,2024-07-22,Returned,UPI,423.88
ORD16095,CUST1724,2025-09-01,Returned,Debit Card,470.67
ORD16096,CUST1761,2026-01-07,Shipped,UPI,443.17
ORD16097,CUST2619,2024-07-21,Delivered,Cash on Delivery,285.09
ORD16098,CUST2510,2025-03-01,Cancelled,Debit Card,447.87
ORD16099,CUST1382,2024-09-05,Delivered,Credit Card,464.39
ORD16100,CUST2429,2024-10-08,Delivered,Net Banking,234.16
ORD16101,CUST1387,2025-07-12,Delivered,Credit Card,177.55
ORD16102,CUST1524,2024-12-02,Delivered,UPI,94.22
ORD16103,CUST2580,2024-09-14,Shipped,Net Banking,265.59
ORD16104,CUST1638,2024-11-17,Delivered,Credit Card,475.83
ORD16105,CUST1937,2025-08-13,Delivered,Credit Card,302.41
ORD16106,CUST2649,2024-11-20,Delivered,Credit Card,350.4
ORD16107,CUST2968,2025-12-30,Delivered,Net Banking,100.8
ORD16108,CUST1275,2025-02-14,Delivered,Credit Card,114.58
ORD16109,CUST1499,2025-03-08,Delivered,Credit Card,259.01
ORD16110,CUST1716,2024-08-08,Delivered,UPI,478.07
ORD16111,CUST1336,2025-06-21,Delivered,Credit Card,212.35
ORD16112,CUST2973,2024-04-10,Shipped,Credit Card,444.87
ORD16113,CUST1931,2025-04-25,Cancelled,Cash on Delivery,104.13
ORD16114,CUST1480,2024-05-10,Shipped,Net Banking,327.66
ORD16115,CUST2920,2026-01-07,Delivered,Cash on Delivery,320.28
ORD16116,CUST1910,2024-06-13,Delivered,UPI,436.94
ORD16117,CUST2996,2024-04-07,Delivered,Cash on Delivery,51.49
ORD16118,CUST2296,2024-06-26,Delivered,Debit Card,135.47
ORD16119,CUST2943,2025-05-01,Delivered,Net Banking,148.86
ORD16120,CUST2081,2024-12-31,Delivered,Credit Card,477.48
ORD16121,CUST2351,2025-04-10,Delivered,Cash on Delivery,119.16
ORD16122,CUST2754,2025-03-05,Delivered,Cash on Delivery,66.63
ORD16123,CUST1108,2024-05-26,Returned,Credit Card,290.51
ORD16124,CUST2302,2024-03-24,Delivered,Credit Card,287.85
ORD16125,CUST2709,2026-02-23,Delivered,UPI,429.82
ORD16126,CUST1327,2024-04-16,Delivered,Cash on Delivery,476.99
ORD16127,CUST2799,2024-06-11,Delivered,Cash on Delivery,292.35
ORD16128,CUST1314,2025-09-26,Delivered,Debit Card,468.5
ORD16129,CUST2497,2024-04-24,Delivered,Debit Card,376.32
ORD16130,CUST2134,2025-08-17,Delivered,Cash on Delivery,169.05
ORD16131,CUST1698,2024-03-26,Returned,Debit Card,467.79
ORD16132,CUST1780,2025-07-13,Cancelled,Cash on Delivery,350.35
ORD16133,CUST2958,2024-11-05,Delivered,Net Banking,236.34
ORD16134,CUST2252,2024-11-16,Delivered,UPI,356.11
ORD16135,CUST2520,2025-01-13,Delivered,Debit Card,230.59
ORD16136,CUST1155,2024-04-15,Cancelled,Cash on Delivery,101.38
ORD16137,CUST2496,2025-04-07,Delivered,Debit Card,373.54
ORD16138,CUST2724,2024-09-13,Delivered,UPI,420.84
ORD16139,CUST2295,2024-08-12,Delivered,Net Banking,377.96
ORD16140,CUST1886,2025-11-08,Delivered,Credit Card,153.1
ORD16141,CUST2025,2024-10-05,Cancelled,Credit Card,480.49
ORD16142,CUST1757,2024-10-11,Delivered,Debit Card,61.36
ORD16143,CUST1721,2025-03-13,Delivered,Cash on Delivery,199.71
ORD16144,CUST2534,2024-08-01,Delivered,UPI,167.04
ORD16145,CUST1912,2025-03-06,Delivered,Net Banking,71.66
ORD16146,CUST2309,2025-07-16,Returned,Net Banking,232.58
ORD16147,CUST1870,2024-10-11,Returned,Net Banking,330.4
ORD16148,CUST1012,2024-07-18,Delivered,Credit Card,447.15
ORD16149,CUST1607,2025-09-18,Delivered,UPI,495.36
ORD16150,CUST1497,2024-03-07,Delivered,Credit Card,413.64
ORD16151,CUST2756,2024-11-13,Delivered,Debit Card,260.91
ORD16152,CUST1237,2025-10-01,Delivered,Net Banking,375.67
ORD16153,CUST2117,2024-07-01,Delivered,UPI,429.63
ORD16154,CUST2361,2025-05-29,Delivered,Net Banking,259.39
ORD16155,CUST1780,2025-05-31,Delivered,Credit Card,403.27
ORD16156,CUST2194,2024-10-01,Delivered,Credit Card,267.19
ORD16157,CUST1605,2025-09-20,Cancelled,Credit Card,223.92
ORD16158,CUST1660,2026-01-25,Delivered,Net Banking,286.74
ORD16159,CUST2647,2024-07-23,Cancelled,UPI,354.13
ORD16160,CUST2590,2025-09-22,Delivered,UPI,377.1
ORD16161,CUST1848,2024-05-13,Delivered,Debit Card,210.53
ORD16162,CUST1935,2026-01-15,Cancelled,Net Banking,307.09
ORD16163,CUST2490,2025-10-29,Delivered,Debit Card,459.44
ORD16164,CUST1627,2025-10-05,Cancelled,Debit Card,489.34
ORD16165,CUST1142,2026-02-12,Delivered,Debit Card,152.26
ORD16166,CUST2224,2025-04-27,Delivered,Debit Card,136.77
ORD16167,CUST2203,2024-05-02,Delivered,Credit Card,354.51
ORD16168,CUST1713,2024-07-17,Delivered,Debit Card,236.61
ORD16169,CUST2387,2024-10-21,Delivered,UPI,60.9
ORD16170,CUST1478,2025-12-22,Delivered,Debit Card,206.09
ORD16171,CUST1564,2024-06-20,Delivered,Credit Card,413.04
ORD16172,CUST1470,2025-08-07,Delivered,Cash on Delivery,408.84
ORD16173,CUST1383,2025-07-24,Delivered,Cash on Delivery,272.61
ORD16174,CUST2715,2025-02-02,Delivered,Cash on Delivery,262.66
ORD16175,CUST1925,2026-02-23,Delivered,Net Banking,310.78
ORD16176,CUST1416,2024-08-18,Delivered,UPI,148.73
ORD16177,CUST2848,2025-05-21,Cancelled,Credit Card,286.72
ORD16178,CUST1307,2025-05-01,Cancelled,Cash on Delivery,54.97
ORD16179,CUST1648,2024-10-03,Delivered,Credit Card,264.0
ORD16180,CUST2717,2025-09-27,Shipped,Credit Card,201.22
ORD16181,CUST2390,2025-10-14,Delivered,Net Banking,353.69
ORD16182,CUST2024,2025-01-03,Shipped,Cash on Delivery,337.26
ORD16183,CUST2067,2025-07-16,Cancelled,Debit Card,221.38
ORD16184,CUST1738,2025-04-06,Cancelled,Credit Card,53.27
ORD16185,CUST2866,2025-01-19,Delivered,Cash on Delivery,163.52
ORD16186,CUST2121,2024-11-23,Delivered,Credit Card,335.01
ORD16187,CUST2743,2024-12-26,Delivered,Net Banking,82.57
ORD16188,CUST2288,2024-05-10,Cancelled,Net Banking,98.44
ORD16189,CUST2823,2025-01-08,Delivered,Debit Card,341.17
ORD16190,CUST2806,2024-08-12,Cancelled,Net Banking,390.1
ORD16191,CUST1139,2025-01-15,Delivered,Cash on Delivery,194.7
ORD16192,CUST2504,2024-07-28,Returned,Net Banking,270.35
ORD16193,CUST2260,2025-02-02,Delivered,Debit Card,475.57
ORD16194,CUST1973,2024-10-22,Delivered,UPI,475.49
ORD16195,CUST2016,2025-03-07,Delivered,Credit Card,188.38
ORD16196,CUST1952,2025-08-06,Delivered,Credit Card,414.49
ORD16197,CUST1903,2025-08-01,Delivered,Cash on Delivery,317.27
ORD16198,CUST1071,2025-08-25,Cancelled,Debit Card,488.97
ORD16199,CUST2690,2025-01-27,Delivered,Debit Card,264.93
ORD16200,CUST2213,2025-09-24,Delivered,Debit Card,398.62
ORD16201,CUST2291,2025-12-26,Returned,Credit Card,395.66
ORD16202,CUST2344,2025-03-15,Delivered,Net Banking,273.84
ORD16203,CUST1106,2025-11-12,Shipped,Credit Card,408.03
ORD16204,CUST2255,2026-02-17,Shipped,Credit Card,167.47
ORD16205,CUST2065,2025-08-08,Delivered,Credit Card,105.01
ORD16206,CUST2725,2025-01-07,Delivered,Net Banking,241.32
ORD16207,CUST1882,2024-07-14,Delivered,UPI,474.63
ORD16208,CUST1138,2025-04-28,Cancelled,Cash on Delivery,275.34
ORD16209,CUST1614,2024-04-01,Delivered,UPI,335.87
ORD16210,CUST2706,2025-08-31,Delivered,UPI,330.87
ORD16211,CUST1862,2025-07-18,Cancelled,Credit Card,109.66
ORD16212,CUST1272,2025-03-30,Delivered,UPI,225.63
ORD16213,CUST2504,2025-02-25,Returned,Credit Card,368.12
ORD16214,CUST1415,2025-05-17,Cancelled,Credit Card,487.4
ORD16215,CUST1505,2024-08-06,Delivered,Cash on Delivery,125.61
ORD16216,CUST1732,2025-05-07,Returned,Debit Card,234.7
ORD16217,CUST2748,2024-03-25,Cancelled,Credit Card,92.79
ORD16218,CUST2876,2026-02-07,Delivered,UPI,159.07
ORD16219,CUST1423,2024-04-08,Delivered,Cash on Delivery,219.54
ORD16220,CUST2430,2025-12-19,Delivered,UPI,293.29
ORD16221,CUST2591,2025-03-21,Delivered,Debit Card,153.76
ORD16222,CUST1389,2026-02-20,Shipped,Net Banking,152.4
ORD16223,CUST1341,2024-12-27,Delivered,Debit Card,400.02
ORD16224,CUST1945,2024-12-22,Delivered,Cash on Delivery,483.19
ORD16225,CUST1613,2025-08-17,Delivered,Debit Card,195.63
ORD16226,CUST2956,2025-03-18,Delivered,Debit Card,359.6
ORD16227,CUST1492,2024-10-20,Shipped,Cash on Delivery,166.14
ORD16228,CUST1191,2024-03-21,Returned,Cash on Delivery,467.58
ORD16229,CUST1498,2026-02-16,Delivered,UPI,352.81
ORD16230,CUST1821,2025-01-23,Delivered,Credit Card,411.2
ORD16231,CUST2735,2024-07-10,Delivered,Net Banking,72.21
ORD16232,CUST2256,2025-03-12,Delivered,Net Banking,319.33
ORD16233,CUST2968,2025-08-31,Delivered,Net Banking,287.43
ORD16234,CUST1226,2025-07-20,Delivered,Debit Card,181.85
ORD16235,CUST2394,2025-09-01,Shipped,Cash on Delivery,168.09
ORD16236,CUST1138,2024-07-03,Delivered,Cash on Delivery,311.01
ORD16237,CUST1855,2025-03-17,Returned,Cash on Delivery,367.92
ORD16238,CUST1816,2026-01-26,Delivered,Credit Card,64.93
ORD16239,CUST2172,2025-01-25,Delivered,Cash on Delivery,305.33
ORD16240,CUST2138,2025-09-01,Returned,Cash on Delivery,126.71
ORD16241,CUST2473,2024-05-07,Delivered,Debit Card,113.16
ORD16242,CUST2086,2024-09-04,Returned,UPI,330.4
ORD16243,CUST1103,2025-03-07,Delivered,Net Banking,189.89
ORD16244,CUST2874,2025-04-17,Delivered,Debit Card,248.4
ORD16245,CUST1870,2024-11-11,Returned,Debit Card,212.0
ORD16246,CUST1667,2025-05-23,Delivered,Debit Card,341.75
ORD16247,CUST1272,2025-04-24,Returned,Net Banking,261.55
ORD16248,CUST2029,2025-12-24,Shipped,Debit Card,483.56
ORD16249,CUST2170,2025-03-24,Delivered,UPI,208.57
ORD16250,CUST1183,2025-02-12,Delivered,Cash on Delivery,383.13
ORD16251,CUST2051,2026-01-06,Delivered,UPI,165.78
ORD16252,CUST2985,2024-10-07,Delivered,Cash on Delivery,278.94
ORD16253,CUST2573,2024-07-10,Cancelled,Cash on Delivery,298.66
ORD16254,CUST2142,2025-11-18,Delivered,Debit Card,198.1
ORD16255,CUST1292,2026-01-23,Delivered,Debit Card,262.3
ORD16256,CUST2394,2024-12-19,Cancelled,Net Banking,175.68
ORD16257,CUST2267,2024-08-16,Delivered,Credit Card,52.7
ORD16258,CUST2603,2025-06-22,Returned,UPI,147.04
ORD16259,CUST2749,2024-07-16,Delivered,Net Banking,365.03
ORD16260,CUST2241,2025-08-07,Shipped,Net Banking,396.93
ORD16261,CUST1176,2024-06-05,Delivered,UPI,176.09
ORD16262,CUST2322,2024-12-01,Delivered,UPI,233.62
ORD16263,CUST2699,2025-11-11,Delivered,Cash on Delivery,66.81
ORD16264,CUST1057,2025-07-29,Delivered,Credit Card,156.68
ORD16265,CUST2292,2025-04-24,Shipped,Debit Card,400.65
ORD16266,CUST1307,2025-10-11,Delivered,Credit Card,322.69
ORD16267,CUST2593,2025-09-13,Cancelled,Credit Card,142.6
ORD16268,CUST2311,2024-09-20,Delivered,Debit Card,165.85
ORD16269,CUST1976,2024-03-20,Delivered,Credit Card,417.56
ORD16270,CUST2128,2024-12-12,Delivered,Net Banking,144.09
ORD16271,CUST2251,2024-03-14,Delivered,Net Banking,200.37
ORD16272,CUST2270,2025-03-03,Delivered,Debit Card,348.96
ORD16273,CUST1699,2025-09-27,Delivered,Debit Card,302.5
ORD16274,CUST2517,2024-07-05,Shipped,UPI,257.39
ORD16275,CUST1082,2026-02-18,Delivered,UPI,454.88
ORD16276,CUST2209,2024-07-16,Delivered,Credit Card,148.87
ORD16277,CUST1251,2024-03-28,Delivered,Credit Card,383.64
ORD16278,CUST2378,2025-02-16,Delivered,Debit Card,121.58
ORD16279,CUST2773,2025-10-21,Shipped,Credit Card,327.08
ORD16280,CUST2895,2024-11-27,Delivered,Cash on Delivery,441.78
ORD16281,CUST2719,2025-10-05,Delivered,Net Banking,256.06
ORD16282,CUST1795,2026-01-11,Delivered,Credit Card,375.93
ORD16283,CUST1896,2025-07-07,Delivered,Credit Card,419.18
ORD16284,CUST2961,2026-02-26,Delivered,UPI,111.21
ORD16285,CUST1209,2025-11-05,Delivered,Cash on Delivery,367.62
ORD16286,CUST1815,2025-11-18,Delivered,Credit Card,463.93
ORD16287,CUST2831,2025-01-10,Delivered,Net Banking,309.37
ORD16288,CUST1608,2025-05-25,Returned,Credit Card,133.76
ORD16289,CUST1446,2024-08-19,Delivered,Debit Card,107.12
ORD16290,CUST1459,2024-07-20,Returned,Cash on Delivery,166.88
ORD16291,CUST1967,2024-11-30,Delivered,Credit Card,96.58
ORD16292,CUST1471,2024-05-17,Returned,Cash on Delivery,281.03
ORD16293,CUST2743,2024-09-15,Delivered,Credit Card,81.37
ORD16294,CUST1369,2024-04-29,Delivered,Net Banking,150.53
ORD16295,CUST1899,2024-09-21,Delivered,Net Banking,247.96
ORD16296,CUST2957,2024-11-06,Delivered,Cash on Delivery,263.26
ORD16297,CUST2515,2025-11-02,Delivered,UPI,304.43
ORD16298,CUST1922,2025-04-03,Delivered,UPI,367.53
ORD16299,CUST1136,2025-11-14,Delivered,Debit Card,71.25
ORD16300,CUST1366,2025-10-26,Delivered,UPI,86.28
ORD16301,CUST1911,2025-05-17,Delivered,Cash on Delivery,77.39
ORD16302,CUST1183,2024-08-12,Cancelled,UPI,240.42
ORD16303,CUST2611,2024-08-23,Delivered,Debit Card,68.83
ORD16304,CUST2310,2025-03-23,Delivered,Credit Card,385.74
ORD16305,CUST1471,2025-11-10,Delivered,UPI,150.35
ORD16306,CUST2398,2025-04-03,Delivered,Cash on Delivery,472.65
ORD16307,CUST1653,2024-09-22,Delivered,Cash on Delivery,268.88
ORD16308,CUST1748,2025-12-07,Returned,Debit Card,250.85
ORD16309,CUST1536,2025-11-08,Delivered,Debit Card,401.24
ORD16310,CUST2534,2024-06-06,Delivered,Net Banking,370.92
ORD16311,CUST1801,2025-05-12,Delivered,Net Banking,323.29
ORD16312,CUST2602,2025-05-31,Delivered,Net Banking,470.82
ORD16313,CUST2273,2025-03-17,Returned,Credit Card,240.02
ORD16314,CUST1919,2025-04-29,Returned,Cash on Delivery,413.84
ORD16315,CUST1509,2025-11-07,Delivered,Net Banking,221.04
ORD16316,CUST1629,2025-08-03,Delivered,Cash on Delivery,427.26
ORD16317,CUST2001,2026-01-25,Delivered,Debit Card,166.76
ORD16318,CUST2096,2024-10-19,Delivered,Credit Card,180.17
ORD16319,CUST2305,2026-02-18,Delivered,Debit Card,355.04
ORD16320,CUST1915,2025-06-23,Cancelled,Cash on Delivery,145.72
ORD16321,CUST2983,2024-07-21,Delivered,Net Banking,153.12
ORD16322,CUST2383,2024-12-25,Delivered,Debit Card,187.37
ORD16323,CUST2033,2025-11-10,Delivered,UPI,355.52
ORD16324,CUST2234,2025-08-18,Cancelled,Credit Card,450.22
ORD16325,CUST2858,2024-07-17,Delivered,Cash on Delivery,353.56
ORD16326,CUST1151,2025-11-03,Returned,Net Banking,422.52
ORD16327,CUST2028,2024-03-31,Delivered,Debit Card,294.6
ORD16328,CUST2218,2024-05-07,Delivered,Credit Card,81.02
ORD16329,CUST2977,2025-04-02,Returned,Net Banking,95.21
ORD16330,CUST2306,2024-10-14,Returned,Debit Card,299.48
ORD16331,CUST1463,2025-07-10,Delivered,Cash on Delivery,197.51
ORD16332,CUST2136,2025-12-17,Delivered,UPI,149.26
ORD16333,CUST1270,2025-09-25,Cancelled,UPI,259.82
ORD16334,CUST2186,2024-11-01,Delivered,Cash on Delivery,349.92
ORD16335,CUST1459,2025-08-10,Delivered,Credit Card,223.25
ORD16336,CUST1104,2025-03-14,Shipped,Cash on Delivery,411.14
ORD16337,CUST2716,2024-12-26,Delivered,Debit Card,382.34
ORD16338,CUST2579,2024-04-02,Delivered,Credit Card,380.71
ORD16339,CUST2305,2024-11-17,Delivered,UPI,493.34
ORD16340,CUST2710,2024-09-14,Delivered,Debit Card,182.85
ORD16341,CUST1161,2026-01-03,Delivered,Net Banking,340.13
ORD16342,CUST1350,2024-12-08,Delivered,Net Banking,434.97
ORD16343,CUST1433,2025-08-21,Delivered,Net Banking,310.79
ORD16344,CUST1851,2025-10-19,Delivered,UPI,405.28
ORD16345,CUST1139,2025-08-21,Delivered,Cash on Delivery,236.5
ORD16346,CUST2494,2025-04-13,Delivered,Credit Card,315.72
ORD16347,CUST2155,2024-08-18,Shipped,UPI,75.05
ORD16348,CUST1086,2024-12-15,Delivered,Debit Card,493.6
ORD16349,CUST2711,2024-08-13,Shipped,Debit Card,410.01
ORD16350,CUST1182,2024-12-21,Delivered,Net Banking,440.96
ORD16351,CUST1367,2024-04-25,Cancelled,Credit Card,362.43
ORD16352,CUST1128,2025-07-19,Delivered,Net Banking,133.72
ORD16353,CUST2269,2025-06-23,Delivered,Debit Card,63.96
ORD16354,CUST2624,2025-02-10,Returned,Debit Card,439.1
ORD16355,CUST2601,2024-03-12,Returned,Cash on Delivery,228.35
ORD16356,CUST1669,2025-03-18,Delivered,Cash on Delivery,168.74
ORD16357,CUST2922,2025-03-21,Cancelled,Cash on Delivery,302.75
ORD16358,CUST2401,2024-10-02,Delivered,Net Banking,239.4
ORD16359,CUST1148,2025-10-28,Returned,Credit Card,343.25
ORD16360,CUST1984,2024-12-20,Delivered,Cash on Delivery,267.71
ORD16361,CUST1851,2025-02-26,Delivered,UPI,363.75
ORD16362,CUST2456,2026-02-16,Delivered,Cash on Delivery,434.04
ORD16363,CUST1627,2024-09-26,Delivered,Net Banking,138.0
ORD16364,CUST2749,2025-05-11,Returned,Credit Card,198.24
ORD16365,CUST2492,2024-04-03,Delivered,Cash on Delivery,246.57
ORD16366,CUST1445,2025-03-18,Delivered,Credit Card,482.93
ORD16367,CUST2504,2025-02-20,Delivered,UPI,214.4
ORD16368,CUST1883,2024-08-05,Delivered,Debit Card,221.49
ORD16369,CUST1293,2025-09-30,Delivered,Credit Card,344.06
ORD16370,CUST2788,2025-02-12,Delivered,Cash on Delivery,238.64
ORD16371,CUST2166,2025-06-27,Shipped,Net Banking,478.05
ORD16372,CUST1249,2025-07-10,Delivered,Net Banking,452.51
ORD16373,CUST1877,2026-02-06,Delivered,Net Banking,281.03
ORD16374,CUST1947,2024-10-06,Cancelled,Net Banking,340.15
ORD16375,CUST1974,2025-12-09,Delivered,Credit Card,76.11
ORD16376,CUST2325,2025-03-15,Shipped,Net Banking,363.08
ORD16377,CUST2048,2024-11-18,Cancelled,Debit Card,368.24
ORD16378,CUST1788,2026-01-19,Delivered,UPI,211.64
ORD16379,CUST1983,2024-06-30,Delivered,Credit Card,148.86
ORD16380,CUST1888,2025-01-21,Delivered,Credit Card,461.79
ORD16381,CUST1889,2025-11-20,Delivered,Net Banking,242.02
ORD16382,CUST2924,2025-12-02,Returned,Net Banking,344.17
ORD16383,CUST1069,2024-04-13,Delivered,Credit Card,65.0
ORD16384,CUST1624,2024-12-01,Delivered,Net Banking,236.33
ORD16385,CUST1874,2024-09-19,Delivered,Net Banking,417.77
ORD16386,CUST2135,2024-03-23,Delivered,Net Banking,224.41
ORD16387,CUST2387,2024-04-24,Delivered,Net Banking,321.42
ORD16388,CUST2326,2025-08-25,Returned,Net Banking,144.44
ORD16389,CUST1470,2024-10-20,Delivered,Cash on Delivery,237.44
ORD16390,CUST2987,2024-08-03,Delivered,Cash on Delivery,467.44
ORD16391,CUST1090,2025-06-15,Delivered,Cash on Delivery,304.9
ORD16392,CUST1529,2024-04-26,Returned,Credit Card,455.87
ORD16393,CUST1660,2025-05-11,Delivered,UPI,455.91
ORD16394,CUST1738,2025-10-04,Returned,Credit Card,474.87
ORD16395,CUST1725,2025-09-09,Delivered,Cash on Delivery,452.93
ORD16396,CUST1871,2024-12-12,Shipped,Credit Card,51.48
ORD16397,CUST2686,2024-08-29,Delivered,UPI,470.31
ORD16398,CUST1191,2025-08-04,Delivered,Net Banking,111.86
ORD16399,CUST2986,2024-11-12,Delivered,Debit Card,67.97
ORD16400,CUST2575,2025-09-25,Delivered,Cash on Delivery,74.92
ORD16401,CUST2265,2024-08-15,Delivered,Cash on Delivery,207.01
ORD16402,CUST1137,2025-05-29,Delivered,UPI,329.36
ORD16403,CUST1344,2025-04-15,Delivered,Net Banking,231.04
ORD16404,CUST2203,2025-08-16,Delivered,Net Banking,61.5
ORD16405,CUST2008,2024-03-08,Shipped,Debit Card,264.42
ORD16406,CUST2735,2024-10-03,Delivered,Net Banking,248.96
ORD16407,CUST1502,2025-10-04,Returned,UPI,390.58
ORD16408,CUST1202,2024-07-14,Delivered,Net Banking,175.83
ORD16409,CUST1572,2025-08-04,Delivered,UPI,147.89
ORD16410,CUST1191,2024-08-16,Delivered,Cash on Delivery,165.17
ORD16411,CUST1004,2026-01-16,Delivered,Cash on Delivery,186.68
ORD16412,CUST2913,2025-12-22,Shipped,Cash on Delivery,319.62
ORD16413,CUST2260,2024-05-01,Delivered,Credit Card,262.19
ORD16414,CUST2716,2025-05-15,Returned,Cash on Delivery,201.6
ORD16415,CUST1310,2025-03-04,Shipped,UPI,218.44
ORD16416,CUST1548,2025-09-24,Delivered,Debit Card,216.92
ORD16417,CUST1055,2025-10-18,Shipped,Net Banking,487.58
ORD16418,CUST1442,2024-06-29,Delivered,Cash on Delivery,154.85
ORD16419,CUST2260,2025-01-18,Shipped,Credit Card,418.13
ORD16420,CUST1869,2024-11-26,Cancelled,Credit Card,368.69
ORD16421,CUST2884,2025-04-02,Delivered,UPI,52.51
ORD16422,CUST2220,2025-10-30,Shipped,Debit Card,496.93
ORD16423,CUST1584,2025-08-25,Delivered,Cash on Delivery,390.4
ORD16424,CUST2594,2024-09-26,Delivered,Cash on Delivery,357.1
ORD16425,CUST1751,2025-05-20,Delivered,Credit Card,232.4
ORD16426,CUST2537,2025-11-26,Delivered,UPI,299.84
ORD16427,CUST2472,2025-10-30,Delivered,Credit Card,163.97
ORD16428,CUST1359,2026-02-17,Returned,Credit Card,65.97
ORD16429,CUST2723,2025-10-06,Delivered,Debit Card,426.21
ORD16430,CUST1818,2024-07-03,Delivered,UPI,453.42
ORD16431,CUST1029,2024-09-02,Delivered,Debit Card,123.11
ORD16432,CUST2802,2024-03-26,Delivered,UPI,404.18
ORD16433,CUST1107,2025-02-01,Cancelled,Cash on Delivery,383.52
ORD16434,CUST1843,2025-10-04,Cancelled,Net Banking,130.27
ORD16435,CUST2958,2024-10-21,Shipped,Net Banking,239.82
ORD16436,CUST2625,2025-06-01,Delivered,UPI,240.24
ORD16437,CUST1716,2024-05-18,Delivered,Net Banking,391.98
ORD16438,CUST1890,2026-02-08,Shipped,Credit Card,426.95
ORD16439,CUST2991,2024-03-07,Cancelled,Cash on Delivery,92.65
ORD16440,CUST2982,2025-06-20,Delivered,Cash on Delivery,303.34
ORD16441,CUST1959,2024-08-12,Delivered,Net Banking,392.79
ORD16442,CUST2468,2024-08-31,Shipped,UPI,403.79
ORD16443,CUST1892,2024-07-21,Cancelled,Credit Card,116.6
ORD16444,CUST2461,2024-02-28,Delivered,UPI,286.48
ORD16445,CUST1731,2024-11-05,Cancelled,Net Banking,435.9
ORD16446,CUST2913,2025-06-06,Delivered,Cash on Delivery,193.33
ORD16447,CUST1605,2024-04-11,Delivered,Cash on Delivery,241.3
ORD16448,CUST1456,2024-03-04,Delivered,UPI,411.96
ORD16449,CUST1614,2025-08-25,Delivered,Debit Card,90.19
ORD16450,CUST2758,2025-05-19,Delivered,UPI,436.77
ORD16451,CUST1697,2025-09-18,Delivered,Debit Card,190.02
ORD16452,CUST2719,2026-01-27,Delivered,UPI,50.65
ORD16453,CUST2518,2024-12-25,Returned,Debit Card,155.37
ORD16454,CUST1673,2024-05-17,Shipped,Debit Card,90.28
ORD16455,CUST2270,2025-05-14,Delivered,Debit Card,91.57
ORD16456,CUST1542,2025-03-09,Delivered,Debit Card,361.78
ORD16457,CUST2587,2025-02-17,Shipped,Credit Card,146.29
ORD16458,CUST1856,2025-06-14,Delivered,Debit Card,470.63
ORD16459,CUST2611,2024-09-20,Cancelled,Debit Card,282.4
ORD16460,CUST1896,2026-01-07,Cancelled,Cash on Delivery,257.04
ORD16461,CUST2462,2025-08-09,Delivered,Credit Card,245.43
ORD16462,CUST1277,2025-01-31,Returned,Debit Card,361.66
ORD16463,CUST1551,2024-11-24,Returned,Net Banking,253.52
ORD16464,CUST2636,2025-05-06,Delivered,Credit Card,107.87
ORD16465,CUST1110,2024-05-17,Delivered,Cash on Delivery,446.08
ORD16466,CUST1384,2024-03-06,Delivered,UPI,242.78
ORD16467,CUST2856,2025-04-01,Delivered,Cash on Delivery,83.3
ORD16468,CUST1760,2026-01-15,Delivered,Cash on Delivery,288.21
ORD16469,CUST2214,2026-01-30,Delivered,Credit Card,341.31
ORD16470,CUST2513,2025-01-14,Delivered,Credit Card,174.01
ORD16471,CUST1693,2024-10-22,Shipped,Net Banking,410.15
ORD16472,CUST2449,2025-04-06,Delivered,Net Banking,351.4
ORD16473,CUST1404,2025-07-25,Delivered,Credit Card,342.65
ORD16474,CUST2358,2025-08-13,Delivered,Credit Card,239.37
ORD16475,CUST2232,2025-04-03,Delivered,Credit Card,482.86
ORD16476,CUST1021,2024-12-20,Delivered,UPI,173.39
ORD16477,CUST1677,2025-01-12,Delivered,Cash on Delivery,309.97
ORD16478,CUST1610,2024-07-20,Delivered,Net Banking,189.07
ORD16479,CUST2231,2024-11-21,Returned,Net Banking,385.16
ORD16480,CUST1007,2025-01-07,Shipped,Debit Card,71.51
ORD16481,CUST1701,2024-05-20,Delivered,UPI,70.65
ORD16482,CUST2710,2025-02-06,Delivered,Credit Card,414.89
ORD16483,CUST2808,2024-09-21,Delivered,Credit Card,245.42
ORD16484,CUST1528,2024-03-31,Cancelled,UPI,203.53
ORD16485,CUST1601,2024-03-30,Delivered,Net Banking,323.39
ORD16486,CUST2676,2024-06-29,Shipped,Credit Card,365.85
ORD16487,CUST1656,2024-02-29,Delivered,Debit Card,140.54
ORD16488,CUST1165,2026-01-08,Delivered,Net Banking,133.44
ORD16489,CUST1848,2024-08-10,Delivered,Cash on Delivery,481.17
ORD16490,CUST1495,2025-05-18,Shipped,UPI,315.35
ORD16491,CUST1589,2025-02-21,Cancelled,Net Banking,225.55
ORD16492,CUST1428,2024-03-01,Delivered,Cash on Delivery,410.65
ORD16493,CUST1773,2024-12-09,Delivered,Debit Card,286.32
ORD16494,CUST1162,2024-10-22,Delivered,UPI,158.75
ORD16495,CUST1365,2025-03-09,Delivered,Credit Card,143.03
ORD16496,CUST2549,2026-01-14,Cancelled,Credit Card,228.59
ORD16497,CUST2262,2025-10-03,Returned,Cash on Delivery,436.95
ORD16498,CUST1071,2024-08-28,Cancelled,Net Banking,77.65
ORD16499,CUST2468,2026-01-01,Shipped,Debit Card,148.34
ORD16500,CUST1654,2025-05-24,Delivered,Cash on Delivery,451.92
ORD16501,CUST2845,2025-07-08,Returned,Debit Card,104.78
ORD16502,CUST2532,2024-12-31,Cancelled,Debit Card,333.33
ORD16503,CUST2818,2024-07-17,Delivered,Debit Card,146.08
ORD16504,CUST1268,2025-12-24,Cancelled,UPI,322.64
ORD16505,CUST2776,2025-12-28,Delivered,Cash on Delivery,222.4
ORD16506,CUST1414,2025-09-22,Cancelled,UPI,95.75
ORD16507,CUST2268,2025-02-07,Delivered,Net Banking,312.11
ORD16508,CUST2015,2024-07-07,Delivered,Net Banking,357.37
ORD16509,CUST1674,2025-10-07,Delivered,Credit Card,356.12
ORD16510,CUST2083,2025-08-11,Delivered,Credit Card,336.67
ORD16511,CUST1005,2024-03-02,Delivered,Credit Card,275.1
ORD16512,CUST2732,2025-10-27,Delivered,Net Banking,283.76
ORD16513,CUST1981,2025-05-24,Delivered,Debit Card,336.04
ORD16514,CUST1569,2025-04-26,Delivered,Debit Card,360.62
ORD16515,CUST2840,2025-02-11,Returned,Cash on Delivery,344.69
ORD16516,CUST1406,2024-10-02,Shipped,Net Banking,314.13
ORD16517,CUST2240,2024-09-01,Delivered,Credit Card,120.13
ORD16518,CUST2953,2024-05-12,Cancelled,Net Banking,144.78
ORD16519,CUST1025,2025-03-29,Delivered,Debit Card,167.1
ORD16520,CUST2838,2026-02-08,Cancelled,Debit Card,463.85
ORD16521,CUST2028,2025-03-31,Delivered,UPI,391.73
ORD16522,CUST1985,2025-02-14,Delivered,UPI,298.79
ORD16523,CUST2555,2024-12-02,Delivered,Cash on Delivery,163.43
ORD16524,CUST1389,2025-11-05,Delivered,Net Banking,99.9
ORD16525,CUST1709,2024-03-16,Cancelled,UPI,454.44
ORD16526,CUST1570,2025-04-24,Returned,UPI,451.7
ORD16527,CUST2471,2024-05-28,Delivered,Net Banking,99.81
ORD16528,CUST1753,2025-08-25,Delivered,Debit Card,408.75
ORD16529,CUST1145,2025-01-21,Returned,Cash on Delivery,250.99
ORD16530,CUST2411,2024-10-20,Cancelled,Cash on Delivery,195.79
ORD16531,CUST1784,2025-09-08,Delivered,Cash on Delivery,382.6
ORD16532,CUST2272,2025-11-16,Delivered,UPI,326.45
ORD16533,CUST1525,2024-08-05,Delivered,Debit Card,401.01
ORD16534,CUST2485,2025-11-20,Delivered,Cash on Delivery,83.45
ORD16535,CUST1012,2024-06-30,Delivered,Net Banking,193.36
ORD16536,CUST1902,2024-11-13,Delivered,Cash on Delivery,193.69
ORD16537,CUST1383,2025-12-27,Returned,Credit Card,198.39
ORD16538,CUST1555,2025-04-18,Delivered,Debit Card,276.12
ORD16539,CUST1886,2026-01-19,Shipped,Credit Card,177.36
ORD16540,CUST2422,2024-11-13,Cancelled,Debit Card,249.97
ORD16541,CUST1018,2024-07-03,Shipped,Net Banking,215.5
ORD16542,CUST1574,2025-05-16,Delivered,UPI,380.88
ORD16543,CUST2514,2024-07-17,Cancelled,UPI,321.58
ORD16544,CUST1750,2025-11-13,Delivered,Debit Card,344.13
ORD16545,CUST2003,2024-02-29,Delivered,Cash on Delivery,144.76
ORD16546,CUST1418,2024-08-22,Delivered,Credit Card,196.48
ORD16547,CUST2360,2025-08-02,Delivered,Net Banking,59.52
ORD16548,CUST1418,2026-02-20,Returned,Cash on Delivery,98.77
ORD16549,CUST2938,2025-10-17,Returned,UPI,169.27
ORD16550,CUST2939,2024-08-23,Delivered,Cash on Delivery,79.46
ORD16551,CUST2635,2024-04-20,Delivered,Credit Card,321.18
ORD16552,CUST2698,2024-09-05,Delivered,UPI,499.16
ORD16553,CUST2951,2026-01-24,Delivered,Debit Card,95.37
ORD16554,CUST1121,2025-01-17,Returned,Net Banking,419.55
ORD16555,CUST1431,2025-08-02,Delivered,Net Banking,103.47
ORD16556,CUST1043,2024-12-12,Shipped,UPI,351.46
ORD16557,CUST2895,2024-04-10,Delivered,Debit Card,339.42
ORD16558,CUST2943,2025-05-26,Delivered,Credit Card,456.22
ORD16559,CUST2340,2026-02-01,Delivered,Net Banking,101.28
ORD16560,CUST1380,2024-04-04,Delivered,UPI,191.95
ORD16561,CUST1144,2025-03-04,Delivered,Net Banking,90.85
ORD16562,CUST2350,2025-07-02,Returned,Debit Card,233.32
ORD16563,CUST1362,2026-02-12,Cancelled,Credit Card,460.22
ORD16564,CUST2073,2024-12-14,Delivered,Debit Card,401.69
ORD16565,CUST2088,2025-05-01,Delivered,Cash on Delivery,375.31
ORD16566,CUST1354,2025-04-21,Delivered,Debit Card,289.86
ORD16567,CUST1799,2024-12-31,Delivered,Debit Card,447.57
ORD16568,CUST2187,2025-06-16,Delivered,Net Banking,252.25
ORD16569,CUST2164,2024-11-16,Delivered,Debit Card,117.36
ORD16570,CUST2989,2025-12-05,Returned,UPI,426.91
ORD16571,CUST1825,2026-01-31,Cancelled,Net Banking,175.84
ORD16572,CUST2151,2024-06-10,Shipped,Net Banking,74.14
ORD16573,CUST1397,2024-06-16,Delivered,Cash on Delivery,106.72
ORD16574,CUST2956,2025-09-15,Shipped,UPI,324.08
ORD16575,CUST1879,2025-02-05,Delivered,Debit Card,323.19
ORD16576,CUST1462,2024-06-29,Delivered,Cash on Delivery,167.08
ORD16577,CUST2774,2026-02-14,Shipped,UPI,377.23
ORD16578,CUST2859,2024-11-08,Delivered,Cash on Delivery,398.14
ORD16579,CUST1807,2025-09-08,Delivered,Credit Card,464.23
ORD16580,CUST1186,2024-05-22,Cancelled,Debit Card,313.22
ORD16581,CUST2743,2025-11-09,Shipped,Cash on Delivery,400.74
ORD16582,CUST1731,2024-10-06,Cancelled,Credit Card,388.89
ORD16583,CUST2935,2024-05-08,Delivered,Debit Card,166.01
ORD16584,CUST2213,2025-09-24,Delivered,Cash on Delivery,189.6
ORD16585,CUST2411,2025-04-22,Shipped,Cash on Delivery,265.32
ORD16586,CUST1428,2024-10-12,Delivered,Cash on Delivery,58.57
ORD16587,CUST1857,2025-07-29,Delivered,Cash on Delivery,183.83
ORD16588,CUST2307,2024-06-09,Delivered,Net Banking,263.25
ORD16589,CUST2887,2025-09-17,Delivered,Cash on Delivery,98.63
ORD16590,CUST1236,2026-02-15,Delivered,Net Banking,106.82
ORD16591,CUST2217,2025-06-24,Delivered,Net Banking,258.46
ORD16592,CUST2310,2025-06-30,Delivered,Credit Card,378.93
ORD16593,CUST1770,2025-09-28,Delivered,Debit Card,425.19
ORD16594,CUST1757,2025-10-02,Delivered,Net Banking,295.84
ORD16595,CUST1135,2025-12-22,Delivered,UPI,263.64
ORD16596,CUST1791,2025-07-21,Returned,Net Banking,222.93
ORD16597,CUST2806,2025-03-12,Delivered,UPI,136.83
ORD16598,CUST1170,2025-08-07,Delivered,Credit Card,115.95
ORD16599,CUST1158,2024-03-08,Shipped,UPI,406.35
ORD16600,CUST1200,2025-10-04,Delivered,Credit Card,259.25
ORD16601,CUST2510,2024-09-22,Delivered,Credit Card,405.64
ORD16602,CUST2580,2025-03-23,Delivered,Credit Card,366.84
ORD16603,CUST1961,2025-03-31,Cancelled,UPI,137.25
ORD16604,CUST2799,2025-07-26,Shipped,UPI,279.64
ORD16605,CUST1582,2025-05-21,Shipped,Credit Card,249.81
ORD16606,CUST2527,2024-12-29,Cancelled,Credit Card,240.74
ORD16607,CUST1875,2025-04-14,Delivered,Debit Card,294.16
ORD16608,CUST1370,2024-06-26,Delivered,Credit Card,491.94
ORD16609,CUST1102,2025-05-20,Delivered,Cash on Delivery,415.81
ORD16610,CUST2001,2024-04-02,Delivered,Debit Card,456.67
ORD16611,CUST2148,2024-03-19,Cancelled,Debit Card,63.34
ORD16612,CUST2336,2025-07-11,Delivered,Debit Card,113.15
ORD16613,CUST1975,2024-12-07,Delivered,Cash on Delivery,88.14
ORD16614,CUST1797,2024-03-31,Returned,Debit Card,168.45
ORD16615,CUST2481,2024-10-11,Delivered,Debit Card,248.85
ORD16616,CUST2253,2025-07-08,Delivered,UPI,338.92
ORD16617,CUST1657,2025-02-25,Delivered,UPI,275.37
ORD16618,CUST1881,2025-01-19,Delivered,Credit Card,456.43
ORD16619,CUST2220,2025-12-24,Delivered,Credit Card,472.94
ORD16620,CUST2908,2026-01-08,Delivered,Net Banking,123.58
ORD16621,CUST1732,2025-11-01,Delivered,Cash on Delivery,433.81
ORD16622,CUST1422,2025-03-29,Cancelled,UPI,266.77
ORD16623,CUST1571,2024-03-15,Shipped,Credit Card,254.0
ORD16624,CUST2633,2025-01-24,Delivered,Cash on Delivery,403.22
ORD16625,CUST1170,2024-07-18,Delivered,Debit Card,91.91
ORD16626,CUST2405,2025-08-04,Cancelled,Cash on Delivery,447.12
ORD16627,CUST1172,2024-03-24,Shipped,UPI,351.89
ORD16628,CUST1662,2025-02-12,Delivered,Net Banking,443.87
ORD16629,CUST1452,2025-03-25,Delivered,UPI,497.51
ORD16630,CUST1349,2024-03-30,Cancelled,Credit Card,283.1
ORD16631,CUST2925,2026-02-11,Delivered,Credit Card,91.97
ORD16632,CUST2975,2026-02-22,Delivered,Cash on Delivery,124.94
ORD16633,CUST2657,2024-07-01,Delivered,UPI,195.63
ORD16634,CUST1493,2025-03-29,Delivered,Credit Card,96.6
ORD16635,CUST1619,2025-12-01,Delivered,Debit Card,416.9
ORD16636,CUST2027,2024-03-12,Delivered,Debit Card,183.59
ORD16637,CUST2116,2024-04-28,Returned,Net Banking,489.15
ORD16638,CUST1918,2025-03-04,Delivered,Cash on Delivery,366.17
ORD16639,CUST1005,2026-02-20,Delivered,Credit Card,128.04
ORD16640,CUST1287,2024-10-11,Delivered,Net Banking,264.22
ORD16641,CUST2641,2025-06-27,Returned,Debit Card,260.1
ORD16642,CUST2169,2025-04-18,Delivered,Net Banking,271.63
ORD16643,CUST2806,2024-05-03,Delivered,Net Banking,291.06
ORD16644,CUST2447,2024-07-28,Delivered,Credit Card,64.03
ORD16645,CUST2913,2025-08-24,Cancelled,Credit Card,358.84
ORD16646,CUST1607,2025-08-23,Delivered,Credit Card,269.24
ORD16647,CUST1456,2025-09-25,Delivered,Cash on Delivery,405.93
ORD16648,CUST2764,2024-10-01,Delivered,Net Banking,416.91
ORD16649,CUST2225,2025-11-28,Returned,Net Banking,153.74
ORD16650,CUST2235,2026-02-01,Delivered,Cash on Delivery,71.79
ORD16651,CUST2029,2025-07-21,Cancelled,Debit Card,366.46
ORD16652,CUST1623,2025-07-27,Returned,UPI,489.99
ORD16653,CUST1375,2024-11-01,Shipped,Debit Card,251.0
ORD16654,CUST2914,2026-01-24,Delivered,Cash on Delivery,166.83
ORD16655,CUST1446,2024-10-21,Shipped,Net Banking,120.5
ORD16656,CUST1834,2024-06-11,Delivered,Net Banking,179.35
ORD16657,CUST2129,2024-07-20,Delivered,Credit Card,197.56
ORD16658,CUST2674,2025-02-09,Returned,Credit Card,240.74
ORD16659,CUST1810,2024-03-09,Delivered,Net Banking,344.93
ORD16660,CUST2424,2024-12-25,Delivered,Net Banking,172.92
ORD16661,CUST2119,2025-11-07,Delivered,Credit Card,72.94
ORD16662,CUST2411,2025-01-21,Delivered,Credit Card,217.98
ORD16663,CUST1958,2024-04-13,Delivered,Debit Card,435.03
ORD16664,CUST2475,2025-09-26,Cancelled,Net Banking,274.26
ORD16665,CUST1848,2024-05-19,Returned,Net Banking,484.15
ORD16666,CUST1808,2024-07-01,Delivered,Cash on Delivery,276.63
ORD16667,CUST1978,2025-02-17,Delivered,Debit Card,174.15
ORD16668,CUST2924,2024-09-06,Shipped,UPI,136.99
ORD16669,CUST1415,2024-07-14,Delivered,UPI,362.54
ORD16670,CUST1725,2024-11-07,Delivered,UPI,291.37
ORD16671,CUST2527,2024-06-27,Delivered,Credit Card,321.8
ORD16672,CUST1453,2024-07-12,Delivered,UPI,389.81
ORD16673,CUST2314,2025-06-14,Delivered,Cash on Delivery,376.66
ORD16674,CUST2557,2024-05-28,Delivered,Credit Card,69.51
ORD16675,CUST2216,2025-03-14,Delivered,Credit Card,411.16
ORD16676,CUST1149,2025-03-17,Delivered,UPI,289.72
ORD16677,CUST2903,2025-03-30,Delivered,Credit Card,226.27
ORD16678,CUST1758,2025-11-07,Returned,Debit Card,291.88
ORD16679,CUST1778,2025-04-29,Cancelled,Debit Card,325.6
ORD16680,CUST1972,2024-11-27,Delivered,UPI,117.28
ORD16681,CUST1762,2025-02-22,Delivered,Cash on Delivery,237.84
ORD16682,CUST2001,2024-07-17,Shipped,Credit Card,201.01
ORD16683,CUST2538,2024-05-04,Delivered,Net Banking,207.68
ORD16684,CUST2416,2024-05-24,Returned,UPI,91.1
ORD16685,CUST2339,2025-06-18,Delivered,Credit Card,121.93
ORD16686,CUST1075,2025-03-17,Shipped,UPI,122.82
ORD16687,CUST1598,2025-12-02,Delivered,UPI,217.95
ORD16688,CUST2293,2024-08-02,Delivered,Cash on Delivery,452.52
ORD16689,CUST1224,2025-01-20,Cancelled,Net Banking,142.71
ORD16690,CUST2553,2024-12-29,Delivered,Credit Card,237.29
ORD16691,CUST1112,2024-11-17,Delivered,UPI,190.22
ORD16692,CUST1250,2025-07-17,Delivered,UPI,404.32
ORD16693,CUST2256,2024-07-01,Cancelled,Credit Card,72.56
ORD16694,CUST1840,2025-04-30,Delivered,UPI,138.44
ORD16695,CUST2814,2025-10-10,Delivered,UPI,144.79
ORD16696,CUST1713,2025-09-26,Delivered,UPI,496.83
ORD16697,CUST2106,2025-01-04,Delivered,Debit Card,306.85
ORD16698,CUST1124,2025-12-23,Delivered,Debit Card,112.53
ORD16699,CUST2198,2024-04-15,Delivered,Net Banking,172.49
ORD16700,CUST2092,2025-06-30,Delivered,Cash on Delivery,125.52
ORD16701,CUST2070,2025-03-07,Delivered,Credit Card,106.07
ORD16702,CUST1883,2024-06-21,Delivered,Cash on Delivery,408.73
ORD16703,CUST2279,2025-12-08,Delivered,Cash on Delivery,273.09
ORD16704,CUST2750,2024-09-21,Delivered,Debit Card,334.04
ORD16705,CUST1029,2024-02-27,Delivered,Net Banking,199.06
ORD16706,CUST1280,2024-05-08,Shipped,Cash on Delivery,299.16
ORD16707,CUST1923,2025-01-09,Delivered,Cash on Delivery,165.91
ORD16708,CUST2260,2025-11-25,Cancelled,UPI,188.62
ORD16709,CUST2271,2024-11-22,Delivered,Credit Card,343.51
ORD16710,CUST1367,2024-06-07,Delivered,Net Banking,117.66
ORD16711,CUST1494,2025-04-15,Delivered,Credit Card,327.75
ORD16712,CUST2048,2025-04-03,Delivered,Debit Card,433.51
ORD16713,CUST2609,2026-02-08,Shipped,Cash on Delivery,104.19
ORD16714,CUST1717,2026-02-05,Shipped,Cash on Delivery,453.86
ORD16715,CUST2513,2025-07-31,Cancelled,Credit Card,85.75
ORD16716,CUST2016,2025-07-27,Delivered,Debit Card,207.01
ORD16717,CUST2517,2025-03-11,Delivered,UPI,324.73
ORD16718,CUST2337,2024-11-15,Delivered,UPI,301.74
ORD16719,CUST1605,2024-05-27,Shipped,Cash on Delivery,93.38
ORD16720,CUST1374,2025-03-19,Delivered,Cash on Delivery,409.51
ORD16721,CUST1638,2025-02-10,Delivered,Net Banking,487.92
ORD16722,CUST2960,2026-02-06,Delivered,Credit Card,131.55
ORD16723,CUST2048,2024-05-04,Delivered,Cash on Delivery,452.81
ORD16724,CUST2357,2025-02-22,Shipped,Debit Card,300.56
ORD16725,CUST2378,2024-06-04,Delivered,Credit Card,471.17
ORD16726,CUST1115,2025-06-27,Delivered,Net Banking,129.24
ORD16727,CUST1047,2024-03-09,Delivered,UPI,406.41
ORD16728,CUST2761,2025-08-31,Returned,Net Banking,76.9
ORD16729,CUST2801,2025-04-01,Delivered,Credit Card,447.44
ORD16730,CUST1098,2026-02-05,Returned,UPI,353.37
ORD16731,CUST2482,2025-02-25,Delivered,Debit Card,216.61
ORD16732,CUST2546,2024-05-19,Returned,UPI,135.71
ORD16733,CUST2620,2025-11-14,Cancelled,UPI,417.44
ORD16734,CUST1404,2025-08-01,Delivered,Debit Card,321.46
ORD16735,CUST2237,2024-05-30,Delivered,Cash on Delivery,212.19
ORD16736,CUST1684,2025-09-09,Delivered,Cash on Delivery,249.73
ORD16737,CUST1902,2025-05-10,Delivered,UPI,421.94
ORD16738,CUST1502,2026-02-21,Returned,UPI,202.52
ORD16739,CUST2744,2025-08-03,Delivered,Net Banking,90.33
ORD16740,CUST2471,2025-07-04,Delivered,Cash on Delivery,460.08
ORD16741,CUST1893,2024-10-26,Delivered,Debit Card,224.3
ORD16742,CUST2599,2025-01-19,Delivered,UPI,206.77
ORD16743,CUST1257,2025-08-16,Returned,UPI,141.98
ORD16744,CUST1843,2025-01-06,Delivered,Net Banking,453.84
ORD16745,CUST1120,2024-08-23,Shipped,Net Banking,147.88
ORD16746,CUST1809,2025-01-17,Shipped,Net Banking,336.5
ORD16747,CUST1977,2024-03-29,Delivered,Credit Card,446.34
ORD16748,CUST1053,2025-03-17,Delivered,Debit Card,65.71
ORD16749,CUST2018,2024-06-17,Returned,Credit Card,422.96
ORD16750,CUST2354,2024-06-09,Delivered,UPI,234.77
ORD16751,CUST1783,2025-10-18,Delivered,Net Banking,346.09
ORD16752,CUST1240,2024-12-22,Delivered,Net Banking,217.58
ORD16753,CUST2778,2024-07-12,Delivered,Net Banking,362.98
ORD16754,CUST2553,2025-10-21,Cancelled,Cash on Delivery,164.43
ORD16755,CUST1482,2024-07-01,Delivered,Debit Card,59.87
ORD16756,CUST2012,2025-10-31,Delivered,Credit Card,476.5
ORD16757,CUST1186,2025-12-10,Shipped,Debit Card,57.37
ORD16758,CUST2881,2025-09-26,Cancelled,Net Banking,420.84
ORD16759,CUST1655,2024-10-23,Delivered,UPI,126.11
ORD16760,CUST1261,2025-09-08,Cancelled,Cash on Delivery,226.5
ORD16761,CUST1952,2024-10-24,Delivered,Debit Card,420.12
ORD16762,CUST2387,2025-03-28,Cancelled,UPI,142.67
ORD16763,CUST1490,2024-10-14,Delivered,Net Banking,439.57
ORD16764,CUST1430,2025-05-13,Delivered,Net Banking,273.99
ORD16765,CUST1238,2024-12-18,Cancelled,Net Banking,214.77
ORD16766,CUST1303,2025-05-28,Delivered,Net Banking,348.1
ORD16767,CUST1297,2024-09-03,Shipped,Cash on Delivery,203.63
ORD16768,CUST1075,2025-05-27,Delivered,Cash on Delivery,206.28
ORD16769,CUST2723,2025-03-21,Shipped,Debit Card,380.09
ORD16770,CUST2356,2024-09-15,Shipped,Net Banking,189.42
ORD16771,CUST2923,2024-04-03,Delivered,Cash on Delivery,140.35
ORD16772,CUST1998,2025-02-05,Cancelled,UPI,413.44
ORD16773,CUST2781,2025-08-06,Delivered,Cash on Delivery,412.42
ORD16774,CUST1641,2024-05-28,Shipped,Cash on Delivery,273.91
ORD16775,CUST2497,2024-03-25,Delivered,Debit Card,287.0
ORD16776,CUST1826,2025-12-27,Cancelled,Cash on Delivery,363.23
ORD16777,CUST2946,2025-02-15,Delivered,UPI,279.17
ORD16778,CUST1282,2024-05-12,Delivered,Net Banking,237.67
ORD16779,CUST1590,2025-09-18,Delivered,Credit Card,497.7
ORD16780,CUST1071,2025-08-05,Delivered,Debit Card,116.44
ORD16781,CUST2286,2026-02-16,Cancelled,UPI,316.73
ORD16782,CUST1702,2025-01-05,Delivered,Debit Card,448.64
ORD16783,CUST2902,2025-06-08,Delivered,Net Banking,359.25
ORD16784,CUST2910,2024-09-06,Delivered,Cash on Delivery,446.42
ORD16785,CUST2965,2024-06-08,Delivered,Cash on Delivery,201.35
ORD16786,CUST1574,2025-05-18,Delivered,UPI,172.4
ORD16787,CUST1999,2024-06-25,Returned,Net Banking,433.07
ORD16788,CUST1891,2025-12-09,Shipped,Credit Card,227.35
ORD16789,CUST1011,2025-12-20,Delivered,Credit Card,369.36
ORD16790,CUST1140,2024-12-22,Delivered,Cash on Delivery,116.49
ORD16791,CUST2789,2025-06-10,Delivered,Net Banking,390.13
ORD16792,CUST2578,2025-07-04,Delivered,Net Banking,297.04
ORD16793,CUST1016,2026-02-13,Delivered,UPI,170.88
ORD16794,CUST2086,2025-07-05,Cancelled,Credit Card,272.53
ORD16795,CUST1252,2025-03-29,Delivered,UPI,363.62
ORD16796,CUST1464,2025-10-20,Cancelled,Debit Card,55.35
ORD16797,CUST1375,2026-02-18,Delivered,Net Banking,336.86
ORD16798,CUST2827,2026-02-26,Delivered,Credit Card,293.72
ORD16799,CUST1980,2024-10-02,Delivered,UPI,149.13
ORD16800,CUST1519,2025-09-20,Delivered,Cash on Delivery,388.84
ORD16801,CUST2860,2024-05-24,Delivered,Debit Card,186.56
ORD16802,CUST1089,2025-04-27,Returned,UPI,174.59
ORD16803,CUST1719,2026-01-24,Delivered,Cash on Delivery,262.05
ORD16804,CUST1803,2025-08-12,Returned,Credit Card,354.27
ORD16805,CUST1795,2025-02-28,Delivered,Credit Card,467.98
ORD16806,CUST1629,2025-01-30,Delivered,Debit Card,113.61
ORD16807,CUST2884,2025-02-23,Delivered,Cash on Delivery,228.41
ORD16808,CUST2198,2024-11-28,Delivered,Net Banking,80.15
ORD16809,CUST1075,2026-01-06,Delivered,Credit Card,391.35
ORD16810,CUST2636,2025-02-07,Delivered,Net Banking,251.48
ORD16811,CUST1925,2025-05-28,Delivered,Net Banking,368.12
ORD16812,CUST2686,2025-11-09,Delivered,UPI,194.99
ORD16813,CUST1399,2025-07-06,Delivered,UPI,429.94
ORD16814,CUST2805,2024-08-17,Delivered,Credit Card,290.67
ORD16815,CUST1969,2025-03-09,Delivered,Net Banking,474.62
ORD16816,CUST2094,2025-08-29,Shipped,UPI,85.47
ORD16817,CUST2203,2025-02-27,Delivered,Cash on Delivery,281.42
ORD16818,CUST2147,2025-05-24,Cancelled,Cash on Delivery,394.9
ORD16819,CUST2404,2025-08-19,Delivered,Cash on Delivery,320.07
ORD16820,CUST2316,2025-09-08,Cancelled,Cash on Delivery,60.44
ORD16821,CUST1796,2024-11-11,Delivered,Net Banking,487.55
ORD16822,CUST1194,2025-09-26,Shipped,Cash on Delivery,184.22
ORD16823,CUST2934,2024-07-26,Delivered,Net Banking,162.18
ORD16824,CUST1227,2024-10-05,Returned,Credit Card,268.55
ORD16825,CUST2454,2024-08-29,Delivered,Credit Card,293.97
ORD16826,CUST2965,2025-04-25,Delivered,Cash on Delivery,394.83
ORD16827,CUST2459,2025-07-27,Delivered,Cash on Delivery,226.97
ORD16828,CUST2810,2025-01-10,Delivered,Cash on Delivery,247.98
ORD16829,CUST1460,2025-06-24,Delivered,Credit Card,290.73
ORD16830,CUST1617,2024-08-23,Delivered,UPI,227.47
ORD16831,CUST2044,2024-05-14,Delivered,Credit Card,461.55
ORD16832,CUST1063,2024-12-09,Shipped,Cash on Delivery,433.06
ORD16833,CUST1164,2024-03-02,Delivered,UPI,254.74
ORD16834,CUST1026,2025-09-11,Returned,UPI,50.09
ORD16835,CUST2334,2025-05-03,Delivered,Debit Card,455.42
ORD16836,CUST2011,2025-09-30,Delivered,Net Banking,105.95
ORD16837,CUST1284,2024-04-22,Shipped,Cash on Delivery,160.03
ORD16838,CUST2683,2026-01-22,Returned,Net Banking,118.56
ORD16839,CUST1280,2025-07-06,Cancelled,Debit Card,130.92
ORD16840,CUST1837,2024-03-16,Delivered,Net Banking,411.29
ORD16841,CUST1830,2025-10-29,Delivered,Cash on Delivery,310.78
ORD16842,CUST2187,2025-01-29,Delivered,Debit Card,480.24
ORD16843,CUST2921,2025-11-01,Delivered,Net Banking,154.15
ORD16844,CUST1917,2025-04-25,Delivered,Credit Card,268.54
ORD16845,CUST1223,2025-08-23,Returned,UPI,489.84
ORD16846,CUST1783,2025-05-06,Returned,Debit Card,421.9
ORD16847,CUST2169,2024-10-26,Delivered,Credit Card,377.88
ORD16848,CUST1964,2025-09-26,Delivered,Cash on Delivery,135.04
ORD16849,CUST1949,2024-04-23,Returned,UPI,396.23
ORD16850,CUST2891,2025-02-07,Delivered,Debit Card,206.4
ORD16851,CUST2053,2024-12-10,Delivered,UPI,288.74
ORD16852,CUST1044,2024-04-27,Delivered,Debit Card,324.12
ORD16853,CUST2810,2024-07-08,Delivered,Debit Card,324.21
ORD16854,CUST1470,2025-04-05,Shipped,Net Banking,376.94
ORD16855,CUST1033,2025-10-29,Delivered,UPI,347.77
ORD16856,CUST1652,2025-07-28,Delivered,UPI,80.77
ORD16857,CUST2450,2025-07-27,Delivered,Credit Card,255.81
ORD16858,CUST1829,2025-11-24,Shipped,Cash on Delivery,348.81
ORD16859,CUST2909,2026-02-25,Returned,Credit Card,183.2
ORD16860,CUST1220,2025-08-13,Delivered,Net Banking,190.88
ORD16861,CUST2891,2025-11-13,Delivered,Debit Card,106.06
ORD16862,CUST1533,2025-03-17,Delivered,Net Banking,238.38
ORD16863,CUST1691,2024-08-22,Delivered,Net Banking,494.07
ORD16864,CUST2971,2025-11-06,Delivered,Credit Card,178.39
ORD16865,CUST2390,2024-08-12,Delivered,Debit Card,289.15
ORD16866,CUST1931,2025-12-18,Delivered,Cash on Delivery,384.46
ORD16867,CUST1840,2026-01-17,Delivered,Net Banking,56.07
ORD16868,CUST2766,2024-11-09,Delivered,Cash on Delivery,455.2
ORD16869,CUST2010,2025-10-19,Returned,Debit Card,223.95
ORD16870,CUST2938,2026-01-29,Delivered,Debit Card,441.1
ORD16871,CUST2573,2025-11-09,Delivered,Credit Card,67.53
ORD16872,CUST1581,2025-04-09,Shipped,UPI,115.55
ORD16873,CUST2139,2025-03-04,Delivered,Credit Card,195.14
ORD16874,CUST1238,2025-07-31,Cancelled,Cash on Delivery,205.46
ORD16875,CUST2358,2026-02-03,Delivered,Credit Card,431.51
ORD16876,CUST1440,2025-01-15,Delivered,Debit Card,55.04
ORD16877,CUST1147,2024-09-12,Cancelled,Net Banking,338.5
ORD16878,CUST2032,2024-04-20,Delivered,UPI,109.09
ORD16879,CUST2311,2025-01-31,Returned,Debit Card,420.45
ORD16880,CUST1387,2025-09-24,Delivered,Net Banking,400.36
ORD16881,CUST2073,2024-05-15,Delivered,Cash on Delivery,274.96
ORD16882,CUST2873,2025-12-24,Delivered,Cash on Delivery,145.71
ORD16883,CUST2540,2025-07-26,Delivered,Cash on Delivery,335.52
ORD16884,CUST1915,2026-02-16,Delivered,Credit Card,120.32
ORD16885,CUST2878,2025-08-25,Delivered,Cash on Delivery,135.51
ORD16886,CUST1637,2024-06-12,Delivered,Cash on Delivery,332.01
ORD16887,CUST2610,2024-10-30,Delivered,Credit Card,496.05
ORD16888,CUST2700,2025-11-21,Cancelled,Net Banking,450.98
ORD16889,CUST1277,2024-10-16,Delivered,Debit Card,316.9
ORD16890,CUST2977,2025-02-28,Shipped,UPI,292.34
ORD16891,CUST2859,2025-02-15,Delivered,Cash on Delivery,499.27
ORD16892,CUST1988,2025-01-07,Delivered,Cash on Delivery,296.33
ORD16893,CUST2323,2024-11-02,Cancelled,Cash on Delivery,239.05
ORD16894,CUST2825,2025-03-02,Delivered,Credit Card,459.3
ORD16895,CUST1588,2024-09-14,Delivered,Credit Card,155.38
ORD16896,CUST2833,2024-12-17,Delivered,Credit Card,93.89
ORD16897,CUST1648,2025-01-04,Delivered,UPI,335.34
ORD16898,CUST1617,2025-07-26,Delivered,Debit Card,93.13
ORD16899,CUST2630,2025-01-31,Shipped,Cash on Delivery,217.92
ORD16900,CUST1134,2025-01-18,Delivered,Net Banking,240.61
ORD16901,CUST1579,2024-05-17,Returned,Cash on Delivery,296.39
ORD16902,CUST2170,2024-04-16,Delivered,Cash on Delivery,496.25
ORD16903,CUST1489,2025-01-25,Delivered,Cash on Delivery,149.44
ORD16904,CUST1477,2024-08-28,Delivered,Cash on Delivery,219.09
ORD16905,CUST2182,2024-04-20,Returned,Debit Card,109.51
ORD16906,CUST1383,2024-12-12,Returned,Net Banking,323.43
ORD16907,CUST1162,2025-10-07,Delivered,Credit Card,377.45
ORD16908,CUST1440,2024-12-09,Delivered,Net Banking,266.93
ORD16909,CUST2876,2025-11-03,Delivered,Cash on Delivery,160.62
ORD16910,CUST2212,2024-12-20,Delivered,Net Banking,329.4
ORD16911,CUST1414,2025-12-28,Delivered,Cash on Delivery,292.62
ORD16912,CUST2362,2024-11-16,Returned,Net Banking,127.03
ORD16913,CUST2630,2025-04-02,Delivered,UPI,232.56
ORD16914,CUST2204,2024-11-27,Cancelled,Net Banking,245.84
ORD16915,CUST1287,2026-02-14,Delivered,Credit Card,492.18
ORD16916,CUST2857,2024-11-14,Delivered,Credit Card,432.18
ORD16917,CUST1186,2025-12-27,Delivered,Net Banking,380.47
ORD16918,CUST2907,2024-04-10,Cancelled,Net Banking,449.95
ORD16919,CUST2161,2025-11-03,Returned,Debit Card,380.97
ORD16920,CUST1129,2024-12-28,Delivered,Net Banking,456.53
ORD16921,CUST1193,2025-12-25,Delivered,Credit Card,74.55
ORD16922,CUST1315,2024-03-21,Delivered,UPI,255.23
ORD16923,CUST2808,2025-10-24,Delivered,Credit Card,386.1
ORD16924,CUST2887,2025-04-22,Delivered,Debit Card,312.48
ORD16925,CUST1143,2024-06-08,Cancelled,Net Banking,128.82
ORD16926,CUST1015,2025-12-23,Delivered,UPI,203.22
ORD16927,CUST2325,2025-04-27,Returned,Credit Card,193.0
ORD16928,CUST1422,2025-12-09,Delivered,UPI,167.61
ORD16929,CUST1244,2024-08-24,Delivered,Cash on Delivery,204.41
ORD16930,CUST1926,2025-11-03,Shipped,Credit Card,281.68
ORD16931,CUST2130,2024-08-10,Delivered,Cash on Delivery,434.69
ORD16932,CUST2111,2024-10-18,Shipped,UPI,383.91
ORD16933,CUST1128,2024-07-16,Delivered,Net Banking,425.86
ORD16934,CUST1906,2024-05-25,Delivered,Net Banking,447.62
ORD16935,CUST1886,2026-01-11,Returned,Net Banking,237.27
ORD16936,CUST1340,2024-08-15,Shipped,Cash on Delivery,205.71
ORD16937,CUST1003,2025-07-11,Delivered,Net Banking,75.93
ORD16938,CUST2350,2025-06-08,Delivered,Debit Card,468.72
ORD16939,CUST2433,2025-07-23,Cancelled,Credit Card,79.62
ORD16940,CUST2902,2024-11-22,Returned,Credit Card,383.51
ORD16941,CUST1305,2025-06-28,Delivered,UPI,220.15
ORD16942,CUST1907,2025-02-07,Returned,Cash on Delivery,476.95
ORD16943,CUST1606,2024-07-20,Delivered,Credit Card,238.82
ORD16944,CUST2744,2025-08-16,Delivered,Cash on Delivery,417.47
ORD16945,CUST2248,2024-09-14,Delivered,UPI,177.19
ORD16946,CUST2994,2025-07-16,Delivered,Net Banking,184.59
ORD16947,CUST2371,2025-07-14,Shipped,UPI,317.98
ORD16948,CUST1991,2025-07-17,Delivered,Debit Card,499.09
ORD16949,CUST1320,2024-10-17,Shipped,Net Banking,282.91
ORD16950,CUST1558,2024-09-01,Delivered,Net Banking,471.34
ORD16951,CUST2204,2025-08-06,Cancelled,Net Banking,403.81
ORD16952,CUST1617,2024-02-27,Returned,UPI,408.14
ORD16953,CUST1710,2024-12-27,Delivered,Debit Card,246.18
ORD16954,CUST2409,2024-03-30,Delivered,Cash on Delivery,223.94
ORD16955,CUST2641,2025-03-03,Delivered,UPI,136.36
ORD16956,CUST2815,2025-07-10,Returned,Credit Card,483.77
ORD16957,CUST2795,2024-02-28,Returned,Credit Card,481.73
ORD16958,CUST2131,2025-02-27,Delivered,UPI,386.18
ORD16959,CUST1530,2025-03-07,Returned,Cash on Delivery,183.31
ORD16960,CUST1409,2025-09-08,Delivered,Credit Card,160.33
ORD16961,CUST2994,2024-12-02,Delivered,Cash on Delivery,494.87
ORD16962,CUST2319,2024-03-08,Returned,Net Banking,79.94
ORD16963,CUST1817,2025-02-18,Delivered,UPI,429.6
ORD16964,CUST2194,2024-07-30,Returned,Net Banking,209.96
ORD16965,CUST2354,2025-11-13,Delivered,Credit Card,238.49
ORD16966,CUST1492,2025-09-22,Delivered,Cash on Delivery,424.39
ORD16967,CUST2218,2025-03-23,Delivered,Net Banking,90.77
ORD16968,CUST1011,2025-12-07,Delivered,Credit Card,209.38
ORD16969,CUST1194,2024-12-04,Cancelled,Debit Card,478.41
ORD16970,CUST1489,2024-09-10,Delivered,Net Banking,364.58
ORD16971,CUST1794,2024-11-02,Delivered,Debit Card,389.72
ORD16972,CUST1880,2024-05-19,Delivered,Debit Card,390.88
ORD16973,CUST1181,2026-01-18,Delivered,Credit Card,77.26
ORD16974,CUST1961,2025-05-11,Cancelled,UPI,141.44
ORD16975,CUST2840,2024-08-02,Delivered,Cash on Delivery,271.07
ORD16976,CUST1655,2024-09-18,Delivered,Credit Card,215.67
ORD16977,CUST2921,2024-09-13,Shipped,Net Banking,234.91
ORD16978,CUST2339,2025-11-16,Delivered,Cash on Delivery,401.65
ORD16979,CUST1693,2024-07-12,Returned,UPI,56.61
ORD16980,CUST1029,2025-01-19,Delivered,Credit Card,347.22
ORD16981,CUST2619,2025-10-13,Delivered,UPI,50.05
ORD16982,CUST2701,2025-03-12,Returned,Net Banking,78.38
ORD16983,CUST2819,2025-04-27,Cancelled,Credit Card,233.73
ORD16984,CUST2816,2024-05-30,Delivered,Net Banking,428.43
ORD16985,CUST2119,2025-03-18,Delivered,Cash on Delivery,115.25
ORD16986,CUST2404,2025-12-08,Delivered,Cash on Delivery,299.58
ORD16987,CUST1777,2025-04-25,Delivered,UPI,355.33
ORD16988,CUST1443,2025-09-09,Cancelled,UPI,153.29
ORD16989,CUST1297,2024-06-12,Delivered,Cash on Delivery,280.55
ORD16990,CUST1807,2025-12-22,Delivered,Debit Card,460.13
ORD16991,CUST2760,2025-08-29,Returned,Cash on Delivery,280.5
ORD16992,CUST1844,2025-03-09,Delivered,Credit Card,120.8
ORD16993,CUST2015,2025-10-24,Delivered,Net Banking,332.52
ORD16994,CUST2384,2024-10-08,Returned,Cash on Delivery,316.49
ORD16995,CUST2397,2025-06-30,Cancelled,Cash on Delivery,62.13
ORD16996,CUST1553,2026-01-26,Delivered,Net Banking,90.77
ORD16997,CUST1302,2024-04-17,Delivered,Net Banking,120.55
ORD16998,CUST1420,2024-06-23,Delivered,Credit Card,111.33
ORD16999,CUST2269,2025-03-12,Delivered,Net Banking,166.76
ORD17000,CUST2743,2025-06-08,Delivered,UPI,254.35
ORD17001,CUST2260,2025-03-05,Returned,Cash on Delivery,217.27
ORD17002,CUST2557,2025-03-04,Shipped,Net Banking,450.79
ORD17003,CUST1184,2025-05-12,Returned,Credit Card,325.45
ORD17004,CUST1467,2025-03-14,Delivered,Net Banking,444.26
ORD17005,CUST1753,2025-02-06,Cancelled,Cash on Delivery,287.17
ORD17006,CUST1362,2024-03-21,Delivered,Debit Card,90.44
ORD17007,CUST2306,2025-10-06,Delivered,Net Banking,258.48
ORD17008,CUST2576,2025-09-03,Delivered,UPI,419.91
ORD17009,CUST1335,2025-05-22,Delivered,Cash on Delivery,137.35
ORD17010,CUST1161,2026-02-04,Shipped,Credit Card,91.05
ORD17011,CUST2183,2024-09-19,Delivered,Cash on Delivery,198.25
ORD17012,CUST2497,2024-06-06,Delivered,Debit Card,225.0
ORD17013,CUST2624,2024-09-14,Shipped,Credit Card,187.82
ORD17014,CUST2345,2024-04-29,Delivered,Debit Card,110.86
ORD17015,CUST1011,2025-03-10,Cancelled,Debit Card,162.88
ORD17016,CUST2447,2025-01-02,Delivered,UPI,357.03
ORD17017,CUST2096,2025-07-14,Delivered,Net Banking,223.67
ORD17018,CUST1587,2024-07-28,Shipped,UPI,334.65
ORD17019,CUST2881,2024-06-18,Delivered,UPI,291.34
ORD17020,CUST1200,2024-08-07,Delivered,UPI,297.07
ORD17021,CUST1521,2025-10-26,Delivered,Credit Card,161.85
ORD17022,CUST2887,2024-08-20,Delivered,Net Banking,284.69
ORD17023,CUST1504,2024-10-17,Delivered,Net Banking,60.62
ORD17024,CUST2761,2024-03-16,Delivered,Credit Card,244.28
ORD17025,CUST2711,2024-09-26,Delivered,UPI,307.68
ORD17026,CUST1787,2025-08-30,Cancelled,UPI,131.9
ORD17027,CUST2062,2025-02-20,Delivered,Debit Card,165.45
ORD17028,CUST1059,2025-02-09,Delivered,Debit Card,148.79
ORD17029,CUST1577,2024-11-21,Delivered,Cash on Delivery,81.75
ORD17030,CUST1320,2024-04-19,Shipped,Debit Card,206.54
ORD17031,CUST2458,2026-01-22,Shipped,Net Banking,490.53
ORD17032,CUST2659,2025-01-13,Cancelled,Credit Card,209.25
ORD17033,CUST2699,2024-03-24,Returned,UPI,257.24
ORD17034,CUST2431,2025-02-20,Delivered,Cash on Delivery,343.89
ORD17035,CUST1922,2025-06-11,Delivered,Debit Card,341.82
ORD17036,CUST2409,2025-02-16,Delivered,Cash on Delivery,477.45
ORD17037,CUST2694,2025-08-14,Delivered,Credit Card,435.9
ORD17038,CUST1568,2025-08-14,Delivered,Credit Card,407.28
ORD17039,CUST2101,2025-08-07,Delivered,Cash on Delivery,478.23
ORD17040,CUST2217,2025-04-04,Shipped,Cash on Delivery,153.84
ORD17041,CUST2308,2025-05-08,Returned,Cash on Delivery,327.67
ORD17042,CUST1526,2025-09-15,Delivered,UPI,449.24
ORD17043,CUST1523,2025-05-18,Cancelled,Net Banking,330.86
ORD17044,CUST1612,2024-12-28,Delivered,Debit Card,489.84
ORD17045,CUST2179,2024-06-22,Delivered,Debit Card,95.16
ORD17046,CUST2363,2025-06-23,Delivered,Debit Card,247.7
ORD17047,CUST1124,2025-12-24,Delivered,Cash on Delivery,489.81
ORD17048,CUST1870,2024-06-05,Delivered,Cash on Delivery,220.81
ORD17049,CUST1279,2025-05-02,Returned,Cash on Delivery,382.8
ORD17050,CUST1916,2024-12-10,Delivered,UPI,63.68
ORD17051,CUST2929,2026-02-10,Delivered,UPI,362.68
ORD17052,CUST1621,2024-10-31,Delivered,UPI,470.58
ORD17053,CUST1845,2024-10-12,Delivered,UPI,222.22
ORD17054,CUST2892,2025-02-21,Returned,Credit Card,59.58
ORD17055,CUST2681,2024-09-03,Delivered,UPI,62.56
ORD17056,CUST2751,2024-04-12,Shipped,UPI,451.41
ORD17057,CUST2933,2025-04-02,Shipped,UPI,375.13
ORD17058,CUST1673,2025-10-10,Delivered,Debit Card,98.01
ORD17059,CUST2151,2025-01-21,Delivered,Debit Card,74.57
ORD17060,CUST1313,2025-12-18,Returned,Debit Card,412.17
ORD17061,CUST1331,2026-01-23,Shipped,Net Banking,414.44
ORD17062,CUST2173,2025-02-16,Delivered,Credit Card,104.23
ORD17063,CUST2477,2025-08-08,Cancelled,Cash on Delivery,185.68
ORD17064,CUST1035,2025-05-14,Cancelled,UPI,401.01
ORD17065,CUST2708,2024-04-13,Delivered,Debit Card,286.44
ORD17066,CUST2443,2025-08-03,Delivered,Credit Card,480.46
ORD17067,CUST2045,2025-12-23,Returned,UPI,266.48
ORD17068,CUST1205,2026-02-06,Delivered,Net Banking,354.63
ORD17069,CUST1638,2025-06-28,Delivered,Cash on Delivery,279.4
ORD17070,CUST1847,2024-04-13,Delivered,UPI,474.33
ORD17071,CUST2980,2026-02-26,Delivered,Cash on Delivery,229.4
ORD17072,CUST2379,2024-09-27,Delivered,UPI,153.41
ORD17073,CUST1439,2025-03-24,Shipped,Net Banking,196.99
ORD17074,CUST1728,2025-12-30,Delivered,Credit Card,433.75
ORD17075,CUST2119,2025-09-22,Delivered,Cash on Delivery,274.07
ORD17076,CUST2952,2024-03-01,Delivered,Cash on Delivery,209.41
ORD17077,CUST1940,2025-01-23,Delivered,Credit Card,294.92
ORD17078,CUST1163,2024-05-22,Delivered,Cash on Delivery,109.95
ORD17079,CUST1147,2025-11-08,Delivered,Debit Card,52.41
ORD17080,CUST2553,2024-05-13,Delivered,Credit Card,176.26
ORD17081,CUST1293,2025-07-29,Delivered,Net Banking,322.25
ORD17082,CUST1194,2025-12-04,Delivered,UPI,370.26
ORD17083,CUST1662,2026-01-26,Delivered,UPI,421.97
ORD17084,CUST1479,2024-03-22,Shipped,Credit Card,467.0
ORD17085,CUST2900,2025-05-01,Delivered,Debit Card,235.45
ORD17086,CUST1122,2025-12-13,Delivered,Net Banking,383.23
ORD17087,CUST2423,2024-04-08,Cancelled,UPI,83.6
ORD17088,CUST1698,2024-03-16,Delivered,UPI,75.89
ORD17089,CUST1964,2024-12-19,Delivered,Debit Card,106.16
ORD17090,CUST2475,2024-11-28,Delivered,Cash on Delivery,251.86
ORD17091,CUST1660,2025-11-13,Delivered,Credit Card,145.08
ORD17092,CUST2127,2024-07-26,Cancelled,Debit Card,179.12
ORD17093,CUST2778,2025-09-10,Shipped,Debit Card,341.55
ORD17094,CUST2485,2025-03-19,Delivered,Debit Card,211.33
ORD17095,CUST2766,2024-05-22,Delivered,Debit Card,300.82
ORD17096,CUST2741,2024-07-29,Delivered,Cash on Delivery,235.58
ORD17097,CUST1709,2025-01-31,Shipped,Net Banking,126.04
ORD17098,CUST1395,2024-11-28,Shipped,Debit Card,83.31
ORD17099,CUST1911,2025-06-28,Delivered,Debit Card,156.3
ORD17100,CUST2360,2025-06-27,Delivered,Credit Card,75.97
ORD17101,CUST2004,2024-10-16,Delivered,UPI,328.38
ORD17102,CUST2622,2025-05-04,Delivered,Cash on Delivery,408.07
ORD17103,CUST2165,2025-09-09,Delivered,Debit Card,202.88
ORD17104,CUST1316,2024-06-01,Delivered,Net Banking,224.2
ORD17105,CUST2734,2024-10-19,Delivered,Net Banking,417.29
ORD17106,CUST2581,2025-04-25,Shipped,Net Banking,150.18
ORD17107,CUST2823,2024-10-10,Shipped,Credit Card,103.62
ORD17108,CUST2550,2025-06-21,Delivered,Net Banking,275.5
ORD17109,CUST2579,2025-03-01,Delivered,Credit Card,340.79
ORD17110,CUST2424,2025-07-17,Returned,Cash on Delivery,319.84
ORD17111,CUST1680,2025-11-23,Delivered,Net Banking,371.24
ORD17112,CUST2333,2025-04-14,Delivered,UPI,75.54
ORD17113,CUST1494,2024-08-22,Delivered,Debit Card,242.69
ORD17114,CUST1555,2025-07-05,Delivered,Cash on Delivery,157.36
ORD17115,CUST1609,2026-01-31,Delivered,UPI,391.6
ORD17116,CUST2796,2025-09-05,Delivered,Cash on Delivery,442.73
ORD17117,CUST1108,2024-03-29,Delivered,Net Banking,176.6
ORD17118,CUST2818,2025-05-27,Delivered,Cash on Delivery,92.85
ORD17119,CUST1371,2024-02-28,Delivered,Cash on Delivery,164.04
ORD17120,CUST1854,2024-09-05,Delivered,Cash on Delivery,96.8
ORD17121,CUST1615,2025-06-23,Returned,Credit Card,195.09
ORD17122,CUST1767,2024-05-21,Delivered,UPI,292.19
ORD17123,CUST2914,2025-09-09,Delivered,Net Banking,488.16
ORD17124,CUST1205,2024-12-02,Delivered,Debit Card,229.72
ORD17125,CUST1846,2024-10-25,Delivered,Net Banking,149.02
ORD17126,CUST1042,2026-01-01,Delivered,Net Banking,125.06
ORD17127,CUST1864,2024-07-26,Cancelled,Credit Card,127.87
ORD17128,CUST2268,2025-03-16,Delivered,Credit Card,136.67
ORD17129,CUST2310,2024-10-08,Delivered,Cash on Delivery,393.02
ORD17130,CUST2378,2026-02-09,Cancelled,Net Banking,77.46
ORD17131,CUST1784,2024-09-19,Delivered,UPI,498.83
ORD17132,CUST1475,2025-02-24,Delivered,Credit Card,285.21
ORD17133,CUST1082,2024-03-11,Delivered,Credit Card,294.92
ORD17134,CUST2133,2024-08-03,Delivered,UPI,210.9
ORD17135,CUST2973,2025-06-29,Cancelled,Credit Card,360.61
ORD17136,CUST1189,2025-03-09,Delivered,UPI,262.16
ORD17137,CUST1799,2025-06-19,Delivered,Debit Card,198.08
ORD17138,CUST1935,2025-11-15,Cancelled,UPI,169.31
ORD17139,CUST2932,2024-10-17,Delivered,Debit Card,466.54
ORD17140,CUST1250,2025-07-19,Delivered,Cash on Delivery,180.95
ORD17141,CUST2747,2024-04-19,Delivered,Cash on Delivery,246.38
ORD17142,CUST1290,2025-02-25,Delivered,Credit Card,207.65
ORD17143,CUST2668,2024-12-14,Shipped,UPI,88.78
ORD17144,CUST2224,2025-08-18,Returned,Credit Card,133.67
ORD17145,CUST2820,2025-09-07,Delivered,UPI,135.28
ORD17146,CUST1325,2024-06-10,Delivered,Credit Card,362.14
ORD17147,CUST2534,2024-12-30,Delivered,Cash on Delivery,232.96
ORD17148,CUST2432,2024-03-03,Delivered,Cash on Delivery,401.89
ORD17149,CUST2630,2024-06-09,Delivered,Credit Card,369.03
ORD17150,CUST2813,2024-04-26,Delivered,UPI,136.42
ORD17151,CUST2985,2024-12-31,Returned,Net Banking,303.31
ORD17152,CUST2964,2024-07-03,Cancelled,UPI,384.31
ORD17153,CUST1836,2025-08-28,Delivered,Credit Card,334.87
ORD17154,CUST1507,2026-01-23,Delivered,UPI,320.01
ORD17155,CUST1730,2024-10-21,Delivered,Debit Card,382.82
ORD17156,CUST2624,2025-05-29,Returned,UPI,75.55
ORD17157,CUST1071,2024-09-08,Returned,Cash on Delivery,379.14
ORD17158,CUST2270,2024-08-28,Shipped,Cash on Delivery,172.69
ORD17159,CUST1640,2025-07-09,Delivered,Debit Card,307.34
ORD17160,CUST2747,2025-04-13,Delivered,UPI,159.04
ORD17161,CUST1939,2024-08-02,Delivered,Net Banking,427.47
ORD17162,CUST2878,2024-10-19,Delivered,UPI,266.25
ORD17163,CUST1607,2025-04-21,Delivered,Cash on Delivery,339.32
ORD17164,CUST2610,2025-04-09,Delivered,Cash on Delivery,407.34
ORD17165,CUST2958,2024-07-28,Delivered,Credit Card,452.89
ORD17166,CUST1565,2025-12-16,Delivered,Cash on Delivery,379.43
ORD17167,CUST2367,2025-04-20,Delivered,Credit Card,116.95
ORD17168,CUST2994,2025-04-16,Delivered,Cash on Delivery,434.54
ORD17169,CUST2948,2025-05-11,Delivered,Cash on Delivery,328.36
ORD17170,CUST1053,2025-08-17,Delivered,Net Banking,324.25
ORD17171,CUST2753,2025-11-03,Delivered,Credit Card,464.6
ORD17172,CUST1527,2025-08-15,Delivered,Credit Card,161.97
ORD17173,CUST1610,2025-09-29,Delivered,Cash on Delivery,157.81
ORD17174,CUST2555,2024-08-03,Shipped,Credit Card,280.94
ORD17175,CUST2581,2025-01-05,Delivered,Cash on Delivery,387.89
ORD17176,CUST2986,2024-10-30,Delivered,Cash on Delivery,251.26
ORD17177,CUST1192,2024-08-20,Delivered,UPI,335.25
ORD17178,CUST2918,2025-07-11,Returned,Credit Card,253.64
ORD17179,CUST1057,2025-11-16,Delivered,Debit Card,324.67
ORD17180,CUST2460,2024-12-27,Delivered,Credit Card,420.02
ORD17181,CUST2134,2024-04-23,Delivered,Credit Card,131.21
ORD17182,CUST1128,2024-10-14,Cancelled,Net Banking,362.92
ORD17183,CUST2872,2024-05-12,Cancelled,Debit Card,404.34
ORD17184,CUST1705,2024-08-01,Delivered,Debit Card,251.2
ORD17185,CUST2948,2024-08-19,Returned,Net Banking,195.46
ORD17186,CUST1851,2025-02-06,Returned,Net Banking,56.09
ORD17187,CUST2349,2024-06-12,Delivered,Credit Card,408.7
ORD17188,CUST1007,2024-08-02,Delivered,UPI,197.57
ORD17189,CUST1028,2024-06-16,Delivered,Net Banking,210.79
ORD17190,CUST2135,2025-11-23,Returned,Debit Card,201.2
ORD17191,CUST1946,2024-10-30,Delivered,Debit Card,274.43
ORD17192,CUST2696,2025-10-13,Shipped,Credit Card,366.12
ORD17193,CUST1130,2024-07-03,Delivered,UPI,397.34
ORD17194,CUST1187,2025-08-14,Delivered,Cash on Delivery,226.66
ORD17195,CUST2698,2025-07-25,Returned,Net Banking,348.4
ORD17196,CUST1708,2025-05-15,Delivered,Net Banking,374.31
ORD17197,CUST2498,2024-10-16,Delivered,Credit Card,183.61
ORD17198,CUST2387,2024-12-21,Delivered,UPI,93.48
ORD17199,CUST2227,2024-04-24,Delivered,Debit Card,452.6
ORD17200,CUST1211,2024-07-22,Delivered,Debit Card,354.7
ORD17201,CUST2644,2024-04-15,Delivered,Cash on Delivery,341.65
ORD17202,CUST1275,2025-05-10,Delivered,Debit Card,76.51
ORD17203,CUST2096,2024-12-16,Shipped,Net Banking,418.04
ORD17204,CUST2702,2025-11-06,Shipped,Cash on Delivery,304.72
ORD17205,CUST2795,2024-06-29,Delivered,UPI,431.55
ORD17206,CUST1242,2024-04-11,Cancelled,Cash on Delivery,488.55
ORD17207,CUST2810,2024-03-08,Delivered,UPI,480.7
ORD17208,CUST2125,2024-05-12,Delivered,Debit Card,435.24
ORD17209,CUST1986,2025-11-16,Delivered,Credit Card,54.93
ORD17210,CUST1684,2025-09-23,Shipped,Cash on Delivery,448.58
ORD17211,CUST1170,2024-05-08,Shipped,Cash on Delivery,83.78
ORD17212,CUST1652,2026-02-24,Delivered,Net Banking,433.04
ORD17213,CUST2932,2024-06-18,Delivered,Net Banking,176.08
ORD17214,CUST1187,2024-08-11,Delivered,UPI,324.53
ORD17215,CUST2464,2025-04-18,Delivered,Credit Card,67.13
ORD17216,CUST2109,2025-04-30,Delivered,Net Banking,397.03
ORD17217,CUST2499,2024-12-14,Delivered,Net Banking,100.27
ORD17218,CUST1051,2025-07-13,Cancelled,Debit Card,234.81
ORD17219,CUST1110,2024-09-19,Delivered,Debit Card,417.85
ORD17220,CUST2972,2025-11-10,Shipped,Net Banking,362.91
ORD17221,CUST1876,2024-10-24,Delivered,UPI,52.72
ORD17222,CUST2877,2024-04-19,Delivered,Credit Card,231.36
ORD17223,CUST2066,2025-05-16,Cancelled,Net Banking,68.87
ORD17224,CUST1210,2024-05-19,Returned,UPI,353.07
ORD17225,CUST2991,2025-04-03,Delivered,UPI,486.03
ORD17226,CUST2223,2026-02-03,Delivered,Net Banking,344.87
ORD17227,CUST2833,2025-07-27,Shipped,UPI,150.97
ORD17228,CUST1857,2024-04-25,Delivered,Cash on Delivery,209.85
ORD17229,CUST2775,2025-05-10,Delivered,UPI,489.49
ORD17230,CUST1626,2024-11-13,Delivered,Net Banking,150.82
ORD17231,CUST2049,2025-06-13,Returned,UPI,302.69
ORD17232,CUST2942,2025-07-07,Cancelled,Net Banking,230.2
ORD17233,CUST1298,2025-05-15,Shipped,Debit Card,395.74
ORD17234,CUST2100,2024-10-15,Delivered,Net Banking,440.33
ORD17235,CUST1923,2025-07-04,Delivered,UPI,203.38
ORD17236,CUST1136,2024-12-14,Delivered,Net Banking,347.18
ORD17237,CUST2043,2025-12-07,Cancelled,Credit Card,297.07
ORD17238,CUST1439,2026-02-15,Delivered,Net Banking,175.3
ORD17239,CUST1210,2024-12-01,Delivered,Net Banking,172.37
ORD17240,CUST1751,2024-10-21,Delivered,Credit Card,292.38
ORD17241,CUST2574,2025-08-06,Delivered,Credit Card,119.3
ORD17242,CUST1434,2025-12-10,Returned,Credit Card,414.86
ORD17243,CUST1779,2025-12-28,Delivered,Cash on Delivery,81.05
ORD17244,CUST2230,2025-07-12,Shipped,Net Banking,92.56
ORD17245,CUST1438,2025-09-02,Delivered,Credit Card,204.0
ORD17246,CUST2997,2024-04-21,Shipped,Credit Card,103.14
ORD17247,CUST2802,2025-12-17,Returned,Debit Card,264.07
ORD17248,CUST1665,2026-02-11,Delivered,Cash on Delivery,229.85
ORD17249,CUST2065,2024-09-24,Shipped,Net Banking,374.81
ORD17250,CUST1410,2025-10-28,Delivered,UPI,478.85
ORD17251,CUST2546,2024-11-25,Returned,Cash on Delivery,389.1
ORD17252,CUST1805,2024-11-02,Returned,Cash on Delivery,130.75
ORD17253,CUST1609,2024-11-16,Cancelled,Debit Card,470.98
ORD17254,CUST1426,2024-06-12,Delivered,Net Banking,226.46
ORD17255,CUST2298,2025-09-12,Delivered,Net Banking,263.39
ORD17256,CUST2471,2024-05-31,Delivered,Credit Card,239.71
ORD17257,CUST1901,2025-01-26,Delivered,Credit Card,176.25
ORD17258,CUST1941,2024-12-20,Cancelled,Cash on Delivery,452.77
ORD17259,CUST2907,2024-07-23,Cancelled,Debit Card,199.51
ORD17260,CUST1741,2024-10-26,Shipped,Net Banking,310.37
ORD17261,CUST2392,2024-09-27,Delivered,Debit Card,158.02
ORD17262,CUST2961,2025-04-16,Returned,UPI,408.82
ORD17263,CUST2243,2025-09-09,Shipped,Net Banking,398.39
ORD17264,CUST2600,2024-11-12,Cancelled,Credit Card,183.34
ORD17265,CUST2890,2024-05-10,Delivered,Cash on Delivery,356.7
ORD17266,CUST2255,2024-06-12,Delivered,Debit Card,366.74
ORD17267,CUST1327,2024-07-04,Delivered,Credit Card,303.13
ORD17268,CUST2466,2025-06-13,Delivered,Cash on Delivery,320.27
ORD17269,CUST1051,2024-11-03,Delivered,Credit Card,308.5
ORD17270,CUST2909,2025-03-09,Shipped,Net Banking,86.84
ORD17271,CUST2966,2025-12-14,Delivered,Debit Card,351.62
ORD17272,CUST1375,2025-04-04,Delivered,UPI,261.4
ORD17273,CUST1262,2024-03-19,Delivered,Credit Card,247.31
ORD17274,CUST1266,2024-07-14,Returned,Debit Card,437.0
ORD17275,CUST1358,2024-04-01,Shipped,Net Banking,60.45
ORD17276,CUST2340,2025-10-07,Returned,Credit Card,163.09
ORD17277,CUST2347,2025-12-01,Delivered,Net Banking,104.63
ORD17278,CUST2944,2025-05-04,Delivered,UPI,65.9
ORD17279,CUST2931,2024-04-16,Returned,UPI,174.05
ORD17280,CUST2689,2024-06-20,Delivered,Cash on Delivery,494.81
ORD17281,CUST2893,2026-01-08,Delivered,Cash on Delivery,171.6
ORD17282,CUST2901,2025-05-20,Delivered,Cash on Delivery,348.67
ORD17283,CUST1651,2024-03-19,Delivered,Net Banking,103.23
ORD17284,CUST2962,2024-06-20,Cancelled,Cash on Delivery,320.83
ORD17285,CUST2586,2024-11-16,Delivered,Debit Card,493.02
ORD17286,CUST2652,2025-05-14,Delivered,Net Banking,181.33
ORD17287,CUST2444,2024-11-01,Delivered,Net Banking,431.63
ORD17288,CUST1045,2025-08-29,Delivered,Cash on Delivery,498.91
ORD17289,CUST2844,2025-03-29,Delivered,Cash on Delivery,314.85
ORD17290,CUST1599,2025-11-02,Delivered,Net Banking,189.23
ORD17291,CUST1719,2025-02-25,Delivered,UPI,353.09
ORD17292,CUST2912,2025-04-26,Delivered,UPI,430.18
ORD17293,CUST2292,2025-01-19,Delivered,Cash on Delivery,127.11
ORD17294,CUST1600,2024-12-21,Delivered,UPI,253.63
ORD17295,CUST1380,2024-03-04,Delivered,Debit Card,193.63
ORD17296,CUST1117,2024-06-04,Delivered,Debit Card,177.51
ORD17297,CUST2589,2025-01-18,Returned,Debit Card,437.37
ORD17298,CUST2976,2025-03-17,Delivered,Net Banking,239.74
ORD17299,CUST1115,2024-08-23,Delivered,Net Banking,202.58
ORD17300,CUST2653,2024-08-10,Delivered,Net Banking,321.58
ORD17301,CUST1259,2025-10-14,Shipped,Net Banking,148.73
ORD17302,CUST2098,2025-11-27,Delivered,Net Banking,153.45
ORD17303,CUST2503,2024-05-19,Delivered,Cash on Delivery,284.13
ORD17304,CUST1304,2024-06-26,Cancelled,UPI,234.17
ORD17305,CUST1006,2025-07-22,Cancelled,Cash on Delivery,182.74
ORD17306,CUST1365,2026-01-11,Cancelled,UPI,74.28
ORD17307,CUST2657,2025-09-26,Delivered,Cash on Delivery,284.35
ORD17308,CUST1522,2024-11-14,Delivered,Debit Card,417.47
ORD17309,CUST2371,2025-07-30,Delivered,Credit Card,433.12
ORD17310,CUST2461,2025-12-04,Shipped,Net Banking,155.95
ORD17311,CUST2238,2024-07-09,Delivered,Credit Card,319.84
ORD17312,CUST1428,2025-01-30,Delivered,Credit Card,435.15
ORD17313,CUST1790,2025-03-06,Shipped,Debit Card,233.93
ORD17314,CUST2521,2026-02-10,Shipped,Credit Card,469.46
ORD17315,CUST2563,2024-09-29,Shipped,Credit Card,456.34
ORD17316,CUST1746,2025-04-14,Returned,Debit Card,143.66
ORD17317,CUST1366,2024-12-01,Shipped,UPI,166.53
ORD17318,CUST1312,2024-08-31,Delivered,Cash on Delivery,131.2
ORD17319,CUST1537,2025-01-31,Returned,Credit Card,138.22
ORD17320,CUST1920,2025-06-03,Returned,Net Banking,458.54
ORD17321,CUST2077,2024-03-22,Delivered,Debit Card,469.01
ORD17322,CUST2564,2024-12-17,Delivered,Credit Card,73.35
ORD17323,CUST2490,2025-04-16,Shipped,UPI,317.12
ORD17324,CUST1864,2024-05-19,Delivered,UPI,303.9
ORD17325,CUST2187,2025-05-12,Returned,Net Banking,225.75
ORD17326,CUST1781,2024-10-05,Delivered,Credit Card,334.26
ORD17327,CUST1333,2024-05-06,Delivered,Net Banking,476.32
ORD17328,CUST2570,2024-06-23,Delivered,UPI,126.61
ORD17329,CUST1797,2025-07-02,Delivered,UPI,104.18
ORD17330,CUST1347,2026-02-26,Delivered,Cash on Delivery,65.03
ORD17331,CUST1272,2024-12-03,Delivered,UPI,213.72
ORD17332,CUST1962,2025-11-04,Delivered,Debit Card,201.93
ORD17333,CUST1719,2024-11-15,Delivered,Cash on Delivery,243.87
ORD17334,CUST2773,2024-11-03,Delivered,Net Banking,276.49
ORD17335,CUST2437,2025-09-25,Delivered,UPI,391.02
ORD17336,CUST1499,2024-05-20,Cancelled,Debit Card,226.45
ORD17337,CUST2116,2025-04-23,Delivered,Cash on Delivery,198.78
ORD17338,CUST1684,2025-05-04,Delivered,Debit Card,422.1
ORD17339,CUST1078,2025-10-17,Delivered,Cash on Delivery,432.41
ORD17340,CUST1621,2025-02-08,Delivered,Cash on Delivery,154.74
ORD17341,CUST2240,2025-10-06,Delivered,Cash on Delivery,191.6
ORD17342,CUST1946,2025-11-26,Delivered,Net Banking,421.3
ORD17343,CUST1357,2025-11-15,Returned,Cash on Delivery,85.73
ORD17344,CUST1617,2024-03-14,Shipped,Cash on Delivery,196.63
ORD17345,CUST1506,2025-01-18,Returned,Debit Card,251.76
ORD17346,CUST2582,2025-04-24,Delivered,Cash on Delivery,134.18
ORD17347,CUST2204,2024-03-24,Delivered,Net Banking,130.96
ORD17348,CUST1575,2025-09-14,Delivered,Debit Card,241.19
ORD17349,CUST2269,2025-08-16,Cancelled,Cash on Delivery,389.53
ORD17350,CUST1243,2025-10-11,Shipped,Debit Card,428.1
ORD17351,CUST1505,2025-03-09,Delivered,Net Banking,490.66
ORD17352,CUST1421,2025-09-23,Delivered,Debit Card,83.29
ORD17353,CUST2343,2025-11-11,Delivered,Net Banking,147.51
ORD17354,CUST2110,2024-04-25,Returned,UPI,390.48
ORD17355,CUST1216,2024-04-17,Returned,Cash on Delivery,293.27
ORD17356,CUST2513,2025-09-20,Delivered,Net Banking,197.46
ORD17357,CUST2542,2024-10-21,Shipped,Cash on Delivery,142.52
ORD17358,CUST2301,2024-11-23,Delivered,Net Banking,176.21
ORD17359,CUST2872,2025-02-14,Shipped,Credit Card,243.18
ORD17360,CUST2745,2025-03-15,Shipped,Credit Card,129.72
ORD17361,CUST2008,2025-06-16,Returned,Credit Card,483.9
ORD17362,CUST2192,2024-09-11,Delivered,Net Banking,98.41
ORD17363,CUST1329,2024-05-12,Delivered,Cash on Delivery,493.51
ORD17364,CUST1649,2024-04-15,Delivered,Credit Card,428.85
ORD17365,CUST2464,2025-08-26,Delivered,Cash on Delivery,240.42
ORD17366,CUST1390,2025-10-11,Returned,Net Banking,382.92
ORD17367,CUST2519,2026-02-13,Delivered,Cash on Delivery,352.18
ORD17368,CUST1380,2025-10-29,Delivered,Cash on Delivery,145.98
ORD17369,CUST2329,2025-10-26,Cancelled,Credit Card,202.58
ORD17370,CUST1741,2025-01-16,Delivered,Debit Card,280.91
ORD17371,CUST1819,2025-02-09,Delivered,UPI,337.03
ORD17372,CUST1672,2025-08-24,Delivered,Net Banking,294.3
ORD17373,CUST1512,2025-03-01,Delivered,Net Banking,262.84
ORD17374,CUST2771,2024-05-17,Delivered,Net Banking,249.42
ORD17375,CUST1948,2024-11-09,Returned,UPI,274.22
ORD17376,CUST2211,2024-12-18,Delivered,Debit Card,245.46
ORD17377,CUST1929,2025-02-20,Shipped,Cash on Delivery,293.6
ORD17378,CUST2539,2026-02-14,Delivered,Net Banking,449.59
ORD17379,CUST1912,2024-10-22,Delivered,Cash on Delivery,334.77
ORD17380,CUST1643,2025-03-08,Delivered,Credit Card,375.18
ORD17381,CUST1426,2025-06-17,Delivered,Credit Card,318.87
ORD17382,CUST1501,2025-07-31,Delivered,Credit Card,339.36
ORD17383,CUST1729,2025-10-30,Delivered,Net Banking,310.26
ORD17384,CUST2283,2025-03-28,Delivered,UPI,62.09
ORD17385,CUST2536,2024-08-30,Delivered,Net Banking,499.82
ORD17386,CUST1070,2025-12-22,Delivered,Credit Card,65.12
ORD17387,CUST1477,2024-04-10,Delivered,Credit Card,227.82
ORD17388,CUST2201,2025-10-12,Cancelled,Net Banking,97.3
ORD17389,CUST1456,2025-11-12,Shipped,UPI,93.62
ORD17390,CUST1188,2025-10-12,Delivered,UPI,407.09
ORD17391,CUST1290,2025-08-28,Delivered,Cash on Delivery,241.67
ORD17392,CUST2543,2025-03-21,Shipped,Debit Card,410.51
ORD17393,CUST2788,2024-04-05,Delivered,Credit Card,172.75
ORD17394,CUST1919,2025-01-14,Shipped,UPI,165.41
ORD17395,CUST1291,2025-12-30,Delivered,Credit Card,163.05
ORD17396,CUST2969,2025-08-02,Returned,Debit Card,327.27
ORD17397,CUST1755,2024-09-01,Delivered,Credit Card,416.75
ORD17398,CUST2658,2024-08-09,Shipped,UPI,253.52
ORD17399,CUST2834,2025-03-23,Delivered,Cash on Delivery,220.66
ORD17400,CUST2306,2024-08-11,Delivered,Net Banking,488.11
ORD17401,CUST2567,2025-08-06,Delivered,Net Banking,102.54
ORD17402,CUST2869,2024-05-23,Delivered,UPI,268.98
ORD17403,CUST1376,2025-12-04,Cancelled,UPI,233.82
ORD17404,CUST2681,2024-07-07,Delivered,Debit Card,94.16
ORD17405,CUST2179,2024-08-06,Shipped,Credit Card,170.69
ORD17406,CUST1507,2025-12-11,Delivered,Debit Card,62.8
ORD17407,CUST2436,2024-08-04,Returned,Net Banking,444.63
ORD17408,CUST1527,2024-11-24,Delivered,Credit Card,323.53
ORD17409,CUST2378,2024-04-13,Shipped,Debit Card,416.76
ORD17410,CUST1558,2024-07-07,Shipped,Net Banking,284.7
ORD17411,CUST2786,2024-12-01,Delivered,Credit Card,319.78
ORD17412,CUST2210,2024-03-24,Returned,Cash on Delivery,365.38
ORD17413,CUST2054,2024-02-27,Returned,Cash on Delivery,458.61
ORD17414,CUST1259,2026-02-01,Delivered,Debit Card,91.29
ORD17415,CUST1420,2025-09-16,Delivered,UPI,198.93
ORD17416,CUST2552,2024-04-22,Delivered,Credit Card,369.06
ORD17417,CUST2574,2025-07-05,Returned,Debit Card,481.26
ORD17418,CUST1303,2025-07-31,Delivered,UPI,491.36
ORD17419,CUST1941,2025-03-22,Delivered,UPI,337.15
ORD17420,CUST2967,2025-09-13,Delivered,Credit Card,137.12
ORD17421,CUST2062,2025-10-12,Delivered,Credit Card,103.64
ORD17422,CUST2512,2024-12-04,Returned,UPI,475.72
ORD17423,CUST2667,2024-12-13,Shipped,Net Banking,245.27
ORD17424,CUST1541,2024-05-20,Delivered,Debit Card,137.67
ORD17425,CUST2693,2025-07-24,Delivered,Credit Card,470.25
ORD17426,CUST2301,2025-07-26,Cancelled,UPI,97.04
ORD17427,CUST2226,2024-11-22,Delivered,Net Banking,378.31
ORD17428,CUST2089,2025-09-10,Delivered,Cash on Delivery,331.37
ORD17429,CUST1107,2025-12-15,Delivered,UPI,89.48
ORD17430,CUST1267,2025-05-05,Delivered,Net Banking,202.44
ORD17431,CUST1221,2024-11-30,Delivered,Cash on Delivery,117.47
ORD17432,CUST2827,2025-02-05,Cancelled,Net Banking,322.02
ORD17433,CUST2553,2025-04-02,Delivered,Credit Card,264.7
ORD17434,CUST2113,2025-01-18,Returned,UPI,51.92
ORD17435,CUST1692,2024-12-20,Delivered,Cash on Delivery,489.07
ORD17436,CUST1254,2025-09-11,Delivered,Net Banking,207.31
ORD17437,CUST2478,2025-10-23,Returned,Cash on Delivery,166.19
ORD17438,CUST1252,2025-04-09,Delivered,Debit Card,150.1
ORD17439,CUST1256,2024-06-14,Delivered,UPI,121.47
ORD17440,CUST1382,2025-12-19,Delivered,Credit Card,499.61
ORD17441,CUST1441,2024-06-22,Delivered,Cash on Delivery,182.8
ORD17442,CUST2881,2024-05-12,Returned,Net Banking,232.48
ORD17443,CUST1598,2024-12-22,Delivered,Cash on Delivery,442.11
ORD17444,CUST2113,2024-08-30,Cancelled,Net Banking,338.85
ORD17445,CUST2772,2026-02-23,Delivered,Cash on Delivery,215.91
ORD17446,CUST1389,2025-02-12,Delivered,Credit Card,454.25
ORD17447,CUST1581,2024-04-14,Shipped,Credit Card,387.38
ORD17448,CUST2067,2026-01-07,Returned,UPI,152.56
ORD17449,CUST2735,2025-05-19,Delivered,Credit Card,339.68
ORD17450,CUST2687,2025-08-18,Delivered,Cash on Delivery,465.08
ORD17451,CUST1597,2024-05-19,Delivered,Cash on Delivery,273.41
ORD17452,CUST1018,2024-06-25,Delivered,Credit Card,380.13
ORD17453,CUST2124,2025-02-10,Cancelled,Debit Card,487.0
ORD17454,CUST2937,2024-06-06,Cancelled,Cash on Delivery,360.69
ORD17455,CUST1606,2025-05-24,Delivered,UPI,96.1
ORD17456,CUST2789,2025-01-21,Returned,Debit Card,160.05
ORD17457,CUST2380,2025-12-12,Delivered,Credit Card,317.79
ORD17458,CUST2565,2025-01-08,Delivered,Net Banking,174.0
ORD17459,CUST2784,2026-01-27,Delivered,Cash on Delivery,480.89
ORD17460,CUST2961,2024-03-27,Shipped,Net Banking,232.41
ORD17461,CUST1032,2024-06-17,Cancelled,UPI,255.75
ORD17462,CUST2993,2025-08-24,Delivered,Debit Card,365.72
ORD17463,CUST2252,2025-09-08,Delivered,Net Banking,285.91
ORD17464,CUST2547,2026-01-27,Shipped,UPI,221.97
ORD17465,CUST2653,2025-02-06,Delivered,Net Banking,84.49
ORD17466,CUST1861,2024-12-16,Delivered,Net Banking,318.4
ORD17467,CUST1154,2025-05-19,Shipped,UPI,440.41
ORD17468,CUST2446,2024-12-09,Returned,Cash on Delivery,358.59
ORD17469,CUST1904,2025-10-07,Delivered,Net Banking,221.67
ORD17470,CUST2269,2025-03-08,Delivered,UPI,107.48
ORD17471,CUST1404,2024-10-10,Delivered,Net Banking,417.35
ORD17472,CUST1843,2024-04-20,Delivered,Cash on Delivery,473.79
ORD17473,CUST2782,2024-09-10,Shipped,UPI,224.72
ORD17474,CUST2564,2026-02-26,Delivered,Net Banking,377.89
ORD17475,CUST2184,2024-04-01,Returned,Credit Card,234.84
ORD17476,CUST1746,2024-04-08,Delivered,Cash on Delivery,276.02
ORD17477,CUST2725,2025-03-30,Delivered,Net Banking,426.41
ORD17478,CUST2140,2025-08-17,Delivered,Debit Card,87.54
ORD17479,CUST1270,2025-06-26,Cancelled,UPI,288.65
ORD17480,CUST1769,2025-07-13,Delivered,Net Banking,146.58
ORD17481,CUST2715,2024-04-28,Delivered,Cash on Delivery,202.91
ORD17482,CUST2510,2024-05-23,Delivered,Cash on Delivery,339.99
ORD17483,CUST2908,2026-01-01,Delivered,Debit Card,62.25
ORD17484,CUST1171,2024-04-14,Delivered,Debit Card,317.22
ORD17485,CUST2973,2024-10-22,Delivered,Net Banking,177.55
ORD17486,CUST1273,2024-08-14,Delivered,Credit Card,351.27
ORD17487,CUST1258,2025-03-25,Delivered,Cash on Delivery,113.71
ORD17488,CUST2158,2024-07-21,Delivered,Credit Card,381.12
ORD17489,CUST2706,2024-04-29,Delivered,Credit Card,340.54
ORD17490,CUST2745,2024-12-16,Delivered,Net Banking,487.06
ORD17491,CUST2771,2024-10-03,Delivered,UPI,460.06
ORD17492,CUST1421,2024-10-25,Delivered,UPI,177.49
ORD17493,CUST2444,2025-10-31,Returned,UPI,62.29
ORD17494,CUST2209,2024-03-15,Delivered,Debit Card,344.92
ORD17495,CUST2952,2024-06-05,Delivered,Cash on Delivery,321.3
ORD17496,CUST1363,2024-05-19,Delivered,Debit Card,62.34
ORD17497,CUST2978,2026-01-12,Returned,Cash on Delivery,105.2
ORD17498,CUST2630,2025-07-26,Cancelled,Cash on Delivery,313.12
ORD17499,CUST1377,2024-08-30,Delivered,Cash on Delivery,460.32
ORD17500,CUST2546,2025-06-23,Delivered,Net Banking,457.93
ORD17501,CUST1579,2024-05-27,Delivered,UPI,118.17
ORD17502,CUST1890,2024-12-17,Shipped,Debit Card,223.06
ORD17503,CUST1721,2025-08-10,Cancelled,Debit Card,69.44
ORD17504,CUST2219,2025-09-04,Delivered,Net Banking,261.17
ORD17505,CUST1880,2025-01-08,Returned,Cash on Delivery,388.89
ORD17506,CUST2121,2025-02-09,Cancelled,UPI,405.49
ORD17507,CUST1604,2025-02-05,Delivered,Credit Card,274.55
ORD17508,CUST1021,2025-11-19,Delivered,Credit Card,93.14
ORD17509,CUST2473,2025-07-31,Delivered,Net Banking,221.61
ORD17510,CUST2195,2025-01-27,Delivered,UPI,469.45
ORD17511,CUST1382,2025-06-28,Cancelled,Credit Card,153.33
ORD17512,CUST1133,2026-01-09,Delivered,Credit Card,193.89
ORD17513,CUST2449,2025-02-14,Returned,Debit Card,386.07
ORD17514,CUST2048,2024-12-10,Shipped,UPI,380.11
ORD17515,CUST1502,2025-05-19,Delivered,Credit Card,460.49
ORD17516,CUST2208,2025-05-11,Delivered,Debit Card,224.65
ORD17517,CUST2108,2026-01-11,Returned,UPI,281.57
ORD17518,CUST2590,2025-09-21,Cancelled,Cash on Delivery,260.33
ORD17519,CUST2786,2024-12-07,Cancelled,UPI,467.49
ORD17520,CUST1143,2025-01-25,Delivered,Net Banking,396.2
ORD17521,CUST2886,2025-06-20,Delivered,Debit Card,424.15
ORD17522,CUST2933,2025-05-15,Delivered,Cash on Delivery,109.89
ORD17523,CUST2702,2024-03-30,Shipped,Debit Card,406.33
ORD17524,CUST2435,2024-06-16,Delivered,Debit Card,244.84
ORD17525,CUST1223,2024-05-07,Shipped,Credit Card,60.5
ORD17526,CUST1219,2026-02-06,Delivered,UPI,77.04
ORD17527,CUST1178,2025-09-18,Shipped,Debit Card,355.06
ORD17528,CUST2654,2025-04-25,Delivered,Debit Card,217.41
ORD17529,CUST1432,2024-05-12,Delivered,Net Banking,440.65
ORD17530,CUST1264,2026-01-10,Delivered,Net Banking,380.42
ORD17531,CUST1953,2025-10-17,Delivered,Net Banking,59.76
ORD17532,CUST1428,2024-04-10,Delivered,Debit Card,359.1
ORD17533,CUST2685,2025-06-17,Delivered,Cash on Delivery,136.56
ORD17534,CUST1415,2025-11-29,Delivered,UPI,240.16
ORD17535,CUST2476,2026-02-02,Delivered,Debit Card,331.13
ORD17536,CUST1726,2024-12-03,Cancelled,Credit Card,442.72
ORD17537,CUST1196,2024-07-12,Delivered,Cash on Delivery,255.24
ORD17538,CUST2577,2024-09-04,Delivered,Cash on Delivery,413.82
ORD17539,CUST2076,2025-10-10,Returned,UPI,402.33
ORD17540,CUST1479,2024-03-10,Delivered,Cash on Delivery,236.54
ORD17541,CUST2466,2024-08-14,Shipped,UPI,275.44
ORD17542,CUST2353,2025-01-01,Delivered,Cash on Delivery,365.22
ORD17543,CUST2274,2026-02-23,Delivered,UPI,64.02
ORD17544,CUST2830,2025-03-03,Delivered,Net Banking,450.87
ORD17545,CUST1889,2024-03-28,Delivered,Net Banking,396.42
ORD17546,CUST2806,2025-07-02,Delivered,Cash on Delivery,162.24
ORD17547,CUST2990,2025-07-31,Delivered,Cash on Delivery,491.53
ORD17548,CUST1924,2025-09-09,Delivered,UPI,130.73
ORD17549,CUST1122,2025-09-07,Delivered,UPI,461.34
ORD17550,CUST2902,2024-06-17,Delivered,Debit Card,196.01
ORD17551,CUST2410,2024-03-22,Delivered,Net Banking,393.42
ORD17552,CUST2362,2025-06-09,Delivered,Debit Card,255.37
ORD17553,CUST1777,2024-08-26,Delivered,Debit Card,381.41
ORD17554,CUST1347,2024-03-31,Delivered,Credit Card,120.1
ORD17555,CUST1028,2025-05-27,Delivered,UPI,171.28
ORD17556,CUST1974,2024-04-10,Delivered,Credit Card,94.94
ORD17557,CUST1034,2024-11-09,Delivered,Credit Card,439.31
ORD17558,CUST2541,2025-11-03,Delivered,Debit Card,183.33
ORD17559,CUST2419,2025-03-26,Delivered,Credit Card,362.51
ORD17560,CUST1622,2024-08-19,Delivered,UPI,419.1
ORD17561,CUST2317,2025-11-21,Delivered,Debit Card,455.64
ORD17562,CUST1588,2025-03-17,Delivered,UPI,97.83
ORD17563,CUST2372,2025-10-12,Delivered,Cash on Delivery,451.86
ORD17564,CUST2170,2026-02-23,Delivered,Credit Card,138.76
ORD17565,CUST2090,2024-11-19,Delivered,Debit Card,381.61
ORD17566,CUST1903,2025-09-02,Returned,Net Banking,377.98
ORD17567,CUST1519,2024-05-05,Cancelled,UPI,53.83
ORD17568,CUST1121,2026-02-20,Delivered,Credit Card,149.28
ORD17569,CUST1339,2024-05-13,Delivered,UPI,271.36
ORD17570,CUST1174,2024-08-03,Delivered,UPI,239.02
ORD17571,CUST2923,2025-03-03,Returned,Cash on Delivery,463.36
ORD17572,CUST2714,2024-12-01,Delivered,UPI,211.88
ORD17573,CUST1596,2024-08-23,Shipped,Cash on Delivery,471.64
ORD17574,CUST1450,2024-05-22,Delivered,Cash on Delivery,256.74
ORD17575,CUST1556,2026-02-13,Delivered,Cash on Delivery,483.96
ORD17576,CUST2159,2025-05-11,Delivered,Credit Card,381.81
ORD17577,CUST2878,2025-11-03,Delivered,UPI,423.2
ORD17578,CUST2039,2025-12-16,Delivered,UPI,97.19
ORD17579,CUST2356,2024-11-11,Delivered,Cash on Delivery,313.76
ORD17580,CUST2218,2024-08-14,Delivered,UPI,114.22
ORD17581,CUST2519,2024-10-20,Returned,UPI,183.93
ORD17582,CUST1008,2024-04-13,Delivered,Cash on Delivery,330.6
ORD17583,CUST2851,2025-08-29,Delivered,Net Banking,376.8
ORD17584,CUST1333,2025-09-05,Delivered,Net Banking,67.63
ORD17585,CUST2356,2025-09-24,Cancelled,Cash on Delivery,288.92
ORD17586,CUST2016,2024-07-09,Cancelled,Credit Card,304.39
ORD17587,CUST1326,2025-10-21,Delivered,UPI,85.47
ORD17588,CUST1014,2024-05-17,Delivered,UPI,275.31
ORD17589,CUST1838,2025-04-08,Delivered,Net Banking,371.23
ORD17590,CUST2637,2026-01-20,Delivered,Cash on Delivery,73.95
ORD17591,CUST1225,2025-10-30,Delivered,Credit Card,392.12
ORD17592,CUST2448,2025-05-25,Shipped,Cash on Delivery,309.39
ORD17593,CUST2813,2024-11-04,Delivered,Net Banking,424.95
ORD17594,CUST2431,2024-12-06,Delivered,Net Banking,148.13
ORD17595,CUST1112,2024-10-24,Delivered,UPI,424.97
ORD17596,CUST2451,2025-07-24,Returned,Debit Card,92.55
ORD17597,CUST1000,2026-01-03,Delivered,Credit Card,231.72
ORD17598,CUST1265,2025-06-11,Delivered,Credit Card,139.77
ORD17599,CUST2514,2025-06-30,Delivered,Debit Card,444.21
ORD17600,CUST2231,2025-12-24,Delivered,Net Banking,367.21
ORD17601,CUST2645,2024-12-21,Cancelled,Cash on Delivery,61.41
ORD17602,CUST2735,2024-04-28,Delivered,Credit Card,54.29
ORD17603,CUST1951,2025-11-05,Cancelled,Debit Card,181.06
ORD17604,CUST2392,2024-12-10,Delivered,UPI,114.48
ORD17605,CUST1305,2025-10-20,Delivered,UPI,333.64
ORD17606,CUST1011,2024-07-13,Returned,Net Banking,348.71
ORD17607,CUST2368,2024-09-07,Delivered,Credit Card,473.88
ORD17608,CUST2488,2025-08-11,Delivered,Cash on Delivery,478.42
ORD17609,CUST2723,2025-07-03,Delivered,Credit Card,346.5
ORD17610,CUST2689,2025-09-18,Delivered,UPI,52.55
ORD17611,CUST2517,2025-08-31,Delivered,Credit Card,211.55
ORD17612,CUST2391,2024-10-03,Shipped,UPI,280.91
ORD17613,CUST2869,2025-04-12,Shipped,Debit Card,274.63
ORD17614,CUST1936,2024-05-24,Delivered,Debit Card,321.5
ORD17615,CUST1419,2024-12-30,Delivered,UPI,482.25
ORD17616,CUST1888,2024-03-07,Delivered,Cash on Delivery,448.34
ORD17617,CUST2814,2024-05-04,Delivered,Cash on Delivery,99.01
ORD17618,CUST1170,2024-11-18,Delivered,Credit Card,169.69
ORD17619,CUST1133,2026-01-03,Delivered,UPI,424.9
ORD17620,CUST1964,2025-08-02,Delivered,Net Banking,420.94
ORD17621,CUST2450,2025-01-20,Delivered,Cash on Delivery,173.92
ORD17622,CUST2048,2025-05-10,Delivered,Cash on Delivery,378.76
ORD17623,CUST2553,2024-11-26,Delivered,Debit Card,352.42
ORD17624,CUST2213,2025-04-13,Cancelled,Cash on Delivery,263.09
ORD17625,CUST2164,2024-10-11,Delivered,Cash on Delivery,140.65
ORD17626,CUST2578,2025-04-01,Delivered,Cash on Delivery,449.89
ORD17627,CUST2869,2025-10-30,Delivered,UPI,355.03
ORD17628,CUST2819,2024-03-03,Delivered,UPI,126.05
ORD17629,CUST1657,2024-03-22,Delivered,Debit Card,367.16
ORD17630,CUST2338,2025-01-04,Delivered,Credit Card,383.65
ORD17631,CUST2467,2025-08-01,Shipped,Cash on Delivery,449.1
ORD17632,CUST2342,2025-12-20,Delivered,Credit Card,150.28
ORD17633,CUST2464,2024-11-27,Delivered,UPI,494.94
ORD17634,CUST2115,2025-10-12,Delivered,Cash on Delivery,119.03
ORD17635,CUST1178,2025-07-15,Shipped,Credit Card,320.31
ORD17636,CUST2079,2025-06-06,Cancelled,Credit Card,345.73
ORD17637,CUST2178,2024-07-05,Returned,Net Banking,238.53
ORD17638,CUST2695,2025-06-26,Delivered,UPI,263.77
ORD17639,CUST1110,2026-02-03,Shipped,Debit Card,450.91
ORD17640,CUST1136,2026-02-19,Delivered,Debit Card,340.37
ORD17641,CUST1231,2025-10-13,Delivered,Net Banking,273.65
ORD17642,CUST1991,2025-06-20,Returned,Credit Card,107.76
ORD17643,CUST1467,2026-01-31,Shipped,Net Banking,53.3
ORD17644,CUST1731,2026-01-24,Delivered,Net Banking,106.24
ORD17645,CUST1480,2026-01-07,Delivered,UPI,480.28
ORD17646,CUST2091,2024-11-24,Delivered,Cash on Delivery,393.84
ORD17647,CUST1813,2024-08-07,Delivered,Credit Card,485.2
ORD17648,CUST2272,2024-12-10,Delivered,Debit Card,66.07
ORD17649,CUST1993,2025-01-21,Shipped,Debit Card,356.1
ORD17650,CUST1322,2024-05-28,Delivered,Net Banking,69.93
ORD17651,CUST1921,2024-11-16,Cancelled,Net Banking,401.93
ORD17652,CUST1903,2024-12-03,Cancelled,Net Banking,221.43
ORD17653,CUST2541,2024-04-07,Delivered,Credit Card,93.09
ORD17654,CUST2999,2024-12-31,Cancelled,Net Banking,305.62
ORD17655,CUST2815,2024-12-21,Delivered,Net Banking,176.05
ORD17656,CUST2455,2024-10-09,Delivered,Cash on Delivery,346.81
ORD17657,CUST2510,2024-11-09,Delivered,Credit Card,346.18
ORD17658,CUST1605,2025-10-18,Delivered,UPI,367.25
ORD17659,CUST1428,2026-01-01,Returned,UPI,496.61
ORD17660,CUST2292,2025-10-30,Shipped,Cash on Delivery,224.01
ORD17661,CUST2732,2024-06-15,Delivered,Debit Card,259.39
ORD17662,CUST2560,2025-01-31,Cancelled,UPI,412.08
ORD17663,CUST1147,2025-11-04,Delivered,Credit Card,310.27
ORD17664,CUST2141,2025-12-29,Cancelled,Debit Card,66.77
ORD17665,CUST1849,2025-12-16,Delivered,Net Banking,429.39
ORD17666,CUST1366,2025-02-14,Delivered,Credit Card,73.17
ORD17667,CUST1849,2025-03-26,Delivered,Debit Card,126.87
ORD17668,CUST2089,2024-05-09,Delivered,UPI,95.94
ORD17669,CUST2993,2025-04-14,Delivered,Net Banking,85.07
ORD17670,CUST1812,2025-12-26,Shipped,Net Banking,61.56
ORD17671,CUST2393,2024-08-25,Delivered,Credit Card,74.76
ORD17672,CUST1174,2025-11-05,Shipped,Net Banking,249.1
ORD17673,CUST2854,2025-07-11,Cancelled,Debit Card,163.78
ORD17674,CUST1587,2024-06-24,Delivered,Cash on Delivery,106.94
ORD17675,CUST1494,2025-12-28,Delivered,UPI,346.42
ORD17676,CUST1972,2025-06-08,Cancelled,Credit Card,151.75
ORD17677,CUST2137,2024-09-24,Delivered,Cash on Delivery,58.53
ORD17678,CUST2134,2025-12-18,Delivered,Cash on Delivery,238.29
ORD17679,CUST2784,2025-07-15,Delivered,Credit Card,189.69
ORD17680,CUST2462,2025-06-04,Delivered,Debit Card,193.37
ORD17681,CUST2738,2026-02-12,Shipped,UPI,250.37
ORD17682,CUST2170,2024-05-21,Delivered,Credit Card,351.01
ORD17683,CUST1034,2024-04-29,Delivered,Cash on Delivery,327.42
ORD17684,CUST1998,2026-01-24,Delivered,Cash on Delivery,471.77
ORD17685,CUST2332,2025-07-18,Cancelled,Credit Card,282.97
ORD17686,CUST1537,2024-10-24,Cancelled,Cash on Delivery,262.66
ORD17687,CUST1749,2024-11-01,Delivered,Credit Card,146.04
ORD17688,CUST2037,2024-06-27,Delivered,Credit Card,389.92
ORD17689,CUST1373,2024-08-17,Delivered,UPI,113.35
ORD17690,CUST1556,2024-10-14,Delivered,Credit Card,271.01
ORD17691,CUST2451,2025-04-05,Delivered,Cash on Delivery,239.59
ORD17692,CUST2751,2024-08-05,Shipped,Net Banking,346.24
ORD17693,CUST1232,2024-03-09,Delivered,UPI,462.93
ORD17694,CUST1704,2026-01-11,Delivered,Cash on Delivery,475.97
ORD17695,CUST1562,2025-12-20,Returned,Cash on Delivery,125.51
ORD17696,CUST1938,2025-11-24,Delivered,UPI,167.82
ORD17697,CUST1886,2024-12-28,Delivered,UPI,415.24
ORD17698,CUST1725,2026-02-24,Delivered,Cash on Delivery,283.23
ORD17699,CUST2686,2025-05-27,Delivered,Net Banking,253.87
ORD17700,CUST2463,2024-05-18,Shipped,Debit Card,369.78
ORD17701,CUST2525,2025-07-28,Delivered,Cash on Delivery,320.87
ORD17702,CUST2298,2024-11-06,Delivered,UPI,486.82
ORD17703,CUST2873,2026-01-23,Delivered,Credit Card,312.79
ORD17704,CUST1075,2024-05-16,Shipped,Credit Card,259.69
ORD17705,CUST1438,2024-10-27,Delivered,UPI,294.27
ORD17706,CUST2755,2025-03-11,Delivered,UPI,413.84
ORD17707,CUST2883,2025-07-26,Shipped,Debit Card,325.7
ORD17708,CUST2979,2024-10-13,Delivered,UPI,341.17
ORD17709,CUST1698,2024-09-02,Cancelled,Credit Card,487.15
ORD17710,CUST2312,2024-09-05,Delivered,Net Banking,328.28
ORD17711,CUST1914,2025-02-25,Delivered,UPI,221.13
ORD17712,CUST2563,2025-12-06,Delivered,Debit Card,361.1
ORD17713,CUST1890,2024-12-18,Delivered,Net Banking,346.76
ORD17714,CUST1691,2024-08-04,Delivered,Debit Card,56.23
ORD17715,CUST1252,2024-11-11,Delivered,Net Banking,260.3
ORD17716,CUST2149,2025-05-11,Delivered,UPI,384.31
ORD17717,CUST2200,2024-09-05,Delivered,Credit Card,274.57
ORD17718,CUST2060,2026-01-23,Delivered,Net Banking,400.83
ORD17719,CUST1409,2025-08-06,Shipped,Cash on Delivery,252.9
ORD17720,CUST2634,2024-03-24,Delivered,Debit Card,492.49
ORD17721,CUST2633,2024-05-13,Shipped,Net Banking,181.8
ORD17722,CUST1126,2025-03-11,Delivered,Debit Card,91.46
ORD17723,CUST2506,2026-02-05,Delivered,Credit Card,243.51
ORD17724,CUST2191,2024-07-23,Delivered,Debit Card,293.77
ORD17725,CUST1591,2025-01-20,Cancelled,Debit Card,207.09
ORD17726,CUST1293,2024-12-24,Cancelled,Cash on Delivery,159.03
ORD17727,CUST2868,2025-05-19,Delivered,Debit Card,352.43
ORD17728,CUST2661,2025-08-07,Shipped,Net Banking,219.71
ORD17729,CUST2366,2025-09-11,Delivered,Debit Card,334.12
ORD17730,CUST2019,2024-09-12,Delivered,UPI,400.58
ORD17731,CUST1309,2025-07-16,Shipped,Debit Card,392.45
ORD17732,CUST1661,2025-04-09,Returned,UPI,218.89
ORD17733,CUST1527,2025-04-15,Shipped,Debit Card,305.55
ORD17734,CUST1539,2025-10-26,Delivered,Debit Card,252.35
ORD17735,CUST1418,2024-08-27,Delivered,Net Banking,441.86
ORD17736,CUST1443,2024-03-30,Delivered,UPI,445.44
ORD17737,CUST1684,2024-05-27,Delivered,UPI,204.68
ORD17738,CUST2581,2026-01-25,Cancelled,Cash on Delivery,91.28
ORD17739,CUST1839,2024-11-09,Delivered,Debit Card,125.41
ORD17740,CUST1235,2025-08-23,Delivered,Debit Card,215.15
ORD17741,CUST2462,2024-12-30,Delivered,Net Banking,303.91
ORD17742,CUST1213,2024-06-10,Delivered,Cash on Delivery,345.55
ORD17743,CUST1084,2024-11-09,Delivered,Cash on Delivery,199.12
ORD17744,CUST1793,2024-05-24,Delivered,Net Banking,350.37
ORD17745,CUST2767,2025-01-20,Returned,UPI,471.98
ORD17746,CUST1084,2024-09-29,Delivered,Credit Card,343.41
ORD17747,CUST2944,2024-04-25,Cancelled,Net Banking,121.35
ORD17748,CUST2512,2024-12-24,Delivered,UPI,310.85
ORD17749,CUST1064,2026-01-10,Delivered,Cash on Delivery,293.85
ORD17750,CUST2669,2024-04-25,Delivered,Net Banking,441.82
ORD17751,CUST1662,2024-05-07,Returned,Credit Card,207.64
ORD17752,CUST1626,2024-12-12,Delivered,Debit Card,240.33
ORD17753,CUST1063,2024-09-18,Delivered,Net Banking,319.4
ORD17754,CUST2366,2024-03-28,Delivered,Credit Card,285.99
ORD17755,CUST1938,2026-02-26,Delivered,Credit Card,373.56
ORD17756,CUST2898,2025-01-26,Returned,Net Banking,68.18
ORD17757,CUST1918,2024-08-23,Cancelled,UPI,303.58
ORD17758,CUST2375,2025-08-31,Delivered,Net Banking,104.75
ORD17759,CUST2181,2025-10-23,Delivered,Cash on Delivery,191.84
ORD17760,CUST2612,2025-01-02,Cancelled,Credit Card,347.73
ORD17761,CUST1490,2025-07-12,Delivered,Credit Card,120.84
ORD17762,CUST2681,2024-12-25,Delivered,Debit Card,188.98
ORD17763,CUST2878,2025-10-09,Delivered,Credit Card,366.35
ORD17764,CUST2486,2025-04-01,Delivered,Debit Card,342.86
ORD17765,CUST2248,2024-07-30,Delivered,Credit Card,90.97
ORD17766,CUST2940,2024-04-07,Returned,Credit Card,309.77
ORD17767,CUST1312,2026-01-21,Delivered,Net Banking,116.26
ORD17768,CUST1614,2025-03-17,Delivered,Net Banking,163.52
ORD17769,CUST1918,2025-01-14,Returned,Cash on Delivery,256.65
ORD17770,CUST2882,2024-04-09,Delivered,UPI,99.21
ORD17771,CUST1812,2024-07-06,Delivered,Cash on Delivery,497.14
ORD17772,CUST1939,2024-12-02,Delivered,Credit Card,124.42
ORD17773,CUST2489,2025-11-27,Delivered,Cash on Delivery,401.59
ORD17774,CUST2111,2024-12-21,Shipped,Net Banking,423.43
ORD17775,CUST2906,2024-12-13,Cancelled,Credit Card,497.51
ORD17776,CUST2326,2024-03-08,Delivered,Credit Card,242.89
ORD17777,CUST1679,2024-11-04,Cancelled,Cash on Delivery,443.34
ORD17778,CUST1434,2025-07-06,Delivered,Debit Card,480.89
ORD17779,CUST1681,2025-01-14,Shipped,UPI,127.8
ORD17780,CUST2158,2025-03-22,Delivered,Cash on Delivery,265.75
ORD17781,CUST2073,2025-05-23,Delivered,Cash on Delivery,77.0
ORD17782,CUST2455,2025-01-03,Delivered,UPI,329.33
ORD17783,CUST1339,2026-02-15,Delivered,Credit Card,311.63
ORD17784,CUST1346,2025-10-07,Delivered,Credit Card,141.86
ORD17785,CUST1645,2024-07-15,Delivered,Debit Card,409.06
ORD17786,CUST2370,2024-05-04,Cancelled,Cash on Delivery,66.77
ORD17787,CUST1648,2025-08-13,Delivered,UPI,412.8
ORD17788,CUST1244,2024-09-26,Shipped,Cash on Delivery,61.99
ORD17789,CUST1108,2024-04-22,Delivered,Net Banking,345.57
ORD17790,CUST2848,2025-11-11,Delivered,Cash on Delivery,85.45
ORD17791,CUST2822,2024-06-05,Shipped,Cash on Delivery,163.05
ORD17792,CUST1532,2024-11-13,Delivered,Net Banking,374.86
ORD17793,CUST2113,2025-04-23,Returned,Net Banking,176.18
ORD17794,CUST1295,2024-03-09,Returned,UPI,280.03
ORD17795,CUST1111,2025-06-27,Delivered,Credit Card,461.86
ORD17796,CUST2836,2024-10-19,Delivered,Debit Card,72.34
ORD17797,CUST2612,2024-03-27,Delivered,Net Banking,414.99
ORD17798,CUST2200,2026-02-21,Delivered,Credit Card,79.37
ORD17799,CUST1342,2024-10-14,Delivered,UPI,107.06
ORD17800,CUST2683,2025-01-08,Cancelled,Cash on Delivery,103.69
ORD17801,CUST1100,2026-01-04,Delivered,UPI,497.35
ORD17802,CUST2781,2026-01-18,Delivered,UPI,131.08
ORD17803,CUST1628,2025-07-01,Delivered,Net Banking,453.54
ORD17804,CUST2627,2026-01-23,Shipped,Debit Card,495.92
ORD17805,CUST2424,2024-07-01,Delivered,Net Banking,222.7
ORD17806,CUST1027,2024-07-24,Delivered,Cash on Delivery,333.97
ORD17807,CUST1936,2026-01-22,Delivered,Net Banking,400.59
ORD17808,CUST2985,2025-09-13,Shipped,Cash on Delivery,226.69
ORD17809,CUST2560,2024-05-12,Shipped,Net Banking,122.82
ORD17810,CUST1057,2025-03-08,Delivered,Debit Card,245.19
ORD17811,CUST2521,2024-11-15,Returned,Credit Card,397.35
ORD17812,CUST1296,2024-08-18,Delivered,Debit Card,401.34
ORD17813,CUST1133,2025-09-29,Shipped,Net Banking,153.74
ORD17814,CUST2354,2025-03-11,Delivered,UPI,128.73
ORD17815,CUST1248,2024-10-07,Delivered,Credit Card,464.25
ORD17816,CUST2020,2026-02-17,Delivered,UPI,69.8
ORD17817,CUST1549,2026-02-18,Delivered,Debit Card,380.63
ORD17818,CUST1901,2024-05-10,Cancelled,Credit Card,70.89
ORD17819,CUST2964,2025-03-24,Delivered,Net Banking,427.06
ORD17820,CUST2098,2025-08-10,Shipped,UPI,457.44
ORD17821,CUST2677,2025-10-15,Delivered,Net Banking,183.84
ORD17822,CUST1833,2024-06-02,Delivered,Cash on Delivery,83.27
ORD17823,CUST2191,2025-07-12,Delivered,Credit Card,266.31
ORD17824,CUST1770,2025-02-06,Delivered,UPI,184.31
ORD17825,CUST2526,2025-06-15,Returned,Debit Card,237.71
ORD17826,CUST2908,2025-07-27,Delivered,Debit Card,349.24
ORD17827,CUST2378,2025-04-15,Delivered,Debit Card,144.42
ORD17828,CUST2248,2024-12-25,Delivered,Debit Card,210.63
ORD17829,CUST2687,2024-08-21,Delivered,UPI,402.15
ORD17830,CUST2554,2024-10-30,Shipped,Cash on Delivery,339.69
ORD17831,CUST1145,2024-07-30,Delivered,Debit Card,196.82
ORD17832,CUST2983,2025-10-19,Returned,Debit Card,348.94
ORD17833,CUST2264,2024-06-03,Delivered,Debit Card,394.39
ORD17834,CUST2907,2024-09-02,Delivered,Cash on Delivery,316.62
ORD17835,CUST1892,2024-09-10,Shipped,Credit Card,157.77
ORD17836,CUST1343,2024-09-26,Delivered,Debit Card,50.11
ORD17837,CUST2772,2024-05-21,Delivered,Debit Card,411.28
ORD17838,CUST2058,2024-03-19,Delivered,Debit Card,420.19
ORD17839,CUST1701,2025-03-01,Delivered,Credit Card,363.92
ORD17840,CUST1000,2025-06-22,Returned,Debit Card,84.46
ORD17841,CUST1152,2024-07-02,Delivered,Credit Card,313.35
ORD17842,CUST1428,2025-02-25,Shipped,Credit Card,419.46
ORD17843,CUST2968,2025-10-05,Delivered,Net Banking,225.35
ORD17844,CUST1507,2025-02-12,Delivered,Net Banking,139.1
ORD17845,CUST2149,2024-09-28,Delivered,Debit Card,314.43
ORD17846,CUST1490,2024-10-01,Delivered,UPI,421.84
ORD17847,CUST2505,2025-12-23,Shipped,Net Banking,71.99
ORD17848,CUST1344,2024-08-04,Delivered,Net Banking,318.63
ORD17849,CUST2935,2025-11-18,Delivered,UPI,339.43
ORD17850,CUST2761,2025-04-09,Returned,Cash on Delivery,321.07
ORD17851,CUST1220,2024-11-29,Cancelled,Debit Card,342.52
ORD17852,CUST2938,2024-03-17,Delivered,Cash on Delivery,334.12
ORD17853,CUST2942,2024-04-09,Returned,Cash on Delivery,108.68
ORD17854,CUST1722,2026-02-10,Delivered,Credit Card,155.72
ORD17855,CUST2048,2025-02-16,Delivered,Credit Card,328.55
ORD17856,CUST1527,2025-04-14,Delivered,Debit Card,57.96
ORD17857,CUST2205,2024-11-26,Delivered,UPI,335.64
ORD17858,CUST2522,2025-12-22,Delivered,Credit Card,349.42
ORD17859,CUST1840,2024-06-06,Delivered,Net Banking,157.63
ORD17860,CUST2664,2026-01-13,Delivered,Debit Card,319.16
ORD17861,CUST2065,2025-05-18,Cancelled,Cash on Delivery,290.34
ORD17862,CUST2938,2025-10-10,Shipped,Debit Card,167.31
ORD17863,CUST1480,2025-01-06,Cancelled,Credit Card,258.34
ORD17864,CUST1929,2024-09-08,Delivered,UPI,459.33
ORD17865,CUST2871,2024-11-09,Delivered,Cash on Delivery,241.97
ORD17866,CUST2771,2025-09-18,Delivered,UPI,333.43
ORD17867,CUST1871,2025-08-27,Delivered,Debit Card,65.91
ORD17868,CUST2462,2024-10-21,Delivered,UPI,85.01
ORD17869,CUST2425,2024-05-31,Delivered,UPI,86.59
ORD17870,CUST2569,2024-04-28,Cancelled,Debit Card,400.21
ORD17871,CUST1344,2025-08-29,Delivered,Cash on Delivery,207.62
ORD17872,CUST2916,2025-12-14,Delivered,UPI,152.43
ORD17873,CUST1044,2026-02-01,Delivered,UPI,386.3
ORD17874,CUST2669,2025-11-12,Delivered,Debit Card,126.48
ORD17875,CUST1020,2025-08-14,Delivered,Net Banking,160.92
ORD17876,CUST2657,2025-06-09,Delivered,UPI,243.92
ORD17877,CUST2093,2024-10-03,Delivered,Credit Card,199.15
ORD17878,CUST2887,2024-05-29,Delivered,Cash on Delivery,313.43
ORD17879,CUST1872,2024-08-19,Delivered,UPI,202.03
ORD17880,CUST1047,2025-07-14,Returned,Debit Card,226.83
ORD17881,CUST2514,2024-05-19,Returned,Credit Card,438.3
ORD17882,CUST1550,2024-05-10,Delivered,Debit Card,448.04
ORD17883,CUST1286,2024-03-17,Delivered,UPI,422.47
ORD17884,CUST2001,2025-11-29,Cancelled,Credit Card,439.17
ORD17885,CUST2033,2025-10-17,Delivered,Cash on Delivery,306.38
ORD17886,CUST1541,2025-06-11,Delivered,Cash on Delivery,340.8
ORD17887,CUST1755,2025-04-03,Delivered,Cash on Delivery,300.73
ORD17888,CUST1273,2026-01-14,Delivered,Net Banking,403.51
ORD17889,CUST1955,2024-03-07,Cancelled,Debit Card,297.95
ORD17890,CUST1599,2025-05-22,Returned,UPI,99.98
ORD17891,CUST2779,2026-02-24,Delivered,Credit Card,414.31
ORD17892,CUST1380,2024-03-10,Delivered,Debit Card,392.26
ORD17893,CUST2352,2024-04-27,Delivered,UPI,419.14
ORD17894,CUST1478,2024-07-03,Delivered,Net Banking,135.69
ORD17895,CUST1014,2024-04-01,Shipped,UPI,172.23
ORD17896,CUST1515,2024-08-01,Delivered,Debit Card,183.09
ORD17897,CUST1190,2026-02-22,Delivered,UPI,278.64
ORD17898,CUST2191,2025-05-27,Cancelled,Credit Card,110.24
ORD17899,CUST2544,2025-07-10,Returned,Net Banking,223.42
ORD17900,CUST1620,2024-03-25,Returned,Credit Card,131.97
ORD17901,CUST2160,2024-09-28,Delivered,Net Banking,169.14
ORD17902,CUST1153,2026-02-18,Delivered,Net Banking,367.87
ORD17903,CUST2411,2024-04-30,Delivered,UPI,434.67
ORD17904,CUST2232,2025-07-08,Delivered,Credit Card,60.31
ORD17905,CUST1271,2024-10-16,Shipped,Net Banking,304.65
ORD17906,CUST1142,2025-11-30,Delivered,Net Banking,66.23
ORD17907,CUST2634,2025-02-27,Shipped,UPI,88.36
ORD17908,CUST2912,2025-08-18,Delivered,Debit Card,367.29
ORD17909,CUST2843,2024-10-20,Returned,Debit Card,381.02
ORD17910,CUST2092,2025-09-15,Delivered,Cash on Delivery,416.29
ORD17911,CUST1246,2026-01-24,Shipped,Cash on Delivery,263.41
ORD17912,CUST2284,2025-03-19,Delivered,Net Banking,436.91
ORD17913,CUST1787,2025-12-18,Delivered,Debit Card,125.08
ORD17914,CUST1078,2025-10-22,Cancelled,Net Banking,162.37
ORD17915,CUST2681,2025-04-14,Delivered,Credit Card,110.53
ORD17916,CUST1622,2025-02-18,Delivered,Debit Card,408.89
ORD17917,CUST2793,2024-10-02,Shipped,Debit Card,152.9
ORD17918,CUST2628,2025-06-24,Delivered,Debit Card,119.98
ORD17919,CUST1524,2025-03-19,Delivered,Cash on Delivery,330.4
ORD17920,CUST1771,2024-11-11,Delivered,UPI,84.69
ORD17921,CUST1937,2024-06-19,Returned,UPI,70.21
ORD17922,CUST2644,2024-03-14,Delivered,Cash on Delivery,98.02
ORD17923,CUST2353,2025-12-28,Delivered,Cash on Delivery,50.11
ORD17924,CUST2212,2026-01-25,Delivered,Cash on Delivery,363.65
ORD17925,CUST2118,2025-09-24,Delivered,UPI,303.01
ORD17926,CUST1616,2025-12-24,Delivered,Net Banking,144.44
ORD17927,CUST2031,2025-06-08,Delivered,Cash on Delivery,154.85
ORD17928,CUST1066,2025-03-13,Delivered,Net Banking,414.94
ORD17929,CUST2519,2025-03-03,Delivered,Net Banking,275.82
ORD17930,CUST1190,2024-04-22,Delivered,Credit Card,364.34
ORD17931,CUST2389,2025-09-10,Delivered,UPI,253.74
ORD17932,CUST1767,2024-04-07,Delivered,Net Banking,156.97
ORD17933,CUST1520,2024-08-25,Delivered,UPI,486.68
ORD17934,CUST1989,2024-07-09,Delivered,UPI,304.54
ORD17935,CUST2140,2024-05-16,Delivered,Credit Card,108.94
ORD17936,CUST1266,2025-11-04,Delivered,UPI,232.74
ORD17937,CUST2634,2025-10-27,Cancelled,Net Banking,198.2
ORD17938,CUST1484,2025-08-05,Delivered,Debit Card,146.34
ORD17939,CUST2532,2024-05-02,Delivered,Net Banking,470.05
ORD17940,CUST2321,2024-03-17,Delivered,Net Banking,446.41
ORD17941,CUST2932,2024-05-24,Delivered,UPI,139.62
ORD17942,CUST2187,2025-12-17,Shipped,Net Banking,208.47
ORD17943,CUST1375,2024-08-11,Delivered,Debit Card,393.04
ORD17944,CUST1652,2025-12-01,Delivered,UPI,143.83
ORD17945,CUST2291,2025-01-16,Delivered,Cash on Delivery,316.2
ORD17946,CUST1548,2024-09-28,Delivered,Net Banking,364.91
ORD17947,CUST2097,2026-01-10,Delivered,Net Banking,344.29
ORD17948,CUST2531,2025-08-26,Delivered,Credit Card,367.88
ORD17949,CUST1072,2025-05-17,Returned,Cash on Delivery,368.01
ORD17950,CUST1307,2024-04-03,Delivered,Cash on Delivery,484.16
ORD17951,CUST1198,2025-01-15,Delivered,Debit Card,205.92
ORD17952,CUST2153,2025-09-23,Delivered,Cash on Delivery,445.37
ORD17953,CUST2781,2025-10-22,Delivered,Credit Card,59.81
ORD17954,CUST2847,2025-02-18,Delivered,Debit Card,179.69
ORD17955,CUST1571,2025-09-02,Delivered,Cash on Delivery,71.9
ORD17956,CUST1790,2024-07-02,Delivered,Debit Card,343.04
ORD17957,CUST2638,2025-01-15,Delivered,Cash on Delivery,95.36
ORD17958,CUST2831,2025-09-04,Returned,Cash on Delivery,430.57
ORD17959,CUST2855,2025-05-27,Delivered,Cash on Delivery,340.97
ORD17960,CUST2510,2024-09-04,Cancelled,Net Banking,62.97
ORD17961,CUST2876,2026-01-24,Delivered,Cash on Delivery,371.65
ORD17962,CUST2174,2025-10-12,Delivered,Net Banking,437.92
ORD17963,CUST2692,2025-07-10,Shipped,UPI,347.5
ORD17964,CUST2229,2026-01-20,Delivered,Credit Card,63.74
ORD17965,CUST1178,2024-11-15,Cancelled,Debit Card,436.06
ORD17966,CUST1196,2026-01-29,Cancelled,Debit Card,379.61
ORD17967,CUST1734,2024-04-10,Delivered,UPI,220.3
ORD17968,CUST1088,2026-01-06,Delivered,Cash on Delivery,197.88
ORD17969,CUST1798,2024-03-15,Delivered,Credit Card,265.92
ORD17970,CUST2457,2025-04-10,Shipped,UPI,440.2
ORD17971,CUST1787,2024-09-18,Returned,UPI,163.43
ORD17972,CUST1747,2026-02-03,Delivered,Debit Card,95.43
ORD17973,CUST2206,2025-10-08,Delivered,Net Banking,439.09
ORD17974,CUST1208,2025-03-16,Delivered,Net Banking,61.83
ORD17975,CUST1492,2024-12-06,Delivered,Cash on Delivery,459.95
ORD17976,CUST2153,2025-12-01,Delivered,Cash on Delivery,187.59
ORD17977,CUST1664,2024-07-06,Delivered,UPI,278.7
ORD17978,CUST2036,2025-04-28,Delivered,Cash on Delivery,109.53
ORD17979,CUST2657,2025-08-28,Delivered,Net Banking,456.01
ORD17980,CUST1870,2025-06-11,Returned,Credit Card,387.43
ORD17981,CUST1731,2025-08-02,Shipped,Debit Card,465.87
ORD17982,CUST2129,2025-11-29,Cancelled,Net Banking,357.45
ORD17983,CUST2398,2024-09-01,Returned,Cash on Delivery,133.11
ORD17984,CUST2605,2024-10-04,Delivered,Debit Card,188.72
ORD17985,CUST2730,2024-10-23,Delivered,Debit Card,269.08
ORD17986,CUST1697,2025-08-17,Delivered,UPI,323.27
ORD17987,CUST2122,2024-04-01,Cancelled,Cash on Delivery,466.91
ORD17988,CUST1593,2024-12-01,Shipped,UPI,222.78
ORD17989,CUST2610,2026-01-13,Cancelled,Debit Card,366.38
ORD17990,CUST1885,2024-10-15,Returned,UPI,482.45
ORD17991,CUST1851,2024-11-25,Delivered,Cash on Delivery,118.57
ORD17992,CUST2215,2024-09-24,Delivered,Net Banking,438.22
ORD17993,CUST1324,2026-02-17,Delivered,Credit Card,239.32
ORD17994,CUST1978,2025-11-04,Delivered,Net Banking,379.59
ORD17995,CUST2749,2025-11-10,Delivered,Debit Card,182.09
ORD17996,CUST2850,2025-04-29,Delivered,Net Banking,200.29
ORD17997,CUST1955,2024-06-01,Delivered,UPI,62.21
ORD17998,CUST2490,2024-04-24,Delivered,Cash on Delivery,487.13
ORD17999,CUST1893,2024-10-27,Delivered,Net Banking,416.05
