order_id,product_id,quantity,price_per_unit
ORD10000,PROD1111,3,889.98
ORD10000,PROD1233,3,2513.34
ORD10000,PROD1033,1,4749.54
ORD10000,PROD1079,1,667.76
ORD10001,PROD1010,3,200.86
ORD10001,PROD1391,1,2121.83
ORD10001,PROD1061,1,1429.61
ORD10002,PROD1409,1,547.3
ORD10002,PROD1409,3,547.3
ORD10002,PROD1016,3,1590.79
ORD10002,PROD1090,1,686.01
ORD10003,PROD1205,1,145.07
ORD10004,PROD1477,3,2813.89
ORD10004,PROD1311,1,484.44
ORD10005,PROD1219,3,4261.19
ORD10005,PROD1172,2,2609.26
ORD10005,PROD1164,1,542.42
ORD10006,PROD1247,3,4836.61
ORD10006,PROD1370,1,593.81
ORD10007,PROD1390,1,4953.48
ORD10007,PROD1360,1,2002.03
ORD10007,PROD1320,3,2791.21
ORD10007,PROD1244,1,175.74
ORD10008,PROD1285,1,276.12
ORD10008,PROD1320,3,2791.21
ORD10008,PROD1415,2,2297.38
ORD10008,PROD1440,2,515.7
ORD10009,PROD1351,1,4296.8
ORD10009,PROD1413,3,2909.85
ORD10009,PROD1342,2,948.69
ORD10009,PROD1218,2,3283.2
ORD10010,PROD1030,2,3076.97
ORD10010,PROD1321,2,3601.52
ORD10010,PROD1249,2,4279.75
ORD10011,PROD1414,1,3196.0
ORD10011,PROD1284,3,2933.57
ORD10011,PROD1152,1,809.98
ORD10012,PROD1342,2,948.69
ORD10013,PROD1378,2,4090.9
ORD10013,PROD1123,1,639.25
ORD10013,PROD1051,3,3898.15
ORD10014,PROD1242,1,4582.84
ORD10014,PROD1105,2,1321.53
ORD10014,PROD1091,3,3594.9
ORD10014,PROD1354,1,445.79
ORD10015,PROD1086,1,3675.07
ORD10016,PROD1392,2,1922.89
ORD10016,PROD1351,2,4296.8
ORD10017,PROD1490,3,2332.72
ORD10017,PROD1112,3,4655.52
ORD10018,PROD1298,3,3152.16
ORD10018,PROD1236,3,1475.78
ORD10019,PROD1033,2,4749.54
ORD10019,PROD1254,3,930.51
ORD10020,PROD1481,1,3509.17
ORD10021,PROD1214,2,3589.68
ORD10022,PROD1019,2,1527.02
ORD10023,PROD1425,1,2792.69
ORD10023,PROD1487,2,1476.72
ORD10024,PROD1010,3,200.86
ORD10024,PROD1362,3,2345.44
ORD10025,PROD1007,3,4344.26
ORD10025,PROD1494,1,2372.12
ORD10026,PROD1435,2,3534.75
ORD10026,PROD1258,2,2893.3
ORD10026,PROD1052,1,4703.54
ORD10027,PROD1411,1,4755.3
ORD10027,PROD1143,1,1574.3
ORD10027,PROD1488,1,4757.02
ORD10027,PROD1306,2,2629.87
ORD10028,PROD1153,2,2498.32
ORD10028,PROD1005,3,864.37
ORD10029,PROD1389,2,4053.49
ORD10029,PROD1333,1,668.76
ORD10029,PROD1447,1,3791.55
ORD10030,PROD1063,1,1848.09
ORD10030,PROD1269,1,1538.6
ORD10031,PROD1268,1,1861.51
ORD10032,PROD1005,2,864.37
ORD10032,PROD1120,1,4056.46
ORD10033,PROD1308,2,3996.41
ORD10034,PROD1131,2,1188.33
ORD10034,PROD1289,3,2995.08
ORD10035,PROD1208,2,124.8
ORD10036,PROD1319,1,1326.19
ORD10036,PROD1498,1,4874.53
ORD10037,PROD1285,1,276.12
ORD10037,PROD1170,3,3420.07
ORD10038,PROD1429,3,673.63
ORD10039,PROD1141,1,1333.73
ORD10039,PROD1147,1,2563.13
ORD10039,PROD1439,3,498.61
ORD10039,PROD1115,2,4370.16
ORD10040,PROD1184,3,1363.91
ORD10041,PROD1173,2,1209.83
ORD10041,PROD1350,2,2565.37
ORD10041,PROD1172,2,2609.26
ORD10042,PROD1127,2,4317.58
ORD10042,PROD1340,1,2508.92
ORD10042,PROD1091,3,3594.9
ORD10042,PROD1270,2,4065.87
ORD10043,PROD1107,3,3802.2
ORD10043,PROD1330,1,1844.27
ORD10043,PROD1027,2,2619.75
ORD10044,PROD1069,2,4935.75
ORD10044,PROD1159,1,3668.26
ORD10044,PROD1431,3,3831.4
ORD10044,PROD1351,1,4296.8
ORD10045,PROD1342,1,948.69
ORD10045,PROD1360,1,2002.03
ORD10046,PROD1367,3,4536.22
ORD10047,PROD1192,1,4512.05
ORD10047,PROD1070,1,3884.0
ORD10047,PROD1268,2,1861.51
ORD10047,PROD1333,3,668.76
ORD10048,PROD1432,2,3129.27
ORD10049,PROD1441,3,4934.53
ORD10049,PROD1088,1,4447.34
ORD10049,PROD1251,2,1986.98
ORD10050,PROD1153,2,2498.32
ORD10051,PROD1441,3,4934.53
ORD10051,PROD1282,3,1940.36
ORD10051,PROD1295,3,2658.99
ORD10052,PROD1014,2,990.94
ORD10052,PROD1437,3,4127.11
ORD10052,PROD1325,2,3715.69
ORD10052,PROD1266,3,3515.38
ORD10053,PROD1167,1,1013.94
ORD10054,PROD1425,3,2792.69
ORD10054,PROD1254,3,930.51
ORD10054,PROD1169,2,2995.38
ORD10055,PROD1338,1,2423.45
ORD10055,PROD1084,1,1623.81
ORD10056,PROD1360,2,2002.03
ORD10057,PROD1299,2,518.2
ORD10058,PROD1293,1,1864.93
ORD10059,PROD1087,2,3224.03
ORD10060,PROD1266,1,3515.38
ORD10060,PROD1092,2,3827.85
ORD10061,PROD1229,2,3192.58
ORD10061,PROD1104,1,4547.08
ORD10061,PROD1208,2,124.8
ORD10061,PROD1061,2,1429.61
ORD10062,PROD1194,2,1761.25
ORD10063,PROD1385,3,4037.06
ORD10063,PROD1135,2,1683.69
ORD10063,PROD1371,3,189.29
ORD10064,PROD1141,1,1333.73
ORD10064,PROD1319,1,1326.19
ORD10064,PROD1358,1,4707.13
ORD10065,PROD1001,2,4758.5
ORD10065,PROD1482,3,2327.25
ORD10065,PROD1415,2,2297.38
ORD10066,PROD1446,1,4931.41
ORD10066,PROD1324,2,4778.84
ORD10066,PROD1366,2,4809.83
ORD10067,PROD1262,2,786.41
ORD10068,PROD1374,2,448.82
ORD10068,PROD1242,3,4582.84
ORD10068,PROD1341,1,2420.01
ORD10069,PROD1172,3,2609.26
ORD10070,PROD1256,1,4687.16
ORD10070,PROD1201,3,512.29
ORD10070,PROD1044,2,1368.02
ORD10070,PROD1063,2,1848.09
ORD10071,PROD1330,3,1844.27
ORD10072,PROD1157,2,3831.94
ORD10073,PROD1230,3,3994.58
ORD10073,PROD1072,2,127.06
ORD10074,PROD1301,1,2703.64
ORD10074,PROD1352,3,3327.6
ORD10074,PROD1409,3,547.3
ORD10075,PROD1489,3,4462.29
ORD10075,PROD1143,3,1574.3
ORD10075,PROD1024,1,2334.74
ORD10076,PROD1262,2,786.41
ORD10076,PROD1289,2,2995.08
ORD10077,PROD1406,2,2007.09
ORD10077,PROD1144,3,1495.72
ORD10077,PROD1396,2,4306.22
ORD10078,PROD1413,2,2909.85
ORD10079,PROD1249,3,4279.75
ORD10079,PROD1141,1,1333.73
ORD10079,PROD1266,3,3515.38
ORD10080,PROD1000,1,1935.25
ORD10080,PROD1008,1,3045.46
ORD10081,PROD1349,2,3166.71
ORD10081,PROD1327,1,3097.43
ORD10081,PROD1493,2,1021.79
ORD10081,PROD1301,1,2703.64
ORD10082,PROD1277,3,3284.82
ORD10082,PROD1143,2,1574.3
ORD10082,PROD1338,1,2423.45
ORD10083,PROD1269,2,1538.6
ORD10083,PROD1486,3,322.69
ORD10083,PROD1186,1,4104.39
ORD10084,PROD1010,3,200.86
ORD10085,PROD1316,1,2103.87
ORD10085,PROD1110,3,1519.78
ORD10086,PROD1373,1,3446.73
ORD10086,PROD1396,3,4306.22
ORD10087,PROD1446,1,4931.41
ORD10087,PROD1251,2,1986.98
ORD10087,PROD1075,2,3672.14
ORD10087,PROD1174,1,3261.35
ORD10088,PROD1432,3,3129.27
ORD10088,PROD1271,1,4069.56
ORD10089,PROD1112,1,4655.52
ORD10089,PROD1192,1,4512.05
ORD10090,PROD1490,2,2332.72
ORD10090,PROD1223,2,1901.81
ORD10091,PROD1042,1,268.5
ORD10091,PROD1065,2,2759.21
ORD10091,PROD1387,3,969.45
ORD10091,PROD1378,2,4090.9
ORD10092,PROD1441,1,4934.53
ORD10092,PROD1226,3,4867.75
ORD10092,PROD1259,1,576.16
ORD10092,PROD1379,3,1481.09
ORD10093,PROD1468,3,1195.62
ORD10093,PROD1428,2,1819.48
ORD10093,PROD1269,2,1538.6
ORD10094,PROD1035,1,4061.15
ORD10095,PROD1028,1,3002.83
ORD10095,PROD1390,1,4953.48
ORD10096,PROD1396,2,4306.22
ORD10096,PROD1437,1,4127.11
ORD10096,PROD1141,1,1333.73
ORD10097,PROD1253,1,1652.92
ORD10098,PROD1426,3,2263.5
ORD10098,PROD1448,2,1943.67
ORD10098,PROD1265,3,3729.77
ORD10098,PROD1490,3,2332.72
ORD10099,PROD1119,1,2742.78
ORD10099,PROD1078,2,1856.48
ORD10099,PROD1394,2,1769.94
ORD10100,PROD1119,2,2742.78
ORD10100,PROD1431,2,3831.4
ORD10100,PROD1052,1,4703.54
ORD10100,PROD1064,1,1476.58
ORD10101,PROD1288,3,1504.05
ORD10101,PROD1179,3,773.85
ORD10101,PROD1080,2,4329.21
ORD10102,PROD1423,3,2522.66
ORD10102,PROD1152,3,809.98
ORD10103,PROD1473,3,4466.6
ORD10103,PROD1124,2,1216.88
ORD10104,PROD1036,1,1592.61
ORD10105,PROD1149,2,1465.37
ORD10105,PROD1365,2,1991.9
ORD10106,PROD1026,1,1078.4
ORD10106,PROD1494,1,2372.12
ORD10106,PROD1054,3,3029.71
ORD10106,PROD1398,2,3779.27
ORD10107,PROD1062,1,4160.81
ORD10107,PROD1344,2,2052.67
ORD10107,PROD1445,1,4741.52
ORD10108,PROD1287,1,2758.96
ORD10108,PROD1258,1,2893.3
ORD10108,PROD1160,1,1902.14
ORD10108,PROD1170,3,3420.07
ORD10109,PROD1352,3,3327.6
ORD10109,PROD1159,1,3668.26
ORD10110,PROD1464,1,4814.65
ORD10110,PROD1402,1,2575.74
ORD10111,PROD1021,1,783.52
ORD10111,PROD1193,3,3202.2
ORD10111,PROD1169,1,2995.38
ORD10111,PROD1459,1,682.21
ORD10112,PROD1004,2,864.49
ORD10112,PROD1408,2,4536.37
ORD10112,PROD1033,2,4749.54
ORD10112,PROD1139,3,4861.73
ORD10113,PROD1024,3,2334.74
ORD10113,PROD1012,3,4178.97
ORD10113,PROD1464,2,4814.65
ORD10113,PROD1075,1,3672.14
ORD10114,PROD1223,1,1901.81
ORD10114,PROD1223,3,1901.81
ORD10114,PROD1256,2,4687.16
ORD10114,PROD1002,3,3686.77
ORD10115,PROD1398,3,3779.27
ORD10116,PROD1187,1,2820.48
ORD10116,PROD1123,1,639.25
ORD10117,PROD1102,1,1640.34
ORD10117,PROD1406,3,2007.09
ORD10118,PROD1016,2,1590.79
ORD10118,PROD1158,2,1264.42
ORD10119,PROD1172,3,2609.26
ORD10120,PROD1474,3,2685.74
ORD10120,PROD1481,1,3509.17
ORD10120,PROD1337,2,3547.92
ORD10121,PROD1394,2,1769.94
ORD10121,PROD1260,1,3113.54
ORD10122,PROD1056,2,533.61
ORD10122,PROD1216,1,1694.46
ORD10123,PROD1201,2,512.29
ORD10123,PROD1073,1,4095.76
ORD10123,PROD1483,2,3175.03
ORD10123,PROD1084,1,1623.81
ORD10124,PROD1453,2,4541.14
ORD10124,PROD1358,2,4707.13
ORD10125,PROD1264,1,4399.13
ORD10126,PROD1183,3,4398.96
ORD10126,PROD1132,1,687.34
ORD10126,PROD1055,1,4617.18
ORD10126,PROD1366,1,4809.83
ORD10127,PROD1097,1,2194.95
ORD10128,PROD1468,3,1195.62
ORD10128,PROD1490,1,2332.72
ORD10129,PROD1406,2,2007.09
ORD10129,PROD1242,2,4582.84
ORD10129,PROD1366,2,4809.83
ORD10130,PROD1139,3,4861.73
ORD10130,PROD1332,3,170.53
ORD10131,PROD1332,2,170.53
ORD10132,PROD1177,1,1995.0
ORD10132,PROD1094,2,3877.74
ORD10132,PROD1316,3,2103.87
ORD10132,PROD1394,3,1769.94
ORD10133,PROD1102,2,1640.34
ORD10134,PROD1260,1,3113.54
ORD10134,PROD1146,1,3086.87
ORD10134,PROD1457,2,2396.44
ORD10135,PROD1499,1,4932.43
ORD10136,PROD1204,2,3071.5
ORD10136,PROD1045,2,3346.36
ORD10136,PROD1103,2,2592.0
ORD10137,PROD1416,3,1536.73
ORD10138,PROD1018,3,2216.53
ORD10138,PROD1400,1,605.31
ORD10138,PROD1087,2,3224.03
ORD10139,PROD1149,3,1465.37
ORD10140,PROD1380,2,679.01
ORD10140,PROD1482,3,2327.25
ORD10140,PROD1282,1,1940.36
ORD10140,PROD1331,3,3813.45
ORD10141,PROD1401,2,4522.51
ORD10141,PROD1086,3,3675.07
ORD10142,PROD1063,3,1848.09
ORD10142,PROD1118,1,4473.54
ORD10143,PROD1162,1,3204.3
ORD10144,PROD1177,1,1995.0
ORD10145,PROD1400,3,605.31
ORD10145,PROD1160,1,1902.14
ORD10146,PROD1002,3,3686.77
ORD10146,PROD1023,1,1895.17
ORD10146,PROD1406,3,2007.09
ORD10147,PROD1159,1,3668.26
ORD10148,PROD1239,3,967.84
ORD10148,PROD1413,1,2909.85
ORD10148,PROD1321,1,3601.52
ORD10148,PROD1401,3,4522.51
ORD10149,PROD1017,1,2671.31
ORD10149,PROD1004,1,864.49
ORD10150,PROD1375,2,1662.98
ORD10150,PROD1141,2,1333.73
ORD10150,PROD1396,3,4306.22
ORD10150,PROD1017,3,2671.31
ORD10151,PROD1097,1,2194.95
ORD10152,PROD1004,3,864.49
ORD10152,PROD1128,3,134.07
ORD10153,PROD1275,2,2557.43
ORD10153,PROD1082,1,1721.4
ORD10153,PROD1319,1,1326.19
ORD10154,PROD1137,3,3544.79
ORD10154,PROD1156,3,3393.46
ORD10155,PROD1285,2,276.12
ORD10155,PROD1152,1,809.98
ORD10155,PROD1335,3,299.57
ORD10156,PROD1190,1,556.2
ORD10156,PROD1352,2,3327.6
ORD10156,PROD1370,3,593.81
ORD10157,PROD1229,2,3192.58
ORD10157,PROD1036,1,1592.61
ORD10158,PROD1317,1,949.14
ORD10159,PROD1088,2,4447.34
ORD10160,PROD1168,1,299.8
ORD10160,PROD1374,2,448.82
ORD10160,PROD1297,3,1157.52
ORD10160,PROD1485,2,4515.67
ORD10161,PROD1293,3,1864.93
ORD10161,PROD1208,3,124.8
ORD10162,PROD1381,1,3514.01
ORD10162,PROD1275,2,2557.43
ORD10162,PROD1494,1,2372.12
ORD10163,PROD1297,3,1157.52
ORD10163,PROD1312,2,224.22
ORD10163,PROD1377,2,214.03
ORD10163,PROD1432,1,3129.27
ORD10164,PROD1187,1,2820.48
ORD10165,PROD1140,3,4815.99
ORD10165,PROD1303,1,3223.41
ORD10166,PROD1008,1,3045.46
ORD10166,PROD1184,2,1363.91
ORD10166,PROD1434,2,512.12
ORD10166,PROD1368,1,1059.38
ORD10167,PROD1393,3,3904.42
ORD10167,PROD1488,1,4757.02
ORD10167,PROD1155,2,1286.07
ORD10167,PROD1220,2,3322.3
ORD10168,PROD1401,1,4522.51
ORD10168,PROD1067,3,4030.77
ORD10169,PROD1168,3,299.8
ORD10169,PROD1133,1,1754.31
ORD10169,PROD1490,2,2332.72
ORD10170,PROD1111,3,889.98
ORD10170,PROD1462,3,3755.62
ORD10170,PROD1051,2,3898.15
ORD10170,PROD1136,2,2642.07
ORD10171,PROD1411,3,4755.3
ORD10171,PROD1477,3,2813.89
ORD10171,PROD1263,3,2639.82
ORD10172,PROD1089,2,2413.85
ORD10173,PROD1229,2,3192.58
ORD10173,PROD1138,3,1881.79
ORD10173,PROD1253,2,1652.92
ORD10174,PROD1431,3,3831.4
ORD10174,PROD1155,2,1286.07
ORD10174,PROD1322,1,3334.97
ORD10174,PROD1116,1,4037.99
ORD10175,PROD1058,2,321.61
ORD10175,PROD1320,3,2791.21
ORD10175,PROD1307,1,1682.49
ORD10175,PROD1298,3,3152.16
ORD10176,PROD1305,2,4881.68
ORD10176,PROD1367,1,4536.22
ORD10176,PROD1294,1,722.6
ORD10177,PROD1486,1,322.69
ORD10177,PROD1298,3,3152.16
ORD10177,PROD1304,1,3657.85
ORD10177,PROD1004,3,864.49
ORD10178,PROD1043,3,4555.67
ORD10178,PROD1320,2,2791.21
ORD10178,PROD1496,3,2959.91
ORD10178,PROD1375,2,1662.98
ORD10179,PROD1081,2,3154.16
ORD10179,PROD1481,3,3509.17
ORD10179,PROD1155,3,1286.07
ORD10180,PROD1331,3,3813.45
ORD10180,PROD1049,3,1005.79
ORD10180,PROD1489,1,4462.29
ORD10181,PROD1323,1,1471.68
ORD10182,PROD1480,3,3184.05
ORD10183,PROD1089,3,2413.85
ORD10183,PROD1438,3,3560.59
ORD10184,PROD1487,1,1476.72
ORD10185,PROD1442,3,1933.93
ORD10186,PROD1046,2,1627.38
ORD10186,PROD1432,3,3129.27
ORD10187,PROD1313,1,4816.98
ORD10187,PROD1326,1,2816.33
ORD10188,PROD1307,3,1682.49
ORD10188,PROD1487,3,1476.72
ORD10189,PROD1134,3,4720.26
ORD10190,PROD1427,3,4449.75
ORD10190,PROD1427,3,4449.75
ORD10191,PROD1084,1,1623.81
ORD10191,PROD1020,1,3098.08
ORD10191,PROD1377,1,214.03
ORD10192,PROD1309,3,1427.08
ORD10193,PROD1086,1,3675.07
ORD10193,PROD1201,2,512.29
ORD10193,PROD1039,2,2256.75
ORD10194,PROD1439,1,498.61
ORD10194,PROD1398,3,3779.27
ORD10195,PROD1327,3,3097.43
ORD10195,PROD1497,3,480.9
ORD10196,PROD1344,1,2052.67
ORD10196,PROD1130,3,2145.31
ORD10196,PROD1276,2,4011.65
ORD10197,PROD1084,2,1623.81
ORD10197,PROD1008,1,3045.46
ORD10198,PROD1003,3,3033.43
ORD10198,PROD1496,3,2959.91
ORD10198,PROD1089,1,2413.85
ORD10198,PROD1161,1,3198.3
ORD10199,PROD1444,2,4082.72
ORD10199,PROD1062,3,4160.81
ORD10199,PROD1444,3,4082.72
ORD10200,PROD1159,1,3668.26
ORD10201,PROD1303,3,3223.41
ORD10201,PROD1456,2,155.63
ORD10202,PROD1393,2,3904.42
ORD10202,PROD1152,1,809.98
ORD10202,PROD1081,1,3154.16
ORD10202,PROD1364,1,4713.18
ORD10203,PROD1258,3,2893.3
ORD10203,PROD1317,3,949.14
ORD10203,PROD1078,2,1856.48
ORD10203,PROD1194,2,1761.25
ORD10204,PROD1149,2,1465.37
ORD10204,PROD1397,3,2202.07
ORD10204,PROD1456,2,155.63
ORD10205,PROD1109,2,477.2
ORD10205,PROD1142,2,2536.52
ORD10205,PROD1435,2,3534.75
ORD10206,PROD1039,2,2256.75
ORD10206,PROD1196,3,3657.18
ORD10206,PROD1026,2,1078.4
ORD10207,PROD1319,2,1326.19
ORD10207,PROD1444,2,4082.72
ORD10208,PROD1176,1,3485.59
ORD10208,PROD1206,3,597.21
ORD10209,PROD1026,3,1078.4
ORD10209,PROD1450,3,3908.02
ORD10210,PROD1187,3,2820.48
ORD10210,PROD1444,2,4082.72
ORD10211,PROD1333,3,668.76
ORD10211,PROD1089,1,2413.85
ORD10212,PROD1012,1,4178.97
ORD10212,PROD1028,2,3002.83
ORD10213,PROD1057,2,1060.32
ORD10213,PROD1056,2,533.61
ORD10214,PROD1189,3,1285.08
ORD10215,PROD1370,2,593.81
ORD10215,PROD1386,3,1481.97
ORD10215,PROD1338,3,2423.45
ORD10215,PROD1224,2,1399.49
ORD10216,PROD1390,2,4953.48
ORD10217,PROD1339,3,579.39
ORD10217,PROD1362,2,2345.44
ORD10218,PROD1342,3,948.69
ORD10218,PROD1366,3,4809.83
ORD10219,PROD1163,2,2725.3
ORD10220,PROD1137,2,3544.79
ORD10220,PROD1098,1,224.55
ORD10220,PROD1340,2,2508.92
ORD10221,PROD1246,3,2198.1
ORD10222,PROD1298,1,3152.16
ORD10223,PROD1261,1,4951.26
ORD10224,PROD1016,2,1590.79
ORD10224,PROD1343,2,2225.87
ORD10225,PROD1245,1,4648.76
ORD10225,PROD1473,2,4466.6
ORD10225,PROD1415,3,2297.38
ORD10226,PROD1333,1,668.76
ORD10227,PROD1496,1,2959.91
ORD10228,PROD1477,1,2813.89
ORD10229,PROD1250,3,1542.8
ORD10230,PROD1337,3,3547.92
ORD10231,PROD1336,2,4291.76
ORD10231,PROD1133,3,1754.31
ORD10231,PROD1331,3,3813.45
ORD10232,PROD1182,1,4631.0
ORD10232,PROD1302,1,2749.11
ORD10232,PROD1160,3,1902.14
ORD10233,PROD1314,2,4196.3
ORD10234,PROD1475,2,4965.53
ORD10234,PROD1488,2,4757.02
ORD10234,PROD1351,1,4296.8
ORD10234,PROD1017,2,2671.31
ORD10235,PROD1408,1,4536.37
ORD10235,PROD1275,1,2557.43
ORD10235,PROD1198,2,4446.72
ORD10235,PROD1458,3,375.89
ORD10236,PROD1169,3,2995.38
ORD10236,PROD1321,2,3601.52
ORD10237,PROD1260,3,3113.54
ORD10237,PROD1079,3,667.76
ORD10237,PROD1105,2,1321.53
ORD10238,PROD1405,1,4488.06
ORD10238,PROD1409,1,547.3
ORD10238,PROD1032,2,418.75
ORD10239,PROD1230,1,3994.58
ORD10239,PROD1132,3,687.34
ORD10240,PROD1004,1,864.49
ORD10241,PROD1220,2,3322.3
ORD10241,PROD1193,1,3202.2
ORD10241,PROD1420,2,3978.74
ORD10242,PROD1287,2,2758.96
ORD10243,PROD1385,3,4037.06
ORD10243,PROD1324,3,4778.84
ORD10243,PROD1238,3,3262.81
ORD10243,PROD1480,3,3184.05
ORD10244,PROD1071,2,1073.71
ORD10244,PROD1366,2,4809.83
ORD10244,PROD1064,1,1476.58
ORD10245,PROD1172,2,2609.26
ORD10245,PROD1128,1,134.07
ORD10245,PROD1002,2,3686.77
ORD10245,PROD1382,2,3181.82
ORD10246,PROD1238,3,3262.81
ORD10246,PROD1093,3,2850.26
ORD10246,PROD1046,2,1627.38
ORD10247,PROD1229,2,3192.58
ORD10247,PROD1488,3,4757.02
ORD10248,PROD1316,2,2103.87
ORD10248,PROD1042,2,268.5
ORD10249,PROD1302,2,2749.11
ORD10249,PROD1181,3,656.02
ORD10249,PROD1168,2,299.8
ORD10249,PROD1202,2,891.98
ORD10250,PROD1441,2,4934.53
ORD10250,PROD1249,2,4279.75
ORD10250,PROD1182,3,4631.0
ORD10251,PROD1204,1,3071.5
ORD10251,PROD1088,1,4447.34
ORD10251,PROD1292,3,4130.74
ORD10251,PROD1424,3,382.04
ORD10252,PROD1129,1,2602.66
ORD10252,PROD1247,1,4836.61
ORD10252,PROD1139,3,4861.73
ORD10253,PROD1225,2,1295.55
ORD10253,PROD1333,1,668.76
ORD10253,PROD1326,2,2816.33
ORD10253,PROD1164,1,542.42
ORD10254,PROD1168,1,299.8
ORD10254,PROD1032,3,418.75
ORD10255,PROD1396,2,4306.22
ORD10256,PROD1263,2,2639.82
ORD10256,PROD1246,1,2198.1
ORD10257,PROD1198,1,4446.72
ORD10257,PROD1478,2,4849.58
ORD10257,PROD1276,2,4011.65
ORD10258,PROD1359,1,2919.82
ORD10258,PROD1330,2,1844.27
ORD10259,PROD1244,3,175.74
ORD10259,PROD1087,1,3224.03
ORD10259,PROD1499,1,4932.43
ORD10259,PROD1383,3,4399.61
ORD10260,PROD1321,1,3601.52
ORD10260,PROD1464,1,4814.65
ORD10260,PROD1300,1,353.24
ORD10260,PROD1074,3,3563.6
ORD10261,PROD1108,2,1221.11
ORD10261,PROD1487,1,1476.72
ORD10261,PROD1042,3,268.5
ORD10261,PROD1135,3,1683.69
ORD10262,PROD1480,2,3184.05
ORD10262,PROD1038,2,3452.74
ORD10262,PROD1281,2,1756.18
ORD10262,PROD1327,3,3097.43
ORD10263,PROD1449,2,509.15
ORD10263,PROD1277,2,3284.82
ORD10263,PROD1241,3,4774.25
ORD10264,PROD1433,3,595.5
ORD10264,PROD1236,2,1475.78
ORD10265,PROD1166,1,1671.82
ORD10265,PROD1375,2,1662.98
ORD10265,PROD1075,2,3672.14
ORD10265,PROD1156,2,3393.46
ORD10266,PROD1367,3,4536.22
ORD10266,PROD1212,2,3294.61
ORD10267,PROD1307,2,1682.49
ORD10267,PROD1053,1,4484.65
ORD10267,PROD1215,2,1262.52
ORD10268,PROD1181,1,656.02
ORD10268,PROD1435,3,3534.75
ORD10269,PROD1321,2,3601.52
ORD10270,PROD1166,2,1671.82
ORD10270,PROD1410,2,1664.64
ORD10271,PROD1455,3,2513.86
ORD10271,PROD1072,3,127.06
ORD10271,PROD1212,2,3294.61
ORD10272,PROD1135,3,1683.69
ORD10272,PROD1034,2,4831.6
ORD10272,PROD1145,1,280.75
ORD10273,PROD1432,2,3129.27
ORD10273,PROD1391,1,2121.83
ORD10273,PROD1420,1,3978.74
ORD10273,PROD1235,2,3640.02
ORD10274,PROD1424,1,382.04
ORD10274,PROD1488,3,4757.02
ORD10275,PROD1037,2,578.59
ORD10275,PROD1253,1,1652.92
ORD10275,PROD1395,2,4660.71
ORD10275,PROD1425,3,2792.69
ORD10276,PROD1204,1,3071.5
ORD10276,PROD1192,1,4512.05
ORD10276,PROD1229,1,3192.58
ORD10277,PROD1393,2,3904.42
ORD10277,PROD1156,2,3393.46
ORD10277,PROD1167,2,1013.94
ORD10278,PROD1174,2,3261.35
ORD10278,PROD1287,1,2758.96
ORD10278,PROD1087,1,3224.03
ORD10278,PROD1101,3,3218.41
ORD10279,PROD1095,3,2519.6
ORD10279,PROD1439,2,498.61
ORD10280,PROD1162,1,3204.3
ORD10280,PROD1285,2,276.12
ORD10280,PROD1352,3,3327.6
ORD10280,PROD1054,1,3029.71
ORD10281,PROD1195,1,1811.13
ORD10282,PROD1285,2,276.12
ORD10282,PROD1235,2,3640.02
ORD10282,PROD1078,2,1856.48
ORD10282,PROD1412,3,4757.98
ORD10283,PROD1251,3,1986.98
ORD10283,PROD1489,3,4462.29
ORD10284,PROD1265,3,3729.77
ORD10284,PROD1341,1,2420.01
ORD10284,PROD1060,2,2004.52
ORD10284,PROD1022,2,1531.51
ORD10285,PROD1169,3,2995.38
ORD10285,PROD1400,3,605.31
ORD10286,PROD1009,1,3569.56
ORD10286,PROD1429,1,673.63
ORD10287,PROD1166,2,1671.82
ORD10287,PROD1001,3,4758.5
ORD10287,PROD1067,1,4030.77
ORD10288,PROD1455,1,2513.86
ORD10288,PROD1277,2,3284.82
ORD10289,PROD1098,3,224.55
ORD10290,PROD1114,2,3203.68
ORD10290,PROD1003,3,3033.43
ORD10290,PROD1086,2,3675.07
ORD10291,PROD1305,3,4881.68
ORD10291,PROD1281,3,1756.18
ORD10292,PROD1096,2,2661.39
ORD10293,PROD1087,3,3224.03
ORD10294,PROD1086,1,3675.07
ORD10294,PROD1421,3,3969.13
ORD10294,PROD1025,2,3947.36
ORD10295,PROD1300,3,353.24
ORD10295,PROD1030,1,3076.97
ORD10296,PROD1231,1,2562.92
ORD10296,PROD1044,3,1368.02
ORD10296,PROD1492,3,1459.17
ORD10296,PROD1315,1,3510.27
ORD10297,PROD1409,3,547.3
ORD10297,PROD1322,1,3334.97
ORD10298,PROD1343,2,2225.87
ORD10298,PROD1370,1,593.81
ORD10299,PROD1427,2,4449.75
ORD10299,PROD1218,3,3283.2
ORD10299,PROD1021,2,783.52
ORD10300,PROD1239,3,967.84
ORD10300,PROD1365,1,1991.9
ORD10300,PROD1064,3,1476.58
ORD10300,PROD1245,1,4648.76
ORD10301,PROD1157,2,3831.94
ORD10302,PROD1329,3,1313.88
ORD10302,PROD1024,1,2334.74
ORD10302,PROD1337,3,3547.92
ORD10303,PROD1305,2,4881.68
ORD10303,PROD1492,3,1459.17
ORD10303,PROD1074,1,3563.6
ORD10303,PROD1137,3,3544.79
ORD10304,PROD1386,2,1481.97
ORD10304,PROD1471,1,4852.41
ORD10305,PROD1374,2,448.82
ORD10305,PROD1188,1,2695.29
ORD10305,PROD1027,2,2619.75
ORD10305,PROD1162,3,3204.3
ORD10306,PROD1454,2,644.87
ORD10306,PROD1304,2,3657.85
ORD10307,PROD1387,3,969.45
ORD10307,PROD1170,1,3420.07
ORD10307,PROD1207,2,3351.16
ORD10308,PROD1286,1,2381.43
ORD10308,PROD1210,2,2788.8
ORD10308,PROD1371,3,189.29
ORD10308,PROD1149,2,1465.37
ORD10309,PROD1154,2,4929.69
ORD10309,PROD1229,1,3192.58
ORD10309,PROD1299,3,518.2
ORD10310,PROD1055,3,4617.18
ORD10310,PROD1150,2,4550.5
ORD10310,PROD1298,3,3152.16
ORD10311,PROD1067,3,4030.77
ORD10311,PROD1052,1,4703.54
ORD10312,PROD1039,2,2256.75
ORD10312,PROD1443,1,1916.15
ORD10313,PROD1137,2,3544.79
ORD10313,PROD1265,2,3729.77
ORD10313,PROD1413,2,2909.85
ORD10314,PROD1184,3,1363.91
ORD10314,PROD1298,3,3152.16
ORD10314,PROD1239,1,967.84
ORD10314,PROD1210,1,2788.8
ORD10315,PROD1067,2,4030.77
ORD10315,PROD1474,2,2685.74
ORD10315,PROD1357,1,2970.3
ORD10315,PROD1230,2,3994.58
ORD10316,PROD1370,1,593.81
ORD10317,PROD1497,3,480.9
ORD10317,PROD1327,1,3097.43
ORD10317,PROD1329,3,1313.88
ORD10317,PROD1053,1,4484.65
ORD10318,PROD1358,3,4707.13
ORD10318,PROD1249,1,4279.75
ORD10318,PROD1442,3,1933.93
ORD10319,PROD1226,1,4867.75
ORD10319,PROD1135,1,1683.69
ORD10320,PROD1370,3,593.81
ORD10320,PROD1218,2,3283.2
ORD10320,PROD1364,2,4713.18
ORD10320,PROD1473,3,4466.6
ORD10321,PROD1232,1,2926.83
ORD10321,PROD1129,3,2602.66
ORD10322,PROD1127,1,4317.58
ORD10322,PROD1075,1,3672.14
ORD10323,PROD1105,3,1321.53
ORD10323,PROD1388,2,3778.01
ORD10323,PROD1008,2,3045.46
ORD10324,PROD1441,2,4934.53
ORD10325,PROD1035,2,4061.15
ORD10325,PROD1201,2,512.29
ORD10326,PROD1292,2,4130.74
ORD10326,PROD1168,2,299.8
ORD10327,PROD1207,1,3351.16
ORD10327,PROD1060,3,2004.52
ORD10327,PROD1330,3,1844.27
ORD10328,PROD1047,1,2648.33
ORD10328,PROD1447,2,3791.55
ORD10328,PROD1244,1,175.74
ORD10329,PROD1099,1,628.67
ORD10330,PROD1016,2,1590.79
ORD10330,PROD1089,1,2413.85
ORD10330,PROD1499,3,4932.43
ORD10330,PROD1107,3,3802.2
ORD10331,PROD1221,3,2884.71
ORD10332,PROD1321,3,3601.52
ORD10332,PROD1267,1,3542.17
ORD10333,PROD1386,2,1481.97
ORD10333,PROD1263,3,2639.82
ORD10334,PROD1340,1,2508.92
ORD10335,PROD1281,1,1756.18
ORD10335,PROD1340,3,2508.92
ORD10335,PROD1328,3,2156.04
ORD10335,PROD1400,2,605.31
ORD10336,PROD1118,3,4473.54
ORD10336,PROD1046,3,1627.38
ORD10336,PROD1167,1,1013.94
ORD10337,PROD1394,2,1769.94
ORD10337,PROD1166,3,1671.82
ORD10338,PROD1201,1,512.29
ORD10338,PROD1483,2,3175.03
ORD10338,PROD1020,1,3098.08
ORD10339,PROD1172,1,2609.26
ORD10340,PROD1121,1,4490.85
ORD10340,PROD1496,2,2959.91
ORD10340,PROD1183,3,4398.96
ORD10341,PROD1180,3,1771.23
ORD10342,PROD1392,1,1922.89
ORD10342,PROD1347,2,321.99
ORD10343,PROD1071,3,1073.71
ORD10343,PROD1470,3,159.56
ORD10343,PROD1241,3,4774.25
ORD10343,PROD1260,2,3113.54
ORD10344,PROD1025,3,3947.36
ORD10344,PROD1421,1,3969.13
ORD10345,PROD1400,3,605.31
ORD10346,PROD1058,1,321.61
ORD10346,PROD1257,1,3510.55
ORD10347,PROD1165,3,4192.98
ORD10347,PROD1024,2,2334.74
ORD10347,PROD1422,2,546.91
ORD10348,PROD1368,2,1059.38
ORD10348,PROD1026,3,1078.4
ORD10349,PROD1043,1,4555.67
ORD10350,PROD1320,3,2791.21
ORD10350,PROD1463,3,2958.51
ORD10351,PROD1332,1,170.53
ORD10352,PROD1056,2,533.61
ORD10352,PROD1329,3,1313.88
ORD10352,PROD1063,1,1848.09
ORD10353,PROD1224,2,1399.49
ORD10353,PROD1124,2,1216.88
ORD10353,PROD1147,2,2563.13
ORD10353,PROD1227,2,2026.18
ORD10354,PROD1206,1,597.21
ORD10354,PROD1254,1,930.51
ORD10355,PROD1404,3,1668.24
ORD10355,PROD1398,1,3779.27
ORD10356,PROD1402,1,2575.74
ORD10356,PROD1387,2,969.45
ORD10357,PROD1185,2,3333.92
ORD10358,PROD1382,2,3181.82
ORD10358,PROD1078,3,1856.48
ORD10358,PROD1144,2,1495.72
ORD10358,PROD1128,2,134.07
ORD10359,PROD1089,2,2413.85
ORD10359,PROD1429,1,673.63
ORD10360,PROD1166,2,1671.82
ORD10360,PROD1382,2,3181.82
ORD10360,PROD1197,3,4495.84
ORD10360,PROD1059,3,1694.12
ORD10361,PROD1310,2,2250.96
ORD10361,PROD1453,2,4541.14
ORD10362,PROD1242,3,4582.84
ORD10363,PROD1322,2,3334.97
ORD10363,PROD1179,2,773.85
ORD10363,PROD1261,2,4951.26
ORD10363,PROD1496,1,2959.91
ORD10364,PROD1011,1,4852.56
ORD10364,PROD1301,2,2703.64
ORD10365,PROD1346,1,3211.96
ORD10365,PROD1379,3,1481.09
ORD10366,PROD1196,2,3657.18
ORD10366,PROD1252,3,4270.57
ORD10367,PROD1059,1,1694.12
ORD10367,PROD1356,2,229.91
ORD10368,PROD1381,3,3514.01
ORD10368,PROD1201,3,512.29
ORD10369,PROD1022,1,1531.51
ORD10369,PROD1455,3,2513.86
ORD10369,PROD1404,2,1668.24
ORD10370,PROD1283,2,560.51
ORD10371,PROD1487,1,1476.72
ORD10371,PROD1084,1,1623.81
ORD10371,PROD1456,3,155.63
ORD10372,PROD1438,1,3560.59
ORD10373,PROD1419,2,3786.64
ORD10373,PROD1370,3,593.81
ORD10373,PROD1155,2,1286.07
ORD10374,PROD1081,3,3154.16
ORD10375,PROD1124,3,1216.88
ORD10375,PROD1425,3,2792.69
ORD10376,PROD1488,3,4757.02
ORD10376,PROD1268,2,1861.51
ORD10376,PROD1497,2,480.9
ORD10376,PROD1024,2,2334.74
ORD10377,PROD1257,2,3510.55
ORD10377,PROD1112,3,4655.52
ORD10377,PROD1293,3,1864.93
ORD10377,PROD1201,1,512.29
ORD10378,PROD1370,2,593.81
ORD10378,PROD1426,2,2263.5
ORD10378,PROD1096,1,2661.39
ORD10378,PROD1184,2,1363.91
ORD10379,PROD1179,3,773.85
ORD10379,PROD1445,3,4741.52
ORD10379,PROD1385,1,4037.06
ORD10379,PROD1348,1,1935.6
ORD10380,PROD1328,1,2156.04
ORD10380,PROD1248,1,4821.74
ORD10381,PROD1077,3,462.82
ORD10381,PROD1057,3,1060.32
ORD10381,PROD1460,1,675.88
ORD10381,PROD1124,3,1216.88
ORD10382,PROD1221,2,2884.71
ORD10382,PROD1311,3,484.44
ORD10382,PROD1381,1,3514.01
ORD10383,PROD1401,3,4522.51
ORD10383,PROD1434,2,512.12
ORD10383,PROD1060,3,2004.52
ORD10383,PROD1121,2,4490.85
ORD10384,PROD1055,2,4617.18
ORD10384,PROD1166,2,1671.82
ORD10384,PROD1220,3,3322.3
ORD10384,PROD1075,1,3672.14
ORD10385,PROD1253,3,1652.92
ORD10386,PROD1473,3,4466.6
ORD10386,PROD1362,1,2345.44
ORD10386,PROD1148,3,352.25
ORD10386,PROD1317,2,949.14
ORD10387,PROD1230,3,3994.58
ORD10387,PROD1399,1,3797.26
ORD10387,PROD1189,1,1285.08
ORD10387,PROD1224,2,1399.49
ORD10388,PROD1209,1,887.96
ORD10388,PROD1296,2,3872.97
ORD10388,PROD1097,2,2194.95
ORD10388,PROD1171,3,181.28
ORD10389,PROD1178,1,4689.98
ORD10389,PROD1053,1,4484.65
ORD10389,PROD1195,2,1811.13
ORD10389,PROD1216,2,1694.46
ORD10390,PROD1066,3,790.53
ORD10391,PROD1111,1,889.98
ORD10391,PROD1328,3,2156.04
ORD10391,PROD1205,1,145.07
ORD10391,PROD1405,1,4488.06
ORD10392,PROD1270,1,4065.87
ORD10393,PROD1126,3,4108.27
ORD10393,PROD1269,3,1538.6
ORD10393,PROD1307,1,1682.49
ORD10393,PROD1247,2,4836.61
ORD10394,PROD1259,3,576.16
ORD10395,PROD1424,3,382.04
ORD10395,PROD1423,3,2522.66
ORD10395,PROD1057,3,1060.32
ORD10396,PROD1147,2,2563.13
ORD10396,PROD1101,2,3218.41
ORD10396,PROD1075,3,3672.14
ORD10396,PROD1412,2,4757.98
ORD10397,PROD1389,2,4053.49
ORD10397,PROD1273,1,4574.88
ORD10397,PROD1436,3,456.54
ORD10398,PROD1232,2,2926.83
ORD10398,PROD1162,1,3204.3
ORD10398,PROD1458,3,375.89
ORD10399,PROD1248,3,4821.74
ORD10399,PROD1489,1,4462.29
ORD10399,PROD1479,3,2663.18
ORD10399,PROD1426,1,2263.5
ORD10400,PROD1227,2,2026.18
ORD10400,PROD1193,1,3202.2
ORD10400,PROD1279,3,3999.38
ORD10401,PROD1386,2,1481.97
ORD10401,PROD1156,2,3393.46
ORD10401,PROD1253,1,1652.92
ORD10401,PROD1307,2,1682.49
ORD10402,PROD1049,2,1005.79
ORD10403,PROD1180,2,1771.23
ORD10403,PROD1030,2,3076.97
ORD10403,PROD1326,3,2816.33
ORD10403,PROD1495,2,1831.43
ORD10404,PROD1387,1,969.45
ORD10404,PROD1418,3,3395.34
ORD10405,PROD1210,3,2788.8
ORD10405,PROD1136,2,2642.07
ORD10405,PROD1429,2,673.63
ORD10405,PROD1338,1,2423.45
ORD10406,PROD1126,2,4108.27
ORD10406,PROD1495,2,1831.43
ORD10407,PROD1232,3,2926.83
ORD10408,PROD1246,2,2198.1
ORD10408,PROD1441,2,4934.53
ORD10408,PROD1386,2,1481.97
ORD10408,PROD1134,1,4720.26
ORD10409,PROD1303,1,3223.41
ORD10409,PROD1459,1,682.21
ORD10409,PROD1308,1,3996.41
ORD10409,PROD1201,3,512.29
ORD10410,PROD1441,3,4934.53
ORD10410,PROD1323,1,1471.68
ORD10411,PROD1349,1,3166.71
ORD10411,PROD1239,3,967.84
ORD10411,PROD1212,3,3294.61
ORD10411,PROD1470,1,159.56
ORD10412,PROD1012,3,4178.97
ORD10412,PROD1379,1,1481.09
ORD10412,PROD1231,1,2562.92
ORD10412,PROD1149,2,1465.37
ORD10413,PROD1445,2,4741.52
ORD10413,PROD1182,3,4631.0
ORD10414,PROD1010,2,200.86
ORD10414,PROD1295,3,2658.99
ORD10415,PROD1093,3,2850.26
ORD10415,PROD1259,1,576.16
ORD10415,PROD1257,3,3510.55
ORD10415,PROD1460,1,675.88
ORD10416,PROD1204,3,3071.5
ORD10416,PROD1425,2,2792.69
ORD10417,PROD1399,3,3797.26
ORD10418,PROD1443,1,1916.15
ORD10418,PROD1387,2,969.45
ORD10418,PROD1355,2,3247.85
ORD10418,PROD1271,1,4069.56
ORD10419,PROD1355,2,3247.85
ORD10419,PROD1406,3,2007.09
ORD10419,PROD1252,1,4270.57
ORD10419,PROD1075,2,3672.14
ORD10420,PROD1028,1,3002.83
ORD10420,PROD1274,1,2605.58
ORD10420,PROD1469,2,4819.79
ORD10421,PROD1079,1,667.76
ORD10421,PROD1193,2,3202.2
ORD10422,PROD1395,1,4660.71
ORD10423,PROD1239,3,967.84
ORD10423,PROD1269,1,1538.6
ORD10423,PROD1297,1,1157.52
ORD10424,PROD1037,1,578.59
ORD10425,PROD1366,2,4809.83
ORD10425,PROD1236,1,1475.78
ORD10425,PROD1125,1,2192.83
ORD10425,PROD1383,2,4399.61
ORD10426,PROD1416,1,1536.73
ORD10426,PROD1374,1,448.82
ORD10426,PROD1265,3,3729.77
ORD10426,PROD1248,2,4821.74
ORD10427,PROD1135,3,1683.69
ORD10427,PROD1282,1,1940.36
ORD10427,PROD1163,1,2725.3
ORD10427,PROD1136,2,2642.07
ORD10428,PROD1387,1,969.45
ORD10428,PROD1371,1,189.29
ORD10429,PROD1347,2,321.99
ORD10429,PROD1475,2,4965.53
ORD10429,PROD1452,1,2178.69
ORD10429,PROD1095,2,2519.6
ORD10430,PROD1199,3,3921.39
ORD10430,PROD1331,2,3813.45
ORD10430,PROD1351,1,4296.8
ORD10430,PROD1280,3,4461.03
ORD10431,PROD1435,3,3534.75
ORD10432,PROD1373,2,3446.73
ORD10432,PROD1428,2,1819.48
ORD10433,PROD1301,3,2703.64
ORD10433,PROD1126,2,4108.27
ORD10433,PROD1070,1,3884.0
ORD10434,PROD1173,3,1209.83
ORD10435,PROD1367,3,4536.22
ORD10435,PROD1288,2,1504.05
ORD10436,PROD1311,1,484.44
ORD10436,PROD1038,3,3452.74
ORD10436,PROD1059,2,1694.12
ORD10437,PROD1082,2,1721.4
ORD10437,PROD1219,1,4261.19
ORD10437,PROD1407,1,153.1
ORD10438,PROD1073,2,4095.76
ORD10438,PROD1134,1,4720.26
ORD10438,PROD1429,3,673.63
ORD10438,PROD1377,2,214.03
ORD10439,PROD1428,3,1819.48
ORD10440,PROD1322,2,3334.97
ORD10440,PROD1355,1,3247.85
ORD10441,PROD1376,3,4239.89
ORD10441,PROD1099,2,628.67
ORD10441,PROD1446,3,4931.41
ORD10441,PROD1437,1,4127.11
ORD10442,PROD1011,2,4852.56
ORD10442,PROD1442,3,1933.93
ORD10442,PROD1403,2,4149.64
ORD10442,PROD1342,2,948.69
ORD10443,PROD1054,3,3029.71
ORD10443,PROD1271,1,4069.56
ORD10444,PROD1168,2,299.8
ORD10444,PROD1388,1,3778.01
ORD10445,PROD1124,2,1216.88
ORD10445,PROD1130,2,2145.31
ORD10445,PROD1233,1,2513.34
ORD10446,PROD1493,1,1021.79
ORD10446,PROD1378,1,4090.9
ORD10447,PROD1495,2,1831.43
ORD10447,PROD1004,3,864.49
ORD10448,PROD1451,1,2836.18
ORD10449,PROD1480,1,3184.05
ORD10449,PROD1413,1,2909.85
ORD10449,PROD1227,3,2026.18
ORD10450,PROD1159,1,3668.26
ORD10450,PROD1471,1,4852.41
ORD10450,PROD1005,3,864.37
ORD10451,PROD1180,1,1771.23
ORD10451,PROD1029,3,327.61
ORD10452,PROD1303,3,3223.41
ORD10452,PROD1226,3,4867.75
ORD10452,PROD1219,3,4261.19
ORD10453,PROD1277,1,3284.82
ORD10453,PROD1318,1,866.54
ORD10453,PROD1173,1,1209.83
ORD10453,PROD1246,2,2198.1
ORD10454,PROD1179,1,773.85
ORD10454,PROD1341,2,2420.01
ORD10454,PROD1158,3,1264.42
ORD10455,PROD1385,1,4037.06
ORD10455,PROD1255,1,2828.33
ORD10455,PROD1277,1,3284.82
ORD10455,PROD1248,1,4821.74
ORD10456,PROD1499,1,4932.43
ORD10456,PROD1298,1,3152.16
ORD10456,PROD1199,1,3921.39
ORD10457,PROD1120,3,4056.46
ORD10457,PROD1186,2,4104.39
ORD10458,PROD1111,2,889.98
ORD10458,PROD1467,2,4356.14
ORD10458,PROD1456,3,155.63
ORD10459,PROD1316,1,2103.87
ORD10460,PROD1357,1,2970.3
ORD10460,PROD1418,2,3395.34
ORD10460,PROD1374,2,448.82
ORD10460,PROD1478,3,4849.58
ORD10461,PROD1317,2,949.14
ORD10461,PROD1463,2,2958.51
ORD10461,PROD1430,3,800.66
ORD10462,PROD1499,3,4932.43
ORD10462,PROD1009,3,3569.56
ORD10463,PROD1087,3,3224.03
ORD10463,PROD1049,2,1005.79
ORD10463,PROD1142,2,2536.52
ORD10464,PROD1071,2,1073.71
ORD10464,PROD1243,2,1913.78
ORD10464,PROD1238,1,3262.81
ORD10465,PROD1309,3,1427.08
ORD10465,PROD1480,1,3184.05
ORD10466,PROD1160,1,1902.14
ORD10466,PROD1128,1,134.07
ORD10467,PROD1372,3,562.77
ORD10468,PROD1344,1,2052.67
ORD10469,PROD1079,2,667.76
ORD10470,PROD1496,1,2959.91
ORD10471,PROD1102,2,1640.34
ORD10471,PROD1112,3,4655.52
ORD10471,PROD1251,2,1986.98
ORD10471,PROD1151,3,1273.85
ORD10472,PROD1492,1,1459.17
ORD10472,PROD1099,3,628.67
ORD10472,PROD1119,1,2742.78
ORD10473,PROD1294,3,722.6
ORD10474,PROD1067,1,4030.77
ORD10474,PROD1153,1,2498.32
ORD10474,PROD1493,3,1021.79
ORD10474,PROD1181,3,656.02
ORD10475,PROD1009,1,3569.56
ORD10475,PROD1187,3,2820.48
ORD10476,PROD1102,1,1640.34
ORD10476,PROD1302,2,2749.11
ORD10476,PROD1240,1,4708.25
ORD10477,PROD1193,2,3202.2
ORD10477,PROD1176,2,3485.59
ORD10477,PROD1368,2,1059.38
ORD10477,PROD1414,1,3196.0
ORD10478,PROD1059,1,1694.12
ORD10478,PROD1367,2,4536.22
ORD10478,PROD1042,1,268.5
ORD10479,PROD1062,2,4160.81
ORD10479,PROD1279,2,3999.38
ORD10480,PROD1107,1,3802.2
ORD10480,PROD1289,1,2995.08
ORD10480,PROD1077,1,462.82
ORD10480,PROD1246,1,2198.1
ORD10481,PROD1403,3,4149.64
ORD10481,PROD1239,1,967.84
ORD10481,PROD1425,1,2792.69
ORD10481,PROD1262,3,786.41
ORD10482,PROD1325,3,3715.69
ORD10482,PROD1219,3,4261.19
ORD10482,PROD1459,2,682.21
ORD10483,PROD1023,3,1895.17
ORD10483,PROD1289,3,2995.08
ORD10484,PROD1063,2,1848.09
ORD10484,PROD1254,3,930.51
ORD10484,PROD1147,3,2563.13
ORD10484,PROD1115,2,4370.16
ORD10485,PROD1092,2,3827.85
ORD10485,PROD1064,3,1476.58
ORD10485,PROD1374,3,448.82
ORD10485,PROD1173,1,1209.83
ORD10486,PROD1006,3,384.61
ORD10486,PROD1309,1,1427.08
ORD10487,PROD1212,3,3294.61
ORD10487,PROD1200,1,3245.96
ORD10487,PROD1382,2,3181.82
ORD10488,PROD1120,3,4056.46
ORD10488,PROD1008,3,3045.46
ORD10489,PROD1020,2,3098.08
ORD10490,PROD1193,1,3202.2
ORD10490,PROD1025,2,3947.36
ORD10490,PROD1427,2,4449.75
ORD10490,PROD1284,3,2933.57
ORD10491,PROD1432,1,3129.27
ORD10491,PROD1398,1,3779.27
ORD10491,PROD1272,2,4348.65
ORD10492,PROD1415,3,2297.38
ORD10492,PROD1110,3,1519.78
ORD10492,PROD1211,2,3490.29
ORD10493,PROD1483,3,3175.03
ORD10493,PROD1058,3,321.61
ORD10493,PROD1029,2,327.61
ORD10494,PROD1001,1,4758.5
ORD10494,PROD1417,2,1710.46
ORD10495,PROD1030,1,3076.97
ORD10495,PROD1318,1,866.54
ORD10495,PROD1182,1,4631.0
ORD10496,PROD1291,2,283.01
ORD10496,PROD1295,2,2658.99
ORD10496,PROD1022,3,1531.51
ORD10497,PROD1469,3,4819.79
ORD10497,PROD1411,1,4755.3
ORD10498,PROD1198,2,4446.72
ORD10498,PROD1190,3,556.2
ORD10498,PROD1231,1,2562.92
ORD10498,PROD1061,3,1429.61
ORD10499,PROD1332,3,170.53
ORD10500,PROD1082,1,1721.4
ORD10500,PROD1092,1,3827.85
ORD10500,PROD1277,1,3284.82
ORD10501,PROD1157,1,3831.94
ORD10501,PROD1068,2,465.3
ORD10501,PROD1488,1,4757.02
ORD10501,PROD1443,2,1916.15
ORD10502,PROD1138,3,1881.79
ORD10502,PROD1279,3,3999.38
ORD10503,PROD1359,3,2919.82
ORD10503,PROD1050,3,4850.96
ORD10504,PROD1208,3,124.8
ORD10504,PROD1386,3,1481.97
ORD10505,PROD1091,1,3594.9
ORD10505,PROD1030,3,3076.97
ORD10505,PROD1361,1,3252.11
ORD10505,PROD1248,3,4821.74
ORD10506,PROD1218,2,3283.2
ORD10506,PROD1103,3,2592.0
ORD10506,PROD1300,1,353.24
ORD10506,PROD1096,2,2661.39
ORD10507,PROD1148,3,352.25
ORD10507,PROD1380,1,679.01
ORD10507,PROD1242,2,4582.84
ORD10507,PROD1441,3,4934.53
ORD10508,PROD1299,2,518.2
ORD10508,PROD1088,1,4447.34
ORD10509,PROD1176,2,3485.59
ORD10509,PROD1484,3,2963.14
ORD10509,PROD1117,2,1014.19
ORD10510,PROD1076,2,3879.22
ORD10510,PROD1087,1,3224.03
ORD10510,PROD1395,1,4660.71
ORD10511,PROD1414,1,3196.0
ORD10511,PROD1003,1,3033.43
ORD10511,PROD1437,1,4127.11
ORD10511,PROD1082,2,1721.4
ORD10512,PROD1216,3,1694.46
ORD10513,PROD1144,1,1495.72
ORD10513,PROD1442,3,1933.93
ORD10514,PROD1001,2,4758.5
ORD10515,PROD1224,2,1399.49
ORD10515,PROD1441,3,4934.53
ORD10515,PROD1436,2,456.54
ORD10516,PROD1140,1,4815.99
ORD10517,PROD1470,1,159.56
ORD10517,PROD1063,2,1848.09
ORD10517,PROD1332,2,170.53
ORD10518,PROD1156,1,3393.46
ORD10518,PROD1249,3,4279.75
ORD10519,PROD1300,3,353.24
ORD10519,PROD1020,3,3098.08
ORD10520,PROD1454,1,644.87
ORD10520,PROD1129,1,2602.66
ORD10520,PROD1298,1,3152.16
ORD10521,PROD1172,1,2609.26
ORD10521,PROD1331,3,3813.45
ORD10521,PROD1204,3,3071.5
ORD10521,PROD1102,3,1640.34
ORD10522,PROD1371,2,189.29
ORD10522,PROD1007,2,4344.26
ORD10522,PROD1365,2,1991.9
ORD10523,PROD1057,1,1060.32
ORD10523,PROD1168,3,299.8
ORD10523,PROD1121,3,4490.85
ORD10523,PROD1248,3,4821.74
ORD10524,PROD1075,2,3672.14
ORD10524,PROD1168,3,299.8
ORD10525,PROD1460,2,675.88
ORD10525,PROD1372,2,562.77
ORD10525,PROD1278,1,3539.64
ORD10526,PROD1125,1,2192.83
ORD10526,PROD1331,1,3813.45
ORD10526,PROD1152,2,809.98
ORD10527,PROD1177,1,1995.0
ORD10528,PROD1038,3,3452.74
ORD10528,PROD1457,1,2396.44
ORD10529,PROD1132,1,687.34
ORD10529,PROD1378,1,4090.9
ORD10530,PROD1078,3,1856.48
ORD10531,PROD1261,1,4951.26
ORD10531,PROD1065,3,2759.21
ORD10532,PROD1104,1,4547.08
ORD10532,PROD1097,1,2194.95
ORD10532,PROD1486,2,322.69
ORD10533,PROD1030,3,3076.97
ORD10533,PROD1407,2,153.1
ORD10534,PROD1203,2,4502.92
ORD10534,PROD1147,1,2563.13
ORD10534,PROD1131,1,1188.33
ORD10535,PROD1126,2,4108.27
ORD10536,PROD1308,3,3996.41
ORD10537,PROD1120,3,4056.46
ORD10537,PROD1331,3,3813.45
ORD10537,PROD1303,3,3223.41
ORD10538,PROD1259,3,576.16
ORD10538,PROD1123,3,639.25
ORD10538,PROD1241,2,4774.25
ORD10539,PROD1058,1,321.61
ORD10539,PROD1108,2,1221.11
ORD10539,PROD1040,3,697.99
ORD10540,PROD1285,3,276.12
ORD10540,PROD1390,1,4953.48
ORD10541,PROD1485,3,4515.67
ORD10541,PROD1476,1,461.6
ORD10541,PROD1481,3,3509.17
ORD10542,PROD1172,1,2609.26
ORD10543,PROD1176,2,3485.59
ORD10543,PROD1048,3,2778.88
ORD10543,PROD1110,3,1519.78
ORD10544,PROD1346,3,3211.96
ORD10545,PROD1150,1,4550.5
ORD10545,PROD1272,3,4348.65
ORD10545,PROD1043,1,4555.67
ORD10545,PROD1070,1,3884.0
ORD10546,PROD1214,2,3589.68
ORD10546,PROD1329,1,1313.88
ORD10546,PROD1143,2,1574.3
ORD10546,PROD1106,2,2110.88
ORD10547,PROD1333,3,668.76
ORD10548,PROD1389,2,4053.49
ORD10548,PROD1063,1,1848.09
ORD10548,PROD1283,1,560.51
ORD10548,PROD1264,3,4399.13
ORD10549,PROD1172,2,2609.26
ORD10549,PROD1337,2,3547.92
ORD10549,PROD1118,3,4473.54
ORD10549,PROD1426,1,2263.5
ORD10550,PROD1062,2,4160.81
ORD10550,PROD1462,2,3755.62
ORD10550,PROD1380,2,679.01
ORD10551,PROD1192,2,4512.05
ORD10552,PROD1439,2,498.61
ORD10552,PROD1181,2,656.02
ORD10552,PROD1047,1,2648.33
ORD10552,PROD1227,2,2026.18
ORD10553,PROD1249,3,4279.75
ORD10553,PROD1224,3,1399.49
ORD10553,PROD1390,1,4953.48
ORD10554,PROD1109,1,477.2
ORD10554,PROD1260,3,3113.54
ORD10554,PROD1172,1,2609.26
ORD10554,PROD1366,3,4809.83
ORD10555,PROD1081,3,3154.16
ORD10555,PROD1433,3,595.5
ORD10556,PROD1193,2,3202.2
ORD10556,PROD1055,3,4617.18
ORD10556,PROD1260,1,3113.54
ORD10556,PROD1080,1,4329.21
ORD10557,PROD1203,3,4502.92
ORD10558,PROD1495,1,1831.43
ORD10559,PROD1006,1,384.61
ORD10559,PROD1413,3,2909.85
ORD10560,PROD1259,3,576.16
ORD10560,PROD1318,3,866.54
ORD10560,PROD1069,2,4935.75
ORD10560,PROD1037,1,578.59
ORD10561,PROD1050,3,4850.96
ORD10561,PROD1372,2,562.77
ORD10561,PROD1221,3,2884.71
ORD10561,PROD1367,3,4536.22
ORD10562,PROD1357,2,2970.3
ORD10562,PROD1021,1,783.52
ORD10562,PROD1288,2,1504.05
ORD10562,PROD1241,1,4774.25
ORD10563,PROD1408,1,4536.37
ORD10563,PROD1437,2,4127.11
ORD10563,PROD1284,2,2933.57
ORD10563,PROD1012,1,4178.97
ORD10564,PROD1495,1,1831.43
ORD10564,PROD1365,3,1991.9
ORD10564,PROD1490,2,2332.72
ORD10564,PROD1091,3,3594.9
ORD10565,PROD1345,3,3117.67
ORD10565,PROD1244,1,175.74
ORD10566,PROD1202,1,891.98
ORD10566,PROD1445,3,4741.52
ORD10566,PROD1005,3,864.37
ORD10566,PROD1131,2,1188.33
ORD10567,PROD1452,3,2178.69
ORD10567,PROD1241,2,4774.25
ORD10567,PROD1248,3,4821.74
ORD10567,PROD1386,1,1481.97
ORD10568,PROD1330,1,1844.27
ORD10568,PROD1197,2,4495.84
ORD10568,PROD1362,1,2345.44
ORD10569,PROD1119,2,2742.78
ORD10569,PROD1066,1,790.53
ORD10569,PROD1463,3,2958.51
ORD10569,PROD1354,3,445.79
ORD10570,PROD1375,3,1662.98
ORD10570,PROD1426,3,2263.5
ORD10571,PROD1448,1,1943.67
ORD10572,PROD1055,2,4617.18
ORD10572,PROD1457,1,2396.44
ORD10572,PROD1017,1,2671.31
ORD10573,PROD1259,1,576.16
ORD10574,PROD1183,2,4398.96
ORD10574,PROD1047,1,2648.33
ORD10574,PROD1146,2,3086.87
ORD10574,PROD1281,2,1756.18
ORD10575,PROD1283,1,560.51
ORD10576,PROD1344,2,2052.67
ORD10576,PROD1088,3,4447.34
ORD10576,PROD1434,2,512.12
ORD10576,PROD1395,3,4660.71
ORD10577,PROD1266,1,3515.38
ORD10578,PROD1439,3,498.61
ORD10578,PROD1436,1,456.54
ORD10578,PROD1450,1,3908.02
ORD10578,PROD1385,2,4037.06
ORD10579,PROD1121,3,4490.85
ORD10579,PROD1480,2,3184.05
ORD10580,PROD1001,3,4758.5
ORD10581,PROD1116,3,4037.99
ORD10581,PROD1368,2,1059.38
ORD10581,PROD1460,2,675.88
ORD10582,PROD1436,2,456.54
ORD10582,PROD1113,1,4059.79
ORD10583,PROD1301,3,2703.64
ORD10583,PROD1053,3,4484.65
ORD10584,PROD1279,1,3999.38
ORD10585,PROD1056,2,533.61
ORD10585,PROD1327,1,3097.43
ORD10585,PROD1324,1,4778.84
ORD10586,PROD1015,3,998.68
ORD10586,PROD1153,1,2498.32
ORD10587,PROD1104,3,4547.08
ORD10587,PROD1076,3,3879.22
ORD10588,PROD1154,2,4929.69
ORD10588,PROD1291,3,283.01
ORD10588,PROD1314,2,4196.3
ORD10588,PROD1494,3,2372.12
ORD10589,PROD1120,3,4056.46
ORD10589,PROD1159,2,3668.26
ORD10590,PROD1193,2,3202.2
ORD10590,PROD1217,1,3757.81
ORD10590,PROD1190,3,556.2
ORD10591,PROD1089,2,2413.85
ORD10592,PROD1243,1,1913.78
ORD10592,PROD1132,3,687.34
ORD10592,PROD1115,1,4370.16
ORD10593,PROD1491,3,3138.65
ORD10593,PROD1299,2,518.2
ORD10593,PROD1143,2,1574.3
ORD10594,PROD1238,3,3262.81
ORD10595,PROD1067,1,4030.77
ORD10595,PROD1170,2,3420.07
ORD10595,PROD1409,3,547.3
ORD10596,PROD1136,3,2642.07
ORD10597,PROD1005,3,864.37
ORD10597,PROD1197,3,4495.84
ORD10597,PROD1447,2,3791.55
ORD10598,PROD1495,1,1831.43
ORD10598,PROD1212,2,3294.61
ORD10598,PROD1047,3,2648.33
ORD10598,PROD1028,1,3002.83
ORD10599,PROD1013,2,1140.46
ORD10599,PROD1275,3,2557.43
ORD10599,PROD1467,3,4356.14
ORD10600,PROD1402,1,2575.74
ORD10600,PROD1244,2,175.74
ORD10600,PROD1426,1,2263.5
ORD10601,PROD1103,2,2592.0
ORD10601,PROD1228,3,4471.03
ORD10601,PROD1315,2,3510.27
ORD10602,PROD1117,3,1014.19
ORD10602,PROD1254,2,930.51
ORD10602,PROD1312,1,224.22
ORD10602,PROD1449,2,509.15
ORD10603,PROD1247,2,4836.61
ORD10603,PROD1471,1,4852.41
ORD10603,PROD1449,3,509.15
ORD10603,PROD1165,2,4192.98
ORD10604,PROD1279,2,3999.38
ORD10605,PROD1429,2,673.63
ORD10605,PROD1364,2,4713.18
ORD10606,PROD1424,3,382.04
ORD10606,PROD1098,3,224.55
ORD10606,PROD1142,2,2536.52
ORD10607,PROD1400,3,605.31
ORD10607,PROD1485,1,4515.67
ORD10607,PROD1218,1,3283.2
ORD10608,PROD1087,3,3224.03
ORD10608,PROD1407,3,153.1
ORD10608,PROD1210,3,2788.8
ORD10608,PROD1222,1,559.01
ORD10609,PROD1183,2,4398.96
ORD10609,PROD1040,1,697.99
ORD10609,PROD1181,2,656.02
ORD10609,PROD1043,3,4555.67
ORD10610,PROD1474,2,2685.74
ORD10610,PROD1230,2,3994.58
ORD10611,PROD1011,2,4852.56
ORD10611,PROD1467,2,4356.14
ORD10611,PROD1272,1,4348.65
ORD10612,PROD1430,1,800.66
ORD10612,PROD1152,3,809.98
ORD10613,PROD1075,1,3672.14
ORD10613,PROD1275,3,2557.43
ORD10613,PROD1446,2,4931.41
ORD10614,PROD1242,2,4582.84
ORD10614,PROD1177,1,1995.0
ORD10615,PROD1309,3,1427.08
ORD10615,PROD1003,2,3033.43
ORD10615,PROD1214,2,3589.68
ORD10616,PROD1123,1,639.25
ORD10617,PROD1039,2,2256.75
ORD10618,PROD1158,1,1264.42
ORD10619,PROD1068,3,465.3
ORD10619,PROD1000,2,1935.25
ORD10619,PROD1078,1,1856.48
ORD10619,PROD1227,3,2026.18
ORD10620,PROD1123,2,639.25
ORD10620,PROD1474,2,2685.74
ORD10620,PROD1147,2,2563.13
ORD10621,PROD1485,2,4515.67
ORD10622,PROD1358,1,4707.13
ORD10622,PROD1332,2,170.53
ORD10622,PROD1096,2,2661.39
ORD10623,PROD1172,3,2609.26
ORD10623,PROD1279,1,3999.38
ORD10623,PROD1467,1,4356.14
ORD10624,PROD1124,3,1216.88
ORD10625,PROD1395,3,4660.71
ORD10625,PROD1341,1,2420.01
ORD10625,PROD1088,1,4447.34
ORD10626,PROD1045,3,3346.36
ORD10626,PROD1093,2,2850.26
ORD10626,PROD1070,3,3884.0
ORD10626,PROD1187,3,2820.48
ORD10627,PROD1400,2,605.31
ORD10627,PROD1220,1,3322.3
ORD10628,PROD1112,2,4655.52
ORD10628,PROD1137,2,3544.79
ORD10628,PROD1451,1,2836.18
ORD10628,PROD1042,2,268.5
ORD10629,PROD1459,3,682.21
ORD10629,PROD1084,1,1623.81
ORD10629,PROD1105,2,1321.53
ORD10629,PROD1399,1,3797.26
ORD10630,PROD1151,2,1273.85
ORD10630,PROD1393,1,3904.42
ORD10631,PROD1026,3,1078.4
ORD10632,PROD1099,1,628.67
ORD10632,PROD1002,2,3686.77
ORD10632,PROD1293,1,1864.93
ORD10633,PROD1105,2,1321.53
ORD10634,PROD1176,1,3485.59
ORD10634,PROD1426,2,2263.5
ORD10634,PROD1083,2,411.44
ORD10634,PROD1262,1,786.41
ORD10635,PROD1408,1,4536.37
ORD10635,PROD1080,2,4329.21
ORD10636,PROD1268,3,1861.51
ORD10636,PROD1289,2,2995.08
ORD10636,PROD1382,3,3181.82
ORD10636,PROD1360,3,2002.03
ORD10637,PROD1007,2,4344.26
ORD10637,PROD1113,1,4059.79
ORD10637,PROD1004,1,864.49
ORD10637,PROD1449,2,509.15
ORD10638,PROD1371,1,189.29
ORD10639,PROD1065,2,2759.21
ORD10639,PROD1229,3,3192.58
ORD10640,PROD1296,3,3872.97
ORD10640,PROD1050,1,4850.96
ORD10640,PROD1146,3,3086.87
ORD10641,PROD1197,1,4495.84
ORD10641,PROD1240,1,4708.25
ORD10642,PROD1454,2,644.87
ORD10642,PROD1040,1,697.99
ORD10642,PROD1408,2,4536.37
ORD10642,PROD1472,2,311.48
ORD10643,PROD1268,1,1861.51
ORD10643,PROD1295,1,2658.99
ORD10643,PROD1020,1,3098.08
ORD10643,PROD1214,1,3589.68
ORD10644,PROD1380,3,679.01
ORD10645,PROD1266,3,3515.38
ORD10645,PROD1435,2,3534.75
ORD10645,PROD1035,3,4061.15
ORD10645,PROD1092,2,3827.85
ORD10646,PROD1305,1,4881.68
ORD10647,PROD1437,1,4127.11
ORD10647,PROD1217,1,3757.81
ORD10647,PROD1469,3,4819.79
ORD10648,PROD1211,2,3490.29
ORD10648,PROD1352,2,3327.6
ORD10648,PROD1162,2,3204.3
ORD10649,PROD1349,1,3166.71
ORD10649,PROD1213,3,1198.92
ORD10649,PROD1364,1,4713.18
ORD10650,PROD1454,1,644.87
ORD10650,PROD1399,1,3797.26
ORD10650,PROD1051,3,3898.15
ORD10650,PROD1342,3,948.69
ORD10651,PROD1325,1,3715.69
ORD10651,PROD1485,2,4515.67
ORD10651,PROD1223,2,1901.81
ORD10652,PROD1410,2,1664.64
ORD10652,PROD1273,2,4574.88
ORD10652,PROD1076,2,3879.22
ORD10652,PROD1299,1,518.2
ORD10653,PROD1458,2,375.89
ORD10654,PROD1474,3,2685.74
ORD10654,PROD1491,2,3138.65
ORD10654,PROD1272,3,4348.65
ORD10655,PROD1288,1,1504.05
ORD10656,PROD1370,2,593.81
ORD10656,PROD1183,1,4398.96
ORD10657,PROD1171,2,181.28
ORD10657,PROD1312,2,224.22
ORD10658,PROD1062,3,4160.81
ORD10658,PROD1102,2,1640.34
ORD10658,PROD1372,1,562.77
ORD10658,PROD1166,2,1671.82
ORD10659,PROD1310,1,2250.96
ORD10659,PROD1370,3,593.81
ORD10660,PROD1185,2,3333.92
ORD10660,PROD1370,2,593.81
ORD10660,PROD1152,3,809.98
ORD10660,PROD1248,1,4821.74
ORD10661,PROD1385,3,4037.06
ORD10661,PROD1110,2,1519.78
ORD10661,PROD1019,2,1527.02
ORD10661,PROD1202,3,891.98
ORD10662,PROD1291,1,283.01
ORD10662,PROD1357,3,2970.3
ORD10662,PROD1075,1,3672.14
ORD10663,PROD1477,1,2813.89
ORD10663,PROD1427,2,4449.75
ORD10663,PROD1323,1,1471.68
ORD10663,PROD1449,1,509.15
ORD10664,PROD1477,3,2813.89
ORD10664,PROD1461,2,3281.13
ORD10664,PROD1174,2,3261.35
ORD10664,PROD1125,2,2192.83
ORD10665,PROD1443,2,1916.15
ORD10665,PROD1025,1,3947.36
ORD10665,PROD1276,2,4011.65
ORD10665,PROD1099,2,628.67
ORD10666,PROD1393,3,3904.42
ORD10667,PROD1485,3,4515.67
ORD10667,PROD1190,3,556.2
ORD10667,PROD1390,1,4953.48
ORD10668,PROD1296,3,3872.97
ORD10669,PROD1446,1,4931.41
ORD10669,PROD1258,1,2893.3
ORD10669,PROD1100,3,254.0
ORD10669,PROD1031,1,935.57
ORD10670,PROD1308,1,3996.41
ORD10670,PROD1367,2,4536.22
ORD10671,PROD1060,3,2004.52
ORD10671,PROD1433,2,595.5
ORD10671,PROD1263,1,2639.82
ORD10672,PROD1126,2,4108.27
ORD10672,PROD1136,3,2642.07
ORD10673,PROD1396,1,4306.22
ORD10673,PROD1183,1,4398.96
ORD10673,PROD1411,2,4755.3
ORD10674,PROD1292,2,4130.74
ORD10674,PROD1416,3,1536.73
ORD10674,PROD1280,3,4461.03
ORD10675,PROD1272,1,4348.65
ORD10675,PROD1094,3,3877.74
ORD10675,PROD1089,2,2413.85
ORD10675,PROD1246,2,2198.1
ORD10676,PROD1450,1,3908.02
ORD10676,PROD1423,1,2522.66
ORD10676,PROD1423,1,2522.66
ORD10677,PROD1027,3,2619.75
ORD10677,PROD1341,2,2420.01
ORD10677,PROD1425,2,2792.69
ORD10678,PROD1409,2,547.3
ORD10678,PROD1098,3,224.55
ORD10678,PROD1284,2,2933.57
ORD10679,PROD1045,1,3346.36
ORD10679,PROD1256,2,4687.16
ORD10679,PROD1446,2,4931.41
ORD10679,PROD1143,2,1574.3
ORD10680,PROD1210,2,2788.8
ORD10680,PROD1399,1,3797.26
ORD10680,PROD1196,2,3657.18
ORD10680,PROD1346,1,3211.96
ORD10681,PROD1426,3,2263.5
ORD10681,PROD1043,3,4555.67
ORD10681,PROD1287,3,2758.96
ORD10682,PROD1455,1,2513.86
ORD10683,PROD1068,2,465.3
ORD10683,PROD1139,3,4861.73
ORD10684,PROD1080,3,4329.21
ORD10685,PROD1222,2,559.01
ORD10685,PROD1383,1,4399.61
ORD10685,PROD1062,3,4160.81
ORD10685,PROD1473,1,4466.6
ORD10686,PROD1342,3,948.69
ORD10686,PROD1450,2,3908.02
ORD10686,PROD1098,1,224.55
ORD10687,PROD1245,3,4648.76
ORD10687,PROD1153,2,2498.32
ORD10687,PROD1406,3,2007.09
ORD10688,PROD1358,3,4707.13
ORD10688,PROD1301,2,2703.64
ORD10689,PROD1271,2,4069.56
ORD10689,PROD1084,3,1623.81
ORD10689,PROD1294,1,722.6
ORD10689,PROD1394,1,1769.94
ORD10690,PROD1497,2,480.9
ORD10690,PROD1425,1,2792.69
ORD10690,PROD1358,1,4707.13
ORD10690,PROD1235,3,3640.02
ORD10691,PROD1111,2,889.98
ORD10691,PROD1212,3,3294.61
ORD10691,PROD1399,3,3797.26
ORD10691,PROD1303,3,3223.41
ORD10692,PROD1030,1,3076.97
ORD10692,PROD1294,1,722.6
ORD10693,PROD1013,2,1140.46
ORD10693,PROD1057,1,1060.32
ORD10693,PROD1457,2,2396.44
ORD10694,PROD1447,3,3791.55
ORD10694,PROD1411,2,4755.3
ORD10694,PROD1387,2,969.45
ORD10694,PROD1161,2,3198.3
ORD10695,PROD1305,3,4881.68
ORD10695,PROD1260,3,3113.54
ORD10695,PROD1330,3,1844.27
ORD10695,PROD1044,3,1368.02
ORD10696,PROD1026,2,1078.4
ORD10697,PROD1494,2,2372.12
ORD10697,PROD1117,3,1014.19
ORD10698,PROD1467,1,4356.14
ORD10698,PROD1470,3,159.56
ORD10698,PROD1462,3,3755.62
ORD10698,PROD1431,1,3831.4
ORD10699,PROD1252,1,4270.57
ORD10699,PROD1077,3,462.82
ORD10700,PROD1034,2,4831.6
ORD10701,PROD1142,2,2536.52
ORD10701,PROD1196,3,3657.18
ORD10701,PROD1484,2,2963.14
ORD10701,PROD1259,3,576.16
ORD10702,PROD1365,2,1991.9
ORD10702,PROD1133,3,1754.31
ORD10702,PROD1410,2,1664.64
ORD10703,PROD1089,2,2413.85
ORD10703,PROD1036,1,1592.61
ORD10704,PROD1059,3,1694.12
ORD10704,PROD1071,2,1073.71
ORD10704,PROD1127,1,4317.58
ORD10705,PROD1027,1,2619.75
ORD10705,PROD1239,1,967.84
ORD10705,PROD1419,3,3786.64
ORD10706,PROD1456,3,155.63
ORD10707,PROD1035,2,4061.15
ORD10707,PROD1237,3,219.15
ORD10707,PROD1477,3,2813.89
ORD10707,PROD1072,3,127.06
ORD10708,PROD1004,1,864.49
ORD10709,PROD1114,2,3203.68
ORD10709,PROD1452,1,2178.69
ORD10709,PROD1318,1,866.54
ORD10710,PROD1306,1,2629.87
ORD10710,PROD1368,3,1059.38
ORD10710,PROD1036,1,1592.61
ORD10711,PROD1037,1,578.59
ORD10711,PROD1250,1,1542.8
ORD10712,PROD1308,3,3996.41
ORD10712,PROD1202,3,891.98
ORD10713,PROD1048,2,2778.88
ORD10714,PROD1418,1,3395.34
ORD10714,PROD1015,1,998.68
ORD10715,PROD1086,2,3675.07
ORD10715,PROD1129,3,2602.66
ORD10715,PROD1251,1,1986.98
ORD10716,PROD1046,3,1627.38
ORD10716,PROD1432,1,3129.27
ORD10717,PROD1416,1,1536.73
ORD10717,PROD1363,3,2773.52
ORD10718,PROD1341,3,2420.01
ORD10719,PROD1226,3,4867.75
ORD10719,PROD1274,3,2605.58
ORD10719,PROD1255,3,2828.33
ORD10720,PROD1033,1,4749.54
ORD10720,PROD1474,3,2685.74
ORD10721,PROD1047,2,2648.33
ORD10721,PROD1258,1,2893.3
ORD10721,PROD1212,1,3294.61
ORD10722,PROD1403,1,4149.64
ORD10723,PROD1358,1,4707.13
ORD10723,PROD1237,2,219.15
ORD10723,PROD1283,3,560.51
ORD10723,PROD1175,3,954.4
ORD10724,PROD1082,1,1721.4
ORD10724,PROD1141,3,1333.73
ORD10725,PROD1309,1,1427.08
ORD10725,PROD1254,3,930.51
ORD10725,PROD1187,3,2820.48
ORD10726,PROD1161,3,3198.3
ORD10726,PROD1344,3,2052.67
ORD10726,PROD1424,2,382.04
ORD10727,PROD1435,3,3534.75
ORD10728,PROD1095,3,2519.6
ORD10728,PROD1480,2,3184.05
ORD10728,PROD1179,1,773.85
ORD10728,PROD1094,1,3877.74
ORD10729,PROD1138,3,1881.79
ORD10729,PROD1274,1,2605.58
ORD10729,PROD1101,2,3218.41
ORD10729,PROD1467,1,4356.14
ORD10730,PROD1444,3,4082.72
ORD10730,PROD1243,1,1913.78
ORD10731,PROD1088,1,4447.34
ORD10731,PROD1019,3,1527.02
ORD10731,PROD1325,2,3715.69
ORD10731,PROD1355,2,3247.85
ORD10732,PROD1088,1,4447.34
ORD10732,PROD1339,3,579.39
ORD10732,PROD1149,1,1465.37
ORD10732,PROD1498,1,4874.53
ORD10733,PROD1025,2,3947.36
ORD10733,PROD1063,1,1848.09
ORD10734,PROD1313,2,4816.98
ORD10734,PROD1130,1,2145.31
ORD10734,PROD1029,2,327.61
ORD10734,PROD1274,3,2605.58
ORD10735,PROD1185,1,3333.92
ORD10735,PROD1123,2,639.25
ORD10735,PROD1106,3,2110.88
ORD10736,PROD1313,2,4816.98
ORD10736,PROD1135,2,1683.69
ORD10737,PROD1248,1,4821.74
ORD10737,PROD1469,2,4819.79
ORD10738,PROD1347,2,321.99
ORD10738,PROD1418,3,3395.34
ORD10738,PROD1193,1,3202.2
ORD10738,PROD1311,1,484.44
ORD10739,PROD1004,1,864.49
ORD10739,PROD1268,1,1861.51
ORD10739,PROD1006,1,384.61
ORD10739,PROD1020,1,3098.08
ORD10740,PROD1061,3,1429.61
ORD10740,PROD1205,2,145.07
ORD10740,PROD1100,3,254.0
ORD10740,PROD1118,2,4473.54
ORD10741,PROD1143,1,1574.3
ORD10742,PROD1230,1,3994.58
ORD10742,PROD1271,1,4069.56
ORD10742,PROD1094,3,3877.74
ORD10742,PROD1414,3,3196.0
ORD10743,PROD1166,3,1671.82
ORD10743,PROD1017,2,2671.31
ORD10743,PROD1147,2,2563.13
ORD10744,PROD1319,3,1326.19
ORD10744,PROD1041,1,2526.37
ORD10745,PROD1180,1,1771.23
ORD10746,PROD1475,1,4965.53
ORD10747,PROD1369,3,439.87
ORD10747,PROD1496,3,2959.91
ORD10748,PROD1262,2,786.41
ORD10749,PROD1419,1,3786.64
ORD10749,PROD1254,2,930.51
ORD10750,PROD1378,1,4090.9
ORD10750,PROD1453,3,4541.14
ORD10750,PROD1361,1,3252.11
ORD10751,PROD1367,3,4536.22
ORD10751,PROD1203,2,4502.92
ORD10752,PROD1456,1,155.63
ORD10752,PROD1021,2,783.52
ORD10753,PROD1167,2,1013.94
ORD10753,PROD1134,3,4720.26
ORD10754,PROD1023,2,1895.17
ORD10754,PROD1296,2,3872.97
ORD10754,PROD1306,1,2629.87
ORD10754,PROD1422,3,546.91
ORD10755,PROD1068,1,465.3
ORD10755,PROD1221,2,2884.71
ORD10755,PROD1442,1,1933.93
ORD10756,PROD1218,2,3283.2
ORD10757,PROD1298,2,3152.16
ORD10757,PROD1314,3,4196.3
ORD10757,PROD1309,2,1427.08
ORD10757,PROD1485,2,4515.67
ORD10758,PROD1188,3,2695.29
ORD10758,PROD1221,1,2884.71
ORD10759,PROD1171,1,181.28
ORD10759,PROD1392,3,1922.89
ORD10759,PROD1041,1,2526.37
ORD10760,PROD1313,1,4816.98
ORD10760,PROD1085,3,1693.4
ORD10760,PROD1231,3,2562.92
ORD10760,PROD1446,3,4931.41
ORD10761,PROD1472,2,311.48
ORD10761,PROD1309,2,1427.08
ORD10762,PROD1243,2,1913.78
ORD10763,PROD1184,3,1363.91
ORD10763,PROD1292,2,4130.74
ORD10764,PROD1072,2,127.06
ORD10764,PROD1068,3,465.3
ORD10765,PROD1093,2,2850.26
ORD10765,PROD1434,3,512.12
ORD10765,PROD1270,1,4065.87
ORD10766,PROD1228,1,4471.03
ORD10766,PROD1029,3,327.61
ORD10767,PROD1056,1,533.61
ORD10767,PROD1176,1,3485.59
ORD10767,PROD1311,1,484.44
ORD10767,PROD1055,2,4617.18
ORD10768,PROD1420,2,3978.74
ORD10769,PROD1166,1,1671.82
ORD10769,PROD1184,3,1363.91
ORD10770,PROD1318,2,866.54
ORD10771,PROD1448,2,1943.67
ORD10772,PROD1105,2,1321.53
ORD10773,PROD1443,3,1916.15
ORD10773,PROD1403,2,4149.64
ORD10773,PROD1097,3,2194.95
ORD10774,PROD1151,3,1273.85
ORD10774,PROD1475,1,4965.53
ORD10774,PROD1202,2,891.98
ORD10775,PROD1377,3,214.03
ORD10775,PROD1335,1,299.57
ORD10775,PROD1105,2,1321.53
ORD10775,PROD1261,2,4951.26
ORD10776,PROD1386,2,1481.97
ORD10776,PROD1129,1,2602.66
ORD10777,PROD1340,3,2508.92
ORD10777,PROD1453,2,4541.14
ORD10777,PROD1487,2,1476.72
ORD10778,PROD1007,3,4344.26
ORD10778,PROD1279,3,3999.38
ORD10778,PROD1026,1,1078.4
ORD10778,PROD1436,3,456.54
ORD10779,PROD1280,3,4461.03
ORD10780,PROD1364,1,4713.18
ORD10780,PROD1375,1,1662.98
ORD10780,PROD1268,1,1861.51
ORD10781,PROD1193,2,3202.2
ORD10781,PROD1370,1,593.81
ORD10781,PROD1039,3,2256.75
ORD10782,PROD1024,2,2334.74
ORD10782,PROD1102,3,1640.34
ORD10783,PROD1207,3,3351.16
ORD10783,PROD1446,2,4931.41
ORD10784,PROD1038,1,3452.74
ORD10784,PROD1335,2,299.57
ORD10784,PROD1163,3,2725.3
ORD10784,PROD1390,2,4953.48
ORD10785,PROD1385,1,4037.06
ORD10785,PROD1325,1,3715.69
ORD10785,PROD1131,2,1188.33
ORD10786,PROD1075,2,3672.14
ORD10786,PROD1090,1,686.01
ORD10786,PROD1397,1,2202.07
ORD10786,PROD1206,3,597.21
ORD10787,PROD1311,1,484.44
ORD10787,PROD1382,2,3181.82
ORD10788,PROD1303,1,3223.41
ORD10789,PROD1418,2,3395.34
ORD10789,PROD1491,1,3138.65
ORD10790,PROD1072,1,127.06
ORD10791,PROD1138,3,1881.79
ORD10791,PROD1445,3,4741.52
ORD10791,PROD1429,1,673.63
ORD10791,PROD1303,2,3223.41
ORD10792,PROD1153,3,2498.32
ORD10792,PROD1103,1,2592.0
ORD10793,PROD1024,3,2334.74
ORD10793,PROD1083,3,411.44
ORD10793,PROD1105,2,1321.53
ORD10793,PROD1240,1,4708.25
ORD10794,PROD1294,1,722.6
ORD10794,PROD1090,3,686.01
ORD10794,PROD1418,3,3395.34
ORD10795,PROD1277,2,3284.82
ORD10796,PROD1013,1,1140.46
ORD10796,PROD1484,2,2963.14
ORD10796,PROD1242,2,4582.84
ORD10797,PROD1217,1,3757.81
ORD10797,PROD1298,2,3152.16
ORD10797,PROD1310,2,2250.96
ORD10798,PROD1338,1,2423.45
ORD10798,PROD1278,2,3539.64
ORD10798,PROD1454,1,644.87
ORD10798,PROD1134,2,4720.26
ORD10799,PROD1214,1,3589.68
ORD10800,PROD1334,3,325.41
ORD10801,PROD1163,2,2725.3
ORD10801,PROD1105,1,1321.53
ORD10801,PROD1231,1,2562.92
ORD10801,PROD1479,1,2663.18
ORD10802,PROD1293,2,1864.93
ORD10802,PROD1264,2,4399.13
ORD10802,PROD1275,3,2557.43
ORD10803,PROD1044,1,1368.02
ORD10803,PROD1404,1,1668.24
ORD10803,PROD1232,2,2926.83
ORD10804,PROD1170,3,3420.07
ORD10804,PROD1005,3,864.37
ORD10805,PROD1003,3,3033.43
ORD10805,PROD1120,3,4056.46
ORD10805,PROD1062,2,4160.81
ORD10805,PROD1091,2,3594.9
ORD10806,PROD1230,2,3994.58
ORD10807,PROD1307,1,1682.49
ORD10807,PROD1412,1,4757.98
ORD10807,PROD1167,3,1013.94
ORD10807,PROD1454,2,644.87
ORD10808,PROD1378,2,4090.9
ORD10808,PROD1234,3,1056.69
ORD10808,PROD1271,2,4069.56
ORD10809,PROD1033,1,4749.54
ORD10810,PROD1382,2,3181.82
ORD10811,PROD1316,2,2103.87
ORD10812,PROD1404,2,1668.24
ORD10812,PROD1332,2,170.53
ORD10813,PROD1220,1,3322.3
ORD10813,PROD1378,3,4090.9
ORD10813,PROD1165,2,4192.98
ORD10813,PROD1072,1,127.06
ORD10814,PROD1214,3,3589.68
ORD10814,PROD1163,1,2725.3
ORD10814,PROD1389,3,4053.49
ORD10814,PROD1239,1,967.84
ORD10815,PROD1151,3,1273.85
ORD10816,PROD1096,2,2661.39
ORD10816,PROD1378,3,4090.9
ORD10816,PROD1157,3,3831.94
ORD10817,PROD1368,3,1059.38
ORD10817,PROD1064,3,1476.58
ORD10817,PROD1161,2,3198.3
ORD10817,PROD1084,2,1623.81
ORD10818,PROD1417,1,1710.46
ORD10818,PROD1480,1,3184.05
ORD10819,PROD1223,2,1901.81
ORD10819,PROD1054,2,3029.71
ORD10819,PROD1135,1,1683.69
ORD10820,PROD1311,1,484.44
ORD10821,PROD1176,2,3485.59
ORD10821,PROD1093,3,2850.26
ORD10822,PROD1211,2,3490.29
ORD10822,PROD1125,2,2192.83
ORD10822,PROD1368,2,1059.38
ORD10823,PROD1361,2,3252.11
ORD10823,PROD1206,3,597.21
ORD10823,PROD1295,3,2658.99
ORD10823,PROD1042,1,268.5
ORD10824,PROD1394,3,1769.94
ORD10824,PROD1237,3,219.15
ORD10824,PROD1166,2,1671.82
ORD10825,PROD1213,2,1198.92
ORD10825,PROD1454,1,644.87
ORD10825,PROD1055,3,4617.18
ORD10825,PROD1333,1,668.76
ORD10826,PROD1482,3,2327.25
ORD10826,PROD1484,1,2963.14
ORD10826,PROD1304,1,3657.85
ORD10827,PROD1015,2,998.68
ORD10827,PROD1342,3,948.69
ORD10828,PROD1167,2,1013.94
ORD10828,PROD1338,3,2423.45
ORD10829,PROD1228,1,4471.03
ORD10829,PROD1494,2,2372.12
ORD10830,PROD1213,3,1198.92
ORD10830,PROD1253,2,1652.92
ORD10830,PROD1144,1,1495.72
ORD10831,PROD1284,2,2933.57
ORD10831,PROD1244,2,175.74
ORD10831,PROD1252,3,4270.57
ORD10831,PROD1205,3,145.07
ORD10832,PROD1447,2,3791.55
ORD10833,PROD1329,3,1313.88
ORD10834,PROD1141,2,1333.73
ORD10835,PROD1416,2,1536.73
ORD10835,PROD1074,1,3563.6
ORD10836,PROD1069,1,4935.75
ORD10836,PROD1316,2,2103.87
ORD10836,PROD1110,1,1519.78
ORD10836,PROD1457,3,2396.44
ORD10837,PROD1023,3,1895.17
ORD10837,PROD1306,2,2629.87
ORD10837,PROD1425,3,2792.69
ORD10838,PROD1029,2,327.61
ORD10838,PROD1106,3,2110.88
ORD10838,PROD1165,3,4192.98
ORD10839,PROD1120,3,4056.46
ORD10839,PROD1010,1,200.86
ORD10840,PROD1118,3,4473.54
ORD10841,PROD1214,1,3589.68
ORD10841,PROD1220,1,3322.3
ORD10841,PROD1079,2,667.76
ORD10841,PROD1418,1,3395.34
ORD10842,PROD1420,2,3978.74
ORD10842,PROD1144,2,1495.72
ORD10843,PROD1159,2,3668.26
ORD10843,PROD1013,2,1140.46
ORD10844,PROD1160,2,1902.14
ORD10844,PROD1260,3,3113.54
ORD10845,PROD1134,1,4720.26
ORD10845,PROD1156,3,3393.46
ORD10846,PROD1253,3,1652.92
ORD10847,PROD1367,3,4536.22
ORD10847,PROD1360,3,2002.03
ORD10847,PROD1378,1,4090.9
ORD10848,PROD1314,3,4196.3
ORD10848,PROD1005,1,864.37
ORD10848,PROD1365,3,1991.9
ORD10849,PROD1000,1,1935.25
ORD10849,PROD1325,1,3715.69
ORD10849,PROD1030,3,3076.97
ORD10849,PROD1320,1,2791.21
ORD10850,PROD1324,3,4778.84
ORD10850,PROD1176,3,3485.59
ORD10851,PROD1242,3,4582.84
ORD10851,PROD1310,3,2250.96
ORD10851,PROD1204,1,3071.5
ORD10852,PROD1165,1,4192.98
ORD10852,PROD1160,1,1902.14
ORD10852,PROD1005,1,864.37
ORD10853,PROD1099,1,628.67
ORD10853,PROD1164,3,542.42
ORD10853,PROD1044,3,1368.02
ORD10853,PROD1456,3,155.63
ORD10854,PROD1145,3,280.75
ORD10854,PROD1280,1,4461.03
ORD10854,PROD1122,1,1658.22
ORD10854,PROD1206,2,597.21
ORD10855,PROD1273,3,4574.88
ORD10855,PROD1128,2,134.07
ORD10855,PROD1166,3,1671.82
ORD10855,PROD1201,2,512.29
ORD10856,PROD1161,1,3198.3
ORD10856,PROD1072,3,127.06
ORD10856,PROD1344,1,2052.67
ORD10856,PROD1026,1,1078.4
ORD10857,PROD1367,3,4536.22
ORD10857,PROD1399,3,3797.26
ORD10857,PROD1385,3,4037.06
ORD10858,PROD1212,1,3294.61
ORD10859,PROD1309,3,1427.08
ORD10859,PROD1309,2,1427.08
ORD10859,PROD1434,1,512.12
ORD10860,PROD1189,1,1285.08
ORD10860,PROD1029,2,327.61
ORD10860,PROD1081,2,3154.16
ORD10861,PROD1182,3,4631.0
ORD10861,PROD1234,2,1056.69
ORD10862,PROD1131,2,1188.33
ORD10862,PROD1496,1,2959.91
ORD10863,PROD1364,2,4713.18
ORD10863,PROD1170,1,3420.07
ORD10864,PROD1195,1,1811.13
ORD10864,PROD1098,1,224.55
ORD10864,PROD1489,1,4462.29
ORD10865,PROD1119,1,2742.78
ORD10865,PROD1320,3,2791.21
ORD10865,PROD1446,2,4931.41
ORD10866,PROD1176,2,3485.59
ORD10866,PROD1114,3,3203.68
ORD10866,PROD1332,2,170.53
ORD10867,PROD1278,3,3539.64
ORD10867,PROD1242,3,4582.84
ORD10867,PROD1285,3,276.12
ORD10867,PROD1069,2,4935.75
ORD10868,PROD1303,2,3223.41
ORD10869,PROD1479,3,2663.18
ORD10869,PROD1459,2,682.21
ORD10869,PROD1323,3,1471.68
ORD10870,PROD1367,3,4536.22
ORD10870,PROD1399,3,3797.26
ORD10870,PROD1374,1,448.82
ORD10871,PROD1065,1,2759.21
ORD10871,PROD1261,2,4951.26
ORD10871,PROD1269,2,1538.6
ORD10871,PROD1232,2,2926.83
ORD10872,PROD1259,3,576.16
ORD10872,PROD1484,1,2963.14
ORD10872,PROD1312,2,224.22
ORD10873,PROD1430,2,800.66
ORD10874,PROD1161,1,3198.3
ORD10875,PROD1214,1,3589.68
ORD10875,PROD1382,1,3181.82
ORD10876,PROD1334,3,325.41
ORD10876,PROD1097,2,2194.95
ORD10877,PROD1171,3,181.28
ORD10877,PROD1372,1,562.77
ORD10878,PROD1231,2,2562.92
ORD10879,PROD1084,3,1623.81
ORD10879,PROD1253,3,1652.92
ORD10879,PROD1151,1,1273.85
ORD10880,PROD1340,1,2508.92
ORD10880,PROD1226,2,4867.75
ORD10881,PROD1407,3,153.1
ORD10881,PROD1169,2,2995.38
ORD10881,PROD1053,2,4484.65
ORD10882,PROD1098,1,224.55
ORD10882,PROD1233,1,2513.34
ORD10883,PROD1432,3,3129.27
ORD10883,PROD1496,2,2959.91
ORD10884,PROD1401,3,4522.51
ORD10884,PROD1187,3,2820.48
ORD10884,PROD1400,1,605.31
ORD10885,PROD1345,2,3117.67
ORD10886,PROD1004,3,864.49
ORD10886,PROD1444,3,4082.72
ORD10886,PROD1387,2,969.45
ORD10886,PROD1055,3,4617.18
ORD10887,PROD1247,1,4836.61
ORD10887,PROD1364,2,4713.18
ORD10887,PROD1416,1,1536.73
ORD10887,PROD1099,1,628.67
ORD10888,PROD1344,2,2052.67
ORD10889,PROD1210,2,2788.8
ORD10889,PROD1159,2,3668.26
ORD10890,PROD1239,1,967.84
ORD10890,PROD1078,3,1856.48
ORD10891,PROD1351,1,4296.8
ORD10892,PROD1132,1,687.34
ORD10892,PROD1452,1,2178.69
ORD10892,PROD1121,2,4490.85
ORD10893,PROD1345,2,3117.67
ORD10893,PROD1384,2,3701.85
ORD10893,PROD1307,1,1682.49
ORD10894,PROD1446,3,4931.41
ORD10894,PROD1267,2,3542.17
ORD10894,PROD1325,1,3715.69
ORD10894,PROD1339,1,579.39
ORD10895,PROD1053,2,4484.65
ORD10895,PROD1497,1,480.9
ORD10895,PROD1197,2,4495.84
ORD10895,PROD1440,1,515.7
ORD10896,PROD1022,3,1531.51
ORD10896,PROD1119,1,2742.78
ORD10897,PROD1195,3,1811.13
ORD10897,PROD1179,2,773.85
ORD10898,PROD1453,1,4541.14
ORD10898,PROD1098,3,224.55
ORD10899,PROD1190,2,556.2
ORD10900,PROD1245,3,4648.76
ORD10900,PROD1498,1,4874.53
ORD10901,PROD1260,2,3113.54
ORD10901,PROD1174,3,3261.35
ORD10901,PROD1419,2,3786.64
ORD10902,PROD1360,3,2002.03
ORD10902,PROD1238,1,3262.81
ORD10902,PROD1445,1,4741.52
ORD10903,PROD1484,3,2963.14
ORD10904,PROD1372,1,562.77
ORD10904,PROD1166,1,1671.82
ORD10904,PROD1134,3,4720.26
ORD10904,PROD1454,3,644.87
ORD10905,PROD1115,2,4370.16
ORD10905,PROD1195,1,1811.13
ORD10905,PROD1353,2,898.38
ORD10906,PROD1046,2,1627.38
ORD10906,PROD1240,3,4708.25
ORD10906,PROD1308,1,3996.41
ORD10907,PROD1315,2,3510.27
ORD10908,PROD1061,3,1429.61
ORD10909,PROD1188,2,2695.29
ORD10909,PROD1055,2,4617.18
ORD10910,PROD1431,1,3831.4
ORD10910,PROD1137,1,3544.79
ORD10910,PROD1415,3,2297.38
ORD10911,PROD1350,1,2565.37
ORD10911,PROD1400,1,605.31
ORD10911,PROD1349,3,3166.71
ORD10912,PROD1375,2,1662.98
ORD10912,PROD1467,2,4356.14
ORD10912,PROD1205,2,145.07
ORD10913,PROD1127,1,4317.58
ORD10913,PROD1448,2,1943.67
ORD10913,PROD1229,2,3192.58
ORD10913,PROD1040,1,697.99
ORD10914,PROD1009,3,3569.56
ORD10914,PROD1086,1,3675.07
ORD10914,PROD1032,3,418.75
ORD10915,PROD1003,1,3033.43
ORD10915,PROD1022,1,1531.51
ORD10915,PROD1196,2,3657.18
ORD10916,PROD1273,1,4574.88
ORD10917,PROD1450,1,3908.02
ORD10917,PROD1106,2,2110.88
ORD10918,PROD1439,2,498.61
ORD10918,PROD1423,1,2522.66
ORD10918,PROD1342,3,948.69
ORD10918,PROD1214,1,3589.68
ORD10919,PROD1151,2,1273.85
ORD10919,PROD1052,3,4703.54
ORD10919,PROD1165,2,4192.98
ORD10919,PROD1403,3,4149.64
ORD10920,PROD1294,1,722.6
ORD10920,PROD1070,2,3884.0
ORD10920,PROD1127,2,4317.58
ORD10920,PROD1032,3,418.75
ORD10921,PROD1460,3,675.88
ORD10921,PROD1108,2,1221.11
ORD10921,PROD1158,3,1264.42
ORD10922,PROD1251,1,1986.98
ORD10922,PROD1366,2,4809.83
ORD10922,PROD1264,2,4399.13
ORD10923,PROD1025,1,3947.36
ORD10923,PROD1042,3,268.5
ORD10923,PROD1018,3,2216.53
ORD10923,PROD1015,1,998.68
ORD10924,PROD1058,1,321.61
ORD10924,PROD1496,2,2959.91
ORD10925,PROD1113,2,4059.79
ORD10926,PROD1265,1,3729.77
ORD10926,PROD1161,3,3198.3
ORD10927,PROD1493,3,1021.79
ORD10927,PROD1134,2,4720.26
ORD10928,PROD1178,3,4689.98
ORD10928,PROD1473,3,4466.6
ORD10928,PROD1479,1,2663.18
ORD10928,PROD1444,3,4082.72
ORD10929,PROD1277,3,3284.82
ORD10930,PROD1451,1,2836.18
ORD10930,PROD1115,2,4370.16
ORD10930,PROD1391,2,2121.83
ORD10930,PROD1342,1,948.69
ORD10931,PROD1056,3,533.61
ORD10931,PROD1388,1,3778.01
ORD10931,PROD1228,2,4471.03
ORD10932,PROD1283,2,560.51
ORD10932,PROD1323,2,1471.68
ORD10932,PROD1368,1,1059.38
ORD10932,PROD1223,2,1901.81
ORD10933,PROD1211,3,3490.29
ORD10933,PROD1436,2,456.54
ORD10933,PROD1190,3,556.2
ORD10934,PROD1264,2,4399.13
ORD10934,PROD1224,2,1399.49
ORD10934,PROD1074,1,3563.6
ORD10935,PROD1248,2,4821.74
ORD10936,PROD1139,3,4861.73
ORD10937,PROD1358,2,4707.13
ORD10937,PROD1040,1,697.99
ORD10938,PROD1467,1,4356.14
ORD10938,PROD1231,2,2562.92
ORD10939,PROD1129,1,2602.66
ORD10939,PROD1425,2,2792.69
ORD10939,PROD1482,3,2327.25
ORD10939,PROD1160,2,1902.14
ORD10940,PROD1228,2,4471.03
ORD10941,PROD1453,2,4541.14
ORD10941,PROD1488,2,4757.02
ORD10942,PROD1224,2,1399.49
ORD10942,PROD1357,2,2970.3
ORD10942,PROD1230,1,3994.58
ORD10942,PROD1052,1,4703.54
ORD10943,PROD1289,2,2995.08
ORD10943,PROD1417,1,1710.46
ORD10943,PROD1407,1,153.1
ORD10944,PROD1477,2,2813.89
ORD10945,PROD1006,2,384.61
ORD10946,PROD1456,3,155.63
ORD10946,PROD1207,2,3351.16
ORD10946,PROD1385,3,4037.06
ORD10947,PROD1466,3,1499.99
ORD10947,PROD1447,1,3791.55
ORD10948,PROD1404,2,1668.24
ORD10948,PROD1395,3,4660.71
ORD10948,PROD1266,2,3515.38
ORD10948,PROD1243,2,1913.78
ORD10949,PROD1269,3,1538.6
ORD10949,PROD1032,2,418.75
ORD10950,PROD1281,2,1756.18
ORD10951,PROD1215,1,1262.52
ORD10952,PROD1126,3,4108.27
ORD10952,PROD1492,2,1459.17
ORD10953,PROD1127,2,4317.58
ORD10953,PROD1073,2,4095.76
ORD10954,PROD1447,2,3791.55
ORD10954,PROD1101,1,3218.41
ORD10954,PROD1046,3,1627.38
ORD10954,PROD1164,2,542.42
ORD10955,PROD1203,1,4502.92
ORD10955,PROD1085,1,1693.4
ORD10955,PROD1323,2,1471.68
ORD10955,PROD1412,1,4757.98
ORD10956,PROD1300,2,353.24
ORD10956,PROD1278,1,3539.64
ORD10956,PROD1445,3,4741.52
ORD10956,PROD1469,1,4819.79
ORD10957,PROD1368,1,1059.38
ORD10957,PROD1009,1,3569.56
ORD10958,PROD1447,2,3791.55
ORD10958,PROD1224,1,1399.49
ORD10959,PROD1428,1,1819.48
ORD10959,PROD1016,1,1590.79
ORD10959,PROD1027,3,2619.75
ORD10959,PROD1125,3,2192.83
ORD10960,PROD1371,2,189.29
ORD10960,PROD1137,2,3544.79
ORD10961,PROD1228,2,4471.03
ORD10962,PROD1290,2,249.45
ORD10962,PROD1431,3,3831.4
ORD10963,PROD1179,1,773.85
ORD10963,PROD1157,2,3831.94
ORD10964,PROD1418,3,3395.34
ORD10964,PROD1153,2,2498.32
ORD10964,PROD1360,3,2002.03
ORD10965,PROD1407,3,153.1
ORD10965,PROD1377,1,214.03
ORD10965,PROD1054,2,3029.71
ORD10965,PROD1205,2,145.07
ORD10966,PROD1401,3,4522.51
ORD10966,PROD1244,3,175.74
ORD10966,PROD1306,1,2629.87
ORD10967,PROD1337,3,3547.92
ORD10968,PROD1107,2,3802.2
ORD10969,PROD1432,1,3129.27
ORD10970,PROD1180,1,1771.23
ORD10970,PROD1384,3,3701.85
ORD10971,PROD1347,3,321.99
ORD10971,PROD1484,1,2963.14
ORD10971,PROD1499,3,4932.43
ORD10971,PROD1196,3,3657.18
ORD10972,PROD1496,3,2959.91
ORD10972,PROD1365,3,1991.9
ORD10972,PROD1174,3,3261.35
ORD10973,PROD1209,1,887.96
ORD10973,PROD1468,2,1195.62
ORD10973,PROD1201,1,512.29
ORD10974,PROD1258,3,2893.3
ORD10974,PROD1384,1,3701.85
ORD10974,PROD1404,1,1668.24
ORD10974,PROD1202,3,891.98
ORD10975,PROD1094,1,3877.74
ORD10975,PROD1176,1,3485.59
ORD10976,PROD1066,2,790.53
ORD10976,PROD1379,1,1481.09
ORD10976,PROD1254,1,930.51
ORD10976,PROD1479,3,2663.18
ORD10977,PROD1139,2,4861.73
ORD10978,PROD1363,3,2773.52
ORD10978,PROD1306,3,2629.87
ORD10978,PROD1072,2,127.06
ORD10978,PROD1059,3,1694.12
ORD10979,PROD1049,3,1005.79
ORD10980,PROD1258,3,2893.3
ORD10981,PROD1033,2,4749.54
ORD10981,PROD1025,1,3947.36
ORD10982,PROD1370,2,593.81
ORD10982,PROD1085,3,1693.4
ORD10982,PROD1159,2,3668.26
ORD10982,PROD1424,3,382.04
ORD10983,PROD1274,2,2605.58
ORD10983,PROD1288,3,1504.05
ORD10983,PROD1257,1,3510.55
ORD10983,PROD1450,2,3908.02
ORD10984,PROD1359,1,2919.82
ORD10984,PROD1081,3,3154.16
ORD10984,PROD1117,1,1014.19
ORD10985,PROD1264,3,4399.13
ORD10986,PROD1165,3,4192.98
ORD10986,PROD1230,2,3994.58
ORD10986,PROD1220,1,3322.3
ORD10987,PROD1430,2,800.66
ORD10987,PROD1153,3,2498.32
ORD10988,PROD1422,2,546.91
ORD10988,PROD1272,1,4348.65
ORD10989,PROD1226,3,4867.75
ORD10989,PROD1045,3,3346.36
ORD10989,PROD1133,1,1754.31
ORD10990,PROD1451,2,2836.18
ORD10991,PROD1375,2,1662.98
ORD10991,PROD1423,2,2522.66
ORD10991,PROD1445,2,4741.52
ORD10991,PROD1407,2,153.1
ORD10992,PROD1241,3,4774.25
ORD10992,PROD1428,3,1819.48
ORD10993,PROD1278,1,3539.64
ORD10993,PROD1317,2,949.14
ORD10994,PROD1380,2,679.01
ORD10994,PROD1027,1,2619.75
ORD10994,PROD1140,2,4815.99
ORD10994,PROD1412,1,4757.98
ORD10995,PROD1053,3,4484.65
ORD10996,PROD1230,1,3994.58
ORD10997,PROD1086,2,3675.07
ORD10997,PROD1273,3,4574.88
ORD10997,PROD1227,3,2026.18
ORD10998,PROD1489,1,4462.29
ORD10998,PROD1384,3,3701.85
ORD10998,PROD1112,1,4655.52
ORD10998,PROD1292,3,4130.74
ORD10999,PROD1476,2,461.6
ORD10999,PROD1008,3,3045.46
ORD10999,PROD1164,1,542.42
ORD11000,PROD1229,1,3192.58
ORD11000,PROD1326,1,2816.33
ORD11000,PROD1070,3,3884.0
ORD11000,PROD1118,3,4473.54
ORD11001,PROD1305,2,4881.68
ORD11001,PROD1102,3,1640.34
ORD11002,PROD1470,3,159.56
ORD11002,PROD1092,1,3827.85
ORD11003,PROD1308,2,3996.41
ORD11003,PROD1389,3,4053.49
ORD11003,PROD1220,2,3322.3
ORD11004,PROD1069,3,4935.75
ORD11004,PROD1259,1,576.16
ORD11004,PROD1185,2,3333.92
ORD11004,PROD1371,3,189.29
ORD11005,PROD1065,2,2759.21
ORD11005,PROD1012,2,4178.97
ORD11005,PROD1193,1,3202.2
ORD11005,PROD1315,1,3510.27
ORD11006,PROD1321,2,3601.52
ORD11006,PROD1077,1,462.82
ORD11006,PROD1249,1,4279.75
ORD11007,PROD1165,3,4192.98
ORD11007,PROD1325,3,3715.69
ORD11007,PROD1497,2,480.9
ORD11007,PROD1225,2,1295.55
ORD11008,PROD1318,3,866.54
ORD11008,PROD1016,3,1590.79
ORD11009,PROD1057,2,1060.32
ORD11009,PROD1191,2,4496.36
ORD11009,PROD1049,1,1005.79
ORD11009,PROD1212,2,3294.61
ORD11010,PROD1361,2,3252.11
ORD11010,PROD1382,3,3181.82
ORD11011,PROD1175,3,954.4
ORD11011,PROD1067,3,4030.77
ORD11012,PROD1408,2,4536.37
ORD11012,PROD1199,3,3921.39
ORD11013,PROD1367,3,4536.22
ORD11013,PROD1185,1,3333.92
ORD11014,PROD1058,3,321.61
ORD11015,PROD1142,2,2536.52
ORD11015,PROD1222,2,559.01
ORD11016,PROD1464,3,4814.65
ORD11016,PROD1264,2,4399.13
ORD11017,PROD1219,1,4261.19
ORD11017,PROD1182,1,4631.0
ORD11017,PROD1395,3,4660.71
ORD11018,PROD1169,1,2995.38
ORD11018,PROD1459,1,682.21
ORD11018,PROD1420,3,3978.74
ORD11018,PROD1403,1,4149.64
ORD11019,PROD1035,1,4061.15
ORD11019,PROD1003,3,3033.43
ORD11020,PROD1399,3,3797.26
ORD11020,PROD1263,2,2639.82
ORD11020,PROD1090,3,686.01
ORD11021,PROD1197,3,4495.84
ORD11022,PROD1117,2,1014.19
ORD11022,PROD1279,1,3999.38
ORD11022,PROD1468,1,1195.62
ORD11023,PROD1450,3,3908.02
ORD11023,PROD1379,3,1481.09
ORD11023,PROD1257,1,3510.55
ORD11023,PROD1037,3,578.59
ORD11024,PROD1290,3,249.45
ORD11024,PROD1202,3,891.98
ORD11025,PROD1150,2,4550.5
ORD11025,PROD1448,3,1943.67
ORD11025,PROD1190,2,556.2
ORD11025,PROD1406,2,2007.09
ORD11026,PROD1193,2,3202.2
ORD11026,PROD1249,1,4279.75
ORD11026,PROD1080,1,4329.21
ORD11026,PROD1040,3,697.99
ORD11027,PROD1077,2,462.82
ORD11028,PROD1235,3,3640.02
ORD11028,PROD1497,1,480.9
ORD11029,PROD1281,3,1756.18
ORD11029,PROD1475,2,4965.53
ORD11029,PROD1455,1,2513.86
ORD11029,PROD1251,3,1986.98
ORD11030,PROD1400,1,605.31
ORD11030,PROD1370,1,593.81
ORD11030,PROD1281,3,1756.18
ORD11030,PROD1389,1,4053.49
ORD11031,PROD1341,2,2420.01
ORD11032,PROD1305,2,4881.68
ORD11032,PROD1383,2,4399.61
ORD11032,PROD1005,3,864.37
ORD11032,PROD1413,2,2909.85
ORD11033,PROD1237,2,219.15
ORD11033,PROD1489,1,4462.29
ORD11034,PROD1345,2,3117.67
ORD11035,PROD1450,2,3908.02
ORD11035,PROD1047,3,2648.33
ORD11036,PROD1201,2,512.29
ORD11036,PROD1139,1,4861.73
ORD11036,PROD1141,1,1333.73
ORD11037,PROD1037,1,578.59
ORD11037,PROD1074,3,3563.6
ORD11038,PROD1038,1,3452.74
ORD11038,PROD1490,1,2332.72
ORD11038,PROD1432,2,3129.27
ORD11039,PROD1362,2,2345.44
ORD11039,PROD1473,3,4466.6
ORD11039,PROD1088,1,4447.34
ORD11039,PROD1272,3,4348.65
ORD11040,PROD1155,3,1286.07
ORD11040,PROD1200,2,3245.96
ORD11040,PROD1427,3,4449.75
ORD11041,PROD1452,3,2178.69
ORD11041,PROD1171,2,181.28
ORD11041,PROD1069,3,4935.75
ORD11042,PROD1489,3,4462.29
ORD11042,PROD1144,3,1495.72
ORD11043,PROD1318,3,866.54
ORD11043,PROD1116,2,4037.99
ORD11043,PROD1184,1,1363.91
ORD11044,PROD1461,3,3281.13
ORD11044,PROD1337,1,3547.92
ORD11045,PROD1003,3,3033.43
ORD11045,PROD1239,2,967.84
ORD11045,PROD1205,3,145.07
ORD11046,PROD1348,1,1935.6
ORD11046,PROD1435,2,3534.75
ORD11046,PROD1159,2,3668.26
ORD11047,PROD1434,1,512.12
ORD11047,PROD1393,2,3904.42
ORD11048,PROD1166,1,1671.82
ORD11048,PROD1463,2,2958.51
ORD11049,PROD1360,2,2002.03
ORD11049,PROD1209,2,887.96
ORD11049,PROD1255,3,2828.33
ORD11049,PROD1072,3,127.06
ORD11050,PROD1215,1,1262.52
ORD11051,PROD1108,1,1221.11
ORD11051,PROD1344,2,2052.67
ORD11051,PROD1299,2,518.2
ORD11051,PROD1494,2,2372.12
ORD11052,PROD1031,2,935.57
ORD11052,PROD1432,3,3129.27
ORD11052,PROD1329,3,1313.88
ORD11053,PROD1339,2,579.39
ORD11053,PROD1051,3,3898.15
ORD11053,PROD1179,2,773.85
ORD11054,PROD1107,2,3802.2
ORD11055,PROD1193,1,3202.2
ORD11056,PROD1437,2,4127.11
ORD11056,PROD1275,2,2557.43
ORD11057,PROD1321,3,3601.52
ORD11057,PROD1347,3,321.99
ORD11057,PROD1145,3,280.75
ORD11058,PROD1366,3,4809.83
ORD11058,PROD1294,3,722.6
ORD11058,PROD1487,3,1476.72
ORD11059,PROD1210,2,2788.8
ORD11059,PROD1380,3,679.01
ORD11059,PROD1401,3,4522.51
ORD11060,PROD1310,1,2250.96
ORD11061,PROD1215,3,1262.52
ORD11061,PROD1273,1,4574.88
ORD11062,PROD1168,1,299.8
ORD11062,PROD1037,1,578.59
ORD11062,PROD1227,2,2026.18
ORD11062,PROD1421,1,3969.13
ORD11063,PROD1136,2,2642.07
ORD11063,PROD1474,1,2685.74
ORD11064,PROD1164,3,542.42
ORD11064,PROD1191,3,4496.36
ORD11065,PROD1025,2,3947.36
ORD11065,PROD1250,3,1542.8
ORD11065,PROD1094,1,3877.74
ORD11066,PROD1001,3,4758.5
ORD11067,PROD1044,2,1368.02
ORD11067,PROD1426,1,2263.5
ORD11067,PROD1002,3,3686.77
ORD11068,PROD1277,2,3284.82
ORD11068,PROD1175,2,954.4
ORD11068,PROD1415,2,2297.38
ORD11069,PROD1458,3,375.89
ORD11069,PROD1478,1,4849.58
ORD11069,PROD1117,1,1014.19
ORD11070,PROD1213,1,1198.92
ORD11070,PROD1120,1,4056.46
ORD11070,PROD1062,1,4160.81
ORD11071,PROD1456,1,155.63
ORD11071,PROD1474,1,2685.74
ORD11071,PROD1028,1,3002.83
ORD11071,PROD1298,3,3152.16
ORD11072,PROD1019,1,1527.02
ORD11072,PROD1080,2,4329.21
ORD11072,PROD1292,3,4130.74
ORD11072,PROD1293,1,1864.93
ORD11073,PROD1169,2,2995.38
ORD11074,PROD1095,2,2519.6
ORD11074,PROD1268,1,1861.51
ORD11074,PROD1030,2,3076.97
ORD11074,PROD1379,3,1481.09
ORD11075,PROD1052,3,4703.54
ORD11075,PROD1401,1,4522.51
ORD11076,PROD1480,1,3184.05
ORD11077,PROD1448,2,1943.67
ORD11077,PROD1082,2,1721.4
ORD11077,PROD1378,1,4090.9
ORD11078,PROD1491,1,3138.65
ORD11078,PROD1080,1,4329.21
ORD11078,PROD1218,3,3283.2
ORD11078,PROD1001,2,4758.5
ORD11079,PROD1155,1,1286.07
ORD11079,PROD1428,1,1819.48
ORD11079,PROD1036,1,1592.61
ORD11079,PROD1228,2,4471.03
ORD11080,PROD1259,1,576.16
ORD11080,PROD1102,3,1640.34
ORD11080,PROD1438,2,3560.59
ORD11081,PROD1107,2,3802.2
ORD11082,PROD1292,2,4130.74
ORD11082,PROD1183,3,4398.96
ORD11082,PROD1154,1,4929.69
ORD11082,PROD1031,2,935.57
ORD11083,PROD1332,1,170.53
ORD11083,PROD1162,2,3204.3
ORD11084,PROD1145,2,280.75
ORD11084,PROD1228,2,4471.03
ORD11085,PROD1015,3,998.68
ORD11085,PROD1074,1,3563.6
ORD11085,PROD1437,3,4127.11
ORD11086,PROD1410,3,1664.64
ORD11086,PROD1495,1,1831.43
ORD11086,PROD1003,3,3033.43
ORD11086,PROD1418,2,3395.34
ORD11087,PROD1294,1,722.6
ORD11087,PROD1411,2,4755.3
ORD11087,PROD1161,2,3198.3
ORD11088,PROD1341,3,2420.01
ORD11088,PROD1090,3,686.01
ORD11089,PROD1384,3,3701.85
ORD11089,PROD1486,1,322.69
ORD11089,PROD1219,2,4261.19
ORD11090,PROD1114,3,3203.68
ORD11090,PROD1167,2,1013.94
ORD11090,PROD1434,2,512.12
ORD11090,PROD1245,2,4648.76
ORD11091,PROD1135,1,1683.69
ORD11091,PROD1230,2,3994.58
ORD11091,PROD1057,3,1060.32
ORD11091,PROD1014,2,990.94
ORD11092,PROD1290,2,249.45
ORD11092,PROD1168,3,299.8
ORD11092,PROD1047,1,2648.33
ORD11093,PROD1290,1,249.45
ORD11093,PROD1282,2,1940.36
ORD11093,PROD1448,3,1943.67
ORD11093,PROD1069,3,4935.75
ORD11094,PROD1476,1,461.6
ORD11095,PROD1447,2,3791.55
ORD11095,PROD1213,1,1198.92
ORD11095,PROD1180,1,1771.23
ORD11096,PROD1336,3,4291.76
ORD11097,PROD1159,3,3668.26
ORD11097,PROD1279,3,3999.38
ORD11097,PROD1256,3,4687.16
ORD11098,PROD1410,2,1664.64
ORD11098,PROD1197,1,4495.84
ORD11098,PROD1041,2,2526.37
ORD11098,PROD1478,1,4849.58
ORD11099,PROD1381,1,3514.01
ORD11099,PROD1396,3,4306.22
ORD11100,PROD1482,3,2327.25
ORD11100,PROD1276,3,4011.65
ORD11101,PROD1044,2,1368.02
ORD11102,PROD1110,2,1519.78
ORD11102,PROD1208,3,124.8
ORD11103,PROD1418,1,3395.34
ORD11103,PROD1249,3,4279.75
ORD11104,PROD1343,2,2225.87
ORD11104,PROD1234,2,1056.69
ORD11104,PROD1135,1,1683.69
ORD11104,PROD1253,2,1652.92
ORD11105,PROD1099,1,628.67
ORD11105,PROD1289,1,2995.08
ORD11105,PROD1056,2,533.61
ORD11105,PROD1225,1,1295.55
ORD11106,PROD1133,2,1754.31
ORD11106,PROD1291,3,283.01
ORD11106,PROD1152,3,809.98
ORD11106,PROD1346,3,3211.96
ORD11107,PROD1283,1,560.51
ORD11107,PROD1377,2,214.03
ORD11107,PROD1195,2,1811.13
ORD11108,PROD1140,3,4815.99
ORD11108,PROD1110,2,1519.78
ORD11108,PROD1260,1,3113.54
ORD11108,PROD1383,1,4399.61
ORD11109,PROD1091,1,3594.9
ORD11109,PROD1448,1,1943.67
ORD11109,PROD1193,2,3202.2
ORD11110,PROD1407,3,153.1
ORD11110,PROD1415,1,2297.38
ORD11110,PROD1328,2,2156.04
ORD11111,PROD1352,1,3327.6
ORD11111,PROD1414,2,3196.0
ORD11111,PROD1119,2,2742.78
ORD11112,PROD1412,3,4757.98
ORD11113,PROD1186,1,4104.39
ORD11114,PROD1109,3,477.2
ORD11114,PROD1186,2,4104.39
ORD11114,PROD1470,2,159.56
ORD11114,PROD1077,2,462.82
ORD11115,PROD1315,2,3510.27
ORD11116,PROD1474,2,2685.74
ORD11116,PROD1488,3,4757.02
ORD11116,PROD1313,1,4816.98
ORD11116,PROD1001,1,4758.5
ORD11117,PROD1294,2,722.6
ORD11118,PROD1261,3,4951.26
ORD11119,PROD1386,1,1481.97
ORD11120,PROD1027,2,2619.75
ORD11121,PROD1391,2,2121.83
ORD11121,PROD1312,3,224.22
ORD11121,PROD1054,1,3029.71
ORD11122,PROD1022,2,1531.51
ORD11122,PROD1227,2,2026.18
ORD11122,PROD1437,2,4127.11
ORD11122,PROD1297,2,1157.52
ORD11123,PROD1363,2,2773.52
ORD11123,PROD1201,3,512.29
ORD11123,PROD1120,3,4056.46
ORD11123,PROD1138,1,1881.79
ORD11124,PROD1158,2,1264.42
ORD11124,PROD1303,3,3223.41
ORD11124,PROD1354,2,445.79
ORD11124,PROD1097,1,2194.95
ORD11125,PROD1474,1,2685.74
ORD11125,PROD1011,1,4852.56
ORD11125,PROD1044,1,1368.02
ORD11126,PROD1209,2,887.96
ORD11126,PROD1053,2,4484.65
ORD11126,PROD1103,1,2592.0
ORD11127,PROD1043,3,4555.67
ORD11127,PROD1367,3,4536.22
ORD11127,PROD1267,2,3542.17
ORD11127,PROD1277,1,3284.82
ORD11128,PROD1408,3,4536.37
ORD11128,PROD1051,1,3898.15
ORD11129,PROD1373,2,3446.73
ORD11129,PROD1058,1,321.61
ORD11129,PROD1293,2,1864.93
ORD11129,PROD1495,2,1831.43
ORD11130,PROD1296,3,3872.97
ORD11130,PROD1339,1,579.39
ORD11130,PROD1326,3,2816.33
ORD11131,PROD1206,1,597.21
ORD11132,PROD1171,3,181.28
ORD11133,PROD1249,3,4279.75
ORD11133,PROD1217,2,3757.81
ORD11133,PROD1338,1,2423.45
ORD11133,PROD1056,1,533.61
ORD11134,PROD1131,2,1188.33
ORD11135,PROD1212,2,3294.61
ORD11135,PROD1216,2,1694.46
ORD11136,PROD1074,3,3563.6
ORD11137,PROD1303,3,3223.41
ORD11137,PROD1045,2,3346.36
ORD11137,PROD1410,3,1664.64
ORD11138,PROD1451,1,2836.18
ORD11138,PROD1228,2,4471.03
ORD11138,PROD1181,3,656.02
ORD11138,PROD1082,2,1721.4
ORD11139,PROD1138,2,1881.79
ORD11139,PROD1377,2,214.03
ORD11139,PROD1013,1,1140.46
ORD11139,PROD1012,3,4178.97
ORD11140,PROD1105,1,1321.53
ORD11140,PROD1188,2,2695.29
ORD11140,PROD1474,1,2685.74
ORD11141,PROD1390,3,4953.48
ORD11141,PROD1378,3,4090.9
ORD11142,PROD1212,3,3294.61
ORD11142,PROD1016,3,1590.79
ORD11142,PROD1492,3,1459.17
ORD11142,PROD1345,1,3117.67
ORD11143,PROD1470,2,159.56
ORD11144,PROD1330,3,1844.27
ORD11145,PROD1071,1,1073.71
ORD11145,PROD1090,2,686.01
ORD11145,PROD1321,2,3601.52
ORD11145,PROD1022,3,1531.51
ORD11146,PROD1084,1,1623.81
ORD11146,PROD1228,2,4471.03
ORD11146,PROD1374,2,448.82
ORD11146,PROD1426,3,2263.5
ORD11147,PROD1218,1,3283.2
ORD11147,PROD1228,3,4471.03
ORD11147,PROD1316,3,2103.87
ORD11147,PROD1424,1,382.04
ORD11148,PROD1494,2,2372.12
ORD11148,PROD1395,2,4660.71
ORD11148,PROD1372,1,562.77
ORD11149,PROD1322,1,3334.97
ORD11149,PROD1349,1,3166.71
ORD11150,PROD1079,3,667.76
ORD11150,PROD1297,2,1157.52
ORD11151,PROD1413,2,2909.85
ORD11151,PROD1298,3,3152.16
ORD11152,PROD1186,3,4104.39
ORD11152,PROD1068,3,465.3
ORD11152,PROD1328,1,2156.04
ORD11152,PROD1010,3,200.86
ORD11153,PROD1208,3,124.8
ORD11154,PROD1422,3,546.91
ORD11154,PROD1072,2,127.06
ORD11154,PROD1209,2,887.96
ORD11155,PROD1235,2,3640.02
ORD11155,PROD1153,1,2498.32
ORD11156,PROD1232,3,2926.83
ORD11156,PROD1040,2,697.99
ORD11156,PROD1425,3,2792.69
ORD11156,PROD1288,2,1504.05
ORD11157,PROD1393,2,3904.42
ORD11157,PROD1027,3,2619.75
ORD11158,PROD1073,2,4095.76
ORD11158,PROD1144,2,1495.72
ORD11159,PROD1409,2,547.3
ORD11159,PROD1497,3,480.9
ORD11160,PROD1222,3,559.01
ORD11160,PROD1359,1,2919.82
ORD11160,PROD1069,1,4935.75
ORD11160,PROD1019,2,1527.02
ORD11161,PROD1070,2,3884.0
ORD11161,PROD1032,1,418.75
ORD11162,PROD1145,1,280.75
ORD11162,PROD1013,3,1140.46
ORD11162,PROD1305,1,4881.68
ORD11163,PROD1493,3,1021.79
ORD11164,PROD1257,2,3510.55
ORD11164,PROD1342,2,948.69
ORD11164,PROD1279,3,3999.38
ORD11165,PROD1442,1,1933.93
ORD11165,PROD1250,2,1542.8
ORD11165,PROD1322,2,3334.97
ORD11165,PROD1159,2,3668.26
ORD11166,PROD1392,3,1922.89
ORD11166,PROD1203,3,4502.92
ORD11167,PROD1205,3,145.07
ORD11167,PROD1240,2,4708.25
ORD11167,PROD1040,3,697.99
ORD11168,PROD1094,3,3877.74
ORD11168,PROD1027,1,2619.75
ORD11169,PROD1000,2,1935.25
ORD11169,PROD1286,2,2381.43
ORD11170,PROD1186,2,4104.39
ORD11170,PROD1374,3,448.82
ORD11170,PROD1470,3,159.56
ORD11170,PROD1283,1,560.51
ORD11171,PROD1362,2,2345.44
ORD11171,PROD1385,1,4037.06
ORD11171,PROD1491,1,3138.65
ORD11171,PROD1094,2,3877.74
ORD11172,PROD1274,3,2605.58
ORD11172,PROD1155,3,1286.07
ORD11172,PROD1453,2,4541.14
ORD11172,PROD1422,1,546.91
ORD11173,PROD1078,1,1856.48
ORD11173,PROD1469,2,4819.79
ORD11174,PROD1244,3,175.74
ORD11175,PROD1235,2,3640.02
ORD11176,PROD1323,3,1471.68
ORD11176,PROD1139,2,4861.73
ORD11177,PROD1126,1,4108.27
ORD11177,PROD1285,1,276.12
ORD11177,PROD1113,1,4059.79
ORD11177,PROD1407,2,153.1
ORD11178,PROD1222,1,559.01
ORD11178,PROD1215,2,1262.52
ORD11178,PROD1490,1,2332.72
ORD11179,PROD1249,2,4279.75
ORD11179,PROD1425,1,2792.69
ORD11179,PROD1009,1,3569.56
ORD11179,PROD1104,2,4547.08
ORD11180,PROD1301,2,2703.64
ORD11180,PROD1140,3,4815.99
ORD11180,PROD1229,3,3192.58
ORD11180,PROD1063,3,1848.09
ORD11181,PROD1316,3,2103.87
ORD11181,PROD1091,1,3594.9
ORD11182,PROD1331,1,3813.45
ORD11182,PROD1218,3,3283.2
ORD11182,PROD1191,1,4496.36
ORD11182,PROD1106,2,2110.88
ORD11183,PROD1056,2,533.61
ORD11183,PROD1044,1,1368.02
ORD11184,PROD1181,1,656.02
ORD11184,PROD1163,3,2725.3
ORD11185,PROD1125,3,2192.83
ORD11186,PROD1353,1,898.38
ORD11186,PROD1410,2,1664.64
ORD11186,PROD1086,3,3675.07
ORD11187,PROD1468,1,1195.62
ORD11187,PROD1288,3,1504.05
ORD11188,PROD1336,1,4291.76
ORD11188,PROD1317,3,949.14
ORD11188,PROD1064,2,1476.58
ORD11188,PROD1198,1,4446.72
ORD11189,PROD1141,2,1333.73
ORD11190,PROD1056,1,533.61
ORD11190,PROD1303,1,3223.41
ORD11190,PROD1144,2,1495.72
ORD11191,PROD1340,1,2508.92
ORD11192,PROD1242,2,4582.84
ORD11192,PROD1182,2,4631.0
ORD11192,PROD1157,1,3831.94
ORD11193,PROD1328,1,2156.04
ORD11193,PROD1171,3,181.28
ORD11193,PROD1189,1,1285.08
ORD11193,PROD1030,1,3076.97
ORD11194,PROD1141,2,1333.73
ORD11194,PROD1230,1,3994.58
ORD11194,PROD1257,1,3510.55
ORD11195,PROD1499,2,4932.43
ORD11196,PROD1130,1,2145.31
ORD11196,PROD1460,2,675.88
ORD11197,PROD1449,3,509.15
ORD11198,PROD1431,3,3831.4
ORD11198,PROD1259,1,576.16
ORD11198,PROD1050,1,4850.96
ORD11198,PROD1132,2,687.34
ORD11199,PROD1183,3,4398.96
ORD11199,PROD1408,3,4536.37
ORD11200,PROD1483,1,3175.03
ORD11201,PROD1382,3,3181.82
ORD11201,PROD1337,2,3547.92
ORD11201,PROD1321,2,3601.52
ORD11202,PROD1171,2,181.28
ORD11203,PROD1060,2,2004.52
ORD11203,PROD1446,2,4931.41
ORD11204,PROD1222,3,559.01
ORD11204,PROD1437,1,4127.11
ORD11204,PROD1171,3,181.28
ORD11204,PROD1407,3,153.1
ORD11205,PROD1264,3,4399.13
ORD11205,PROD1243,1,1913.78
ORD11205,PROD1078,2,1856.48
ORD11206,PROD1329,1,1313.88
ORD11206,PROD1155,1,1286.07
ORD11206,PROD1055,3,4617.18
ORD11206,PROD1354,3,445.79
ORD11207,PROD1187,3,2820.48
ORD11207,PROD1025,1,3947.36
ORD11208,PROD1028,1,3002.83
ORD11208,PROD1341,2,2420.01
ORD11208,PROD1482,3,2327.25
ORD11209,PROD1366,1,4809.83
ORD11209,PROD1465,3,1936.87
ORD11209,PROD1034,2,4831.6
ORD11209,PROD1045,2,3346.36
ORD11210,PROD1216,2,1694.46
ORD11210,PROD1175,2,954.4
ORD11210,PROD1043,2,4555.67
ORD11210,PROD1218,3,3283.2
ORD11211,PROD1304,1,3657.85
ORD11211,PROD1199,3,3921.39
ORD11211,PROD1084,2,1623.81
ORD11212,PROD1362,2,2345.44
ORD11212,PROD1406,3,2007.09
ORD11212,PROD1268,1,1861.51
ORD11213,PROD1475,3,4965.53
ORD11213,PROD1069,1,4935.75
ORD11213,PROD1312,2,224.22
ORD11214,PROD1428,2,1819.48
ORD11214,PROD1318,2,866.54
ORD11215,PROD1098,3,224.55
ORD11215,PROD1363,2,2773.52
ORD11215,PROD1360,2,2002.03
ORD11215,PROD1424,3,382.04
ORD11216,PROD1104,2,4547.08
ORD11216,PROD1408,1,4536.37
ORD11216,PROD1306,3,2629.87
ORD11217,PROD1188,3,2695.29
ORD11217,PROD1182,2,4631.0
ORD11218,PROD1171,3,181.28
ORD11218,PROD1283,2,560.51
ORD11219,PROD1077,1,462.82
ORD11219,PROD1185,2,3333.92
ORD11219,PROD1252,3,4270.57
ORD11220,PROD1480,3,3184.05
ORD11220,PROD1403,2,4149.64
ORD11221,PROD1383,2,4399.61
ORD11221,PROD1489,1,4462.29
ORD11222,PROD1472,1,311.48
ORD11223,PROD1330,3,1844.27
ORD11223,PROD1251,2,1986.98
ORD11223,PROD1363,3,2773.52
ORD11224,PROD1288,2,1504.05
ORD11225,PROD1278,2,3539.64
ORD11225,PROD1053,3,4484.65
ORD11225,PROD1345,3,3117.67
ORD11225,PROD1386,2,1481.97
ORD11226,PROD1243,1,1913.78
ORD11226,PROD1408,3,4536.37
ORD11226,PROD1238,1,3262.81
ORD11226,PROD1016,2,1590.79
ORD11227,PROD1416,3,1536.73
ORD11227,PROD1185,3,3333.92
ORD11228,PROD1061,1,1429.61
ORD11229,PROD1058,2,321.61
ORD11229,PROD1141,1,1333.73
ORD11230,PROD1173,3,1209.83
ORD11230,PROD1310,2,2250.96
ORD11230,PROD1061,3,1429.61
ORD11231,PROD1083,2,411.44
ORD11231,PROD1133,3,1754.31
ORD11231,PROD1058,1,321.61
ORD11231,PROD1089,2,2413.85
ORD11232,PROD1473,3,4466.6
ORD11232,PROD1144,1,1495.72
ORD11232,PROD1167,2,1013.94
ORD11232,PROD1065,3,2759.21
ORD11233,PROD1339,1,579.39
ORD11233,PROD1194,1,1761.25
ORD11233,PROD1056,3,533.61
ORD11233,PROD1291,2,283.01
ORD11234,PROD1082,3,1721.4
ORD11234,PROD1316,1,2103.87
ORD11234,PROD1093,1,2850.26
ORD11235,PROD1376,2,4239.89
ORD11235,PROD1111,2,889.98
ORD11236,PROD1278,2,3539.64
ORD11236,PROD1241,3,4774.25
ORD11236,PROD1432,2,3129.27
ORD11236,PROD1147,3,2563.13
ORD11237,PROD1285,1,276.12
ORD11237,PROD1472,2,311.48
ORD11238,PROD1266,1,3515.38
ORD11238,PROD1314,2,4196.3
ORD11239,PROD1015,2,998.68
ORD11239,PROD1297,2,1157.52
ORD11239,PROD1358,2,4707.13
ORD11239,PROD1271,3,4069.56
ORD11240,PROD1430,3,800.66
ORD11240,PROD1462,1,3755.62
ORD11240,PROD1277,1,3284.82
ORD11240,PROD1335,3,299.57
ORD11241,PROD1421,1,3969.13
ORD11241,PROD1190,1,556.2
ORD11241,PROD1370,1,593.81
ORD11242,PROD1494,1,2372.12
ORD11243,PROD1065,2,2759.21
ORD11243,PROD1042,1,268.5
ORD11244,PROD1175,1,954.4
ORD11244,PROD1368,1,1059.38
ORD11244,PROD1025,2,3947.36
ORD11244,PROD1098,3,224.55
ORD11245,PROD1317,2,949.14
ORD11245,PROD1224,2,1399.49
ORD11245,PROD1081,1,3154.16
ORD11246,PROD1392,3,1922.89
ORD11246,PROD1043,2,4555.67
ORD11246,PROD1311,1,484.44
ORD11246,PROD1477,3,2813.89
ORD11247,PROD1328,1,2156.04
ORD11247,PROD1140,3,4815.99
ORD11247,PROD1413,2,2909.85
ORD11248,PROD1186,2,4104.39
ORD11248,PROD1324,3,4778.84
ORD11249,PROD1347,1,321.99
ORD11249,PROD1002,1,3686.77
ORD11249,PROD1040,1,697.99
ORD11250,PROD1069,2,4935.75
ORD11250,PROD1458,2,375.89
ORD11250,PROD1381,1,3514.01
ORD11251,PROD1314,1,4196.3
ORD11251,PROD1223,2,1901.81
ORD11251,PROD1329,1,1313.88
ORD11251,PROD1318,1,866.54
ORD11252,PROD1269,3,1538.6
ORD11252,PROD1404,2,1668.24
ORD11252,PROD1495,2,1831.43
ORD11253,PROD1339,1,579.39
ORD11254,PROD1043,2,4555.67
ORD11254,PROD1479,1,2663.18
ORD11254,PROD1192,1,4512.05
ORD11254,PROD1492,1,1459.17
ORD11255,PROD1065,3,2759.21
ORD11255,PROD1222,2,559.01
ORD11255,PROD1046,1,1627.38
ORD11255,PROD1237,3,219.15
ORD11256,PROD1109,1,477.2
ORD11256,PROD1391,2,2121.83
ORD11257,PROD1323,1,1471.68
ORD11257,PROD1039,2,2256.75
ORD11257,PROD1291,1,283.01
ORD11258,PROD1103,3,2592.0
ORD11258,PROD1102,1,1640.34
ORD11259,PROD1213,3,1198.92
ORD11259,PROD1112,1,4655.52
ORD11259,PROD1311,2,484.44
ORD11259,PROD1056,3,533.61
ORD11260,PROD1140,3,4815.99
ORD11260,PROD1083,2,411.44
ORD11261,PROD1355,2,3247.85
ORD11261,PROD1436,1,456.54
ORD11262,PROD1216,1,1694.46
ORD11263,PROD1091,2,3594.9
ORD11263,PROD1141,3,1333.73
ORD11263,PROD1451,1,2836.18
ORD11264,PROD1156,1,3393.46
ORD11265,PROD1082,1,1721.4
ORD11265,PROD1217,1,3757.81
ORD11265,PROD1371,2,189.29
ORD11265,PROD1236,2,1475.78
ORD11266,PROD1470,1,159.56
ORD11266,PROD1209,2,887.96
ORD11266,PROD1439,1,498.61
ORD11266,PROD1345,3,3117.67
ORD11267,PROD1250,2,1542.8
ORD11268,PROD1408,2,4536.37
ORD11268,PROD1109,1,477.2
ORD11268,PROD1027,2,2619.75
ORD11269,PROD1496,2,2959.91
ORD11269,PROD1338,1,2423.45
ORD11269,PROD1251,1,1986.98
ORD11269,PROD1406,3,2007.09
ORD11270,PROD1293,2,1864.93
ORD11271,PROD1287,2,2758.96
ORD11271,PROD1476,2,461.6
ORD11271,PROD1213,1,1198.92
ORD11272,PROD1170,2,3420.07
ORD11272,PROD1025,2,3947.36
ORD11272,PROD1262,1,786.41
ORD11273,PROD1085,3,1693.4
ORD11273,PROD1072,1,127.06
ORD11274,PROD1177,1,1995.0
ORD11274,PROD1051,3,3898.15
ORD11274,PROD1144,1,1495.72
ORD11274,PROD1315,2,3510.27
ORD11275,PROD1137,1,3544.79
ORD11275,PROD1124,2,1216.88
ORD11276,PROD1496,3,2959.91
ORD11276,PROD1235,3,3640.02
ORD11276,PROD1078,2,1856.48
ORD11276,PROD1058,1,321.61
ORD11277,PROD1117,3,1014.19
ORD11277,PROD1078,3,1856.48
ORD11277,PROD1236,3,1475.78
ORD11278,PROD1087,3,3224.03
ORD11278,PROD1132,2,687.34
ORD11278,PROD1441,1,4934.53
ORD11279,PROD1274,2,2605.58
ORD11280,PROD1408,2,4536.37
ORD11280,PROD1142,1,2536.52
ORD11280,PROD1250,3,1542.8
ORD11281,PROD1171,1,181.28
ORD11281,PROD1133,3,1754.31
ORD11281,PROD1115,3,4370.16
ORD11282,PROD1294,3,722.6
ORD11282,PROD1456,3,155.63
ORD11282,PROD1145,2,280.75
ORD11282,PROD1237,2,219.15
ORD11283,PROD1242,2,4582.84
ORD11283,PROD1206,2,597.21
ORD11284,PROD1034,1,4831.6
ORD11285,PROD1187,3,2820.48
ORD11285,PROD1318,1,866.54
ORD11286,PROD1184,1,1363.91
ORD11287,PROD1109,2,477.2
ORD11287,PROD1399,1,3797.26
ORD11287,PROD1177,2,1995.0
ORD11288,PROD1148,2,352.25
ORD11289,PROD1389,3,4053.49
ORD11289,PROD1257,2,3510.55
ORD11289,PROD1038,3,3452.74
ORD11289,PROD1304,3,3657.85
ORD11290,PROD1377,1,214.03
ORD11290,PROD1468,3,1195.62
ORD11291,PROD1280,3,4461.03
ORD11291,PROD1052,3,4703.54
ORD11292,PROD1185,1,3333.92
ORD11292,PROD1451,1,2836.18
ORD11292,PROD1036,3,1592.61
ORD11293,PROD1463,3,2958.51
ORD11293,PROD1126,2,4108.27
ORD11294,PROD1282,3,1940.36
ORD11294,PROD1265,1,3729.77
ORD11295,PROD1428,3,1819.48
ORD11295,PROD1125,3,2192.83
ORD11296,PROD1098,2,224.55
ORD11296,PROD1262,2,786.41
ORD11296,PROD1410,1,1664.64
ORD11297,PROD1217,1,3757.81
ORD11297,PROD1445,1,4741.52
ORD11297,PROD1135,3,1683.69
ORD11297,PROD1339,1,579.39
ORD11298,PROD1135,2,1683.69
ORD11299,PROD1036,3,1592.61
ORD11299,PROD1483,1,3175.03
ORD11299,PROD1310,1,2250.96
ORD11300,PROD1366,2,4809.83
ORD11301,PROD1154,1,4929.69
ORD11301,PROD1359,1,2919.82
ORD11301,PROD1486,2,322.69
ORD11302,PROD1227,3,2026.18
ORD11302,PROD1361,2,3252.11
ORD11303,PROD1356,1,229.91
ORD11303,PROD1267,1,3542.17
ORD11303,PROD1182,2,4631.0
ORD11304,PROD1229,2,3192.58
ORD11305,PROD1218,2,3283.2
ORD11305,PROD1181,1,656.02
ORD11306,PROD1042,2,268.5
ORD11306,PROD1357,1,2970.3
ORD11306,PROD1403,1,4149.64
ORD11306,PROD1017,1,2671.31
ORD11307,PROD1081,2,3154.16
ORD11307,PROD1009,2,3569.56
ORD11308,PROD1409,3,547.3
ORD11309,PROD1335,2,299.57
ORD11309,PROD1004,3,864.49
ORD11310,PROD1005,1,864.37
ORD11310,PROD1151,3,1273.85
ORD11310,PROD1478,2,4849.58
ORD11310,PROD1222,3,559.01
ORD11311,PROD1077,2,462.82
ORD11311,PROD1411,2,4755.3
ORD11312,PROD1435,2,3534.75
ORD11313,PROD1351,3,4296.8
ORD11314,PROD1030,1,3076.97
ORD11314,PROD1491,2,3138.65
ORD11315,PROD1092,1,3827.85
ORD11315,PROD1098,3,224.55
ORD11316,PROD1114,1,3203.68
ORD11316,PROD1473,2,4466.6
ORD11316,PROD1251,1,1986.98
ORD11317,PROD1195,2,1811.13
ORD11317,PROD1261,3,4951.26
ORD11317,PROD1321,1,3601.52
ORD11318,PROD1021,2,783.52
ORD11318,PROD1071,3,1073.71
ORD11318,PROD1499,2,4932.43
ORD11319,PROD1323,1,1471.68
ORD11319,PROD1436,1,456.54
ORD11320,PROD1072,1,127.06
ORD11321,PROD1475,1,4965.53
ORD11321,PROD1321,3,3601.52
ORD11322,PROD1007,2,4344.26
ORD11323,PROD1206,3,597.21
ORD11323,PROD1410,2,1664.64
ORD11323,PROD1257,2,3510.55
ORD11324,PROD1169,3,2995.38
ORD11325,PROD1205,1,145.07
ORD11325,PROD1332,2,170.53
ORD11326,PROD1137,1,3544.79
ORD11326,PROD1064,3,1476.58
ORD11327,PROD1042,1,268.5
ORD11327,PROD1370,2,593.81
ORD11327,PROD1424,3,382.04
ORD11328,PROD1417,2,1710.46
ORD11328,PROD1040,2,697.99
ORD11329,PROD1255,1,2828.33
ORD11330,PROD1307,1,1682.49
ORD11331,PROD1386,3,1481.97
ORD11331,PROD1310,1,2250.96
ORD11331,PROD1469,3,4819.79
ORD11332,PROD1323,3,1471.68
ORD11333,PROD1058,2,321.61
ORD11333,PROD1268,3,1861.51
ORD11333,PROD1317,3,949.14
ORD11333,PROD1093,1,2850.26
ORD11334,PROD1320,1,2791.21
ORD11334,PROD1401,1,4522.51
ORD11334,PROD1268,1,1861.51
ORD11334,PROD1454,1,644.87
ORD11335,PROD1061,2,1429.61
ORD11336,PROD1269,3,1538.6
ORD11336,PROD1436,2,456.54
ORD11336,PROD1009,3,3569.56
ORD11337,PROD1018,3,2216.53
ORD11337,PROD1011,2,4852.56
ORD11337,PROD1372,2,562.77
ORD11338,PROD1337,3,3547.92
ORD11338,PROD1438,2,3560.59
ORD11338,PROD1194,1,1761.25
ORD11338,PROD1264,2,4399.13
ORD11339,PROD1348,3,1935.6
ORD11339,PROD1438,2,3560.59
ORD11339,PROD1176,3,3485.59
ORD11339,PROD1354,3,445.79
ORD11340,PROD1405,2,4488.06
ORD11340,PROD1426,1,2263.5
ORD11340,PROD1027,2,2619.75
ORD11341,PROD1161,2,3198.3
ORD11341,PROD1414,3,3196.0
ORD11341,PROD1109,1,477.2
ORD11341,PROD1352,3,3327.6
ORD11342,PROD1323,3,1471.68
ORD11342,PROD1017,1,2671.31
ORD11342,PROD1407,1,153.1
ORD11343,PROD1152,2,809.98
ORD11343,PROD1068,3,465.3
ORD11343,PROD1145,3,280.75
ORD11343,PROD1044,2,1368.02
ORD11344,PROD1475,3,4965.53
ORD11344,PROD1202,3,891.98
ORD11344,PROD1008,2,3045.46
ORD11345,PROD1318,3,866.54
ORD11346,PROD1134,1,4720.26
ORD11346,PROD1036,1,1592.61
ORD11347,PROD1347,1,321.99
ORD11347,PROD1164,1,542.42
ORD11348,PROD1080,1,4329.21
ORD11349,PROD1289,3,2995.08
ORD11349,PROD1248,3,4821.74
ORD11349,PROD1214,1,3589.68
ORD11349,PROD1157,3,3831.94
ORD11350,PROD1146,1,3086.87
ORD11350,PROD1484,2,2963.14
ORD11350,PROD1492,1,1459.17
ORD11351,PROD1206,1,597.21
ORD11352,PROD1112,1,4655.52
ORD11352,PROD1252,1,4270.57
ORD11352,PROD1132,1,687.34
ORD11353,PROD1030,2,3076.97
ORD11354,PROD1255,2,2828.33
ORD11354,PROD1424,3,382.04
ORD11355,PROD1067,2,4030.77
ORD11355,PROD1214,2,3589.68
ORD11355,PROD1121,1,4490.85
ORD11356,PROD1170,3,3420.07
ORD11356,PROD1244,2,175.74
ORD11356,PROD1461,1,3281.13
ORD11357,PROD1287,2,2758.96
ORD11357,PROD1248,1,4821.74
ORD11358,PROD1019,3,1527.02
ORD11358,PROD1476,2,461.6
ORD11358,PROD1441,2,4934.53
ORD11359,PROD1452,2,2178.69
ORD11360,PROD1397,1,2202.07
ORD11361,PROD1136,2,2642.07
ORD11361,PROD1221,3,2884.71
ORD11361,PROD1210,1,2788.8
ORD11361,PROD1188,1,2695.29
ORD11362,PROD1244,2,175.74
ORD11362,PROD1237,1,219.15
ORD11363,PROD1142,1,2536.52
ORD11363,PROD1014,3,990.94
ORD11363,PROD1092,3,3827.85
ORD11363,PROD1382,1,3181.82
ORD11364,PROD1469,3,4819.79
ORD11365,PROD1287,2,2758.96
ORD11366,PROD1288,1,1504.05
ORD11366,PROD1170,2,3420.07
ORD11366,PROD1012,1,4178.97
ORD11366,PROD1371,2,189.29
ORD11367,PROD1426,3,2263.5
ORD11367,PROD1322,1,3334.97
ORD11367,PROD1208,1,124.8
ORD11367,PROD1481,1,3509.17
ORD11368,PROD1368,2,1059.38
ORD11369,PROD1324,1,4778.84
ORD11369,PROD1231,1,2562.92
ORD11369,PROD1492,1,1459.17
ORD11369,PROD1212,1,3294.61
ORD11370,PROD1262,1,786.41
ORD11370,PROD1420,2,3978.74
ORD11370,PROD1169,2,2995.38
ORD11371,PROD1053,3,4484.65
ORD11371,PROD1169,1,2995.38
ORD11371,PROD1035,3,4061.15
ORD11371,PROD1321,3,3601.52
ORD11372,PROD1158,1,1264.42
ORD11373,PROD1491,1,3138.65
ORD11374,PROD1265,2,3729.77
ORD11375,PROD1328,1,2156.04
ORD11375,PROD1192,1,4512.05
ORD11375,PROD1107,2,3802.2
ORD11376,PROD1129,1,2602.66
ORD11376,PROD1122,2,1658.22
ORD11377,PROD1229,1,3192.58
ORD11377,PROD1292,2,4130.74
ORD11377,PROD1385,3,4037.06
ORD11377,PROD1232,1,2926.83
ORD11378,PROD1165,3,4192.98
ORD11378,PROD1292,2,4130.74
ORD11378,PROD1209,2,887.96
ORD11379,PROD1071,3,1073.71
ORD11379,PROD1387,1,969.45
ORD11379,PROD1221,1,2884.71
ORD11379,PROD1435,2,3534.75
ORD11380,PROD1162,3,3204.3
ORD11380,PROD1005,3,864.37
ORD11381,PROD1067,3,4030.77
ORD11381,PROD1253,1,1652.92
ORD11381,PROD1448,3,1943.67
ORD11382,PROD1047,1,2648.33
ORD11382,PROD1190,2,556.2
ORD11383,PROD1245,2,4648.76
ORD11383,PROD1215,2,1262.52
ORD11383,PROD1436,1,456.54
ORD11384,PROD1414,2,3196.0
ORD11384,PROD1131,3,1188.33
ORD11384,PROD1303,1,3223.41
ORD11385,PROD1301,3,2703.64
ORD11385,PROD1047,3,2648.33
ORD11385,PROD1167,3,1013.94
ORD11385,PROD1177,2,1995.0
ORD11386,PROD1403,3,4149.64
ORD11386,PROD1143,2,1574.3
ORD11386,PROD1405,2,4488.06
ORD11387,PROD1006,1,384.61
ORD11387,PROD1302,2,2749.11
ORD11388,PROD1287,3,2758.96
ORD11388,PROD1400,2,605.31
ORD11388,PROD1228,1,4471.03
ORD11389,PROD1187,3,2820.48
ORD11389,PROD1187,2,2820.48
ORD11389,PROD1307,2,1682.49
ORD11389,PROD1193,3,3202.2
ORD11390,PROD1105,1,1321.53
ORD11391,PROD1483,1,3175.03
ORD11392,PROD1127,2,4317.58
ORD11392,PROD1222,2,559.01
ORD11392,PROD1292,3,4130.74
ORD11392,PROD1461,2,3281.13
ORD11393,PROD1451,3,2836.18
ORD11393,PROD1054,3,3029.71
ORD11393,PROD1120,3,4056.46
ORD11393,PROD1216,1,1694.46
ORD11394,PROD1431,2,3831.4
ORD11394,PROD1396,1,4306.22
ORD11394,PROD1060,3,2004.52
ORD11395,PROD1407,1,153.1
ORD11395,PROD1426,2,2263.5
ORD11395,PROD1356,2,229.91
ORD11396,PROD1498,3,4874.53
ORD11396,PROD1100,3,254.0
ORD11396,PROD1371,2,189.29
ORD11396,PROD1250,3,1542.8
ORD11397,PROD1345,2,3117.67
ORD11397,PROD1412,1,4757.98
ORD11397,PROD1122,2,1658.22
ORD11397,PROD1251,3,1986.98
ORD11398,PROD1064,1,1476.58
ORD11399,PROD1003,2,3033.43
ORD11399,PROD1173,1,1209.83
ORD11400,PROD1094,1,3877.74
ORD11400,PROD1030,3,3076.97
ORD11400,PROD1155,1,1286.07
ORD11400,PROD1375,3,1662.98
ORD11401,PROD1034,1,4831.6
ORD11401,PROD1250,2,1542.8
ORD11401,PROD1353,1,898.38
ORD11401,PROD1035,2,4061.15
ORD11402,PROD1273,2,4574.88
ORD11402,PROD1059,1,1694.12
ORD11402,PROD1341,1,2420.01
ORD11403,PROD1067,2,4030.77
ORD11403,PROD1314,3,4196.3
ORD11403,PROD1466,1,1499.99
ORD11404,PROD1423,3,2522.66
ORD11404,PROD1266,3,3515.38
ORD11404,PROD1207,3,3351.16
ORD11405,PROD1424,3,382.04
ORD11405,PROD1041,2,2526.37
ORD11405,PROD1246,1,2198.1
ORD11405,PROD1421,2,3969.13
ORD11406,PROD1202,2,891.98
ORD11406,PROD1105,3,1321.53
ORD11406,PROD1249,1,4279.75
ORD11406,PROD1374,3,448.82
ORD11407,PROD1333,3,668.76
ORD11408,PROD1056,1,533.61
ORD11408,PROD1447,2,3791.55
ORD11409,PROD1058,1,321.61
ORD11409,PROD1274,3,2605.58
ORD11409,PROD1258,2,2893.3
ORD11410,PROD1439,2,498.61
ORD11411,PROD1283,2,560.51
ORD11411,PROD1175,1,954.4
ORD11412,PROD1450,3,3908.02
ORD11412,PROD1181,3,656.02
ORD11412,PROD1381,3,3514.01
ORD11412,PROD1271,3,4069.56
ORD11413,PROD1431,3,3831.4
ORD11413,PROD1324,3,4778.84
ORD11414,PROD1434,2,512.12
ORD11414,PROD1009,2,3569.56
ORD11415,PROD1062,3,4160.81
ORD11415,PROD1484,1,2963.14
ORD11416,PROD1311,3,484.44
ORD11416,PROD1389,2,4053.49
ORD11416,PROD1221,1,2884.71
ORD11417,PROD1394,1,1769.94
ORD11417,PROD1045,1,3346.36
ORD11418,PROD1363,3,2773.52
ORD11418,PROD1057,2,1060.32
ORD11418,PROD1415,1,2297.38
ORD11419,PROD1499,2,4932.43
ORD11419,PROD1268,1,1861.51
ORD11419,PROD1291,2,283.01
ORD11420,PROD1499,3,4932.43
ORD11420,PROD1117,1,1014.19
ORD11420,PROD1134,2,4720.26
ORD11421,PROD1232,2,2926.83
ORD11421,PROD1303,2,3223.41
ORD11422,PROD1002,3,3686.77
ORD11422,PROD1258,1,2893.3
ORD11422,PROD1202,3,891.98
ORD11422,PROD1324,2,4778.84
ORD11423,PROD1086,1,3675.07
ORD11423,PROD1050,2,4850.96
ORD11424,PROD1042,3,268.5
ORD11424,PROD1203,2,4502.92
ORD11424,PROD1346,3,3211.96
ORD11424,PROD1057,2,1060.32
ORD11425,PROD1371,3,189.29
ORD11426,PROD1022,3,1531.51
ORD11426,PROD1427,3,4449.75
ORD11426,PROD1232,2,2926.83
ORD11427,PROD1234,2,1056.69
ORD11427,PROD1002,1,3686.77
ORD11427,PROD1143,1,1574.3
ORD11427,PROD1479,2,2663.18
ORD11428,PROD1192,3,4512.05
ORD11429,PROD1418,1,3395.34
ORD11429,PROD1459,3,682.21
ORD11429,PROD1483,1,3175.03
ORD11430,PROD1008,2,3045.46
ORD11430,PROD1219,3,4261.19
ORD11430,PROD1157,1,3831.94
ORD11431,PROD1213,3,1198.92
ORD11431,PROD1142,1,2536.52
ORD11432,PROD1080,3,4329.21
ORD11432,PROD1200,1,3245.96
ORD11433,PROD1140,2,4815.99
ORD11433,PROD1345,2,3117.67
ORD11433,PROD1464,1,4814.65
ORD11433,PROD1095,1,2519.6
ORD11434,PROD1379,2,1481.09
ORD11434,PROD1200,1,3245.96
ORD11435,PROD1109,3,477.2
ORD11435,PROD1211,1,3490.29
ORD11436,PROD1035,1,4061.15
ORD11436,PROD1265,1,3729.77
ORD11437,PROD1103,3,2592.0
ORD11438,PROD1111,3,889.98
ORD11439,PROD1119,1,2742.78
ORD11439,PROD1248,3,4821.74
ORD11439,PROD1334,2,325.41
ORD11439,PROD1435,3,3534.75
ORD11440,PROD1027,2,2619.75
ORD11440,PROD1498,2,4874.53
ORD11440,PROD1005,2,864.37
ORD11440,PROD1316,3,2103.87
ORD11441,PROD1104,3,4547.08
ORD11441,PROD1423,3,2522.66
ORD11442,PROD1283,3,560.51
ORD11442,PROD1079,1,667.76
ORD11443,PROD1270,2,4065.87
ORD11443,PROD1161,3,3198.3
ORD11443,PROD1275,2,2557.43
ORD11443,PROD1205,3,145.07
ORD11444,PROD1177,1,1995.0
ORD11444,PROD1141,1,1333.73
ORD11445,PROD1173,3,1209.83
ORD11445,PROD1389,1,4053.49
ORD11445,PROD1391,3,2121.83
ORD11445,PROD1294,3,722.6
ORD11446,PROD1474,1,2685.74
ORD11446,PROD1038,3,3452.74
ORD11446,PROD1487,3,1476.72
ORD11446,PROD1384,1,3701.85
ORD11447,PROD1049,1,1005.79
ORD11447,PROD1358,3,4707.13
ORD11447,PROD1437,2,4127.11
ORD11447,PROD1282,1,1940.36
ORD11448,PROD1283,1,560.51
ORD11448,PROD1150,3,4550.5
ORD11448,PROD1063,1,1848.09
ORD11449,PROD1147,1,2563.13
ORD11449,PROD1188,1,2695.29
ORD11449,PROD1110,3,1519.78
ORD11450,PROD1390,3,4953.48
ORD11451,PROD1498,1,4874.53
ORD11451,PROD1316,2,2103.87
ORD11451,PROD1074,2,3563.6
ORD11451,PROD1487,2,1476.72
ORD11452,PROD1240,2,4708.25
ORD11452,PROD1226,2,4867.75
ORD11452,PROD1168,2,299.8
ORD11453,PROD1363,2,2773.52
ORD11453,PROD1494,3,2372.12
ORD11453,PROD1008,3,3045.46
ORD11453,PROD1348,1,1935.6
ORD11454,PROD1134,3,4720.26
ORD11455,PROD1004,3,864.49
ORD11455,PROD1450,3,3908.02
ORD11455,PROD1238,3,3262.81
ORD11455,PROD1293,1,1864.93
ORD11456,PROD1355,2,3247.85
ORD11456,PROD1148,2,352.25
ORD11457,PROD1445,3,4741.52
ORD11457,PROD1233,2,2513.34
ORD11457,PROD1394,1,1769.94
ORD11458,PROD1019,1,1527.02
ORD11458,PROD1179,1,773.85
ORD11458,PROD1271,2,4069.56
ORD11458,PROD1481,1,3509.17
ORD11459,PROD1359,1,2919.82
ORD11459,PROD1413,2,2909.85
ORD11459,PROD1163,3,2725.3
ORD11459,PROD1388,3,3778.01
ORD11460,PROD1073,3,4095.76
ORD11460,PROD1410,1,1664.64
ORD11461,PROD1016,3,1590.79
ORD11462,PROD1427,2,4449.75
ORD11462,PROD1300,3,353.24
ORD11463,PROD1466,2,1499.99
ORD11464,PROD1441,2,4934.53
ORD11465,PROD1007,1,4344.26
ORD11466,PROD1099,1,628.67
ORD11466,PROD1344,1,2052.67
ORD11466,PROD1172,1,2609.26
ORD11467,PROD1341,1,2420.01
ORD11467,PROD1430,3,800.66
ORD11467,PROD1233,2,2513.34
ORD11468,PROD1476,2,461.6
ORD11468,PROD1172,3,2609.26
ORD11469,PROD1054,3,3029.71
ORD11469,PROD1235,2,3640.02
ORD11470,PROD1417,1,1710.46
ORD11470,PROD1347,2,321.99
ORD11470,PROD1073,2,4095.76
ORD11471,PROD1272,3,4348.65
ORD11472,PROD1208,1,124.8
ORD11472,PROD1475,2,4965.53
ORD11472,PROD1272,2,4348.65
ORD11473,PROD1336,3,4291.76
ORD11473,PROD1015,3,998.68
ORD11474,PROD1003,1,3033.43
ORD11474,PROD1061,1,1429.61
ORD11475,PROD1406,3,2007.09
ORD11475,PROD1288,2,1504.05
ORD11475,PROD1030,1,3076.97
ORD11476,PROD1000,2,1935.25
ORD11477,PROD1046,2,1627.38
ORD11478,PROD1080,3,4329.21
ORD11478,PROD1443,1,1916.15
ORD11479,PROD1387,3,969.45
ORD11479,PROD1188,3,2695.29
ORD11479,PROD1038,2,3452.74
ORD11480,PROD1175,1,954.4
ORD11481,PROD1277,3,3284.82
ORD11482,PROD1257,1,3510.55
ORD11482,PROD1346,2,3211.96
ORD11483,PROD1066,3,790.53
ORD11483,PROD1328,3,2156.04
ORD11483,PROD1186,1,4104.39
ORD11484,PROD1027,3,2619.75
ORD11485,PROD1276,2,4011.65
ORD11485,PROD1220,1,3322.3
ORD11485,PROD1216,3,1694.46
ORD11486,PROD1394,3,1769.94
ORD11487,PROD1472,1,311.48
ORD11487,PROD1000,1,1935.25
ORD11487,PROD1415,1,2297.38
ORD11488,PROD1016,3,1590.79
ORD11488,PROD1242,3,4582.84
ORD11489,PROD1329,1,1313.88
ORD11489,PROD1425,3,2792.69
ORD11489,PROD1058,3,321.61
ORD11490,PROD1030,2,3076.97
ORD11490,PROD1193,3,3202.2
ORD11491,PROD1305,2,4881.68
ORD11492,PROD1102,2,1640.34
ORD11492,PROD1162,1,3204.3
ORD11493,PROD1120,3,4056.46
ORD11493,PROD1239,2,967.84
ORD11493,PROD1400,1,605.31
ORD11494,PROD1307,2,1682.49
ORD11494,PROD1192,3,4512.05
ORD11495,PROD1496,1,2959.91
ORD11496,PROD1108,2,1221.11
ORD11496,PROD1416,2,1536.73
ORD11497,PROD1209,1,887.96
ORD11497,PROD1148,3,352.25
ORD11497,PROD1255,3,2828.33
ORD11498,PROD1185,1,3333.92
ORD11499,PROD1082,1,1721.4
ORD11499,PROD1300,3,353.24
ORD11499,PROD1079,3,667.76
ORD11499,PROD1252,3,4270.57
ORD11500,PROD1107,2,3802.2
ORD11500,PROD1454,2,644.87
ORD11501,PROD1327,2,3097.43
ORD11501,PROD1462,1,3755.62
ORD11501,PROD1185,2,3333.92
ORD11501,PROD1079,2,667.76
ORD11502,PROD1364,2,4713.18
ORD11502,PROD1005,3,864.37
ORD11502,PROD1021,3,783.52
ORD11503,PROD1191,2,4496.36
ORD11504,PROD1335,3,299.57
ORD11505,PROD1115,2,4370.16
ORD11505,PROD1325,3,3715.69
ORD11505,PROD1437,1,4127.11
ORD11505,PROD1408,1,4536.37
ORD11506,PROD1410,2,1664.64
ORD11506,PROD1307,1,1682.49
ORD11507,PROD1366,1,4809.83
ORD11508,PROD1041,2,2526.37
ORD11508,PROD1454,1,644.87
ORD11508,PROD1253,2,1652.92
ORD11509,PROD1204,3,3071.5
ORD11509,PROD1194,2,1761.25
ORD11509,PROD1170,3,3420.07
ORD11509,PROD1249,2,4279.75
ORD11510,PROD1169,3,2995.38
ORD11510,PROD1435,3,3534.75
ORD11510,PROD1282,2,1940.36
ORD11510,PROD1206,2,597.21
ORD11511,PROD1174,2,3261.35
ORD11511,PROD1312,2,224.22
ORD11511,PROD1019,3,1527.02
ORD11512,PROD1226,2,4867.75
ORD11513,PROD1064,1,1476.58
ORD11513,PROD1498,3,4874.53
ORD11514,PROD1026,3,1078.4
ORD11515,PROD1059,3,1694.12
ORD11515,PROD1167,2,1013.94
ORD11515,PROD1082,1,1721.4
ORD11515,PROD1485,3,4515.67
ORD11516,PROD1448,1,1943.67
ORD11516,PROD1394,2,1769.94
ORD11517,PROD1155,2,1286.07
ORD11517,PROD1277,2,3284.82
ORD11517,PROD1339,1,579.39
ORD11517,PROD1302,3,2749.11
ORD11518,PROD1214,2,3589.68
ORD11518,PROD1415,3,2297.38
ORD11518,PROD1144,3,1495.72
ORD11519,PROD1116,3,4037.99
ORD11520,PROD1056,1,533.61
ORD11520,PROD1216,1,1694.46
ORD11520,PROD1471,2,4852.41
ORD11521,PROD1319,2,1326.19
ORD11521,PROD1098,1,224.55
ORD11522,PROD1036,3,1592.61
ORD11522,PROD1245,2,4648.76
ORD11522,PROD1444,3,4082.72
ORD11523,PROD1273,2,4574.88
ORD11523,PROD1028,2,3002.83
ORD11523,PROD1486,2,322.69
ORD11523,PROD1369,1,439.87
ORD11524,PROD1057,1,1060.32
ORD11525,PROD1144,3,1495.72
ORD11525,PROD1249,3,4279.75
ORD11525,PROD1079,1,667.76
ORD11525,PROD1436,2,456.54
ORD11526,PROD1192,2,4512.05
ORD11526,PROD1396,1,4306.22
ORD11526,PROD1165,2,4192.98
ORD11527,PROD1210,2,2788.8
ORD11527,PROD1398,3,3779.27
ORD11527,PROD1372,2,562.77
ORD11527,PROD1388,1,3778.01
ORD11528,PROD1448,1,1943.67
ORD11529,PROD1315,2,3510.27
ORD11530,PROD1117,2,1014.19
ORD11530,PROD1461,1,3281.13
ORD11530,PROD1499,2,4932.43
ORD11530,PROD1118,2,4473.54
ORD11531,PROD1424,3,382.04
ORD11531,PROD1462,2,3755.62
ORD11531,PROD1126,1,4108.27
ORD11532,PROD1210,1,2788.8
ORD11533,PROD1358,2,4707.13
ORD11534,PROD1347,2,321.99
ORD11534,PROD1071,2,1073.71
ORD11534,PROD1094,2,3877.74
ORD11535,PROD1221,1,2884.71
ORD11535,PROD1082,3,1721.4
ORD11535,PROD1081,3,3154.16
ORD11535,PROD1151,2,1273.85
ORD11536,PROD1056,3,533.61
ORD11536,PROD1425,2,2792.69
ORD11537,PROD1011,3,4852.56
ORD11537,PROD1348,2,1935.6
ORD11537,PROD1014,1,990.94
ORD11537,PROD1007,1,4344.26
ORD11538,PROD1347,3,321.99
ORD11538,PROD1218,3,3283.2
ORD11539,PROD1269,2,1538.6
ORD11539,PROD1074,3,3563.6
ORD11539,PROD1223,2,1901.81
ORD11539,PROD1370,1,593.81
ORD11540,PROD1072,3,127.06
ORD11540,PROD1385,3,4037.06
ORD11540,PROD1485,2,4515.67
ORD11540,PROD1205,2,145.07
ORD11541,PROD1282,3,1940.36
ORD11541,PROD1483,3,3175.03
ORD11541,PROD1365,1,1991.9
ORD11542,PROD1197,1,4495.84
ORD11542,PROD1426,2,2263.5
ORD11543,PROD1269,3,1538.6
ORD11543,PROD1186,1,4104.39
ORD11543,PROD1275,1,2557.43
ORD11543,PROD1373,2,3446.73
ORD11544,PROD1119,2,2742.78
ORD11544,PROD1056,2,533.61
ORD11544,PROD1185,3,3333.92
ORD11545,PROD1260,2,3113.54
ORD11545,PROD1130,2,2145.31
ORD11545,PROD1398,1,3779.27
ORD11546,PROD1181,2,656.02
ORD11546,PROD1429,1,673.63
ORD11546,PROD1349,1,3166.71
ORD11546,PROD1126,2,4108.27
ORD11547,PROD1009,2,3569.56
ORD11547,PROD1224,1,1399.49
ORD11547,PROD1215,3,1262.52
ORD11547,PROD1210,1,2788.8
ORD11548,PROD1192,2,4512.05
ORD11548,PROD1144,1,1495.72
ORD11548,PROD1158,2,1264.42
ORD11549,PROD1388,3,3778.01
ORD11549,PROD1110,2,1519.78
ORD11549,PROD1269,2,1538.6
ORD11549,PROD1050,2,4850.96
ORD11550,PROD1071,1,1073.71
ORD11550,PROD1442,2,1933.93
ORD11550,PROD1094,1,3877.74
ORD11550,PROD1409,3,547.3
ORD11551,PROD1125,2,2192.83
ORD11552,PROD1444,2,4082.72
ORD11552,PROD1099,1,628.67
ORD11553,PROD1208,3,124.8
ORD11553,PROD1390,2,4953.48
ORD11553,PROD1456,1,155.63
ORD11554,PROD1035,3,4061.15
ORD11554,PROD1117,3,1014.19
ORD11554,PROD1157,1,3831.94
ORD11555,PROD1470,3,159.56
ORD11555,PROD1083,3,411.44
ORD11555,PROD1005,3,864.37
ORD11556,PROD1405,2,4488.06
ORD11556,PROD1197,2,4495.84
ORD11556,PROD1499,1,4932.43
ORD11556,PROD1151,2,1273.85
ORD11557,PROD1399,1,3797.26
ORD11557,PROD1227,1,2026.18
ORD11558,PROD1407,3,153.1
ORD11558,PROD1124,1,1216.88
ORD11558,PROD1466,1,1499.99
ORD11558,PROD1241,1,4774.25
ORD11559,PROD1474,1,2685.74
ORD11560,PROD1467,2,4356.14
ORD11560,PROD1279,2,3999.38
ORD11561,PROD1284,1,2933.57
ORD11561,PROD1354,3,445.79
ORD11561,PROD1317,1,949.14
ORD11562,PROD1046,2,1627.38
ORD11563,PROD1002,3,3686.77
ORD11563,PROD1103,1,2592.0
ORD11563,PROD1453,2,4541.14
ORD11564,PROD1270,2,4065.87
ORD11564,PROD1200,1,3245.96
ORD11564,PROD1253,1,1652.92
ORD11564,PROD1182,2,4631.0
ORD11565,PROD1412,2,4757.98
ORD11566,PROD1138,3,1881.79
ORD11566,PROD1099,2,628.67
ORD11567,PROD1120,2,4056.46
ORD11568,PROD1033,3,4749.54
ORD11568,PROD1132,3,687.34
ORD11569,PROD1454,2,644.87
ORD11570,PROD1124,1,1216.88
ORD11570,PROD1447,2,3791.55
ORD11571,PROD1225,2,1295.55
ORD11571,PROD1432,2,3129.27
ORD11571,PROD1199,3,3921.39
ORD11571,PROD1036,3,1592.61
ORD11572,PROD1300,3,353.24
ORD11572,PROD1086,2,3675.07
ORD11573,PROD1148,2,352.25
ORD11574,PROD1012,1,4178.97
ORD11574,PROD1253,2,1652.92
ORD11574,PROD1499,1,4932.43
ORD11574,PROD1487,2,1476.72
ORD11575,PROD1219,2,4261.19
ORD11575,PROD1396,3,4306.22
ORD11576,PROD1304,1,3657.85
ORD11576,PROD1261,2,4951.26
ORD11576,PROD1267,3,3542.17
ORD11576,PROD1028,1,3002.83
ORD11577,PROD1174,2,3261.35
ORD11577,PROD1217,1,3757.81
ORD11577,PROD1159,2,3668.26
ORD11578,PROD1260,3,3113.54
ORD11579,PROD1499,1,4932.43
ORD11579,PROD1129,3,2602.66
ORD11580,PROD1350,1,2565.37
ORD11580,PROD1042,2,268.5
ORD11581,PROD1265,2,3729.77
ORD11581,PROD1410,1,1664.64
ORD11582,PROD1399,3,3797.26
ORD11582,PROD1157,3,3831.94
ORD11582,PROD1367,3,4536.22
ORD11583,PROD1360,2,2002.03
ORD11583,PROD1237,3,219.15
ORD11583,PROD1071,2,1073.71
ORD11583,PROD1087,3,3224.03
ORD11584,PROD1434,1,512.12
ORD11584,PROD1211,2,3490.29
ORD11584,PROD1083,3,411.44
ORD11584,PROD1338,2,2423.45
ORD11585,PROD1336,3,4291.76
ORD11586,PROD1116,1,4037.99
ORD11587,PROD1344,2,2052.67
ORD11587,PROD1467,1,4356.14
ORD11587,PROD1468,2,1195.62
ORD11587,PROD1140,3,4815.99
ORD11588,PROD1028,2,3002.83
ORD11589,PROD1055,2,4617.18
ORD11590,PROD1095,3,2519.6
ORD11590,PROD1376,3,4239.89
ORD11591,PROD1057,1,1060.32
ORD11591,PROD1393,2,3904.42
ORD11591,PROD1491,3,3138.65
ORD11592,PROD1162,1,3204.3
ORD11593,PROD1096,2,2661.39
ORD11593,PROD1074,3,3563.6
ORD11593,PROD1087,1,3224.03
ORD11594,PROD1190,2,556.2
ORD11594,PROD1441,3,4934.53
ORD11594,PROD1404,1,1668.24
ORD11594,PROD1203,3,4502.92
ORD11595,PROD1209,2,887.96
ORD11596,PROD1171,3,181.28
ORD11596,PROD1339,1,579.39
ORD11597,PROD1178,1,4689.98
ORD11597,PROD1246,2,2198.1
ORD11598,PROD1217,2,3757.81
ORD11598,PROD1316,3,2103.87
ORD11598,PROD1285,3,276.12
ORD11599,PROD1292,1,4130.74
ORD11600,PROD1268,1,1861.51
ORD11600,PROD1412,3,4757.98
ORD11600,PROD1438,1,3560.59
ORD11601,PROD1197,3,4495.84
ORD11601,PROD1470,1,159.56
ORD11601,PROD1398,3,3779.27
ORD11602,PROD1216,3,1694.46
ORD11602,PROD1315,1,3510.27
ORD11602,PROD1093,2,2850.26
ORD11603,PROD1038,3,3452.74
ORD11603,PROD1053,2,4484.65
ORD11603,PROD1150,2,4550.5
ORD11603,PROD1187,2,2820.48
ORD11604,PROD1431,1,3831.4
ORD11604,PROD1134,3,4720.26
ORD11604,PROD1172,2,2609.26
ORD11604,PROD1268,1,1861.51
ORD11605,PROD1339,2,579.39
ORD11605,PROD1241,2,4774.25
ORD11605,PROD1220,1,3322.3
ORD11606,PROD1367,3,4536.22
ORD11607,PROD1412,2,4757.98
ORD11607,PROD1328,2,2156.04
ORD11608,PROD1439,3,498.61
ORD11608,PROD1105,2,1321.53
ORD11608,PROD1244,1,175.74
ORD11608,PROD1304,1,3657.85
ORD11609,PROD1320,1,2791.21
ORD11609,PROD1085,2,1693.4
ORD11610,PROD1476,3,461.6
ORD11610,PROD1265,3,3729.77
ORD11611,PROD1454,1,644.87
ORD11611,PROD1316,2,2103.87
ORD11612,PROD1260,3,3113.54
ORD11613,PROD1396,3,4306.22
ORD11614,PROD1349,3,3166.71
ORD11614,PROD1305,1,4881.68
ORD11614,PROD1223,1,1901.81
ORD11614,PROD1186,2,4104.39
ORD11615,PROD1454,3,644.87
ORD11615,PROD1192,2,4512.05
ORD11616,PROD1298,1,3152.16
ORD11616,PROD1020,3,3098.08
ORD11617,PROD1222,1,559.01
ORD11617,PROD1298,2,3152.16
ORD11618,PROD1059,2,1694.12
ORD11618,PROD1287,2,2758.96
ORD11618,PROD1121,1,4490.85
ORD11618,PROD1004,2,864.49
ORD11619,PROD1422,3,546.91
ORD11619,PROD1085,3,1693.4
ORD11620,PROD1251,1,1986.98
ORD11620,PROD1492,2,1459.17
ORD11620,PROD1067,3,4030.77
ORD11621,PROD1121,2,4490.85
ORD11621,PROD1411,2,4755.3
ORD11621,PROD1041,2,2526.37
ORD11621,PROD1315,3,3510.27
ORD11622,PROD1326,3,2816.33
ORD11622,PROD1446,3,4931.41
ORD11622,PROD1376,3,4239.89
ORD11623,PROD1409,1,547.3
ORD11624,PROD1170,2,3420.07
ORD11624,PROD1144,1,1495.72
ORD11624,PROD1487,1,1476.72
ORD11625,PROD1059,1,1694.12
ORD11625,PROD1214,1,3589.68
ORD11625,PROD1067,1,4030.77
ORD11625,PROD1439,1,498.61
ORD11626,PROD1408,3,4536.37
ORD11627,PROD1390,1,4953.48
ORD11627,PROD1058,1,321.61
ORD11627,PROD1032,1,418.75
ORD11628,PROD1491,1,3138.65
ORD11628,PROD1422,1,546.91
ORD11628,PROD1184,1,1363.91
ORD11629,PROD1085,1,1693.4
ORD11629,PROD1065,1,2759.21
ORD11629,PROD1113,1,4059.79
ORD11629,PROD1377,2,214.03
ORD11630,PROD1155,3,1286.07
ORD11630,PROD1109,2,477.2
ORD11630,PROD1052,2,4703.54
ORD11630,PROD1173,2,1209.83
ORD11631,PROD1044,3,1368.02
ORD11631,PROD1423,1,2522.66
ORD11632,PROD1481,2,3509.17
ORD11632,PROD1169,2,2995.38
ORD11633,PROD1148,3,352.25
ORD11633,PROD1499,1,4932.43
ORD11633,PROD1073,1,4095.76
ORD11634,PROD1060,3,2004.52
ORD11634,PROD1353,1,898.38
ORD11634,PROD1053,2,4484.65
ORD11634,PROD1222,1,559.01
ORD11635,PROD1052,3,4703.54
ORD11635,PROD1427,2,4449.75
ORD11635,PROD1138,1,1881.79
ORD11635,PROD1373,1,3446.73
ORD11636,PROD1041,1,2526.37
ORD11637,PROD1185,1,3333.92
ORD11637,PROD1370,3,593.81
ORD11638,PROD1423,1,2522.66
ORD11638,PROD1320,2,2791.21
ORD11639,PROD1465,1,1936.87
ORD11640,PROD1441,3,4934.53
ORD11641,PROD1161,2,3198.3
ORD11641,PROD1108,1,1221.11
ORD11641,PROD1013,3,1140.46
ORD11641,PROD1165,3,4192.98
ORD11642,PROD1334,2,325.41
ORD11643,PROD1322,3,3334.97
ORD11643,PROD1138,2,1881.79
ORD11644,PROD1168,2,299.8
ORD11644,PROD1256,2,4687.16
ORD11645,PROD1236,2,1475.78
ORD11646,PROD1018,2,2216.53
ORD11646,PROD1123,1,639.25
ORD11646,PROD1225,1,1295.55
ORD11646,PROD1442,1,1933.93
ORD11647,PROD1477,3,2813.89
ORD11647,PROD1193,2,3202.2
ORD11648,PROD1190,3,556.2
ORD11648,PROD1414,3,3196.0
ORD11648,PROD1152,1,809.98
ORD11649,PROD1131,2,1188.33
ORD11649,PROD1362,1,2345.44
ORD11649,PROD1429,1,673.63
ORD11649,PROD1007,3,4344.26
ORD11650,PROD1090,3,686.01
ORD11650,PROD1434,2,512.12
ORD11650,PROD1248,2,4821.74
ORD11650,PROD1483,3,3175.03
ORD11651,PROD1257,1,3510.55
ORD11652,PROD1357,3,2970.3
ORD11652,PROD1374,1,448.82
ORD11652,PROD1058,1,321.61
ORD11652,PROD1008,2,3045.46
ORD11653,PROD1006,2,384.61
ORD11653,PROD1348,3,1935.6
ORD11654,PROD1003,2,3033.43
ORD11654,PROD1283,3,560.51
ORD11654,PROD1327,2,3097.43
ORD11655,PROD1411,3,4755.3
ORD11656,PROD1328,3,2156.04
ORD11656,PROD1357,3,2970.3
ORD11656,PROD1384,3,3701.85
ORD11656,PROD1253,1,1652.92
ORD11657,PROD1283,2,560.51
ORD11657,PROD1468,3,1195.62
ORD11657,PROD1347,1,321.99
ORD11657,PROD1492,2,1459.17
ORD11658,PROD1051,1,3898.15
ORD11658,PROD1124,3,1216.88
ORD11658,PROD1261,1,4951.26
ORD11658,PROD1442,2,1933.93
ORD11659,PROD1240,2,4708.25
ORD11659,PROD1284,3,2933.57
ORD11659,PROD1326,1,2816.33
ORD11660,PROD1210,3,2788.8
ORD11660,PROD1365,2,1991.9
ORD11660,PROD1277,2,3284.82
ORD11661,PROD1093,3,2850.26
ORD11662,PROD1168,3,299.8
ORD11662,PROD1296,3,3872.97
ORD11662,PROD1432,2,3129.27
ORD11663,PROD1265,2,3729.77
ORD11664,PROD1066,3,790.53
ORD11664,PROD1137,3,3544.79
ORD11664,PROD1328,3,2156.04
ORD11664,PROD1400,1,605.31
ORD11665,PROD1003,2,3033.43
ORD11665,PROD1323,3,1471.68
ORD11665,PROD1368,3,1059.38
ORD11666,PROD1230,3,3994.58
ORD11666,PROD1492,1,1459.17
ORD11666,PROD1453,2,4541.14
ORD11666,PROD1189,2,1285.08
ORD11667,PROD1105,2,1321.53
ORD11667,PROD1164,2,542.42
ORD11667,PROD1125,2,2192.83
ORD11668,PROD1330,1,1844.27
ORD11668,PROD1369,3,439.87
ORD11668,PROD1441,3,4934.53
ORD11669,PROD1129,1,2602.66
ORD11669,PROD1454,1,644.87
ORD11669,PROD1388,1,3778.01
ORD11670,PROD1446,2,4931.41
ORD11671,PROD1287,3,2758.96
ORD11671,PROD1361,3,3252.11
ORD11671,PROD1257,3,3510.55
ORD11671,PROD1009,1,3569.56
ORD11672,PROD1246,3,2198.1
ORD11672,PROD1322,2,3334.97
ORD11673,PROD1224,1,1399.49
ORD11673,PROD1352,2,3327.6
ORD11674,PROD1020,3,3098.08
ORD11675,PROD1119,1,2742.78
ORD11675,PROD1468,2,1195.62
ORD11676,PROD1076,2,3879.22
ORD11676,PROD1353,1,898.38
ORD11676,PROD1057,1,1060.32
ORD11676,PROD1423,1,2522.66
ORD11677,PROD1443,3,1916.15
ORD11677,PROD1068,2,465.3
ORD11678,PROD1185,1,3333.92
ORD11679,PROD1258,2,2893.3
ORD11679,PROD1161,2,3198.3
ORD11680,PROD1195,2,1811.13
ORD11681,PROD1084,1,1623.81
ORD11681,PROD1057,1,1060.32
ORD11681,PROD1360,1,2002.03
ORD11681,PROD1407,2,153.1
ORD11682,PROD1104,1,4547.08
ORD11682,PROD1092,3,3827.85
ORD11683,PROD1037,3,578.59
ORD11683,PROD1091,1,3594.9
ORD11683,PROD1118,1,4473.54
ORD11684,PROD1178,3,4689.98
ORD11684,PROD1283,1,560.51
ORD11684,PROD1439,2,498.61
ORD11685,PROD1437,3,4127.11
ORD11685,PROD1487,2,1476.72
ORD11685,PROD1493,1,1021.79
ORD11686,PROD1354,1,445.79
ORD11686,PROD1318,1,866.54
ORD11686,PROD1194,2,1761.25
ORD11687,PROD1414,1,3196.0
ORD11687,PROD1161,3,3198.3
ORD11687,PROD1331,2,3813.45
ORD11688,PROD1193,2,3202.2
ORD11689,PROD1456,3,155.63
ORD11689,PROD1406,1,2007.09
ORD11689,PROD1008,3,3045.46
ORD11689,PROD1211,3,3490.29
ORD11690,PROD1297,3,1157.52
ORD11690,PROD1479,1,2663.18
ORD11691,PROD1247,1,4836.61
ORD11691,PROD1064,2,1476.58
ORD11691,PROD1202,1,891.98
ORD11692,PROD1192,1,4512.05
ORD11692,PROD1265,3,3729.77
ORD11693,PROD1155,2,1286.07
ORD11693,PROD1172,1,2609.26
ORD11693,PROD1307,3,1682.49
ORD11693,PROD1449,1,509.15
ORD11694,PROD1059,2,1694.12
ORD11695,PROD1142,1,2536.52
ORD11695,PROD1350,3,2565.37
ORD11695,PROD1006,3,384.61
ORD11695,PROD1294,3,722.6
ORD11696,PROD1013,1,1140.46
ORD11696,PROD1033,1,4749.54
ORD11696,PROD1377,2,214.03
ORD11696,PROD1422,2,546.91
ORD11697,PROD1405,2,4488.06
ORD11697,PROD1017,1,2671.31
ORD11697,PROD1429,3,673.63
ORD11698,PROD1236,3,1475.78
ORD11698,PROD1079,3,667.76
ORD11698,PROD1085,1,1693.4
ORD11698,PROD1059,1,1694.12
ORD11699,PROD1083,2,411.44
ORD11699,PROD1309,2,1427.08
ORD11699,PROD1424,3,382.04
ORD11699,PROD1425,3,2792.69
ORD11700,PROD1112,1,4655.52
ORD11700,PROD1375,2,1662.98
ORD11700,PROD1416,2,1536.73
ORD11700,PROD1126,3,4108.27
ORD11701,PROD1184,2,1363.91
ORD11701,PROD1071,2,1073.71
ORD11701,PROD1056,1,533.61
ORD11701,PROD1238,3,3262.81
ORD11702,PROD1327,2,3097.43
ORD11702,PROD1481,1,3509.17
ORD11702,PROD1123,3,639.25
ORD11703,PROD1423,1,2522.66
ORD11704,PROD1495,1,1831.43
ORD11704,PROD1175,1,954.4
ORD11704,PROD1038,3,3452.74
ORD11704,PROD1142,1,2536.52
ORD11705,PROD1486,1,322.69
ORD11705,PROD1145,3,280.75
ORD11705,PROD1413,3,2909.85
ORD11705,PROD1214,2,3589.68
ORD11706,PROD1155,3,1286.07
ORD11706,PROD1214,3,3589.68
ORD11706,PROD1353,3,898.38
ORD11706,PROD1273,3,4574.88
ORD11707,PROD1022,1,1531.51
ORD11707,PROD1001,2,4758.5
ORD11708,PROD1058,1,321.61
ORD11709,PROD1171,1,181.28
ORD11709,PROD1395,3,4660.71
ORD11709,PROD1082,3,1721.4
ORD11709,PROD1425,1,2792.69
ORD11710,PROD1438,3,3560.59
ORD11711,PROD1234,3,1056.69
ORD11711,PROD1396,3,4306.22
ORD11712,PROD1193,3,3202.2
ORD11713,PROD1327,1,3097.43
ORD11713,PROD1160,2,1902.14
ORD11713,PROD1088,1,4447.34
ORD11713,PROD1468,3,1195.62
ORD11714,PROD1355,3,3247.85
ORD11714,PROD1112,2,4655.52
ORD11715,PROD1073,1,4095.76
ORD11715,PROD1324,2,4778.84
ORD11715,PROD1286,1,2381.43
ORD11716,PROD1194,1,1761.25
ORD11717,PROD1496,2,2959.91
ORD11718,PROD1307,1,1682.49
ORD11718,PROD1303,3,3223.41
ORD11718,PROD1342,2,948.69
ORD11718,PROD1118,2,4473.54
ORD11719,PROD1068,2,465.3
ORD11720,PROD1308,1,3996.41
ORD11720,PROD1049,2,1005.79
ORD11721,PROD1182,1,4631.0
ORD11721,PROD1105,2,1321.53
ORD11722,PROD1086,2,3675.07
ORD11722,PROD1349,1,3166.71
ORD11722,PROD1325,2,3715.69
ORD11722,PROD1171,2,181.28
ORD11723,PROD1266,1,3515.38
ORD11723,PROD1384,3,3701.85
ORD11724,PROD1170,2,3420.07
ORD11725,PROD1489,2,4462.29
ORD11726,PROD1389,2,4053.49
ORD11727,PROD1380,1,679.01
ORD11727,PROD1409,2,547.3
ORD11727,PROD1226,2,4867.75
ORD11728,PROD1261,1,4951.26
ORD11728,PROD1125,1,2192.83
ORD11729,PROD1462,1,3755.62
ORD11729,PROD1366,1,4809.83
ORD11729,PROD1107,1,3802.2
ORD11730,PROD1432,2,3129.27
ORD11730,PROD1200,3,3245.96
ORD11731,PROD1318,2,866.54
ORD11731,PROD1091,2,3594.9
ORD11731,PROD1325,1,3715.69
ORD11732,PROD1401,3,4522.51
ORD11732,PROD1221,1,2884.71
ORD11732,PROD1474,3,2685.74
ORD11733,PROD1179,3,773.85
ORD11733,PROD1036,1,1592.61
ORD11734,PROD1411,2,4755.3
ORD11734,PROD1387,2,969.45
ORD11735,PROD1268,2,1861.51
ORD11735,PROD1496,1,2959.91
ORD11736,PROD1177,1,1995.0
ORD11736,PROD1066,3,790.53
ORD11737,PROD1118,2,4473.54
ORD11737,PROD1025,2,3947.36
ORD11738,PROD1113,2,4059.79
ORD11739,PROD1312,2,224.22
ORD11740,PROD1047,2,2648.33
ORD11741,PROD1300,2,353.24
ORD11741,PROD1298,1,3152.16
ORD11741,PROD1071,1,1073.71
ORD11742,PROD1032,1,418.75
ORD11742,PROD1096,3,2661.39
ORD11743,PROD1401,1,4522.51
ORD11743,PROD1069,1,4935.75
ORD11744,PROD1217,3,3757.81
ORD11745,PROD1245,1,4648.76
ORD11745,PROD1413,1,2909.85
ORD11745,PROD1394,2,1769.94
ORD11745,PROD1255,3,2828.33
ORD11746,PROD1311,3,484.44
ORD11746,PROD1369,3,439.87
ORD11747,PROD1137,3,3544.79
ORD11748,PROD1114,2,3203.68
ORD11748,PROD1062,2,4160.81
ORD11748,PROD1343,2,2225.87
ORD11749,PROD1455,3,2513.86
ORD11749,PROD1422,2,546.91
ORD11749,PROD1443,2,1916.15
ORD11749,PROD1196,2,3657.18
ORD11750,PROD1355,2,3247.85
ORD11751,PROD1293,1,1864.93
ORD11751,PROD1369,1,439.87
ORD11751,PROD1024,1,2334.74
ORD11752,PROD1227,2,2026.18
ORD11752,PROD1177,2,1995.0
ORD11752,PROD1407,3,153.1
ORD11752,PROD1154,2,4929.69
ORD11753,PROD1016,3,1590.79
ORD11753,PROD1284,2,2933.57
ORD11753,PROD1004,1,864.49
ORD11754,PROD1497,1,480.9
ORD11755,PROD1158,2,1264.42
ORD11756,PROD1216,1,1694.46
ORD11756,PROD1260,3,3113.54
ORD11756,PROD1157,3,3831.94
ORD11757,PROD1253,2,1652.92
ORD11757,PROD1037,1,578.59
ORD11757,PROD1364,1,4713.18
ORD11757,PROD1209,3,887.96
ORD11758,PROD1085,1,1693.4
ORD11758,PROD1183,2,4398.96
ORD11758,PROD1423,3,2522.66
ORD11759,PROD1010,3,200.86
ORD11759,PROD1041,3,2526.37
ORD11760,PROD1013,2,1140.46
ORD11761,PROD1146,3,3086.87
ORD11761,PROD1379,3,1481.09
ORD11762,PROD1064,2,1476.58
ORD11762,PROD1385,2,4037.06
ORD11763,PROD1461,1,3281.13
ORD11764,PROD1152,2,809.98
ORD11764,PROD1039,3,2256.75
ORD11764,PROD1145,1,280.75
ORD11764,PROD1365,2,1991.9
ORD11765,PROD1462,3,3755.62
ORD11766,PROD1113,1,4059.79
ORD11766,PROD1208,3,124.8
ORD11766,PROD1482,1,2327.25
ORD11766,PROD1302,2,2749.11
ORD11767,PROD1392,2,1922.89
ORD11767,PROD1265,1,3729.77
ORD11767,PROD1064,2,1476.58
ORD11767,PROD1442,1,1933.93
ORD11768,PROD1469,2,4819.79
ORD11769,PROD1402,1,2575.74
ORD11769,PROD1231,1,2562.92
ORD11770,PROD1248,1,4821.74
ORD11770,PROD1323,1,1471.68
ORD11771,PROD1115,1,4370.16
ORD11771,PROD1260,3,3113.54
ORD11772,PROD1338,3,2423.45
ORD11772,PROD1227,2,2026.18
ORD11772,PROD1128,2,134.07
ORD11772,PROD1028,1,3002.83
ORD11773,PROD1394,1,1769.94
ORD11773,PROD1431,1,3831.4
ORD11773,PROD1434,1,512.12
ORD11774,PROD1007,1,4344.26
ORD11774,PROD1313,2,4816.98
ORD11774,PROD1108,2,1221.11
ORD11775,PROD1116,3,4037.99
ORD11775,PROD1410,3,1664.64
ORD11775,PROD1396,2,4306.22
ORD11776,PROD1463,2,2958.51
ORD11776,PROD1379,2,1481.09
ORD11776,PROD1092,1,3827.85
ORD11776,PROD1101,3,3218.41
ORD11777,PROD1347,1,321.99
ORD11777,PROD1155,3,1286.07
ORD11777,PROD1144,3,1495.72
ORD11778,PROD1075,2,3672.14
ORD11778,PROD1322,3,3334.97
ORD11779,PROD1458,3,375.89
ORD11779,PROD1417,2,1710.46
ORD11779,PROD1017,2,2671.31
ORD11780,PROD1161,2,3198.3
ORD11780,PROD1416,3,1536.73
ORD11781,PROD1497,3,480.9
ORD11781,PROD1467,1,4356.14
ORD11781,PROD1042,3,268.5
ORD11781,PROD1081,2,3154.16
ORD11782,PROD1426,2,2263.5
ORD11782,PROD1460,2,675.88
ORD11783,PROD1198,1,4446.72
ORD11783,PROD1107,3,3802.2
ORD11783,PROD1267,2,3542.17
ORD11784,PROD1346,2,3211.96
ORD11784,PROD1268,3,1861.51
ORD11784,PROD1068,2,465.3
ORD11784,PROD1151,1,1273.85
ORD11785,PROD1226,3,4867.75
ORD11786,PROD1316,2,2103.87
ORD11786,PROD1291,2,283.01
ORD11787,PROD1384,1,3701.85
ORD11787,PROD1062,2,4160.81
ORD11788,PROD1144,2,1495.72
ORD11788,PROD1441,1,4934.53
ORD11788,PROD1149,3,1465.37
ORD11788,PROD1158,3,1264.42
ORD11789,PROD1318,2,866.54
ORD11789,PROD1010,2,200.86
ORD11789,PROD1068,2,465.3
ORD11790,PROD1053,3,4484.65
ORD11790,PROD1438,3,3560.59
ORD11790,PROD1337,3,3547.92
ORD11790,PROD1189,2,1285.08
ORD11791,PROD1322,2,3334.97
ORD11791,PROD1320,3,2791.21
ORD11791,PROD1272,2,4348.65
ORD11792,PROD1120,3,4056.46
ORD11793,PROD1496,3,2959.91
ORD11793,PROD1283,2,560.51
ORD11794,PROD1010,1,200.86
ORD11794,PROD1370,2,593.81
ORD11794,PROD1232,2,2926.83
ORD11794,PROD1441,3,4934.53
ORD11795,PROD1001,2,4758.5
ORD11795,PROD1298,1,3152.16
ORD11795,PROD1216,3,1694.46
ORD11796,PROD1039,1,2256.75
ORD11796,PROD1314,2,4196.3
ORD11797,PROD1491,2,3138.65
ORD11797,PROD1404,3,1668.24
ORD11797,PROD1130,2,2145.31
ORD11798,PROD1020,1,3098.08
ORD11798,PROD1408,3,4536.37
ORD11798,PROD1387,3,969.45
ORD11798,PROD1231,3,2562.92
ORD11799,PROD1215,3,1262.52
ORD11799,PROD1276,3,4011.65
ORD11799,PROD1193,1,3202.2
ORD11799,PROD1214,2,3589.68
ORD11800,PROD1217,3,3757.81
ORD11800,PROD1475,2,4965.53
ORD11801,PROD1449,3,509.15
ORD11802,PROD1349,2,3166.71
ORD11802,PROD1255,1,2828.33
ORD11802,PROD1109,3,477.2
ORD11802,PROD1319,3,1326.19
ORD11803,PROD1207,1,3351.16
ORD11803,PROD1158,2,1264.42
ORD11804,PROD1383,2,4399.61
ORD11805,PROD1449,3,509.15
ORD11805,PROD1241,3,4774.25
ORD11805,PROD1368,3,1059.38
ORD11805,PROD1114,1,3203.68
ORD11806,PROD1039,2,2256.75
ORD11806,PROD1071,1,1073.71
ORD11806,PROD1234,2,1056.69
ORD11807,PROD1293,2,1864.93
ORD11807,PROD1246,1,2198.1
ORD11807,PROD1311,2,484.44
ORD11808,PROD1271,2,4069.56
ORD11808,PROD1215,2,1262.52
ORD11808,PROD1429,3,673.63
ORD11808,PROD1407,2,153.1
ORD11809,PROD1168,2,299.8
ORD11809,PROD1055,1,4617.18
ORD11809,PROD1163,2,2725.3
ORD11809,PROD1151,3,1273.85
ORD11810,PROD1432,2,3129.27
ORD11811,PROD1051,2,3898.15
ORD11811,PROD1066,3,790.53
ORD11811,PROD1084,3,1623.81
ORD11812,PROD1201,2,512.29
ORD11812,PROD1005,3,864.37
ORD11812,PROD1336,1,4291.76
ORD11813,PROD1450,1,3908.02
ORD11813,PROD1410,1,1664.64
ORD11814,PROD1025,1,3947.36
ORD11814,PROD1003,1,3033.43
ORD11815,PROD1283,3,560.51
ORD11815,PROD1209,1,887.96
ORD11815,PROD1287,1,2758.96
ORD11816,PROD1281,1,1756.18
ORD11817,PROD1115,1,4370.16
ORD11817,PROD1348,2,1935.6
ORD11817,PROD1467,1,4356.14
ORD11817,PROD1029,2,327.61
ORD11818,PROD1105,2,1321.53
ORD11818,PROD1123,3,639.25
ORD11819,PROD1325,2,3715.69
ORD11819,PROD1137,1,3544.79
ORD11820,PROD1055,2,4617.18
ORD11820,PROD1131,3,1188.33
ORD11820,PROD1268,2,1861.51
ORD11820,PROD1121,2,4490.85
ORD11821,PROD1264,2,4399.13
ORD11821,PROD1045,3,3346.36
ORD11822,PROD1338,2,2423.45
ORD11823,PROD1173,3,1209.83
ORD11823,PROD1133,2,1754.31
ORD11823,PROD1284,3,2933.57
ORD11824,PROD1293,1,1864.93
ORD11825,PROD1050,2,4850.96
ORD11825,PROD1422,2,546.91
ORD11825,PROD1470,2,159.56
ORD11825,PROD1275,1,2557.43
ORD11826,PROD1366,3,4809.83
ORD11826,PROD1347,3,321.99
ORD11826,PROD1247,1,4836.61
ORD11826,PROD1131,2,1188.33
ORD11827,PROD1214,3,3589.68
ORD11828,PROD1281,2,1756.18
ORD11829,PROD1346,3,3211.96
ORD11829,PROD1492,3,1459.17
ORD11829,PROD1001,3,4758.5
ORD11829,PROD1000,3,1935.25
ORD11830,PROD1261,1,4951.26
ORD11830,PROD1281,3,1756.18
ORD11831,PROD1128,3,134.07
ORD11831,PROD1264,3,4399.13
ORD11832,PROD1373,3,3446.73
ORD11833,PROD1200,2,3245.96
ORD11834,PROD1329,1,1313.88
ORD11834,PROD1080,2,4329.21
ORD11834,PROD1253,2,1652.92
ORD11834,PROD1414,2,3196.0
ORD11835,PROD1488,3,4757.02
ORD11835,PROD1041,3,2526.37
ORD11836,PROD1064,1,1476.58
ORD11836,PROD1296,3,3872.97
ORD11836,PROD1426,3,2263.5
ORD11836,PROD1222,1,559.01
ORD11837,PROD1441,2,4934.53
ORD11838,PROD1390,3,4953.48
ORD11838,PROD1452,3,2178.69
ORD11838,PROD1319,3,1326.19
ORD11838,PROD1257,3,3510.55
ORD11839,PROD1118,2,4473.54
ORD11840,PROD1278,2,3539.64
ORD11841,PROD1379,1,1481.09
ORD11841,PROD1044,1,1368.02
ORD11842,PROD1481,1,3509.17
ORD11842,PROD1094,1,3877.74
ORD11843,PROD1024,2,2334.74
ORD11843,PROD1424,2,382.04
ORD11843,PROD1317,1,949.14
ORD11843,PROD1332,2,170.53
ORD11844,PROD1369,1,439.87
ORD11844,PROD1080,3,4329.21
ORD11844,PROD1011,2,4852.56
ORD11844,PROD1207,2,3351.16
ORD11845,PROD1347,1,321.99
ORD11845,PROD1442,1,1933.93
ORD11845,PROD1178,1,4689.98
ORD11846,PROD1221,3,2884.71
ORD11846,PROD1484,2,2963.14
ORD11847,PROD1465,3,1936.87
ORD11847,PROD1186,2,4104.39
ORD11847,PROD1029,3,327.61
ORD11847,PROD1066,3,790.53
ORD11848,PROD1420,2,3978.74
ORD11848,PROD1216,2,1694.46
ORD11848,PROD1157,1,3831.94
ORD11848,PROD1070,3,3884.0
ORD11849,PROD1089,1,2413.85
ORD11849,PROD1360,1,2002.03
ORD11850,PROD1498,1,4874.53
ORD11850,PROD1048,3,2778.88
ORD11851,PROD1197,3,4495.84
ORD11851,PROD1488,2,4757.02
ORD11852,PROD1488,1,4757.02
ORD11852,PROD1151,3,1273.85
ORD11853,PROD1149,3,1465.37
ORD11853,PROD1215,1,1262.52
ORD11854,PROD1041,1,2526.37
ORD11854,PROD1351,2,4296.8
ORD11855,PROD1374,1,448.82
ORD11856,PROD1302,2,2749.11
ORD11857,PROD1172,3,2609.26
ORD11857,PROD1388,3,3778.01
ORD11858,PROD1217,1,3757.81
ORD11858,PROD1454,3,644.87
ORD11859,PROD1240,3,4708.25
ORD11859,PROD1307,2,1682.49
ORD11860,PROD1267,1,3542.17
ORD11861,PROD1264,1,4399.13
ORD11862,PROD1144,3,1495.72
ORD11862,PROD1359,1,2919.82
ORD11862,PROD1151,2,1273.85
ORD11863,PROD1082,2,1721.4
ORD11864,PROD1033,2,4749.54
ORD11864,PROD1315,3,3510.27
ORD11864,PROD1103,1,2592.0
ORD11864,PROD1414,1,3196.0
ORD11865,PROD1392,1,1922.89
ORD11865,PROD1089,2,2413.85
ORD11865,PROD1332,2,170.53
ORD11866,PROD1231,1,2562.92
ORD11867,PROD1414,3,3196.0
ORD11868,PROD1496,2,2959.91
ORD11869,PROD1200,3,3245.96
ORD11870,PROD1211,1,3490.29
ORD11870,PROD1118,3,4473.54
ORD11870,PROD1297,2,1157.52
ORD11871,PROD1336,2,4291.76
ORD11872,PROD1417,2,1710.46
ORD11873,PROD1235,1,3640.02
ORD11873,PROD1193,3,3202.2
ORD11873,PROD1366,2,4809.83
ORD11874,PROD1027,1,2619.75
ORD11874,PROD1392,2,1922.89
ORD11874,PROD1010,3,200.86
ORD11875,PROD1140,3,4815.99
ORD11876,PROD1290,3,249.45
ORD11876,PROD1238,1,3262.81
ORD11876,PROD1263,2,2639.82
ORD11877,PROD1370,3,593.81
ORD11878,PROD1010,3,200.86
ORD11878,PROD1165,1,4192.98
ORD11879,PROD1304,1,3657.85
ORD11879,PROD1290,1,249.45
ORD11880,PROD1479,2,2663.18
ORD11881,PROD1083,2,411.44
ORD11881,PROD1211,1,3490.29
ORD11882,PROD1150,2,4550.5
ORD11883,PROD1054,1,3029.71
ORD11883,PROD1140,1,4815.99
ORD11883,PROD1073,1,4095.76
ORD11883,PROD1134,2,4720.26
ORD11884,PROD1025,2,3947.36
ORD11884,PROD1487,2,1476.72
ORD11884,PROD1434,1,512.12
ORD11884,PROD1068,1,465.3
ORD11885,PROD1467,3,4356.14
ORD11885,PROD1115,2,4370.16
ORD11885,PROD1370,2,593.81
ORD11886,PROD1297,1,1157.52
ORD11886,PROD1009,3,3569.56
ORD11887,PROD1003,1,3033.43
ORD11887,PROD1466,2,1499.99
ORD11887,PROD1258,2,2893.3
ORD11888,PROD1286,1,2381.43
ORD11888,PROD1030,1,3076.97
ORD11889,PROD1107,2,3802.2
ORD11889,PROD1123,2,639.25
ORD11889,PROD1237,2,219.15
ORD11889,PROD1409,2,547.3
ORD11890,PROD1411,3,4755.3
ORD11890,PROD1316,2,2103.87
ORD11890,PROD1076,2,3879.22
ORD11891,PROD1388,2,3778.01
ORD11891,PROD1156,2,3393.46
ORD11892,PROD1109,2,477.2
ORD11892,PROD1166,2,1671.82
ORD11892,PROD1129,3,2602.66
ORD11893,PROD1327,1,3097.43
ORD11893,PROD1187,2,2820.48
ORD11893,PROD1464,3,4814.65
ORD11894,PROD1019,2,1527.02
ORD11894,PROD1313,2,4816.98
ORD11894,PROD1041,3,2526.37
ORD11895,PROD1139,2,4861.73
ORD11895,PROD1008,1,3045.46
ORD11895,PROD1078,3,1856.48
ORD11895,PROD1412,3,4757.98
ORD11896,PROD1286,3,2381.43
ORD11896,PROD1366,2,4809.83
ORD11896,PROD1455,1,2513.86
ORD11896,PROD1462,2,3755.62
ORD11897,PROD1104,3,4547.08
ORD11898,PROD1318,1,866.54
ORD11898,PROD1316,1,2103.87
ORD11898,PROD1051,2,3898.15
ORD11899,PROD1010,2,200.86
ORD11899,PROD1126,2,4108.27
ORD11899,PROD1441,1,4934.53
ORD11900,PROD1043,1,4555.67
ORD11900,PROD1184,3,1363.91
ORD11901,PROD1441,1,4934.53
ORD11901,PROD1495,3,1831.43
ORD11901,PROD1136,3,2642.07
ORD11902,PROD1030,3,3076.97
ORD11902,PROD1339,3,579.39
ORD11902,PROD1022,2,1531.51
ORD11902,PROD1439,2,498.61
ORD11903,PROD1419,2,3786.64
ORD11903,PROD1195,1,1811.13
ORD11904,PROD1206,1,597.21
ORD11904,PROD1171,2,181.28
ORD11904,PROD1301,3,2703.64
ORD11905,PROD1367,3,4536.22
ORD11905,PROD1345,1,3117.67
ORD11905,PROD1047,2,2648.33
ORD11905,PROD1160,3,1902.14
ORD11906,PROD1116,1,4037.99
ORD11907,PROD1250,2,1542.8
ORD11907,PROD1355,3,3247.85
ORD11907,PROD1433,1,595.5
ORD11908,PROD1482,3,2327.25
ORD11908,PROD1194,2,1761.25
ORD11908,PROD1266,2,3515.38
ORD11908,PROD1403,1,4149.64
ORD11909,PROD1235,3,3640.02
ORD11909,PROD1247,3,4836.61
ORD11909,PROD1459,2,682.21
ORD11909,PROD1099,2,628.67
ORD11910,PROD1027,1,2619.75
ORD11910,PROD1038,1,3452.74
ORD11910,PROD1321,1,3601.52
ORD11910,PROD1426,3,2263.5
ORD11911,PROD1056,1,533.61
ORD11911,PROD1282,1,1940.36
ORD11912,PROD1358,2,4707.13
ORD11912,PROD1177,2,1995.0
ORD11913,PROD1064,1,1476.58
ORD11914,PROD1289,2,2995.08
ORD11914,PROD1355,2,3247.85
ORD11914,PROD1456,2,155.63
ORD11915,PROD1419,1,3786.64
ORD11915,PROD1099,3,628.67
ORD11915,PROD1337,3,3547.92
ORD11915,PROD1193,3,3202.2
ORD11916,PROD1023,1,1895.17
ORD11916,PROD1493,2,1021.79
ORD11916,PROD1404,2,1668.24
ORD11917,PROD1071,1,1073.71
ORD11918,PROD1370,1,593.81
ORD11918,PROD1063,3,1848.09
ORD11918,PROD1242,1,4582.84
ORD11918,PROD1126,1,4108.27
ORD11919,PROD1076,2,3879.22
ORD11919,PROD1469,1,4819.79
ORD11920,PROD1251,3,1986.98
ORD11920,PROD1156,3,3393.46
ORD11920,PROD1258,1,2893.3
ORD11920,PROD1316,3,2103.87
ORD11921,PROD1385,1,4037.06
ORD11921,PROD1028,1,3002.83
ORD11922,PROD1099,2,628.67
ORD11922,PROD1319,3,1326.19
ORD11922,PROD1057,3,1060.32
ORD11922,PROD1210,1,2788.8
ORD11923,PROD1363,1,2773.52
ORD11924,PROD1093,1,2850.26
ORD11924,PROD1341,1,2420.01
ORD11925,PROD1390,1,4953.48
ORD11925,PROD1320,2,2791.21
ORD11925,PROD1057,1,1060.32
ORD11926,PROD1114,2,3203.68
ORD11927,PROD1220,3,3322.3
ORD11927,PROD1015,1,998.68
ORD11928,PROD1417,1,1710.46
ORD11929,PROD1367,2,4536.22
ORD11929,PROD1044,2,1368.02
ORD11929,PROD1062,1,4160.81
ORD11930,PROD1065,2,2759.21
ORD11930,PROD1118,3,4473.54
ORD11930,PROD1233,3,2513.34
ORD11931,PROD1289,1,2995.08
ORD11931,PROD1027,3,2619.75
ORD11931,PROD1158,2,1264.42
ORD11932,PROD1378,2,4090.9
ORD11932,PROD1438,1,3560.59
ORD11932,PROD1202,1,891.98
ORD11932,PROD1264,2,4399.13
ORD11933,PROD1414,3,3196.0
ORD11933,PROD1437,1,4127.11
ORD11934,PROD1129,2,2602.66
ORD11934,PROD1102,2,1640.34
ORD11934,PROD1272,3,4348.65
ORD11935,PROD1298,2,3152.16
ORD11935,PROD1092,2,3827.85
ORD11935,PROD1288,1,1504.05
ORD11936,PROD1186,3,4104.39
ORD11936,PROD1336,3,4291.76
ORD11936,PROD1176,2,3485.59
ORD11937,PROD1108,1,1221.11
ORD11937,PROD1359,1,2919.82
ORD11937,PROD1071,1,1073.71
ORD11938,PROD1376,3,4239.89
ORD11938,PROD1213,2,1198.92
ORD11938,PROD1456,3,155.63
ORD11939,PROD1149,2,1465.37
ORD11939,PROD1322,3,3334.97
ORD11940,PROD1069,2,4935.75
ORD11940,PROD1056,1,533.61
ORD11940,PROD1408,1,4536.37
ORD11940,PROD1065,3,2759.21
ORD11941,PROD1078,2,1856.48
ORD11942,PROD1373,3,3446.73
ORD11942,PROD1170,3,3420.07
ORD11942,PROD1083,2,411.44
ORD11943,PROD1069,2,4935.75
ORD11943,PROD1386,3,1481.97
ORD11943,PROD1165,1,4192.98
ORD11943,PROD1342,1,948.69
ORD11944,PROD1263,1,2639.82
ORD11944,PROD1382,1,3181.82
ORD11944,PROD1065,3,2759.21
ORD11944,PROD1326,1,2816.33
ORD11945,PROD1238,1,3262.81
ORD11945,PROD1067,2,4030.77
ORD11945,PROD1107,2,3802.2
ORD11945,PROD1207,2,3351.16
ORD11946,PROD1106,2,2110.88
ORD11946,PROD1379,2,1481.09
ORD11946,PROD1015,2,998.68
ORD11946,PROD1238,1,3262.81
ORD11947,PROD1411,2,4755.3
ORD11947,PROD1144,3,1495.72
ORD11948,PROD1011,1,4852.56
ORD11948,PROD1483,2,3175.03
ORD11948,PROD1189,1,1285.08
ORD11948,PROD1295,2,2658.99
ORD11949,PROD1363,2,2773.52
ORD11949,PROD1408,3,4536.37
ORD11949,PROD1340,3,2508.92
ORD11949,PROD1213,3,1198.92
ORD11950,PROD1200,3,3245.96
ORD11950,PROD1104,1,4547.08
ORD11950,PROD1230,2,3994.58
ORD11950,PROD1097,3,2194.95
ORD11951,PROD1326,2,2816.33
ORD11951,PROD1351,2,4296.8
ORD11951,PROD1466,3,1499.99
ORD11951,PROD1277,2,3284.82
ORD11952,PROD1061,1,1429.61
ORD11952,PROD1481,3,3509.17
ORD11953,PROD1372,3,562.77
ORD11953,PROD1372,3,562.77
ORD11954,PROD1403,3,4149.64
ORD11954,PROD1311,3,484.44
ORD11955,PROD1034,2,4831.6
ORD11955,PROD1135,1,1683.69
ORD11955,PROD1498,3,4874.53
ORD11955,PROD1075,1,3672.14
ORD11956,PROD1084,3,1623.81
ORD11957,PROD1101,3,3218.41
ORD11957,PROD1282,1,1940.36
ORD11957,PROD1374,2,448.82
ORD11958,PROD1493,3,1021.79
ORD11959,PROD1198,2,4446.72
ORD11959,PROD1120,1,4056.46
ORD11959,PROD1168,3,299.8
ORD11959,PROD1000,2,1935.25
ORD11960,PROD1126,1,4108.27
ORD11960,PROD1472,3,311.48
ORD11961,PROD1274,2,2605.58
ORD11961,PROD1486,1,322.69
ORD11961,PROD1441,2,4934.53
ORD11962,PROD1105,2,1321.53
ORD11962,PROD1002,1,3686.77
ORD11963,PROD1054,1,3029.71
ORD11963,PROD1373,2,3446.73
ORD11964,PROD1222,1,559.01
ORD11965,PROD1135,2,1683.69
ORD11965,PROD1320,2,2791.21
ORD11965,PROD1386,1,1481.97
ORD11965,PROD1412,2,4757.98
ORD11966,PROD1496,1,2959.91
ORD11966,PROD1185,1,3333.92
ORD11967,PROD1094,1,3877.74
ORD11967,PROD1406,3,2007.09
ORD11968,PROD1061,3,1429.61
ORD11968,PROD1274,1,2605.58
ORD11969,PROD1079,3,667.76
ORD11969,PROD1146,1,3086.87
ORD11969,PROD1484,1,2963.14
ORD11969,PROD1021,1,783.52
ORD11970,PROD1128,1,134.07
ORD11970,PROD1113,3,4059.79
ORD11970,PROD1283,3,560.51
ORD11970,PROD1046,2,1627.38
ORD11971,PROD1325,1,3715.69
ORD11971,PROD1479,2,2663.18
ORD11971,PROD1369,1,439.87
ORD11972,PROD1265,1,3729.77
ORD11972,PROD1066,3,790.53
ORD11973,PROD1029,2,327.61
ORD11973,PROD1387,3,969.45
ORD11973,PROD1044,1,1368.02
ORD11973,PROD1133,1,1754.31
ORD11974,PROD1157,1,3831.94
ORD11975,PROD1025,1,3947.36
ORD11975,PROD1097,3,2194.95
ORD11976,PROD1426,1,2263.5
ORD11976,PROD1432,1,3129.27
ORD11977,PROD1271,1,4069.56
ORD11978,PROD1127,1,4317.58
ORD11978,PROD1236,1,1475.78
ORD11978,PROD1016,1,1590.79
ORD11979,PROD1275,3,2557.43
ORD11979,PROD1041,1,2526.37
ORD11979,PROD1265,3,3729.77
ORD11979,PROD1051,3,3898.15
ORD11980,PROD1408,2,4536.37
ORD11981,PROD1099,2,628.67
ORD11982,PROD1182,2,4631.0
ORD11982,PROD1097,1,2194.95
ORD11982,PROD1067,2,4030.77
ORD11983,PROD1211,1,3490.29
ORD11983,PROD1175,3,954.4
ORD11984,PROD1112,2,4655.52
ORD11984,PROD1396,3,4306.22
ORD11985,PROD1295,2,2658.99
ORD11986,PROD1057,1,1060.32
ORD11986,PROD1224,1,1399.49
ORD11986,PROD1439,2,498.61
ORD11987,PROD1245,3,4648.76
ORD11988,PROD1463,1,2958.51
ORD11988,PROD1230,1,3994.58
ORD11988,PROD1098,2,224.55
ORD11988,PROD1214,3,3589.68
ORD11989,PROD1023,2,1895.17
ORD11989,PROD1362,2,2345.44
ORD11989,PROD1469,3,4819.79
ORD11989,PROD1269,1,1538.6
ORD11990,PROD1057,2,1060.32
ORD11990,PROD1324,1,4778.84
ORD11990,PROD1146,1,3086.87
ORD11991,PROD1436,3,456.54
ORD11991,PROD1450,3,3908.02
ORD11992,PROD1440,2,515.7
ORD11993,PROD1024,1,2334.74
ORD11993,PROD1034,3,4831.6
ORD11994,PROD1365,1,1991.9
ORD11994,PROD1144,3,1495.72
ORD11994,PROD1335,2,299.57
ORD11994,PROD1432,3,3129.27
ORD11995,PROD1386,3,1481.97
ORD11995,PROD1293,1,1864.93
ORD11996,PROD1279,1,3999.38
ORD11996,PROD1351,1,4296.8
ORD11996,PROD1300,3,353.24
ORD11997,PROD1402,2,2575.74
ORD11998,PROD1294,2,722.6
ORD11998,PROD1091,2,3594.9
ORD11998,PROD1074,2,3563.6
ORD11999,PROD1486,3,322.69
ORD12000,PROD1136,3,2642.07
ORD12001,PROD1160,2,1902.14
ORD12002,PROD1160,3,1902.14
ORD12003,PROD1460,2,675.88
ORD12003,PROD1404,3,1668.24
ORD12003,PROD1323,2,1471.68
ORD12003,PROD1144,1,1495.72
ORD12004,PROD1335,2,299.57
ORD12004,PROD1178,1,4689.98
ORD12004,PROD1390,2,4953.48
ORD12004,PROD1416,1,1536.73
ORD12005,PROD1046,2,1627.38
ORD12005,PROD1233,3,2513.34
ORD12005,PROD1340,3,2508.92
ORD12006,PROD1393,2,3904.42
ORD12006,PROD1021,1,783.52
ORD12006,PROD1459,2,682.21
ORD12006,PROD1193,2,3202.2
ORD12007,PROD1207,2,3351.16
ORD12007,PROD1274,2,2605.58
ORD12007,PROD1494,3,2372.12
ORD12007,PROD1216,3,1694.46
ORD12008,PROD1427,2,4449.75
ORD12008,PROD1213,1,1198.92
ORD12008,PROD1459,3,682.21
ORD12009,PROD1378,3,4090.9
ORD12009,PROD1350,2,2565.37
ORD12009,PROD1163,2,2725.3
ORD12010,PROD1470,2,159.56
ORD12010,PROD1447,2,3791.55
ORD12010,PROD1255,1,2828.33
ORD12011,PROD1060,3,2004.52
ORD12011,PROD1442,3,1933.93
ORD12012,PROD1129,3,2602.66
ORD12012,PROD1330,1,1844.27
ORD12013,PROD1451,3,2836.18
ORD12013,PROD1141,3,1333.73
ORD12013,PROD1021,2,783.52
ORD12013,PROD1016,2,1590.79
ORD12014,PROD1419,1,3786.64
ORD12014,PROD1372,2,562.77
ORD12014,PROD1300,1,353.24
ORD12015,PROD1169,3,2995.38
ORD12015,PROD1089,1,2413.85
ORD12015,PROD1118,1,4473.54
ORD12015,PROD1183,2,4398.96
ORD12016,PROD1311,1,484.44
ORD12016,PROD1390,1,4953.48
ORD12016,PROD1317,2,949.14
ORD12017,PROD1305,2,4881.68
ORD12017,PROD1147,1,2563.13
ORD12017,PROD1283,3,560.51
ORD12018,PROD1256,3,4687.16
ORD12019,PROD1491,2,3138.65
ORD12020,PROD1234,2,1056.69
ORD12020,PROD1361,2,3252.11
ORD12021,PROD1320,2,2791.21
ORD12021,PROD1187,3,2820.48
ORD12022,PROD1001,2,4758.5
ORD12023,PROD1216,1,1694.46
ORD12023,PROD1481,1,3509.17
ORD12023,PROD1314,2,4196.3
ORD12024,PROD1286,2,2381.43
ORD12024,PROD1293,3,1864.93
ORD12024,PROD1277,1,3284.82
ORD12025,PROD1247,2,4836.61
ORD12025,PROD1087,1,3224.03
ORD12026,PROD1163,3,2725.3
ORD12027,PROD1264,2,4399.13
ORD12027,PROD1459,3,682.21
ORD12028,PROD1131,3,1188.33
ORD12028,PROD1132,3,687.34
ORD12028,PROD1393,1,3904.42
ORD12029,PROD1371,2,189.29
ORD12029,PROD1030,1,3076.97
ORD12030,PROD1197,3,4495.84
ORD12030,PROD1105,2,1321.53
ORD12031,PROD1029,2,327.61
ORD12032,PROD1160,3,1902.14
ORD12032,PROD1305,2,4881.68
ORD12032,PROD1414,2,3196.0
ORD12033,PROD1446,3,4931.41
ORD12033,PROD1309,1,1427.08
ORD12034,PROD1248,1,4821.74
ORD12034,PROD1131,1,1188.33
ORD12035,PROD1498,1,4874.53
ORD12035,PROD1062,3,4160.81
ORD12035,PROD1306,1,2629.87
ORD12036,PROD1499,3,4932.43
ORD12037,PROD1392,2,1922.89
ORD12037,PROD1178,3,4689.98
ORD12037,PROD1399,1,3797.26
ORD12037,PROD1436,3,456.54
ORD12038,PROD1090,2,686.01
ORD12039,PROD1291,3,283.01
ORD12039,PROD1075,1,3672.14
ORD12039,PROD1305,1,4881.68
ORD12039,PROD1098,3,224.55
ORD12040,PROD1373,3,3446.73
ORD12040,PROD1355,1,3247.85
ORD12041,PROD1350,1,2565.37
ORD12041,PROD1121,1,4490.85
ORD12041,PROD1441,3,4934.53
ORD12042,PROD1358,1,4707.13
ORD12042,PROD1314,1,4196.3
ORD12042,PROD1045,1,3346.36
ORD12043,PROD1065,3,2759.21
ORD12044,PROD1459,1,682.21
ORD12045,PROD1381,1,3514.01
ORD12045,PROD1397,2,2202.07
ORD12045,PROD1468,1,1195.62
ORD12045,PROD1104,3,4547.08
ORD12046,PROD1333,3,668.76
ORD12046,PROD1082,2,1721.4
ORD12047,PROD1339,1,579.39
ORD12047,PROD1384,3,3701.85
ORD12047,PROD1187,1,2820.48
ORD12047,PROD1457,3,2396.44
ORD12048,PROD1220,3,3322.3
ORD12049,PROD1009,1,3569.56
ORD12050,PROD1338,1,2423.45
ORD12050,PROD1116,2,4037.99
ORD12051,PROD1395,2,4660.71
ORD12051,PROD1030,2,3076.97
ORD12052,PROD1240,1,4708.25
ORD12052,PROD1384,1,3701.85
ORD12053,PROD1047,2,2648.33
ORD12054,PROD1329,3,1313.88
ORD12054,PROD1148,2,352.25
ORD12054,PROD1408,3,4536.37
ORD12054,PROD1098,2,224.55
ORD12055,PROD1102,2,1640.34
ORD12055,PROD1288,2,1504.05
ORD12055,PROD1239,2,967.84
ORD12055,PROD1400,2,605.31
ORD12056,PROD1112,1,4655.52
ORD12056,PROD1050,1,4850.96
ORD12056,PROD1475,3,4965.53
ORD12057,PROD1242,3,4582.84
ORD12057,PROD1222,1,559.01
ORD12058,PROD1287,3,2758.96
ORD12058,PROD1388,3,3778.01
ORD12059,PROD1292,2,4130.74
ORD12060,PROD1426,1,2263.5
ORD12060,PROD1348,1,1935.6
ORD12060,PROD1040,3,697.99
ORD12060,PROD1311,2,484.44
ORD12061,PROD1112,2,4655.52
ORD12062,PROD1340,3,2508.92
ORD12062,PROD1261,2,4951.26
ORD12062,PROD1281,3,1756.18
ORD12063,PROD1052,2,4703.54
ORD12063,PROD1355,1,3247.85
ORD12064,PROD1012,1,4178.97
ORD12064,PROD1266,2,3515.38
ORD12065,PROD1264,3,4399.13
ORD12066,PROD1188,2,2695.29
ORD12067,PROD1378,3,4090.9
ORD12067,PROD1038,2,3452.74
ORD12068,PROD1218,2,3283.2
ORD12069,PROD1362,1,2345.44
ORD12069,PROD1033,2,4749.54
ORD12070,PROD1011,3,4852.56
ORD12070,PROD1232,2,2926.83
ORD12071,PROD1106,1,2110.88
ORD12072,PROD1009,1,3569.56
ORD12072,PROD1124,1,1216.88
ORD12072,PROD1274,3,2605.58
ORD12072,PROD1278,3,3539.64
ORD12073,PROD1495,2,1831.43
ORD12073,PROD1479,2,2663.18
ORD12073,PROD1181,3,656.02
ORD12074,PROD1047,3,2648.33
ORD12074,PROD1005,3,864.37
ORD12074,PROD1042,2,268.5
ORD12074,PROD1144,1,1495.72
ORD12075,PROD1375,2,1662.98
ORD12075,PROD1188,2,2695.29
ORD12075,PROD1284,2,2933.57
ORD12075,PROD1241,2,4774.25
ORD12076,PROD1180,2,1771.23
ORD12076,PROD1069,3,4935.75
ORD12076,PROD1264,1,4399.13
ORD12077,PROD1246,3,2198.1
ORD12077,PROD1423,1,2522.66
ORD12078,PROD1010,3,200.86
ORD12078,PROD1346,1,3211.96
ORD12079,PROD1369,2,439.87
ORD12080,PROD1248,1,4821.74
ORD12081,PROD1419,3,3786.64
ORD12081,PROD1104,1,4547.08
ORD12081,PROD1241,2,4774.25
ORD12082,PROD1180,2,1771.23
ORD12082,PROD1091,3,3594.9
ORD12082,PROD1427,3,4449.75
ORD12082,PROD1267,2,3542.17
ORD12083,PROD1318,2,866.54
ORD12083,PROD1002,2,3686.77
ORD12084,PROD1176,3,3485.59
ORD12084,PROD1427,3,4449.75
ORD12084,PROD1424,1,382.04
ORD12084,PROD1303,1,3223.41
ORD12085,PROD1326,3,2816.33
ORD12085,PROD1177,1,1995.0
ORD12085,PROD1081,2,3154.16
ORD12086,PROD1432,2,3129.27
ORD12086,PROD1026,2,1078.4
ORD12086,PROD1007,3,4344.26
ORD12087,PROD1232,2,2926.83
ORD12087,PROD1395,3,4660.71
ORD12087,PROD1469,2,4819.79
ORD12087,PROD1306,2,2629.87
ORD12088,PROD1433,3,595.5
ORD12088,PROD1046,1,1627.38
ORD12088,PROD1311,2,484.44
ORD12088,PROD1415,2,2297.38
ORD12089,PROD1013,3,1140.46
ORD12089,PROD1459,1,682.21
ORD12089,PROD1355,2,3247.85
ORD12090,PROD1038,2,3452.74
ORD12090,PROD1184,1,1363.91
ORD12090,PROD1114,3,3203.68
ORD12091,PROD1030,2,3076.97
ORD12092,PROD1465,1,1936.87
ORD12092,PROD1076,2,3879.22
ORD12093,PROD1263,3,2639.82
ORD12093,PROD1096,2,2661.39
ORD12093,PROD1482,1,2327.25
ORD12094,PROD1046,1,1627.38
ORD12094,PROD1429,3,673.63
ORD12094,PROD1089,2,2413.85
ORD12095,PROD1413,1,2909.85
ORD12096,PROD1145,3,280.75
ORD12096,PROD1160,2,1902.14
ORD12096,PROD1392,1,1922.89
ORD12097,PROD1268,1,1861.51
ORD12098,PROD1123,1,639.25
ORD12098,PROD1229,2,3192.58
ORD12099,PROD1446,1,4931.41
ORD12099,PROD1106,3,2110.88
ORD12100,PROD1428,3,1819.48
ORD12100,PROD1311,1,484.44
ORD12101,PROD1120,2,4056.46
ORD12101,PROD1155,3,1286.07
ORD12101,PROD1086,3,3675.07
ORD12101,PROD1425,3,2792.69
ORD12102,PROD1363,3,2773.52
ORD12102,PROD1383,1,4399.61
ORD12102,PROD1031,2,935.57
ORD12102,PROD1027,2,2619.75
ORD12103,PROD1129,3,2602.66
ORD12103,PROD1265,3,3729.77
ORD12103,PROD1069,2,4935.75
ORD12104,PROD1090,3,686.01
ORD12104,PROD1119,2,2742.78
ORD12104,PROD1459,3,682.21
ORD12104,PROD1469,2,4819.79
ORD12105,PROD1470,2,159.56
ORD12105,PROD1101,2,3218.41
ORD12105,PROD1432,1,3129.27
ORD12106,PROD1452,2,2178.69
ORD12106,PROD1131,1,1188.33
ORD12106,PROD1219,3,4261.19
ORD12107,PROD1241,3,4774.25
ORD12107,PROD1414,2,3196.0
ORD12108,PROD1431,1,3831.4
ORD12108,PROD1335,1,299.57
ORD12108,PROD1383,1,4399.61
ORD12109,PROD1083,3,411.44
ORD12110,PROD1264,2,4399.13
ORD12111,PROD1243,2,1913.78
ORD12111,PROD1034,2,4831.6
ORD12111,PROD1246,3,2198.1
ORD12112,PROD1023,2,1895.17
ORD12113,PROD1303,3,3223.41
ORD12113,PROD1397,1,2202.07
ORD12114,PROD1029,1,327.61
ORD12114,PROD1142,2,2536.52
ORD12115,PROD1011,3,4852.56
ORD12115,PROD1390,3,4953.48
ORD12115,PROD1202,2,891.98
ORD12115,PROD1249,3,4279.75
ORD12116,PROD1267,1,3542.17
ORD12116,PROD1052,1,4703.54
ORD12116,PROD1272,2,4348.65
ORD12116,PROD1017,3,2671.31
ORD12117,PROD1378,2,4090.9
ORD12118,PROD1151,2,1273.85
ORD12119,PROD1459,1,682.21
ORD12119,PROD1403,2,4149.64
ORD12119,PROD1046,2,1627.38
ORD12119,PROD1017,2,2671.31
ORD12120,PROD1250,1,1542.8
ORD12120,PROD1326,3,2816.33
ORD12120,PROD1298,3,3152.16
ORD12120,PROD1046,1,1627.38
ORD12121,PROD1211,2,3490.29
ORD12121,PROD1211,3,3490.29
ORD12121,PROD1287,1,2758.96
ORD12122,PROD1180,2,1771.23
ORD12122,PROD1091,2,3594.9
ORD12123,PROD1483,2,3175.03
ORD12123,PROD1196,2,3657.18
ORD12124,PROD1477,2,2813.89
ORD12124,PROD1023,3,1895.17
ORD12125,PROD1113,2,4059.79
ORD12126,PROD1389,3,4053.49
ORD12126,PROD1353,3,898.38
ORD12127,PROD1109,1,477.2
ORD12127,PROD1313,1,4816.98
ORD12128,PROD1166,3,1671.82
ORD12128,PROD1052,2,4703.54
ORD12128,PROD1185,2,3333.92
ORD12129,PROD1476,2,461.6
ORD12129,PROD1316,2,2103.87
ORD12129,PROD1332,2,170.53
ORD12130,PROD1225,3,1295.55
ORD12131,PROD1076,2,3879.22
ORD12131,PROD1025,3,3947.36
ORD12131,PROD1229,1,3192.58
ORD12131,PROD1192,3,4512.05
ORD12132,PROD1232,3,2926.83
ORD12132,PROD1050,2,4850.96
ORD12132,PROD1467,2,4356.14
ORD12132,PROD1130,2,2145.31
ORD12133,PROD1461,3,3281.13
ORD12133,PROD1427,2,4449.75
ORD12134,PROD1198,1,4446.72
ORD12134,PROD1428,2,1819.48
ORD12134,PROD1302,1,2749.11
ORD12134,PROD1333,3,668.76
ORD12135,PROD1009,1,3569.56
ORD12136,PROD1098,3,224.55
ORD12136,PROD1256,3,4687.16
ORD12136,PROD1326,3,2816.33
ORD12137,PROD1126,2,4108.27
ORD12137,PROD1115,3,4370.16
ORD12138,PROD1411,1,4755.3
ORD12138,PROD1432,3,3129.27
ORD12138,PROD1188,1,2695.29
ORD12138,PROD1489,2,4462.29
ORD12139,PROD1129,3,2602.66
ORD12140,PROD1400,3,605.31
ORD12140,PROD1408,1,4536.37
ORD12140,PROD1459,3,682.21
ORD12141,PROD1411,1,4755.3
ORD12141,PROD1241,2,4774.25
ORD12141,PROD1239,2,967.84
ORD12141,PROD1028,2,3002.83
ORD12142,PROD1139,1,4861.73
ORD12142,PROD1157,3,3831.94
ORD12142,PROD1059,3,1694.12
ORD12142,PROD1138,2,1881.79
ORD12143,PROD1335,3,299.57
ORD12144,PROD1177,1,1995.0
ORD12144,PROD1000,3,1935.25
ORD12144,PROD1088,2,4447.34
ORD12145,PROD1419,3,3786.64
ORD12146,PROD1220,1,3322.3
ORD12146,PROD1413,3,2909.85
ORD12146,PROD1213,2,1198.92
ORD12147,PROD1130,3,2145.31
ORD12147,PROD1047,3,2648.33
ORD12147,PROD1133,1,1754.31
ORD12148,PROD1434,2,512.12
ORD12148,PROD1085,3,1693.4
ORD12149,PROD1316,3,2103.87
ORD12149,PROD1352,2,3327.6
ORD12150,PROD1151,3,1273.85
ORD12150,PROD1450,3,3908.02
ORD12150,PROD1257,2,3510.55
ORD12150,PROD1043,1,4555.67
ORD12151,PROD1368,2,1059.38
ORD12151,PROD1305,1,4881.68
ORD12151,PROD1094,2,3877.74
ORD12152,PROD1420,2,3978.74
ORD12152,PROD1362,2,2345.44
ORD12152,PROD1348,3,1935.6
ORD12153,PROD1182,1,4631.0
ORD12153,PROD1482,3,2327.25
ORD12153,PROD1056,1,533.61
ORD12153,PROD1239,1,967.84
ORD12154,PROD1139,2,4861.73
ORD12154,PROD1061,3,1429.61
ORD12155,PROD1439,2,498.61
ORD12155,PROD1211,1,3490.29
ORD12156,PROD1028,3,3002.83
ORD12156,PROD1181,3,656.02
ORD12157,PROD1349,3,3166.71
ORD12157,PROD1057,1,1060.32
ORD12158,PROD1036,1,1592.61
ORD12158,PROD1493,2,1021.79
ORD12158,PROD1358,3,4707.13
ORD12158,PROD1267,3,3542.17
ORD12159,PROD1232,1,2926.83
ORD12159,PROD1170,3,3420.07
ORD12159,PROD1177,1,1995.0
ORD12159,PROD1353,1,898.38
ORD12160,PROD1063,1,1848.09
ORD12160,PROD1043,3,4555.67
ORD12160,PROD1243,2,1913.78
ORD12161,PROD1374,3,448.82
ORD12162,PROD1140,2,4815.99
ORD12162,PROD1305,1,4881.68
ORD12162,PROD1180,1,1771.23
ORD12163,PROD1108,1,1221.11
ORD12163,PROD1097,2,2194.95
ORD12163,PROD1226,1,4867.75
ORD12163,PROD1444,3,4082.72
ORD12164,PROD1079,2,667.76
ORD12164,PROD1051,2,3898.15
ORD12164,PROD1062,3,4160.81
ORD12164,PROD1083,3,411.44
ORD12165,PROD1477,3,2813.89
ORD12165,PROD1254,1,930.51
ORD12165,PROD1058,2,321.61
ORD12166,PROD1077,2,462.82
ORD12166,PROD1123,1,639.25
ORD12167,PROD1180,1,1771.23
ORD12168,PROD1373,2,3446.73
ORD12169,PROD1292,2,4130.74
ORD12169,PROD1074,2,3563.6
ORD12170,PROD1232,3,2926.83
ORD12170,PROD1167,2,1013.94
ORD12170,PROD1022,2,1531.51
ORD12171,PROD1383,3,4399.61
ORD12172,PROD1399,3,3797.26
ORD12173,PROD1231,1,2562.92
ORD12173,PROD1354,3,445.79
ORD12174,PROD1242,2,4582.84
ORD12175,PROD1365,3,1991.9
ORD12175,PROD1152,3,809.98
ORD12175,PROD1315,2,3510.27
ORD12175,PROD1421,1,3969.13
ORD12176,PROD1020,3,3098.08
ORD12176,PROD1287,1,2758.96
ORD12176,PROD1283,1,560.51
ORD12177,PROD1078,1,1856.48
ORD12177,PROD1347,3,321.99
ORD12177,PROD1375,2,1662.98
ORD12178,PROD1100,3,254.0
ORD12178,PROD1267,3,3542.17
ORD12178,PROD1387,1,969.45
ORD12179,PROD1124,1,1216.88
ORD12179,PROD1223,1,1901.81
ORD12179,PROD1160,2,1902.14
ORD12180,PROD1292,2,4130.74
ORD12180,PROD1442,1,1933.93
ORD12181,PROD1047,2,2648.33
ORD12181,PROD1336,1,4291.76
ORD12182,PROD1057,2,1060.32
ORD12182,PROD1418,3,3395.34
ORD12183,PROD1441,1,4934.53
ORD12183,PROD1224,1,1399.49
ORD12183,PROD1262,1,786.41
ORD12183,PROD1102,1,1640.34
ORD12184,PROD1311,1,484.44
ORD12184,PROD1251,3,1986.98
ORD12184,PROD1499,3,4932.43
ORD12184,PROD1299,2,518.2
ORD12185,PROD1083,1,411.44
ORD12185,PROD1256,3,4687.16
ORD12186,PROD1188,1,2695.29
ORD12187,PROD1339,1,579.39
ORD12187,PROD1477,1,2813.89
ORD12187,PROD1446,2,4931.41
ORD12187,PROD1421,2,3969.13
ORD12188,PROD1259,1,576.16
ORD12188,PROD1198,2,4446.72
ORD12188,PROD1303,3,3223.41
ORD12188,PROD1352,3,3327.6
ORD12189,PROD1468,2,1195.62
ORD12190,PROD1441,1,4934.53
ORD12191,PROD1132,1,687.34
ORD12191,PROD1468,3,1195.62
ORD12191,PROD1026,3,1078.4
ORD12191,PROD1424,1,382.04
ORD12192,PROD1302,2,2749.11
ORD12192,PROD1406,1,2007.09
ORD12192,PROD1270,2,4065.87
ORD12193,PROD1438,2,3560.59
ORD12194,PROD1402,3,2575.74
ORD12194,PROD1287,1,2758.96
ORD12194,PROD1470,1,159.56
ORD12194,PROD1196,3,3657.18
ORD12195,PROD1284,3,2933.57
ORD12195,PROD1229,3,3192.58
ORD12195,PROD1108,2,1221.11
ORD12195,PROD1339,2,579.39
ORD12196,PROD1084,2,1623.81
ORD12197,PROD1075,2,3672.14
ORD12197,PROD1266,2,3515.38
ORD12197,PROD1247,3,4836.61
ORD12198,PROD1106,2,2110.88
ORD12198,PROD1436,3,456.54
ORD12198,PROD1081,1,3154.16
ORD12198,PROD1201,3,512.29
ORD12199,PROD1177,2,1995.0
ORD12199,PROD1381,2,3514.01
ORD12199,PROD1139,3,4861.73
ORD12199,PROD1309,1,1427.08
ORD12200,PROD1435,2,3534.75
ORD12200,PROD1461,3,3281.13
ORD12201,PROD1314,2,4196.3
ORD12201,PROD1161,2,3198.3
ORD12201,PROD1319,2,1326.19
ORD12201,PROD1249,3,4279.75
ORD12202,PROD1083,2,411.44
ORD12202,PROD1483,2,3175.03
ORD12203,PROD1386,3,1481.97
ORD12203,PROD1084,2,1623.81
ORD12203,PROD1483,3,3175.03
ORD12204,PROD1406,3,2007.09
ORD12204,PROD1075,1,3672.14
ORD12205,PROD1378,3,4090.9
ORD12205,PROD1396,3,4306.22
ORD12205,PROD1352,1,3327.6
ORD12205,PROD1350,2,2565.37
ORD12206,PROD1012,3,4178.97
ORD12206,PROD1156,3,3393.46
ORD12207,PROD1197,2,4495.84
ORD12207,PROD1223,3,1901.81
ORD12208,PROD1074,2,3563.6
ORD12208,PROD1439,1,498.61
ORD12208,PROD1212,3,3294.61
ORD12208,PROD1274,2,2605.58
ORD12209,PROD1290,1,249.45
ORD12209,PROD1176,2,3485.59
ORD12209,PROD1478,1,4849.58
ORD12209,PROD1173,3,1209.83
ORD12210,PROD1231,3,2562.92
ORD12210,PROD1250,1,1542.8
ORD12210,PROD1339,3,579.39
ORD12210,PROD1405,3,4488.06
ORD12211,PROD1206,3,597.21
ORD12211,PROD1310,3,2250.96
ORD12211,PROD1102,2,1640.34
ORD12211,PROD1158,2,1264.42
ORD12212,PROD1154,3,4929.69
ORD12212,PROD1175,3,954.4
ORD12212,PROD1109,3,477.2
ORD12212,PROD1487,2,1476.72
ORD12213,PROD1074,3,3563.6
ORD12214,PROD1208,3,124.8
ORD12214,PROD1491,1,3138.65
ORD12214,PROD1433,3,595.5
ORD12214,PROD1444,2,4082.72
ORD12215,PROD1029,1,327.61
ORD12215,PROD1242,2,4582.84
ORD12215,PROD1051,3,3898.15
ORD12215,PROD1433,1,595.5
ORD12216,PROD1195,1,1811.13
ORD12217,PROD1030,2,3076.97
ORD12218,PROD1137,2,3544.79
ORD12219,PROD1171,3,181.28
ORD12219,PROD1389,1,4053.49
ORD12220,PROD1221,1,2884.71
ORD12221,PROD1009,2,3569.56
ORD12221,PROD1498,1,4874.53
ORD12221,PROD1260,2,3113.54
ORD12221,PROD1319,1,1326.19
ORD12222,PROD1020,3,3098.08
ORD12222,PROD1015,3,998.68
ORD12222,PROD1479,2,2663.18
ORD12223,PROD1399,3,3797.26
ORD12223,PROD1428,2,1819.48
ORD12224,PROD1275,3,2557.43
ORD12224,PROD1231,1,2562.92
ORD12224,PROD1006,3,384.61
ORD12224,PROD1314,3,4196.3
ORD12225,PROD1436,2,456.54
ORD12226,PROD1010,2,200.86
ORD12226,PROD1464,1,4814.65
ORD12226,PROD1408,1,4536.37
ORD12227,PROD1284,2,2933.57
ORD12228,PROD1274,3,2605.58
ORD12228,PROD1398,1,3779.27
ORD12228,PROD1422,3,546.91
ORD12229,PROD1350,3,2565.37
ORD12230,PROD1034,1,4831.6
ORD12231,PROD1269,3,1538.6
ORD12231,PROD1317,3,949.14
ORD12232,PROD1446,1,4931.41
ORD12232,PROD1028,2,3002.83
ORD12232,PROD1149,2,1465.37
ORD12233,PROD1088,1,4447.34
ORD12234,PROD1257,1,3510.55
ORD12234,PROD1491,3,3138.65
ORD12234,PROD1191,1,4496.36
ORD12234,PROD1095,2,2519.6
ORD12235,PROD1480,1,3184.05
ORD12235,PROD1179,2,773.85
ORD12236,PROD1468,3,1195.62
ORD12236,PROD1466,3,1499.99
ORD12237,PROD1046,1,1627.38
ORD12237,PROD1454,1,644.87
ORD12238,PROD1422,1,546.91
ORD12238,PROD1001,1,4758.5
ORD12238,PROD1218,3,3283.2
ORD12238,PROD1044,2,1368.02
ORD12239,PROD1064,1,1476.58
ORD12239,PROD1436,1,456.54
ORD12239,PROD1371,3,189.29
ORD12240,PROD1066,3,790.53
ORD12240,PROD1349,1,3166.71
ORD12240,PROD1384,3,3701.85
ORD12240,PROD1058,1,321.61
ORD12241,PROD1112,3,4655.52
ORD12241,PROD1032,2,418.75
ORD12242,PROD1050,2,4850.96
ORD12242,PROD1423,2,2522.66
ORD12243,PROD1132,2,687.34
ORD12243,PROD1498,1,4874.53
ORD12243,PROD1389,1,4053.49
ORD12243,PROD1169,3,2995.38
ORD12244,PROD1236,3,1475.78
ORD12244,PROD1411,3,4755.3
ORD12244,PROD1174,1,3261.35
ORD12245,PROD1184,2,1363.91
ORD12245,PROD1149,3,1465.37
ORD12245,PROD1213,3,1198.92
ORD12245,PROD1093,1,2850.26
ORD12246,PROD1282,1,1940.36
ORD12246,PROD1422,2,546.91
ORD12246,PROD1485,3,4515.67
ORD12247,PROD1443,2,1916.15
ORD12247,PROD1399,3,3797.26
ORD12247,PROD1096,1,2661.39
ORD12248,PROD1346,3,3211.96
ORD12248,PROD1236,1,1475.78
ORD12248,PROD1424,3,382.04
ORD12249,PROD1278,2,3539.64
ORD12249,PROD1040,1,697.99
ORD12250,PROD1452,1,2178.69
ORD12250,PROD1178,3,4689.98
ORD12250,PROD1340,2,2508.92
ORD12251,PROD1069,2,4935.75
ORD12251,PROD1421,3,3969.13
ORD12251,PROD1437,3,4127.11
ORD12252,PROD1245,2,4648.76
ORD12252,PROD1485,2,4515.67
ORD12253,PROD1456,2,155.63
ORD12253,PROD1015,1,998.68
ORD12254,PROD1394,3,1769.94
ORD12254,PROD1347,2,321.99
ORD12254,PROD1363,3,2773.52
ORD12254,PROD1479,3,2663.18
ORD12255,PROD1258,2,2893.3
ORD12255,PROD1190,2,556.2
ORD12256,PROD1072,3,127.06
ORD12256,PROD1073,2,4095.76
ORD12257,PROD1078,1,1856.48
ORD12258,PROD1186,3,4104.39
ORD12258,PROD1437,2,4127.11
ORD12258,PROD1140,2,4815.99
ORD12258,PROD1297,3,1157.52
ORD12259,PROD1275,3,2557.43
ORD12259,PROD1252,2,4270.57
ORD12259,PROD1302,3,2749.11
ORD12259,PROD1279,1,3999.38
ORD12260,PROD1114,2,3203.68
ORD12260,PROD1321,2,3601.52
ORD12260,PROD1388,1,3778.01
ORD12261,PROD1034,1,4831.6
ORD12262,PROD1248,1,4821.74
ORD12262,PROD1151,1,1273.85
ORD12263,PROD1490,2,2332.72
ORD12263,PROD1294,3,722.6
ORD12264,PROD1255,3,2828.33
ORD12264,PROD1090,1,686.01
ORD12264,PROD1369,3,439.87
ORD12264,PROD1217,1,3757.81
ORD12265,PROD1321,3,3601.52
ORD12265,PROD1320,3,2791.21
ORD12265,PROD1456,1,155.63
ORD12265,PROD1149,3,1465.37
ORD12266,PROD1181,2,656.02
ORD12266,PROD1239,3,967.84
ORD12266,PROD1421,1,3969.13
ORD12266,PROD1241,1,4774.25
ORD12267,PROD1441,3,4934.53
ORD12268,PROD1050,3,4850.96
ORD12268,PROD1071,3,1073.71
ORD12268,PROD1042,1,268.5
ORD12269,PROD1215,3,1262.52
ORD12269,PROD1492,2,1459.17
ORD12270,PROD1089,3,2413.85
ORD12270,PROD1421,3,3969.13
ORD12271,PROD1106,3,2110.88
ORD12271,PROD1293,2,1864.93
ORD12272,PROD1332,3,170.53
ORD12272,PROD1355,3,3247.85
ORD12272,PROD1104,1,4547.08
ORD12273,PROD1129,1,2602.66
ORD12273,PROD1458,1,375.89
ORD12273,PROD1119,3,2742.78
ORD12274,PROD1338,2,2423.45
ORD12274,PROD1477,3,2813.89
ORD12275,PROD1363,2,2773.52
ORD12275,PROD1445,2,4741.52
ORD12275,PROD1432,2,3129.27
ORD12275,PROD1483,1,3175.03
ORD12276,PROD1118,2,4473.54
ORD12277,PROD1364,2,4713.18
ORD12277,PROD1389,1,4053.49
ORD12277,PROD1185,3,3333.92
ORD12277,PROD1494,3,2372.12
ORD12278,PROD1481,2,3509.17
ORD12278,PROD1264,1,4399.13
ORD12279,PROD1427,2,4449.75
ORD12279,PROD1180,3,1771.23
ORD12280,PROD1134,3,4720.26
ORD12281,PROD1038,3,3452.74
ORD12281,PROD1252,2,4270.57
ORD12281,PROD1377,1,214.03
ORD12282,PROD1388,1,3778.01
ORD12282,PROD1169,1,2995.38
ORD12283,PROD1410,3,1664.64
ORD12283,PROD1015,2,998.68
ORD12284,PROD1406,3,2007.09
ORD12284,PROD1168,3,299.8
ORD12284,PROD1013,3,1140.46
ORD12285,PROD1007,3,4344.26
ORD12285,PROD1282,3,1940.36
ORD12286,PROD1165,3,4192.98
ORD12287,PROD1363,2,2773.52
ORD12287,PROD1151,1,1273.85
ORD12287,PROD1411,1,4755.3
ORD12287,PROD1424,2,382.04
ORD12288,PROD1250,2,1542.8
ORD12288,PROD1076,3,3879.22
ORD12288,PROD1421,1,3969.13
ORD12289,PROD1378,3,4090.9
ORD12289,PROD1227,3,2026.18
ORD12289,PROD1117,2,1014.19
ORD12289,PROD1497,1,480.9
ORD12290,PROD1009,1,3569.56
ORD12290,PROD1336,2,4291.76
ORD12290,PROD1326,2,2816.33
ORD12290,PROD1358,1,4707.13
ORD12291,PROD1096,3,2661.39
ORD12291,PROD1140,2,4815.99
ORD12291,PROD1256,1,4687.16
ORD12291,PROD1037,2,578.59
ORD12292,PROD1416,1,1536.73
ORD12293,PROD1184,2,1363.91
ORD12294,PROD1386,3,1481.97
ORD12294,PROD1029,3,327.61
ORD12295,PROD1337,1,3547.92
ORD12295,PROD1278,2,3539.64
ORD12295,PROD1455,1,2513.86
ORD12296,PROD1154,3,4929.69
ORD12296,PROD1431,2,3831.4
ORD12297,PROD1227,3,2026.18
ORD12297,PROD1004,2,864.49
ORD12297,PROD1128,2,134.07
ORD12298,PROD1023,3,1895.17
ORD12299,PROD1480,2,3184.05
ORD12299,PROD1433,2,595.5
ORD12299,PROD1278,1,3539.64
ORD12300,PROD1299,1,518.2
ORD12300,PROD1043,3,4555.67
ORD12301,PROD1279,1,3999.38
ORD12301,PROD1460,2,675.88
ORD12302,PROD1070,2,3884.0
ORD12303,PROD1071,1,1073.71
ORD12303,PROD1315,3,3510.27
ORD12303,PROD1179,1,773.85
ORD12304,PROD1371,3,189.29
ORD12305,PROD1153,3,2498.32
ORD12305,PROD1029,3,327.61
ORD12306,PROD1178,1,4689.98
ORD12306,PROD1338,3,2423.45
ORD12306,PROD1097,2,2194.95
ORD12306,PROD1325,2,3715.69
ORD12307,PROD1035,2,4061.15
ORD12307,PROD1045,2,3346.36
ORD12308,PROD1220,2,3322.3
ORD12308,PROD1088,3,4447.34
ORD12308,PROD1466,2,1499.99
ORD12309,PROD1365,2,1991.9
ORD12309,PROD1461,3,3281.13
ORD12310,PROD1468,3,1195.62
ORD12310,PROD1117,2,1014.19
ORD12310,PROD1310,2,2250.96
ORD12311,PROD1029,1,327.61
ORD12311,PROD1363,2,2773.52
ORD12311,PROD1246,1,2198.1
ORD12312,PROD1032,2,418.75
ORD12313,PROD1110,3,1519.78
ORD12314,PROD1265,3,3729.77
ORD12314,PROD1489,3,4462.29
ORD12315,PROD1077,1,462.82
ORD12315,PROD1174,3,3261.35
ORD12315,PROD1341,1,2420.01
ORD12316,PROD1198,1,4446.72
ORD12316,PROD1087,3,3224.03
ORD12316,PROD1170,1,3420.07
ORD12317,PROD1485,1,4515.67
ORD12317,PROD1454,3,644.87
ORD12317,PROD1187,2,2820.48
ORD12317,PROD1214,3,3589.68
ORD12318,PROD1426,3,2263.5
ORD12318,PROD1123,2,639.25
ORD12319,PROD1301,3,2703.64
ORD12319,PROD1277,1,3284.82
ORD12319,PROD1034,1,4831.6
ORD12319,PROD1112,3,4655.52
ORD12320,PROD1253,3,1652.92
ORD12321,PROD1049,1,1005.79
ORD12322,PROD1481,2,3509.17
ORD12323,PROD1342,3,948.69
ORD12323,PROD1343,3,2225.87
ORD12323,PROD1192,1,4512.05
ORD12323,PROD1407,1,153.1
ORD12324,PROD1329,1,1313.88
ORD12324,PROD1082,2,1721.4
ORD12324,PROD1023,3,1895.17
ORD12325,PROD1439,2,498.61
ORD12326,PROD1249,3,4279.75
ORD12326,PROD1144,1,1495.72
ORD12327,PROD1184,2,1363.91
ORD12327,PROD1037,1,578.59
ORD12327,PROD1210,2,2788.8
ORD12327,PROD1391,1,2121.83
ORD12328,PROD1092,2,3827.85
ORD12329,PROD1294,2,722.6
ORD12329,PROD1351,1,4296.8
ORD12329,PROD1261,3,4951.26
ORD12329,PROD1080,3,4329.21
ORD12330,PROD1182,1,4631.0
ORD12331,PROD1155,3,1286.07
ORD12331,PROD1317,3,949.14
ORD12331,PROD1175,1,954.4
ORD12331,PROD1113,3,4059.79
ORD12332,PROD1274,2,2605.58
ORD12332,PROD1288,1,1504.05
ORD12332,PROD1063,1,1848.09
ORD12333,PROD1449,3,509.15
ORD12333,PROD1418,2,3395.34
ORD12333,PROD1076,2,3879.22
ORD12334,PROD1095,1,2519.6
ORD12334,PROD1428,2,1819.48
ORD12334,PROD1075,1,3672.14
ORD12335,PROD1414,2,3196.0
ORD12335,PROD1218,2,3283.2
ORD12335,PROD1447,2,3791.55
ORD12336,PROD1301,3,2703.64
ORD12336,PROD1119,1,2742.78
ORD12336,PROD1047,2,2648.33
ORD12337,PROD1376,2,4239.89
ORD12337,PROD1384,2,3701.85
ORD12337,PROD1275,1,2557.43
ORD12337,PROD1255,1,2828.33
ORD12338,PROD1398,1,3779.27
ORD12339,PROD1013,1,1140.46
ORD12339,PROD1324,2,4778.84
ORD12339,PROD1377,1,214.03
ORD12340,PROD1115,1,4370.16
ORD12340,PROD1345,3,3117.67
ORD12340,PROD1191,3,4496.36
ORD12341,PROD1372,3,562.77
ORD12341,PROD1377,3,214.03
ORD12341,PROD1432,2,3129.27
ORD12342,PROD1232,3,2926.83
ORD12343,PROD1053,3,4484.65
ORD12343,PROD1179,1,773.85
ORD12344,PROD1321,2,3601.52
ORD12345,PROD1493,2,1021.79
ORD12345,PROD1460,3,675.88
ORD12345,PROD1336,1,4291.76
ORD12346,PROD1490,2,2332.72
ORD12347,PROD1192,3,4512.05
ORD12348,PROD1294,2,722.6
ORD12348,PROD1246,1,2198.1
ORD12349,PROD1159,1,3668.26
ORD12349,PROD1171,1,181.28
ORD12349,PROD1062,1,4160.81
ORD12349,PROD1060,3,2004.52
ORD12350,PROD1379,1,1481.09
ORD12350,PROD1257,1,3510.55
ORD12350,PROD1072,2,127.06
ORD12350,PROD1331,1,3813.45
ORD12351,PROD1241,3,4774.25
ORD12351,PROD1098,2,224.55
ORD12351,PROD1021,1,783.52
ORD12351,PROD1480,3,3184.05
ORD12352,PROD1434,2,512.12
ORD12352,PROD1149,3,1465.37
ORD12352,PROD1411,3,4755.3
ORD12352,PROD1120,1,4056.46
ORD12353,PROD1022,3,1531.51
ORD12353,PROD1168,3,299.8
ORD12353,PROD1313,1,4816.98
ORD12353,PROD1263,1,2639.82
ORD12354,PROD1285,2,276.12
ORD12354,PROD1475,2,4965.53
ORD12354,PROD1272,2,4348.65
ORD12354,PROD1406,1,2007.09
ORD12355,PROD1435,3,3534.75
ORD12356,PROD1313,3,4816.98
ORD12356,PROD1405,1,4488.06
ORD12357,PROD1099,1,628.67
ORD12357,PROD1368,1,1059.38
ORD12358,PROD1275,3,2557.43
ORD12358,PROD1484,1,2963.14
ORD12358,PROD1016,2,1590.79
ORD12358,PROD1435,2,3534.75
ORD12359,PROD1049,1,1005.79
ORD12359,PROD1271,2,4069.56
ORD12359,PROD1234,2,1056.69
ORD12359,PROD1071,2,1073.71
ORD12360,PROD1487,2,1476.72
ORD12361,PROD1097,2,2194.95
ORD12362,PROD1405,3,4488.06
ORD12363,PROD1213,3,1198.92
ORD12364,PROD1155,1,1286.07
ORD12364,PROD1486,3,322.69
ORD12364,PROD1160,3,1902.14
ORD12364,PROD1193,1,3202.2
ORD12365,PROD1077,3,462.82
ORD12366,PROD1319,3,1326.19
ORD12367,PROD1345,3,3117.67
ORD12368,PROD1393,2,3904.42
ORD12368,PROD1088,2,4447.34
ORD12369,PROD1050,1,4850.96
ORD12369,PROD1146,1,3086.87
ORD12369,PROD1241,3,4774.25
ORD12370,PROD1333,3,668.76
ORD12370,PROD1457,2,2396.44
ORD12370,PROD1421,2,3969.13
ORD12370,PROD1231,1,2562.92
ORD12371,PROD1006,2,384.61
ORD12371,PROD1114,2,3203.68
ORD12371,PROD1091,1,3594.9
ORD12372,PROD1090,2,686.01
ORD12372,PROD1187,2,2820.48
ORD12372,PROD1397,3,2202.07
ORD12372,PROD1104,3,4547.08
ORD12373,PROD1149,2,1465.37
ORD12373,PROD1317,3,949.14
ORD12373,PROD1025,3,3947.36
ORD12373,PROD1213,2,1198.92
ORD12374,PROD1261,3,4951.26
ORD12374,PROD1495,3,1831.43
ORD12374,PROD1110,3,1519.78
ORD12374,PROD1129,3,2602.66
ORD12375,PROD1455,2,2513.86
ORD12376,PROD1129,3,2602.66
ORD12376,PROD1206,3,597.21
ORD12377,PROD1458,2,375.89
ORD12377,PROD1144,1,1495.72
ORD12378,PROD1021,1,783.52
ORD12379,PROD1371,3,189.29
ORD12380,PROD1206,1,597.21
ORD12381,PROD1257,2,3510.55
ORD12381,PROD1297,3,1157.52
ORD12382,PROD1332,2,170.53
ORD12383,PROD1142,2,2536.52
ORD12383,PROD1453,1,4541.14
ORD12383,PROD1104,2,4547.08
ORD12384,PROD1375,3,1662.98
ORD12385,PROD1232,1,2926.83
ORD12385,PROD1068,1,465.3
ORD12386,PROD1275,1,2557.43
ORD12386,PROD1480,3,3184.05
ORD12386,PROD1106,3,2110.88
ORD12387,PROD1118,2,4473.54
ORD12388,PROD1453,3,4541.14
ORD12389,PROD1042,2,268.5
ORD12389,PROD1393,3,3904.42
ORD12389,PROD1296,1,3872.97
ORD12389,PROD1131,2,1188.33
ORD12390,PROD1472,1,311.48
ORD12390,PROD1197,1,4495.84
ORD12391,PROD1291,1,283.01
ORD12391,PROD1152,3,809.98
ORD12392,PROD1254,2,930.51
ORD12392,PROD1421,2,3969.13
ORD12392,PROD1157,1,3831.94
ORD12393,PROD1002,1,3686.77
ORD12394,PROD1444,3,4082.72
ORD12394,PROD1419,2,3786.64
ORD12395,PROD1102,1,1640.34
ORD12396,PROD1262,3,786.41
ORD12396,PROD1007,2,4344.26
ORD12396,PROD1043,1,4555.67
ORD12397,PROD1473,2,4466.6
ORD12398,PROD1191,1,4496.36
ORD12398,PROD1368,3,1059.38
ORD12398,PROD1401,2,4522.51
ORD12398,PROD1121,1,4490.85
ORD12399,PROD1088,2,4447.34
ORD12400,PROD1395,2,4660.71
ORD12400,PROD1474,2,2685.74
ORD12400,PROD1144,3,1495.72
ORD12401,PROD1106,1,2110.88
ORD12401,PROD1495,3,1831.43
ORD12401,PROD1099,2,628.67
ORD12402,PROD1205,3,145.07
ORD12403,PROD1168,1,299.8
ORD12403,PROD1184,1,1363.91
ORD12403,PROD1411,3,4755.3
ORD12404,PROD1354,3,445.79
ORD12404,PROD1371,1,189.29
ORD12405,PROD1345,2,3117.67
ORD12406,PROD1145,1,280.75
ORD12406,PROD1344,3,2052.67
ORD12406,PROD1484,2,2963.14
ORD12407,PROD1466,3,1499.99
ORD12408,PROD1061,3,1429.61
ORD12408,PROD1485,3,4515.67
ORD12408,PROD1273,2,4574.88
ORD12409,PROD1084,3,1623.81
ORD12409,PROD1405,3,4488.06
ORD12409,PROD1263,3,2639.82
ORD12409,PROD1394,3,1769.94
ORD12410,PROD1129,3,2602.66
ORD12410,PROD1226,3,4867.75
ORD12410,PROD1478,3,4849.58
ORD12411,PROD1396,1,4306.22
ORD12411,PROD1341,3,2420.01
ORD12411,PROD1025,2,3947.36
ORD12411,PROD1080,2,4329.21
ORD12412,PROD1395,2,4660.71
ORD12413,PROD1134,3,4720.26
ORD12413,PROD1302,2,2749.11
ORD12414,PROD1486,2,322.69
ORD12414,PROD1014,2,990.94
ORD12415,PROD1494,3,2372.12
ORD12416,PROD1233,1,2513.34
ORD12416,PROD1431,1,3831.4
ORD12416,PROD1065,3,2759.21
ORD12417,PROD1001,1,4758.5
ORD12418,PROD1379,2,1481.09
ORD12419,PROD1355,1,3247.85
ORD12419,PROD1343,2,2225.87
ORD12419,PROD1266,2,3515.38
ORD12420,PROD1346,3,3211.96
ORD12421,PROD1442,1,1933.93
ORD12421,PROD1377,2,214.03
ORD12421,PROD1117,2,1014.19
ORD12421,PROD1450,1,3908.02
ORD12422,PROD1294,2,722.6
ORD12422,PROD1209,1,887.96
ORD12422,PROD1258,1,2893.3
ORD12422,PROD1293,1,1864.93
ORD12423,PROD1311,3,484.44
ORD12423,PROD1488,1,4757.02
ORD12423,PROD1186,2,4104.39
ORD12423,PROD1062,3,4160.81
ORD12424,PROD1312,1,224.22
ORD12425,PROD1181,1,656.02
ORD12425,PROD1206,1,597.21
ORD12425,PROD1180,3,1771.23
ORD12426,PROD1234,1,1056.69
ORD12426,PROD1124,1,1216.88
ORD12427,PROD1374,3,448.82
ORD12427,PROD1206,2,597.21
ORD12427,PROD1416,2,1536.73
ORD12428,PROD1254,1,930.51
ORD12428,PROD1060,1,2004.52
ORD12429,PROD1284,3,2933.57
ORD12430,PROD1238,1,3262.81
ORD12430,PROD1251,3,1986.98
ORD12431,PROD1370,1,593.81
ORD12431,PROD1020,3,3098.08
ORD12431,PROD1428,3,1819.48
ORD12432,PROD1045,1,3346.36
ORD12432,PROD1193,1,3202.2
ORD12432,PROD1056,3,533.61
ORD12432,PROD1041,2,2526.37
ORD12433,PROD1132,2,687.34
ORD12433,PROD1000,2,1935.25
ORD12433,PROD1231,2,2562.92
ORD12433,PROD1149,2,1465.37
ORD12434,PROD1313,3,4816.98
ORD12434,PROD1212,1,3294.61
ORD12435,PROD1139,3,4861.73
ORD12436,PROD1026,2,1078.4
ORD12436,PROD1341,1,2420.01
ORD12436,PROD1161,3,3198.3
ORD12437,PROD1092,1,3827.85
ORD12437,PROD1033,2,4749.54
ORD12437,PROD1114,1,3203.68
ORD12438,PROD1059,1,1694.12
ORD12438,PROD1281,1,1756.18
ORD12438,PROD1236,1,1475.78
ORD12438,PROD1125,1,2192.83
ORD12439,PROD1498,1,4874.53
ORD12439,PROD1070,3,3884.0
ORD12439,PROD1234,3,1056.69
ORD12439,PROD1278,1,3539.64
ORD12440,PROD1062,2,4160.81
ORD12440,PROD1069,3,4935.75
ORD12440,PROD1222,1,559.01
ORD12441,PROD1035,3,4061.15
ORD12441,PROD1388,1,3778.01
ORD12441,PROD1194,1,1761.25
ORD12442,PROD1272,1,4348.65
ORD12442,PROD1200,2,3245.96
ORD12442,PROD1153,3,2498.32
ORD12442,PROD1021,3,783.52
ORD12443,PROD1121,1,4490.85
ORD12443,PROD1265,3,3729.77
ORD12443,PROD1342,2,948.69
ORD12444,PROD1362,2,2345.44
ORD12444,PROD1282,2,1940.36
ORD12444,PROD1229,3,3192.58
ORD12444,PROD1481,2,3509.17
ORD12445,PROD1380,1,679.01
ORD12445,PROD1281,1,1756.18
ORD12445,PROD1145,1,280.75
ORD12445,PROD1390,2,4953.48
ORD12446,PROD1478,1,4849.58
ORD12446,PROD1233,3,2513.34
ORD12446,PROD1052,2,4703.54
ORD12447,PROD1059,3,1694.12
ORD12447,PROD1172,2,2609.26
ORD12447,PROD1071,2,1073.71
ORD12447,PROD1485,2,4515.67
ORD12448,PROD1395,3,4660.71
ORD12448,PROD1208,1,124.8
ORD12449,PROD1348,3,1935.6
ORD12449,PROD1304,3,3657.85
ORD12449,PROD1271,1,4069.56
ORD12449,PROD1488,2,4757.02
ORD12450,PROD1263,2,2639.82
ORD12450,PROD1109,2,477.2
ORD12451,PROD1238,2,3262.81
ORD12451,PROD1373,2,3446.73
ORD12451,PROD1211,1,3490.29
ORD12451,PROD1230,1,3994.58
ORD12452,PROD1254,3,930.51
ORD12453,PROD1456,2,155.63
ORD12454,PROD1297,1,1157.52
ORD12454,PROD1373,2,3446.73
ORD12454,PROD1471,2,4852.41
ORD12455,PROD1272,2,4348.65
ORD12456,PROD1149,2,1465.37
ORD12456,PROD1314,1,4196.3
ORD12457,PROD1011,3,4852.56
ORD12457,PROD1013,1,1140.46
ORD12457,PROD1029,2,327.61
ORD12457,PROD1438,3,3560.59
ORD12458,PROD1237,1,219.15
ORD12458,PROD1026,2,1078.4
ORD12458,PROD1483,2,3175.03
ORD12458,PROD1256,2,4687.16
ORD12459,PROD1297,2,1157.52
ORD12459,PROD1198,3,4446.72
ORD12460,PROD1190,1,556.2
ORD12460,PROD1361,2,3252.11
ORD12460,PROD1304,2,3657.85
ORD12461,PROD1006,1,384.61
ORD12461,PROD1080,1,4329.21
ORD12462,PROD1310,2,2250.96
ORD12463,PROD1151,1,1273.85
ORD12463,PROD1289,1,2995.08
ORD12463,PROD1125,2,2192.83
ORD12464,PROD1448,1,1943.67
ORD12464,PROD1044,1,1368.02
ORD12465,PROD1456,1,155.63
ORD12465,PROD1486,2,322.69
ORD12465,PROD1062,2,4160.81
ORD12465,PROD1406,1,2007.09
ORD12466,PROD1041,3,2526.37
ORD12466,PROD1240,3,4708.25
ORD12466,PROD1326,3,2816.33
ORD12467,PROD1215,3,1262.52
ORD12467,PROD1310,3,2250.96
ORD12467,PROD1055,3,4617.18
ORD12468,PROD1439,1,498.61
ORD12468,PROD1120,2,4056.46
ORD12468,PROD1201,1,512.29
ORD12469,PROD1073,1,4095.76
ORD12469,PROD1233,2,2513.34
ORD12470,PROD1095,1,2519.6
ORD12470,PROD1257,1,3510.55
ORD12470,PROD1279,3,3999.38
ORD12471,PROD1455,1,2513.86
ORD12471,PROD1231,2,2562.92
ORD12472,PROD1050,3,4850.96
ORD12472,PROD1216,3,1694.46
ORD12472,PROD1173,1,1209.83
ORD12473,PROD1116,1,4037.99
ORD12473,PROD1342,2,948.69
ORD12473,PROD1194,3,1761.25
ORD12473,PROD1232,2,2926.83
ORD12474,PROD1188,3,2695.29
ORD12474,PROD1167,1,1013.94
ORD12475,PROD1347,2,321.99
ORD12475,PROD1340,3,2508.92
ORD12475,PROD1394,3,1769.94
ORD12476,PROD1055,3,4617.18
ORD12477,PROD1478,1,4849.58
ORD12477,PROD1038,3,3452.74
ORD12477,PROD1297,1,1157.52
ORD12478,PROD1461,1,3281.13
ORD12478,PROD1122,1,1658.22
ORD12479,PROD1124,1,1216.88
ORD12479,PROD1133,1,1754.31
ORD12479,PROD1005,2,864.37
ORD12479,PROD1382,3,3181.82
ORD12480,PROD1235,2,3640.02
ORD12480,PROD1078,1,1856.48
ORD12480,PROD1034,3,4831.6
ORD12480,PROD1303,3,3223.41
ORD12481,PROD1286,2,2381.43
ORD12482,PROD1356,3,229.91
ORD12482,PROD1007,1,4344.26
ORD12482,PROD1261,1,4951.26
ORD12483,PROD1063,1,1848.09
ORD12483,PROD1387,3,969.45
ORD12483,PROD1287,3,2758.96
ORD12483,PROD1308,2,3996.41
ORD12484,PROD1443,2,1916.15
ORD12484,PROD1225,3,1295.55
ORD12484,PROD1332,3,170.53
ORD12484,PROD1416,3,1536.73
ORD12485,PROD1477,2,2813.89
ORD12486,PROD1306,2,2629.87
ORD12486,PROD1213,3,1198.92
ORD12487,PROD1027,1,2619.75
ORD12488,PROD1025,1,3947.36
ORD12488,PROD1119,1,2742.78
ORD12488,PROD1200,3,3245.96
ORD12489,PROD1253,3,1652.92
ORD12490,PROD1438,3,3560.59
ORD12490,PROD1340,1,2508.92
ORD12490,PROD1127,2,4317.58
ORD12490,PROD1185,2,3333.92
ORD12491,PROD1403,3,4149.64
ORD12491,PROD1003,3,3033.43
ORD12491,PROD1151,3,1273.85
ORD12492,PROD1066,3,790.53
ORD12492,PROD1221,1,2884.71
ORD12492,PROD1191,1,4496.36
ORD12493,PROD1494,2,2372.12
ORD12493,PROD1106,3,2110.88
ORD12494,PROD1080,1,4329.21
ORD12494,PROD1266,2,3515.38
ORD12494,PROD1165,2,4192.98
ORD12495,PROD1159,1,3668.26
ORD12495,PROD1362,2,2345.44
ORD12495,PROD1375,2,1662.98
ORD12496,PROD1475,2,4965.53
ORD12496,PROD1405,2,4488.06
ORD12496,PROD1399,2,3797.26
ORD12497,PROD1075,1,3672.14
ORD12497,PROD1004,3,864.49
ORD12497,PROD1217,3,3757.81
ORD12497,PROD1281,1,1756.18
ORD12498,PROD1484,1,2963.14
ORD12498,PROD1118,2,4473.54
ORD12498,PROD1189,1,1285.08
ORD12498,PROD1101,3,3218.41
ORD12499,PROD1138,2,1881.79
ORD12499,PROD1335,2,299.57
ORD12500,PROD1332,3,170.53
ORD12500,PROD1223,1,1901.81
ORD12501,PROD1474,3,2685.74
ORD12502,PROD1007,1,4344.26
ORD12502,PROD1348,3,1935.6
ORD12502,PROD1248,1,4821.74
ORD12502,PROD1243,3,1913.78
ORD12503,PROD1126,1,4108.27
ORD12504,PROD1281,2,1756.18
ORD12504,PROD1245,3,4648.76
ORD12504,PROD1414,3,3196.0
ORD12504,PROD1410,2,1664.64
ORD12505,PROD1334,3,325.41
ORD12506,PROD1491,1,3138.65
ORD12507,PROD1174,3,3261.35
ORD12507,PROD1231,1,2562.92
ORD12507,PROD1314,1,4196.3
ORD12507,PROD1468,3,1195.62
ORD12508,PROD1139,1,4861.73
ORD12508,PROD1192,2,4512.05
ORD12508,PROD1170,2,3420.07
ORD12509,PROD1188,1,2695.29
ORD12509,PROD1432,3,3129.27
ORD12509,PROD1214,3,3589.68
ORD12509,PROD1024,2,2334.74
ORD12510,PROD1348,2,1935.6
ORD12511,PROD1326,1,2816.33
ORD12512,PROD1070,3,3884.0
ORD12512,PROD1128,3,134.07
ORD12512,PROD1443,2,1916.15
ORD12512,PROD1289,3,2995.08
ORD12513,PROD1333,1,668.76
ORD12513,PROD1040,3,697.99
ORD12513,PROD1475,3,4965.53
ORD12513,PROD1361,2,3252.11
ORD12514,PROD1023,2,1895.17
ORD12515,PROD1295,1,2658.99
ORD12515,PROD1475,1,4965.53
ORD12515,PROD1326,3,2816.33
ORD12516,PROD1422,1,546.91
ORD12516,PROD1288,1,1504.05
ORD12516,PROD1417,1,1710.46
ORD12516,PROD1317,3,949.14
ORD12517,PROD1400,2,605.31
ORD12517,PROD1315,3,3510.27
ORD12518,PROD1342,1,948.69
ORD12518,PROD1180,2,1771.23
ORD12518,PROD1364,1,4713.18
ORD12518,PROD1404,2,1668.24
ORD12519,PROD1318,2,866.54
ORD12519,PROD1442,1,1933.93
ORD12519,PROD1081,1,3154.16
ORD12519,PROD1479,1,2663.18
ORD12520,PROD1105,2,1321.53
ORD12520,PROD1311,2,484.44
ORD12520,PROD1417,1,1710.46
ORD12521,PROD1381,1,3514.01
ORD12522,PROD1188,2,2695.29
ORD12522,PROD1214,2,3589.68
ORD12522,PROD1030,1,3076.97
ORD12523,PROD1077,2,462.82
ORD12523,PROD1022,1,1531.51
ORD12523,PROD1184,1,1363.91
ORD12523,PROD1034,1,4831.6
ORD12524,PROD1317,3,949.14
ORD12524,PROD1270,1,4065.87
ORD12524,PROD1157,2,3831.94
ORD12524,PROD1020,1,3098.08
ORD12525,PROD1425,1,2792.69
ORD12525,PROD1228,2,4471.03
ORD12525,PROD1495,2,1831.43
ORD12525,PROD1180,2,1771.23
ORD12526,PROD1313,1,4816.98
ORD12526,PROD1498,2,4874.53
ORD12527,PROD1098,1,224.55
ORD12527,PROD1108,1,1221.11
ORD12527,PROD1387,2,969.45
ORD12528,PROD1343,3,2225.87
ORD12528,PROD1208,2,124.8
ORD12528,PROD1408,1,4536.37
ORD12528,PROD1480,3,3184.05
ORD12529,PROD1416,2,1536.73
ORD12529,PROD1082,1,1721.4
ORD12530,PROD1302,1,2749.11
ORD12531,PROD1427,3,4449.75
ORD12531,PROD1451,3,2836.18
ORD12531,PROD1223,2,1901.81
ORD12532,PROD1050,3,4850.96
ORD12532,PROD1389,1,4053.49
ORD12532,PROD1144,3,1495.72
ORD12532,PROD1337,3,3547.92
ORD12533,PROD1010,2,200.86
ORD12534,PROD1356,3,229.91
ORD12534,PROD1368,3,1059.38
ORD12534,PROD1091,1,3594.9
ORD12534,PROD1008,2,3045.46
ORD12535,PROD1450,3,3908.02
ORD12535,PROD1118,3,4473.54
ORD12535,PROD1406,2,2007.09
ORD12535,PROD1189,2,1285.08
ORD12536,PROD1264,2,4399.13
ORD12536,PROD1244,3,175.74
ORD12536,PROD1259,2,576.16
ORD12537,PROD1376,2,4239.89
ORD12537,PROD1353,3,898.38
ORD12538,PROD1289,1,2995.08
ORD12538,PROD1473,3,4466.6
ORD12538,PROD1226,3,4867.75
ORD12539,PROD1474,3,2685.74
ORD12539,PROD1194,3,1761.25
ORD12539,PROD1420,1,3978.74
ORD12540,PROD1061,1,1429.61
ORD12540,PROD1016,2,1590.79
ORD12540,PROD1270,1,4065.87
ORD12540,PROD1025,1,3947.36
ORD12541,PROD1479,2,2663.18
ORD12541,PROD1285,2,276.12
ORD12542,PROD1095,3,2519.6
ORD12542,PROD1059,1,1694.12
ORD12542,PROD1482,3,2327.25
ORD12542,PROD1256,3,4687.16
ORD12543,PROD1474,2,2685.74
ORD12544,PROD1023,3,1895.17
ORD12544,PROD1226,1,4867.75
ORD12545,PROD1394,1,1769.94
ORD12546,PROD1057,2,1060.32
ORD12546,PROD1099,1,628.67
ORD12547,PROD1200,1,3245.96
ORD12548,PROD1462,2,3755.62
ORD12548,PROD1266,1,3515.38
ORD12548,PROD1150,2,4550.5
ORD12549,PROD1430,2,800.66
ORD12550,PROD1406,1,2007.09
ORD12551,PROD1132,3,687.34
ORD12551,PROD1098,1,224.55
ORD12551,PROD1177,1,1995.0
ORD12551,PROD1264,1,4399.13
ORD12552,PROD1261,2,4951.26
ORD12552,PROD1229,3,3192.58
ORD12553,PROD1484,1,2963.14
ORD12553,PROD1458,2,375.89
ORD12554,PROD1244,1,175.74
ORD12555,PROD1135,2,1683.69
ORD12555,PROD1095,1,2519.6
ORD12555,PROD1224,1,1399.49
ORD12555,PROD1007,1,4344.26
ORD12556,PROD1389,1,4053.49
ORD12557,PROD1086,2,3675.07
ORD12557,PROD1232,3,2926.83
ORD12557,PROD1288,2,1504.05
ORD12558,PROD1028,2,3002.83
ORD12558,PROD1490,1,2332.72
ORD12558,PROD1487,3,1476.72
ORD12558,PROD1278,2,3539.64
ORD12559,PROD1135,1,1683.69
ORD12559,PROD1235,1,3640.02
ORD12559,PROD1244,2,175.74
ORD12560,PROD1057,3,1060.32
ORD12561,PROD1099,2,628.67
ORD12561,PROD1103,2,2592.0
ORD12561,PROD1260,1,3113.54
ORD12561,PROD1277,2,3284.82
ORD12562,PROD1143,1,1574.3
ORD12563,PROD1498,2,4874.53
ORD12563,PROD1204,1,3071.5
ORD12563,PROD1074,3,3563.6
ORD12564,PROD1487,1,1476.72
ORD12564,PROD1131,2,1188.33
ORD12565,PROD1084,3,1623.81
ORD12565,PROD1330,2,1844.27
ORD12565,PROD1313,2,4816.98
ORD12565,PROD1115,2,4370.16
ORD12566,PROD1205,3,145.07
ORD12566,PROD1330,2,1844.27
ORD12566,PROD1067,1,4030.77
ORD12566,PROD1409,1,547.3
ORD12567,PROD1296,2,3872.97
ORD12567,PROD1003,3,3033.43
ORD12568,PROD1105,2,1321.53
ORD12569,PROD1266,2,3515.38
ORD12569,PROD1053,2,4484.65
ORD12569,PROD1485,2,4515.67
ORD12570,PROD1485,2,4515.67
ORD12570,PROD1075,2,3672.14
ORD12570,PROD1374,3,448.82
ORD12570,PROD1220,1,3322.3
ORD12571,PROD1434,3,512.12
ORD12571,PROD1105,2,1321.53
ORD12571,PROD1105,2,1321.53
ORD12572,PROD1132,2,687.34
ORD12572,PROD1440,3,515.7
ORD12573,PROD1390,2,4953.48
ORD12574,PROD1426,3,2263.5
ORD12574,PROD1211,3,3490.29
ORD12574,PROD1248,1,4821.74
ORD12575,PROD1259,2,576.16
ORD12575,PROD1306,2,2629.87
ORD12576,PROD1180,3,1771.23
ORD12576,PROD1209,2,887.96
ORD12577,PROD1141,3,1333.73
ORD12577,PROD1163,2,2725.3
ORD12578,PROD1133,3,1754.31
ORD12578,PROD1356,1,229.91
ORD12579,PROD1361,3,3252.11
ORD12579,PROD1358,3,4707.13
ORD12579,PROD1146,1,3086.87
ORD12580,PROD1444,3,4082.72
ORD12580,PROD1484,2,2963.14
ORD12580,PROD1217,3,3757.81
ORD12581,PROD1032,1,418.75
ORD12582,PROD1006,3,384.61
ORD12582,PROD1494,2,2372.12
ORD12582,PROD1226,3,4867.75
ORD12583,PROD1434,3,512.12
ORD12583,PROD1183,3,4398.96
ORD12584,PROD1135,1,1683.69
ORD12584,PROD1396,2,4306.22
ORD12584,PROD1287,2,2758.96
ORD12585,PROD1054,3,3029.71
ORD12585,PROD1298,1,3152.16
ORD12585,PROD1407,2,153.1
ORD12586,PROD1249,3,4279.75
ORD12586,PROD1436,1,456.54
ORD12587,PROD1191,2,4496.36
ORD12588,PROD1161,1,3198.3
ORD12589,PROD1437,2,4127.11
ORD12589,PROD1250,1,1542.8
ORD12590,PROD1476,3,461.6
ORD12590,PROD1233,3,2513.34
ORD12591,PROD1005,1,864.37
ORD12592,PROD1472,3,311.48
ORD12592,PROD1340,3,2508.92
ORD12592,PROD1441,2,4934.53
ORD12593,PROD1187,3,2820.48
ORD12593,PROD1013,2,1140.46
ORD12593,PROD1069,1,4935.75
ORD12593,PROD1138,3,1881.79
ORD12594,PROD1317,2,949.14
ORD12594,PROD1436,1,456.54
ORD12595,PROD1226,2,4867.75
ORD12596,PROD1179,3,773.85
ORD12596,PROD1023,2,1895.17
ORD12596,PROD1098,2,224.55
ORD12597,PROD1279,1,3999.38
ORD12597,PROD1462,3,3755.62
ORD12598,PROD1021,2,783.52
ORD12599,PROD1460,2,675.88
ORD12599,PROD1035,3,4061.15
ORD12599,PROD1293,3,1864.93
ORD12600,PROD1482,1,2327.25
ORD12600,PROD1435,2,3534.75
ORD12600,PROD1016,3,1590.79
ORD12600,PROD1367,2,4536.22
ORD12601,PROD1487,2,1476.72
ORD12601,PROD1383,3,4399.61
ORD12601,PROD1468,2,1195.62
ORD12601,PROD1345,3,3117.67
ORD12602,PROD1207,2,3351.16
ORD12602,PROD1295,1,2658.99
ORD12603,PROD1357,2,2970.3
ORD12604,PROD1375,2,1662.98
ORD12604,PROD1476,3,461.6
ORD12604,PROD1244,1,175.74
ORD12605,PROD1437,2,4127.11
ORD12605,PROD1375,2,1662.98
ORD12606,PROD1352,3,3327.6
ORD12606,PROD1328,2,2156.04
ORD12607,PROD1038,2,3452.74
ORD12607,PROD1435,2,3534.75
ORD12607,PROD1135,3,1683.69
ORD12607,PROD1361,2,3252.11
ORD12608,PROD1026,1,1078.4
ORD12608,PROD1076,2,3879.22
ORD12608,PROD1293,1,1864.93
ORD12608,PROD1254,2,930.51
ORD12609,PROD1181,3,656.02
ORD12609,PROD1285,3,276.12
ORD12609,PROD1478,2,4849.58
ORD12610,PROD1198,1,4446.72
ORD12611,PROD1147,3,2563.13
ORD12611,PROD1102,1,1640.34
ORD12611,PROD1410,2,1664.64
ORD12611,PROD1001,3,4758.5
ORD12612,PROD1113,1,4059.79
ORD12613,PROD1421,3,3969.13
ORD12613,PROD1053,2,4484.65
ORD12614,PROD1354,2,445.79
ORD12614,PROD1090,3,686.01
ORD12614,PROD1034,1,4831.6
ORD12615,PROD1035,2,4061.15
ORD12616,PROD1055,3,4617.18
ORD12616,PROD1066,3,790.53
ORD12616,PROD1312,2,224.22
ORD12616,PROD1168,1,299.8
ORD12617,PROD1151,1,1273.85
ORD12617,PROD1409,1,547.3
ORD12617,PROD1104,1,4547.08
ORD12617,PROD1366,3,4809.83
ORD12618,PROD1066,3,790.53
ORD12618,PROD1168,3,299.8
ORD12618,PROD1304,3,3657.85
ORD12618,PROD1027,1,2619.75
ORD12619,PROD1165,2,4192.98
ORD12619,PROD1403,3,4149.64
ORD12619,PROD1135,2,1683.69
ORD12619,PROD1067,1,4030.77
ORD12620,PROD1045,1,3346.36
ORD12620,PROD1185,3,3333.92
ORD12620,PROD1453,2,4541.14
ORD12620,PROD1322,3,3334.97
ORD12621,PROD1448,1,1943.67
ORD12622,PROD1277,2,3284.82
ORD12623,PROD1413,3,2909.85
ORD12623,PROD1493,1,1021.79
ORD12624,PROD1143,1,1574.3
ORD12624,PROD1195,2,1811.13
ORD12624,PROD1289,2,2995.08
ORD12624,PROD1256,1,4687.16
ORD12625,PROD1376,3,4239.89
ORD12626,PROD1254,1,930.51
ORD12626,PROD1372,1,562.77
ORD12626,PROD1023,2,1895.17
ORD12626,PROD1474,1,2685.74
ORD12627,PROD1213,1,1198.92
ORD12627,PROD1471,3,4852.41
ORD12628,PROD1384,3,3701.85
ORD12629,PROD1214,1,3589.68
ORD12629,PROD1335,1,299.57
ORD12630,PROD1286,2,2381.43
ORD12630,PROD1407,3,153.1
ORD12630,PROD1494,1,2372.12
ORD12631,PROD1432,3,3129.27
ORD12631,PROD1085,1,1693.4
ORD12631,PROD1085,2,1693.4
ORD12632,PROD1289,3,2995.08
ORD12632,PROD1394,1,1769.94
ORD12632,PROD1184,2,1363.91
ORD12633,PROD1199,2,3921.39
ORD12634,PROD1223,1,1901.81
ORD12635,PROD1196,2,3657.18
ORD12635,PROD1478,1,4849.58
ORD12635,PROD1284,1,2933.57
ORD12636,PROD1478,2,4849.58
ORD12637,PROD1272,1,4348.65
ORD12637,PROD1463,3,2958.51
ORD12638,PROD1449,1,509.15
ORD12638,PROD1259,2,576.16
ORD12638,PROD1403,1,4149.64
ORD12638,PROD1168,1,299.8
ORD12639,PROD1447,1,3791.55
ORD12639,PROD1002,1,3686.77
ORD12640,PROD1249,3,4279.75
ORD12640,PROD1002,1,3686.77
ORD12641,PROD1250,1,1542.8
ORD12641,PROD1142,3,2536.52
ORD12641,PROD1247,3,4836.61
ORD12642,PROD1195,3,1811.13
ORD12642,PROD1445,2,4741.52
ORD12642,PROD1194,2,1761.25
ORD12643,PROD1008,2,3045.46
ORD12644,PROD1226,1,4867.75
ORD12645,PROD1178,2,4689.98
ORD12645,PROD1002,1,3686.77
ORD12645,PROD1183,1,4398.96
ORD12646,PROD1481,2,3509.17
ORD12646,PROD1084,2,1623.81
ORD12647,PROD1383,3,4399.61
ORD12647,PROD1155,3,1286.07
ORD12647,PROD1183,2,4398.96
ORD12648,PROD1274,1,2605.58
ORD12648,PROD1082,3,1721.4
ORD12649,PROD1147,1,2563.13
ORD12649,PROD1284,1,2933.57
ORD12649,PROD1383,1,4399.61
ORD12650,PROD1432,1,3129.27
ORD12650,PROD1123,2,639.25
ORD12651,PROD1032,1,418.75
ORD12651,PROD1268,2,1861.51
ORD12651,PROD1215,3,1262.52
ORD12651,PROD1427,1,4449.75
ORD12652,PROD1459,2,682.21
ORD12652,PROD1376,3,4239.89
ORD12652,PROD1168,1,299.8
ORD12652,PROD1304,1,3657.85
ORD12653,PROD1154,3,4929.69
ORD12653,PROD1279,3,3999.38
ORD12654,PROD1240,1,4708.25
ORD12655,PROD1249,1,4279.75
ORD12655,PROD1401,1,4522.51
ORD12656,PROD1326,2,2816.33
ORD12657,PROD1258,3,2893.3
ORD12657,PROD1291,3,283.01
ORD12658,PROD1139,3,4861.73
ORD12659,PROD1183,2,4398.96
ORD12659,PROD1480,3,3184.05
ORD12659,PROD1015,1,998.68
ORD12659,PROD1220,1,3322.3
ORD12660,PROD1332,1,170.53
ORD12660,PROD1427,3,4449.75
ORD12660,PROD1256,1,4687.16
ORD12661,PROD1061,2,1429.61
ORD12661,PROD1481,1,3509.17
ORD12662,PROD1348,3,1935.6
ORD12662,PROD1285,2,276.12
ORD12662,PROD1413,1,2909.85
ORD12662,PROD1083,2,411.44
ORD12663,PROD1446,2,4931.41
ORD12663,PROD1003,3,3033.43
ORD12664,PROD1049,1,1005.79
ORD12664,PROD1269,1,1538.6
ORD12664,PROD1007,3,4344.26
ORD12665,PROD1247,1,4836.61
ORD12665,PROD1028,3,3002.83
ORD12665,PROD1182,1,4631.0
ORD12666,PROD1304,2,3657.85
ORD12666,PROD1018,2,2216.53
ORD12666,PROD1382,3,3181.82
ORD12666,PROD1450,3,3908.02
ORD12667,PROD1114,2,3203.68
ORD12667,PROD1358,3,4707.13
ORD12667,PROD1179,2,773.85
ORD12667,PROD1372,2,562.77
ORD12668,PROD1094,2,3877.74
ORD12669,PROD1094,3,3877.74
ORD12670,PROD1445,1,4741.52
ORD12670,PROD1144,3,1495.72
ORD12670,PROD1247,2,4836.61
ORD12670,PROD1180,2,1771.23
ORD12671,PROD1344,1,2052.67
ORD12672,PROD1219,3,4261.19
ORD12672,PROD1127,3,4317.58
ORD12673,PROD1403,3,4149.64
ORD12674,PROD1209,3,887.96
ORD12674,PROD1424,1,382.04
ORD12674,PROD1047,1,2648.33
ORD12675,PROD1433,3,595.5
ORD12675,PROD1499,2,4932.43
ORD12675,PROD1031,3,935.57
ORD12676,PROD1185,2,3333.92
ORD12677,PROD1230,2,3994.58
ORD12678,PROD1366,3,4809.83
ORD12678,PROD1099,1,628.67
ORD12678,PROD1199,3,3921.39
ORD12679,PROD1149,3,1465.37
ORD12680,PROD1142,1,2536.52
ORD12680,PROD1257,2,3510.55
ORD12681,PROD1111,3,889.98
ORD12681,PROD1098,3,224.55
ORD12682,PROD1011,2,4852.56
ORD12682,PROD1380,1,679.01
ORD12682,PROD1225,2,1295.55
ORD12683,PROD1178,2,4689.98
ORD12683,PROD1006,1,384.61
ORD12683,PROD1151,1,1273.85
ORD12683,PROD1322,2,3334.97
ORD12684,PROD1092,3,3827.85
ORD12685,PROD1195,2,1811.13
ORD12685,PROD1324,3,4778.84
ORD12686,PROD1444,3,4082.72
ORD12686,PROD1425,3,2792.69
ORD12686,PROD1061,3,1429.61
ORD12687,PROD1105,1,1321.53
ORD12688,PROD1374,1,448.82
ORD12688,PROD1416,1,1536.73
ORD12689,PROD1375,1,1662.98
ORD12689,PROD1206,1,597.21
ORD12689,PROD1259,3,576.16
ORD12689,PROD1275,2,2557.43
ORD12690,PROD1038,1,3452.74
ORD12691,PROD1085,3,1693.4
ORD12692,PROD1245,2,4648.76
ORD12692,PROD1494,1,2372.12
ORD12693,PROD1082,1,1721.4
ORD12693,PROD1064,2,1476.58
ORD12693,PROD1000,2,1935.25
ORD12694,PROD1225,2,1295.55
ORD12694,PROD1385,3,4037.06
ORD12695,PROD1027,3,2619.75
ORD12695,PROD1379,3,1481.09
ORD12695,PROD1286,3,2381.43
ORD12696,PROD1281,1,1756.18
ORD12696,PROD1182,1,4631.0
ORD12696,PROD1344,3,2052.67
ORD12696,PROD1134,2,4720.26
ORD12697,PROD1375,2,1662.98
ORD12697,PROD1000,1,1935.25
ORD12698,PROD1149,2,1465.37
ORD12698,PROD1479,2,2663.18
ORD12698,PROD1423,3,2522.66
ORD12698,PROD1189,3,1285.08
ORD12699,PROD1380,3,679.01
ORD12699,PROD1254,2,930.51
ORD12699,PROD1078,2,1856.48
ORD12700,PROD1301,3,2703.64
ORD12700,PROD1337,3,3547.92
ORD12701,PROD1163,3,2725.3
ORD12701,PROD1045,3,3346.36
ORD12702,PROD1292,2,4130.74
ORD12702,PROD1243,3,1913.78
ORD12703,PROD1156,3,3393.46
ORD12703,PROD1203,3,4502.92
ORD12703,PROD1145,2,280.75
ORD12703,PROD1478,2,4849.58
ORD12704,PROD1283,3,560.51
ORD12704,PROD1436,1,456.54
ORD12704,PROD1014,2,990.94
ORD12704,PROD1383,3,4399.61
ORD12705,PROD1111,2,889.98
ORD12705,PROD1032,1,418.75
ORD12705,PROD1418,1,3395.34
ORD12705,PROD1401,3,4522.51
ORD12706,PROD1291,3,283.01
ORD12706,PROD1353,2,898.38
ORD12706,PROD1236,3,1475.78
ORD12706,PROD1076,3,3879.22
ORD12707,PROD1105,1,1321.53
ORD12708,PROD1117,2,1014.19
ORD12708,PROD1349,2,3166.71
ORD12708,PROD1175,1,954.4
ORD12709,PROD1139,1,4861.73
ORD12710,PROD1324,1,4778.84
ORD12710,PROD1338,2,2423.45
ORD12710,PROD1440,3,515.7
ORD12710,PROD1283,1,560.51
ORD12711,PROD1206,2,597.21
ORD12711,PROD1146,2,3086.87
ORD12711,PROD1494,3,2372.12
ORD12712,PROD1150,3,4550.5
ORD12712,PROD1457,3,2396.44
ORD12712,PROD1405,3,4488.06
ORD12713,PROD1153,1,2498.32
ORD12713,PROD1384,2,3701.85
ORD12713,PROD1499,2,4932.43
ORD12714,PROD1007,1,4344.26
ORD12715,PROD1078,1,1856.48
ORD12716,PROD1059,3,1694.12
ORD12717,PROD1311,3,484.44
ORD12717,PROD1127,1,4317.58
ORD12717,PROD1121,3,4490.85
ORD12718,PROD1080,2,4329.21
ORD12718,PROD1021,2,783.52
ORD12719,PROD1378,2,4090.9
ORD12719,PROD1455,2,2513.86
ORD12719,PROD1366,2,4809.83
ORD12719,PROD1007,2,4344.26
ORD12720,PROD1467,2,4356.14
ORD12720,PROD1474,3,2685.74
ORD12720,PROD1411,1,4755.3
ORD12721,PROD1254,1,930.51
ORD12721,PROD1445,3,4741.52
ORD12721,PROD1342,1,948.69
ORD12721,PROD1324,1,4778.84
ORD12722,PROD1326,3,2816.33
ORD12722,PROD1063,2,1848.09
ORD12722,PROD1263,2,2639.82
ORD12723,PROD1148,3,352.25
ORD12724,PROD1443,3,1916.15
ORD12725,PROD1322,3,3334.97
ORD12725,PROD1004,3,864.49
ORD12726,PROD1382,1,3181.82
ORD12726,PROD1036,2,1592.61
ORD12726,PROD1478,2,4849.58
ORD12726,PROD1026,1,1078.4
ORD12727,PROD1202,1,891.98
ORD12727,PROD1179,3,773.85
ORD12728,PROD1270,3,4065.87
ORD12728,PROD1388,2,3778.01
ORD12728,PROD1014,3,990.94
ORD12728,PROD1000,3,1935.25
ORD12729,PROD1372,2,562.77
ORD12729,PROD1213,2,1198.92
ORD12729,PROD1026,2,1078.4
ORD12729,PROD1225,2,1295.55
ORD12730,PROD1051,3,3898.15
ORD12730,PROD1485,1,4515.67
ORD12730,PROD1469,3,4819.79
ORD12731,PROD1120,3,4056.46
ORD12731,PROD1041,1,2526.37
ORD12731,PROD1183,1,4398.96
ORD12731,PROD1044,1,1368.02
ORD12732,PROD1274,2,2605.58
ORD12732,PROD1208,3,124.8
ORD12733,PROD1394,3,1769.94
ORD12733,PROD1194,1,1761.25
ORD12733,PROD1321,3,3601.52
ORD12734,PROD1234,1,1056.69
ORD12734,PROD1129,2,2602.66
ORD12734,PROD1075,2,3672.14
ORD12734,PROD1444,1,4082.72
ORD12735,PROD1350,2,2565.37
ORD12736,PROD1431,1,3831.4
ORD12737,PROD1001,1,4758.5
ORD12737,PROD1335,2,299.57
ORD12738,PROD1239,1,967.84
ORD12739,PROD1355,2,3247.85
ORD12739,PROD1307,2,1682.49
ORD12739,PROD1322,1,3334.97
ORD12740,PROD1305,1,4881.68
ORD12740,PROD1100,3,254.0
ORD12740,PROD1118,1,4473.54
ORD12741,PROD1072,2,127.06
ORD12741,PROD1448,3,1943.67
ORD12741,PROD1311,3,484.44
ORD12742,PROD1063,1,1848.09
ORD12742,PROD1309,3,1427.08
ORD12743,PROD1180,1,1771.23
ORD12744,PROD1387,2,969.45
ORD12744,PROD1069,3,4935.75
ORD12744,PROD1434,3,512.12
ORD12744,PROD1357,2,2970.3
ORD12745,PROD1189,3,1285.08
ORD12745,PROD1255,3,2828.33
ORD12746,PROD1167,3,1013.94
ORD12747,PROD1209,3,887.96
ORD12747,PROD1006,2,384.61
ORD12747,PROD1010,1,200.86
ORD12747,PROD1199,1,3921.39
ORD12748,PROD1229,1,3192.58
ORD12748,PROD1251,2,1986.98
ORD12749,PROD1230,3,3994.58
ORD12749,PROD1223,1,1901.81
ORD12749,PROD1456,2,155.63
ORD12750,PROD1027,1,2619.75
ORD12751,PROD1388,2,3778.01
ORD12751,PROD1336,3,4291.76
ORD12751,PROD1100,3,254.0
ORD12752,PROD1488,2,4757.02
ORD12753,PROD1211,2,3490.29
ORD12753,PROD1362,1,2345.44
ORD12753,PROD1464,1,4814.65
ORD12753,PROD1429,1,673.63
ORD12754,PROD1368,2,1059.38
ORD12754,PROD1463,1,2958.51
ORD12754,PROD1096,1,2661.39
ORD12754,PROD1137,3,3544.79
ORD12755,PROD1379,2,1481.09
ORD12755,PROD1395,1,4660.71
ORD12755,PROD1403,2,4149.64
ORD12755,PROD1453,2,4541.14
ORD12756,PROD1421,1,3969.13
ORD12756,PROD1130,2,2145.31
ORD12756,PROD1419,2,3786.64
ORD12756,PROD1277,3,3284.82
ORD12757,PROD1061,2,1429.61
ORD12757,PROD1402,1,2575.74
ORD12757,PROD1362,1,2345.44
ORD12757,PROD1174,2,3261.35
ORD12758,PROD1040,2,697.99
ORD12758,PROD1185,3,3333.92
ORD12758,PROD1464,1,4814.65
ORD12759,PROD1185,2,3333.92
ORD12759,PROD1443,1,1916.15
ORD12759,PROD1081,2,3154.16
ORD12759,PROD1176,1,3485.59
ORD12760,PROD1212,3,3294.61
ORD12760,PROD1151,3,1273.85
ORD12760,PROD1165,1,4192.98
ORD12761,PROD1232,3,2926.83
ORD12761,PROD1003,3,3033.43
ORD12761,PROD1287,1,2758.96
ORD12761,PROD1172,2,2609.26
ORD12762,PROD1111,1,889.98
ORD12762,PROD1304,3,3657.85
ORD12762,PROD1349,3,3166.71
ORD12763,PROD1129,3,2602.66
ORD12764,PROD1495,1,1831.43
ORD12765,PROD1373,2,3446.73
ORD12765,PROD1234,2,1056.69
ORD12766,PROD1224,2,1399.49
ORD12766,PROD1274,2,2605.58
ORD12766,PROD1322,1,3334.97
ORD12767,PROD1448,1,1943.67
ORD12767,PROD1467,1,4356.14
ORD12768,PROD1138,1,1881.79
ORD12768,PROD1215,2,1262.52
ORD12768,PROD1313,1,4816.98
ORD12768,PROD1273,2,4574.88
ORD12769,PROD1271,2,4069.56
ORD12769,PROD1299,1,518.2
ORD12769,PROD1071,3,1073.71
ORD12770,PROD1485,1,4515.67
ORD12770,PROD1107,1,3802.2
ORD12770,PROD1498,2,4874.53
ORD12770,PROD1399,1,3797.26
ORD12771,PROD1016,1,1590.79
ORD12771,PROD1192,2,4512.05
ORD12772,PROD1125,1,2192.83
ORD12772,PROD1129,3,2602.66
ORD12773,PROD1128,1,134.07
ORD12773,PROD1011,2,4852.56
ORD12774,PROD1267,2,3542.17
ORD12774,PROD1056,2,533.61
ORD12775,PROD1338,3,2423.45
ORD12775,PROD1349,2,3166.71
ORD12775,PROD1142,1,2536.52
ORD12776,PROD1416,1,1536.73
ORD12777,PROD1263,3,2639.82
ORD12777,PROD1146,2,3086.87
ORD12777,PROD1435,2,3534.75
ORD12777,PROD1011,1,4852.56
ORD12778,PROD1161,2,3198.3
ORD12779,PROD1458,3,375.89
ORD12780,PROD1290,3,249.45
ORD12780,PROD1498,2,4874.53
ORD12780,PROD1499,2,4932.43
ORD12780,PROD1159,1,3668.26
ORD12781,PROD1213,2,1198.92
ORD12781,PROD1431,2,3831.4
ORD12781,PROD1455,2,2513.86
ORD12781,PROD1351,1,4296.8
ORD12782,PROD1395,1,4660.71
ORD12782,PROD1165,2,4192.98
ORD12782,PROD1481,1,3509.17
ORD12782,PROD1451,3,2836.18
ORD12783,PROD1259,2,576.16
ORD12783,PROD1305,2,4881.68
ORD12783,PROD1363,2,2773.52
ORD12784,PROD1263,2,2639.82
ORD12784,PROD1011,1,4852.56
ORD12784,PROD1418,1,3395.34
ORD12785,PROD1160,2,1902.14
ORD12785,PROD1113,2,4059.79
ORD12785,PROD1017,2,2671.31
ORD12786,PROD1300,3,353.24
ORD12787,PROD1300,1,353.24
ORD12787,PROD1451,3,2836.18
ORD12787,PROD1099,2,628.67
ORD12788,PROD1427,1,4449.75
ORD12788,PROD1275,3,2557.43
ORD12788,PROD1166,3,1671.82
ORD12788,PROD1294,1,722.6
ORD12789,PROD1309,2,1427.08
ORD12789,PROD1147,1,2563.13
ORD12790,PROD1237,3,219.15
ORD12790,PROD1283,1,560.51
ORD12790,PROD1319,2,1326.19
ORD12791,PROD1257,3,3510.55
ORD12791,PROD1386,3,1481.97
ORD12791,PROD1269,2,1538.6
ORD12791,PROD1464,2,4814.65
ORD12792,PROD1189,3,1285.08
ORD12792,PROD1486,2,322.69
ORD12793,PROD1410,1,1664.64
ORD12793,PROD1332,1,170.53
ORD12793,PROD1438,2,3560.59
ORD12793,PROD1124,3,1216.88
ORD12794,PROD1272,3,4348.65
ORD12794,PROD1277,2,3284.82
ORD12794,PROD1314,3,4196.3
ORD12794,PROD1299,2,518.2
ORD12795,PROD1213,2,1198.92
ORD12795,PROD1487,2,1476.72
ORD12795,PROD1061,3,1429.61
ORD12795,PROD1366,1,4809.83
ORD12796,PROD1111,1,889.98
ORD12796,PROD1477,3,2813.89
ORD12797,PROD1370,1,593.81
ORD12797,PROD1167,3,1013.94
ORD12797,PROD1073,1,4095.76
ORD12798,PROD1227,3,2026.18
ORD12798,PROD1082,1,1721.4
ORD12798,PROD1499,1,4932.43
ORD12798,PROD1393,1,3904.42
ORD12799,PROD1337,1,3547.92
ORD12799,PROD1262,1,786.41
ORD12799,PROD1413,2,2909.85
ORD12799,PROD1077,2,462.82
ORD12800,PROD1304,1,3657.85
ORD12800,PROD1184,3,1363.91
ORD12800,PROD1447,3,3791.55
ORD12801,PROD1080,2,4329.21
ORD12802,PROD1258,1,2893.3
ORD12802,PROD1475,2,4965.53
ORD12803,PROD1468,2,1195.62
ORD12803,PROD1368,1,1059.38
ORD12804,PROD1212,2,3294.61
ORD12804,PROD1390,3,4953.48
ORD12804,PROD1263,3,2639.82
ORD12804,PROD1469,2,4819.79
ORD12805,PROD1092,2,3827.85
ORD12805,PROD1252,1,4270.57
ORD12806,PROD1120,3,4056.46
ORD12807,PROD1357,1,2970.3
ORD12807,PROD1265,1,3729.77
ORD12808,PROD1138,3,1881.79
ORD12808,PROD1297,3,1157.52
ORD12808,PROD1079,1,667.76
ORD12809,PROD1266,3,3515.38
ORD12809,PROD1316,3,2103.87
ORD12810,PROD1303,1,3223.41
ORD12810,PROD1337,3,3547.92
ORD12810,PROD1471,3,4852.41
ORD12810,PROD1283,1,560.51
ORD12811,PROD1291,2,283.01
ORD12811,PROD1342,2,948.69
ORD12811,PROD1069,2,4935.75
ORD12811,PROD1362,2,2345.44
ORD12812,PROD1213,1,1198.92
ORD12812,PROD1470,3,159.56
ORD12813,PROD1422,1,546.91
ORD12814,PROD1235,1,3640.02
ORD12814,PROD1091,3,3594.9
ORD12814,PROD1317,2,949.14
ORD12815,PROD1151,3,1273.85
ORD12815,PROD1191,3,4496.36
ORD12815,PROD1120,2,4056.46
ORD12816,PROD1065,1,2759.21
ORD12816,PROD1321,2,3601.52
ORD12816,PROD1196,2,3657.18
ORD12816,PROD1045,2,3346.36
ORD12817,PROD1211,1,3490.29
ORD12817,PROD1168,1,299.8
ORD12818,PROD1301,1,2703.64
ORD12818,PROD1117,3,1014.19
ORD12819,PROD1094,3,3877.74
ORD12819,PROD1259,1,576.16
ORD12819,PROD1424,1,382.04
ORD12820,PROD1073,1,4095.76
ORD12820,PROD1361,3,3252.11
ORD12820,PROD1095,1,2519.6
ORD12820,PROD1291,1,283.01
ORD12821,PROD1357,2,2970.3
ORD12821,PROD1256,2,4687.16
ORD12821,PROD1473,1,4466.6
ORD12822,PROD1065,2,2759.21
ORD12822,PROD1149,3,1465.37
ORD12822,PROD1166,3,1671.82
ORD12823,PROD1473,2,4466.6
ORD12824,PROD1194,2,1761.25
ORD12825,PROD1240,1,4708.25
ORD12825,PROD1251,1,1986.98
ORD12825,PROD1050,1,4850.96
ORD12825,PROD1355,1,3247.85
ORD12826,PROD1484,1,2963.14
ORD12826,PROD1106,2,2110.88
ORD12826,PROD1300,2,353.24
ORD12827,PROD1169,1,2995.38
ORD12827,PROD1460,3,675.88
ORD12828,PROD1110,1,1519.78
ORD12829,PROD1100,1,254.0
ORD12829,PROD1294,2,722.6
ORD12829,PROD1457,3,2396.44
ORD12829,PROD1415,1,2297.38
ORD12830,PROD1118,3,4473.54
ORD12830,PROD1384,2,3701.85
ORD12830,PROD1259,2,576.16
ORD12830,PROD1398,2,3779.27
ORD12831,PROD1454,2,644.87
ORD12832,PROD1388,3,3778.01
ORD12832,PROD1053,3,4484.65
ORD12832,PROD1304,1,3657.85
ORD12832,PROD1006,3,384.61
ORD12833,PROD1424,1,382.04
ORD12833,PROD1148,3,352.25
ORD12833,PROD1287,3,2758.96
ORD12833,PROD1011,3,4852.56
ORD12834,PROD1094,1,3877.74
ORD12835,PROD1202,3,891.98
ORD12835,PROD1044,1,1368.02
ORD12835,PROD1033,1,4749.54
ORD12835,PROD1210,1,2788.8
ORD12836,PROD1225,2,1295.55
ORD12836,PROD1103,2,2592.0
ORD12836,PROD1474,1,2685.74
ORD12836,PROD1220,3,3322.3
ORD12837,PROD1448,1,1943.67
ORD12838,PROD1393,1,3904.42
ORD12838,PROD1221,2,2884.71
ORD12838,PROD1042,3,268.5
ORD12838,PROD1209,1,887.96
ORD12839,PROD1245,2,4648.76
ORD12840,PROD1260,2,3113.54
ORD12840,PROD1286,1,2381.43
ORD12840,PROD1015,2,998.68
ORD12841,PROD1083,3,411.44
ORD12842,PROD1057,1,1060.32
ORD12843,PROD1105,3,1321.53
ORD12843,PROD1135,1,1683.69
ORD12843,PROD1307,1,1682.49
ORD12844,PROD1324,2,4778.84
ORD12845,PROD1124,2,1216.88
ORD12845,PROD1179,1,773.85
ORD12845,PROD1461,1,3281.13
ORD12845,PROD1289,3,2995.08
ORD12846,PROD1012,1,4178.97
ORD12847,PROD1090,3,686.01
ORD12847,PROD1192,2,4512.05
ORD12848,PROD1226,2,4867.75
ORD12848,PROD1166,1,1671.82
ORD12848,PROD1250,3,1542.8
ORD12848,PROD1446,2,4931.41
ORD12849,PROD1108,1,1221.11
ORD12849,PROD1317,3,949.14
ORD12850,PROD1043,2,4555.67
ORD12850,PROD1429,3,673.63
ORD12851,PROD1200,2,3245.96
ORD12852,PROD1457,1,2396.44
ORD12852,PROD1483,2,3175.03
ORD12852,PROD1478,2,4849.58
ORD12852,PROD1414,2,3196.0
ORD12853,PROD1382,3,3181.82
ORD12853,PROD1027,1,2619.75
ORD12854,PROD1185,1,3333.92
ORD12854,PROD1194,2,1761.25
ORD12854,PROD1145,3,280.75
ORD12854,PROD1259,3,576.16
ORD12855,PROD1480,2,3184.05
ORD12856,PROD1010,3,200.86
ORD12856,PROD1366,1,4809.83
ORD12857,PROD1359,1,2919.82
ORD12858,PROD1489,2,4462.29
ORD12858,PROD1016,2,1590.79
ORD12858,PROD1369,1,439.87
ORD12858,PROD1335,3,299.57
ORD12859,PROD1060,1,2004.52
ORD12860,PROD1482,1,2327.25
ORD12860,PROD1243,1,1913.78
ORD12861,PROD1316,2,2103.87
ORD12861,PROD1020,1,3098.08
ORD12862,PROD1013,1,1140.46
ORD12862,PROD1351,2,4296.8
ORD12862,PROD1078,2,1856.48
ORD12863,PROD1271,3,4069.56
ORD12864,PROD1295,2,2658.99
ORD12865,PROD1217,1,3757.81
ORD12865,PROD1444,1,4082.72
ORD12866,PROD1434,2,512.12
ORD12866,PROD1394,3,1769.94
ORD12866,PROD1375,2,1662.98
ORD12867,PROD1438,3,3560.59
ORD12867,PROD1410,2,1664.64
ORD12867,PROD1405,1,4488.06
ORD12867,PROD1020,1,3098.08
ORD12868,PROD1412,3,4757.98
ORD12868,PROD1201,1,512.29
ORD12868,PROD1498,3,4874.53
ORD12868,PROD1138,2,1881.79
ORD12869,PROD1078,3,1856.48
ORD12869,PROD1479,2,2663.18
ORD12869,PROD1278,3,3539.64
ORD12869,PROD1198,1,4446.72
ORD12870,PROD1155,1,1286.07
ORD12870,PROD1075,1,3672.14
ORD12870,PROD1218,1,3283.2
ORD12870,PROD1323,2,1471.68
ORD12871,PROD1020,3,3098.08
ORD12872,PROD1137,1,3544.79
ORD12872,PROD1229,1,3192.58
ORD12872,PROD1325,3,3715.69
ORD12872,PROD1404,1,1668.24
ORD12873,PROD1098,2,224.55
ORD12873,PROD1062,1,4160.81
ORD12874,PROD1104,3,4547.08
ORD12874,PROD1110,3,1519.78
ORD12874,PROD1338,3,2423.45
ORD12875,PROD1468,2,1195.62
ORD12875,PROD1151,2,1273.85
ORD12875,PROD1041,2,2526.37
ORD12875,PROD1374,1,448.82
ORD12876,PROD1077,2,462.82
ORD12876,PROD1147,3,2563.13
ORD12877,PROD1333,3,668.76
ORD12877,PROD1084,3,1623.81
ORD12877,PROD1495,2,1831.43
ORD12878,PROD1069,3,4935.75
ORD12878,PROD1155,2,1286.07
ORD12878,PROD1116,3,4037.99
ORD12878,PROD1367,2,4536.22
ORD12879,PROD1328,3,2156.04
ORD12879,PROD1150,2,4550.5
ORD12880,PROD1059,1,1694.12
ORD12881,PROD1162,2,3204.3
ORD12882,PROD1195,1,1811.13
ORD12882,PROD1044,1,1368.02
ORD12883,PROD1269,2,1538.6
ORD12883,PROD1492,3,1459.17
ORD12883,PROD1324,3,4778.84
ORD12884,PROD1413,3,2909.85
ORD12884,PROD1114,2,3203.68
ORD12884,PROD1356,3,229.91
ORD12885,PROD1079,3,667.76
ORD12885,PROD1313,1,4816.98
ORD12885,PROD1285,2,276.12
ORD12885,PROD1407,3,153.1
ORD12886,PROD1154,2,4929.69
ORD12886,PROD1284,1,2933.57
ORD12887,PROD1284,1,2933.57
ORD12888,PROD1310,1,2250.96
ORD12889,PROD1332,2,170.53
ORD12889,PROD1068,3,465.3
ORD12889,PROD1479,1,2663.18
ORD12890,PROD1100,3,254.0
ORD12891,PROD1159,3,3668.26
ORD12891,PROD1186,2,4104.39
ORD12891,PROD1383,2,4399.61
ORD12891,PROD1443,1,1916.15
ORD12892,PROD1154,3,4929.69
ORD12892,PROD1354,3,445.79
ORD12892,PROD1489,1,4462.29
ORD12892,PROD1492,2,1459.17
ORD12893,PROD1427,1,4449.75
ORD12893,PROD1431,1,3831.4
ORD12893,PROD1361,1,3252.11
ORD12893,PROD1374,3,448.82
ORD12894,PROD1451,2,2836.18
ORD12894,PROD1215,2,1262.52
ORD12894,PROD1491,2,3138.65
ORD12894,PROD1489,2,4462.29
ORD12895,PROD1438,3,3560.59
ORD12895,PROD1289,2,2995.08
ORD12895,PROD1045,2,3346.36
ORD12896,PROD1405,2,4488.06
ORD12896,PROD1068,2,465.3
ORD12896,PROD1421,3,3969.13
ORD12896,PROD1104,3,4547.08
ORD12897,PROD1414,1,3196.0
ORD12897,PROD1308,3,3996.41
ORD12897,PROD1372,1,562.77
ORD12897,PROD1105,2,1321.53
ORD12898,PROD1026,2,1078.4
ORD12899,PROD1184,2,1363.91
ORD12899,PROD1133,1,1754.31
ORD12899,PROD1173,3,1209.83
ORD12899,PROD1280,3,4461.03
ORD12900,PROD1064,2,1476.58
ORD12901,PROD1289,3,2995.08
ORD12902,PROD1396,1,4306.22
ORD12902,PROD1314,1,4196.3
ORD12902,PROD1088,2,4447.34
ORD12902,PROD1246,2,2198.1
ORD12903,PROD1239,2,967.84
ORD12904,PROD1364,3,4713.18
ORD12905,PROD1405,2,4488.06
ORD12905,PROD1237,1,219.15
ORD12905,PROD1138,2,1881.79
ORD12905,PROD1164,2,542.42
ORD12906,PROD1184,2,1363.91
ORD12907,PROD1358,3,4707.13
ORD12907,PROD1190,1,556.2
ORD12907,PROD1162,2,3204.3
ORD12908,PROD1323,1,1471.68
ORD12908,PROD1477,2,2813.89
ORD12908,PROD1219,1,4261.19
ORD12909,PROD1473,1,4466.6
ORD12909,PROD1433,2,595.5
ORD12909,PROD1028,2,3002.83
ORD12909,PROD1237,3,219.15
ORD12910,PROD1278,1,3539.64
ORD12910,PROD1038,1,3452.74
ORD12911,PROD1085,1,1693.4
ORD12911,PROD1176,1,3485.59
ORD12911,PROD1458,1,375.89
ORD12911,PROD1093,3,2850.26
ORD12912,PROD1087,2,3224.03
ORD12913,PROD1297,2,1157.52
ORD12913,PROD1189,1,1285.08
ORD12913,PROD1354,1,445.79
ORD12913,PROD1468,2,1195.62
ORD12914,PROD1255,1,2828.33
ORD12914,PROD1285,1,276.12
ORD12914,PROD1434,3,512.12
ORD12915,PROD1290,2,249.45
ORD12915,PROD1315,3,3510.27
ORD12916,PROD1228,2,4471.03
ORD12916,PROD1026,2,1078.4
ORD12916,PROD1302,2,2749.11
ORD12916,PROD1495,3,1831.43
ORD12917,PROD1299,2,518.2
ORD12917,PROD1397,3,2202.07
ORD12917,PROD1396,3,4306.22
ORD12918,PROD1109,3,477.2
ORD12918,PROD1110,1,1519.78
ORD12919,PROD1139,3,4861.73
ORD12919,PROD1365,3,1991.9
ORD12919,PROD1177,1,1995.0
ORD12919,PROD1436,2,456.54
ORD12920,PROD1312,1,224.22
ORD12920,PROD1395,3,4660.71
ORD12920,PROD1220,3,3322.3
ORD12921,PROD1223,3,1901.81
ORD12921,PROD1051,3,3898.15
ORD12921,PROD1080,3,4329.21
ORD12921,PROD1148,3,352.25
ORD12922,PROD1455,3,2513.86
ORD12922,PROD1280,1,4461.03
ORD12922,PROD1394,1,1769.94
ORD12923,PROD1118,2,4473.54
ORD12923,PROD1265,1,3729.77
ORD12924,PROD1367,2,4536.22
ORD12924,PROD1384,3,3701.85
ORD12924,PROD1469,2,4819.79
ORD12924,PROD1069,1,4935.75
ORD12925,PROD1389,2,4053.49
ORD12925,PROD1360,1,2002.03
ORD12926,PROD1214,3,3589.68
ORD12926,PROD1132,3,687.34
ORD12926,PROD1390,1,4953.48
ORD12927,PROD1446,2,4931.41
ORD12927,PROD1075,2,3672.14
ORD12928,PROD1302,1,2749.11
ORD12928,PROD1465,1,1936.87
ORD12928,PROD1054,3,3029.71
ORD12929,PROD1034,1,4831.6
ORD12929,PROD1027,2,2619.75
ORD12930,PROD1128,3,134.07
ORD12930,PROD1099,3,628.67
ORD12930,PROD1477,1,2813.89
ORD12930,PROD1372,1,562.77
ORD12931,PROD1196,1,3657.18
ORD12932,PROD1430,2,800.66
ORD12932,PROD1055,1,4617.18
ORD12933,PROD1151,1,1273.85
ORD12933,PROD1190,1,556.2
ORD12934,PROD1487,2,1476.72
ORD12934,PROD1331,3,3813.45
ORD12934,PROD1275,3,2557.43
ORD12935,PROD1295,1,2658.99
ORD12935,PROD1233,1,2513.34
ORD12936,PROD1370,2,593.81
ORD12937,PROD1464,2,4814.65
ORD12937,PROD1230,2,3994.58
ORD12938,PROD1495,3,1831.43
ORD12938,PROD1209,1,887.96
ORD12938,PROD1039,2,2256.75
ORD12938,PROD1033,2,4749.54
ORD12939,PROD1289,3,2995.08
ORD12939,PROD1342,1,948.69
ORD12939,PROD1432,3,3129.27
ORD12939,PROD1335,2,299.57
ORD12940,PROD1325,3,3715.69
ORD12940,PROD1407,1,153.1
ORD12940,PROD1208,3,124.8
ORD12940,PROD1303,2,3223.41
ORD12941,PROD1264,2,4399.13
ORD12941,PROD1284,2,2933.57
ORD12941,PROD1451,2,2836.18
ORD12941,PROD1443,2,1916.15
ORD12942,PROD1141,3,1333.73
ORD12942,PROD1482,1,2327.25
ORD12943,PROD1343,1,2225.87
ORD12943,PROD1263,3,2639.82
ORD12943,PROD1167,3,1013.94
ORD12944,PROD1309,3,1427.08
ORD12944,PROD1126,2,4108.27
ORD12944,PROD1266,2,3515.38
ORD12944,PROD1027,3,2619.75
ORD12945,PROD1036,2,1592.61
ORD12945,PROD1375,1,1662.98
ORD12945,PROD1034,2,4831.6
ORD12945,PROD1133,2,1754.31
ORD12946,PROD1464,2,4814.65
ORD12946,PROD1181,3,656.02
ORD12946,PROD1479,3,2663.18
ORD12947,PROD1326,3,2816.33
ORD12947,PROD1428,1,1819.48
ORD12947,PROD1187,2,2820.48
ORD12948,PROD1333,3,668.76
ORD12948,PROD1151,3,1273.85
ORD12948,PROD1266,2,3515.38
ORD12948,PROD1199,2,3921.39
ORD12949,PROD1215,2,1262.52
ORD12949,PROD1428,3,1819.48
ORD12950,PROD1437,2,4127.11
ORD12951,PROD1005,1,864.37
ORD12951,PROD1218,1,3283.2
ORD12952,PROD1356,1,229.91
ORD12953,PROD1246,2,2198.1
ORD12953,PROD1256,1,4687.16
ORD12953,PROD1464,3,4814.65
ORD12954,PROD1037,1,578.59
ORD12954,PROD1362,3,2345.44
ORD12954,PROD1257,3,3510.55
ORD12954,PROD1081,1,3154.16
ORD12955,PROD1433,1,595.5
ORD12955,PROD1335,1,299.57
ORD12955,PROD1317,3,949.14
ORD12955,PROD1022,2,1531.51
ORD12956,PROD1445,2,4741.52
ORD12956,PROD1380,2,679.01
ORD12956,PROD1115,2,4370.16
ORD12956,PROD1203,3,4502.92
ORD12957,PROD1040,1,697.99
ORD12957,PROD1358,2,4707.13
ORD12957,PROD1006,1,384.61
ORD12957,PROD1349,2,3166.71
ORD12958,PROD1080,3,4329.21
ORD12958,PROD1340,3,2508.92
ORD12958,PROD1057,1,1060.32
ORD12958,PROD1301,2,2703.64
ORD12959,PROD1103,3,2592.0
ORD12959,PROD1111,2,889.98
ORD12960,PROD1432,1,3129.27
ORD12961,PROD1264,1,4399.13
ORD12961,PROD1198,3,4446.72
ORD12961,PROD1282,3,1940.36
ORD12962,PROD1240,2,4708.25
ORD12962,PROD1348,1,1935.6
ORD12962,PROD1322,2,3334.97
ORD12962,PROD1042,3,268.5
ORD12963,PROD1173,3,1209.83
ORD12963,PROD1415,3,2297.38
ORD12963,PROD1134,3,4720.26
ORD12963,PROD1329,1,1313.88
ORD12964,PROD1454,2,644.87
ORD12964,PROD1308,3,3996.41
ORD12964,PROD1062,3,4160.81
ORD12964,PROD1491,2,3138.65
ORD12965,PROD1006,3,384.61
ORD12965,PROD1374,1,448.82
ORD12965,PROD1305,1,4881.68
ORD12966,PROD1164,2,542.42
ORD12967,PROD1435,3,3534.75
ORD12967,PROD1380,2,679.01
ORD12967,PROD1446,3,4931.41
ORD12968,PROD1364,2,4713.18
ORD12969,PROD1020,2,3098.08
ORD12970,PROD1020,2,3098.08
ORD12970,PROD1231,2,2562.92
ORD12971,PROD1284,3,2933.57
ORD12971,PROD1324,3,4778.84
ORD12971,PROD1477,1,2813.89
ORD12971,PROD1459,1,682.21
ORD12972,PROD1137,3,3544.79
ORD12972,PROD1035,1,4061.15
ORD12972,PROD1094,2,3877.74
ORD12973,PROD1083,3,411.44
ORD12973,PROD1254,1,930.51
ORD12973,PROD1417,3,1710.46
ORD12973,PROD1164,2,542.42
ORD12974,PROD1485,3,4515.67
ORD12975,PROD1493,2,1021.79
ORD12976,PROD1068,1,465.3
ORD12976,PROD1277,1,3284.82
ORD12976,PROD1335,1,299.57
ORD12977,PROD1331,3,3813.45
ORD12978,PROD1259,2,576.16
ORD12978,PROD1368,2,1059.38
ORD12979,PROD1426,2,2263.5
ORD12979,PROD1352,2,3327.6
ORD12980,PROD1442,3,1933.93
ORD12980,PROD1485,1,4515.67
ORD12980,PROD1336,3,4291.76
ORD12981,PROD1177,3,1995.0
ORD12982,PROD1197,3,4495.84
ORD12982,PROD1098,3,224.55
ORD12982,PROD1005,3,864.37
ORD12982,PROD1287,1,2758.96
ORD12983,PROD1038,2,3452.74
ORD12984,PROD1194,1,1761.25
ORD12984,PROD1415,1,2297.38
ORD12985,PROD1368,2,1059.38
ORD12986,PROD1218,1,3283.2
ORD12986,PROD1002,1,3686.77
ORD12986,PROD1341,2,2420.01
ORD12987,PROD1283,3,560.51
ORD12987,PROD1370,2,593.81
ORD12988,PROD1093,3,2850.26
ORD12988,PROD1356,2,229.91
ORD12989,PROD1012,3,4178.97
ORD12989,PROD1405,1,4488.06
ORD12990,PROD1462,1,3755.62
ORD12990,PROD1382,3,3181.82
ORD12991,PROD1030,2,3076.97
ORD12992,PROD1358,1,4707.13
ORD12993,PROD1232,1,2926.83
ORD12993,PROD1005,2,864.37
ORD12993,PROD1104,3,4547.08
ORD12994,PROD1157,1,3831.94
ORD12994,PROD1012,1,4178.97
ORD12994,PROD1185,2,3333.92
ORD12994,PROD1221,1,2884.71
ORD12995,PROD1414,2,3196.0
ORD12995,PROD1058,2,321.61
ORD12995,PROD1402,2,2575.74
ORD12996,PROD1179,2,773.85
ORD12997,PROD1060,1,2004.52
ORD12997,PROD1424,3,382.04
ORD12998,PROD1085,1,1693.4
ORD12998,PROD1269,2,1538.6
ORD12999,PROD1189,3,1285.08
ORD12999,PROD1141,2,1333.73
ORD12999,PROD1176,1,3485.59
ORD13000,PROD1194,1,1761.25
ORD13000,PROD1000,1,1935.25
ORD13000,PROD1103,1,2592.0
ORD13001,PROD1248,2,4821.74
ORD13002,PROD1456,3,155.63
ORD13003,PROD1450,1,3908.02
ORD13003,PROD1268,2,1861.51
ORD13003,PROD1371,2,189.29
ORD13004,PROD1249,3,4279.75
ORD13004,PROD1220,1,3322.3
ORD13005,PROD1432,1,3129.27
ORD13006,PROD1022,2,1531.51
ORD13006,PROD1078,3,1856.48
ORD13006,PROD1117,3,1014.19
ORD13006,PROD1184,2,1363.91
ORD13007,PROD1302,1,2749.11
ORD13007,PROD1251,3,1986.98
ORD13007,PROD1088,3,4447.34
ORD13008,PROD1237,3,219.15
ORD13008,PROD1391,1,2121.83
ORD13008,PROD1291,1,283.01
ORD13008,PROD1425,2,2792.69
ORD13009,PROD1036,2,1592.61
ORD13010,PROD1396,3,4306.22
ORD13010,PROD1237,2,219.15
ORD13011,PROD1494,2,2372.12
ORD13011,PROD1402,2,2575.74
ORD13011,PROD1202,3,891.98
ORD13011,PROD1413,2,2909.85
ORD13012,PROD1251,1,1986.98
ORD13013,PROD1107,2,3802.2
ORD13013,PROD1114,1,3203.68
ORD13014,PROD1230,3,3994.58
ORD13014,PROD1283,3,560.51
ORD13014,PROD1317,1,949.14
ORD13014,PROD1249,2,4279.75
ORD13015,PROD1164,3,542.42
ORD13016,PROD1480,3,3184.05
ORD13016,PROD1284,2,2933.57
ORD13017,PROD1383,3,4399.61
ORD13017,PROD1372,2,562.77
ORD13018,PROD1161,2,3198.3
ORD13018,PROD1160,2,1902.14
ORD13018,PROD1393,1,3904.42
ORD13018,PROD1489,2,4462.29
ORD13019,PROD1339,1,579.39
ORD13019,PROD1002,2,3686.77
ORD13020,PROD1247,2,4836.61
ORD13020,PROD1043,3,4555.67
ORD13020,PROD1032,1,418.75
ORD13021,PROD1303,1,3223.41
ORD13021,PROD1042,3,268.5
ORD13022,PROD1229,2,3192.58
ORD13022,PROD1479,2,2663.18
ORD13022,PROD1082,3,1721.4
ORD13023,PROD1174,1,3261.35
ORD13023,PROD1135,2,1683.69
ORD13023,PROD1106,3,2110.88
ORD13023,PROD1150,1,4550.5
ORD13024,PROD1036,3,1592.61
ORD13024,PROD1267,1,3542.17
ORD13024,PROD1073,1,4095.76
ORD13025,PROD1014,3,990.94
ORD13025,PROD1335,2,299.57
ORD13026,PROD1153,1,2498.32
ORD13026,PROD1304,2,3657.85
ORD13027,PROD1447,1,3791.55
ORD13027,PROD1272,1,4348.65
ORD13027,PROD1417,2,1710.46
ORD13028,PROD1131,3,1188.33
ORD13028,PROD1198,3,4446.72
ORD13028,PROD1324,2,4778.84
ORD13029,PROD1213,3,1198.92
ORD13029,PROD1322,2,3334.97
ORD13030,PROD1383,1,4399.61
ORD13030,PROD1442,3,1933.93
ORD13030,PROD1461,3,3281.13
ORD13030,PROD1112,3,4655.52
ORD13031,PROD1468,1,1195.62
ORD13031,PROD1025,2,3947.36
ORD13031,PROD1127,3,4317.58
ORD13032,PROD1461,2,3281.13
ORD13032,PROD1401,1,4522.51
ORD13032,PROD1011,3,4852.56
ORD13032,PROD1165,3,4192.98
ORD13033,PROD1354,2,445.79
ORD13033,PROD1252,3,4270.57
ORD13034,PROD1293,2,1864.93
ORD13034,PROD1143,2,1574.3
ORD13034,PROD1208,3,124.8
ORD13035,PROD1090,2,686.01
ORD13035,PROD1485,1,4515.67
ORD13035,PROD1465,2,1936.87
ORD13035,PROD1110,1,1519.78
ORD13036,PROD1327,2,3097.43
ORD13036,PROD1293,3,1864.93
ORD13037,PROD1250,3,1542.8
ORD13037,PROD1226,2,4867.75
ORD13037,PROD1166,1,1671.82
ORD13037,PROD1030,3,3076.97
ORD13038,PROD1418,2,3395.34
ORD13038,PROD1117,3,1014.19
ORD13038,PROD1406,1,2007.09
ORD13038,PROD1391,3,2121.83
ORD13039,PROD1049,2,1005.79
ORD13039,PROD1326,1,2816.33
ORD13039,PROD1111,3,889.98
ORD13040,PROD1076,2,3879.22
ORD13040,PROD1184,2,1363.91
ORD13041,PROD1162,1,3204.3
ORD13041,PROD1020,2,3098.08
ORD13041,PROD1064,3,1476.58
ORD13041,PROD1065,2,2759.21
ORD13042,PROD1471,3,4852.41
ORD13042,PROD1409,1,547.3
ORD13042,PROD1391,2,2121.83
ORD13043,PROD1203,2,4502.92
ORD13043,PROD1163,3,2725.3
ORD13044,PROD1363,2,2773.52
ORD13044,PROD1033,2,4749.54
ORD13044,PROD1381,2,3514.01
ORD13044,PROD1368,2,1059.38
ORD13045,PROD1184,1,1363.91
ORD13045,PROD1393,3,3904.42
ORD13045,PROD1343,3,2225.87
ORD13045,PROD1017,1,2671.31
ORD13046,PROD1491,3,3138.65
ORD13046,PROD1412,2,4757.98
ORD13046,PROD1082,1,1721.4
ORD13046,PROD1421,1,3969.13
ORD13047,PROD1050,1,4850.96
ORD13048,PROD1023,1,1895.17
ORD13048,PROD1121,2,4490.85
ORD13048,PROD1465,1,1936.87
ORD13049,PROD1184,1,1363.91
ORD13049,PROD1249,3,4279.75
ORD13049,PROD1424,1,382.04
ORD13050,PROD1148,1,352.25
ORD13050,PROD1067,2,4030.77
ORD13051,PROD1299,1,518.2
ORD13051,PROD1123,3,639.25
ORD13051,PROD1283,2,560.51
ORD13051,PROD1291,2,283.01
ORD13052,PROD1182,3,4631.0
ORD13053,PROD1137,2,3544.79
ORD13053,PROD1037,3,578.59
ORD13053,PROD1048,1,2778.88
ORD13053,PROD1071,1,1073.71
ORD13054,PROD1278,3,3539.64
ORD13054,PROD1287,1,2758.96
ORD13054,PROD1217,1,3757.81
ORD13055,PROD1455,2,2513.86
ORD13055,PROD1169,3,2995.38
ORD13055,PROD1016,2,1590.79
ORD13056,PROD1056,3,533.61
ORD13056,PROD1358,2,4707.13
ORD13056,PROD1188,3,2695.29
ORD13056,PROD1043,1,4555.67
ORD13057,PROD1311,3,484.44
ORD13058,PROD1006,1,384.61
ORD13058,PROD1110,2,1519.78
ORD13058,PROD1129,1,2602.66
ORD13059,PROD1337,3,3547.92
ORD13060,PROD1350,2,2565.37
ORD13061,PROD1407,2,153.1
ORD13061,PROD1111,1,889.98
ORD13061,PROD1104,2,4547.08
ORD13061,PROD1206,3,597.21
ORD13062,PROD1036,2,1592.61
ORD13062,PROD1204,2,3071.5
ORD13062,PROD1248,2,4821.74
ORD13062,PROD1485,3,4515.67
ORD13063,PROD1075,3,3672.14
ORD13063,PROD1269,3,1538.6
ORD13063,PROD1097,1,2194.95
ORD13063,PROD1497,2,480.9
ORD13064,PROD1363,1,2773.52
ORD13065,PROD1266,2,3515.38
ORD13065,PROD1032,3,418.75
ORD13065,PROD1296,3,3872.97
ORD13066,PROD1154,1,4929.69
ORD13067,PROD1382,2,3181.82
ORD13068,PROD1004,1,864.49
ORD13068,PROD1445,2,4741.52
ORD13068,PROD1287,3,2758.96
ORD13069,PROD1167,1,1013.94
ORD13069,PROD1028,2,3002.83
ORD13070,PROD1105,3,1321.53
ORD13070,PROD1276,2,4011.65
ORD13070,PROD1463,2,2958.51
ORD13071,PROD1135,1,1683.69
ORD13071,PROD1223,1,1901.81
ORD13071,PROD1113,1,4059.79
ORD13071,PROD1259,3,576.16
ORD13072,PROD1274,3,2605.58
ORD13072,PROD1228,2,4471.03
ORD13072,PROD1366,1,4809.83
ORD13073,PROD1028,3,3002.83
ORD13073,PROD1016,2,1590.79
ORD13074,PROD1174,2,3261.35
ORD13074,PROD1073,1,4095.76
ORD13075,PROD1095,3,2519.6
ORD13075,PROD1001,1,4758.5
ORD13075,PROD1201,3,512.29
ORD13075,PROD1036,3,1592.61
ORD13076,PROD1399,1,3797.26
ORD13077,PROD1211,1,3490.29
ORD13077,PROD1443,2,1916.15
ORD13077,PROD1440,1,515.7
ORD13078,PROD1329,3,1313.88
ORD13079,PROD1255,1,2828.33
ORD13079,PROD1227,3,2026.18
ORD13079,PROD1348,1,1935.6
ORD13080,PROD1010,2,200.86
ORD13080,PROD1193,1,3202.2
ORD13080,PROD1223,1,1901.81
ORD13081,PROD1268,3,1861.51
ORD13081,PROD1341,3,2420.01
ORD13081,PROD1447,1,3791.55
ORD13082,PROD1338,2,2423.45
ORD13082,PROD1079,3,667.76
ORD13082,PROD1094,2,3877.74
ORD13083,PROD1022,1,1531.51
ORD13083,PROD1440,2,515.7
ORD13083,PROD1392,3,1922.89
ORD13083,PROD1434,2,512.12
ORD13084,PROD1198,2,4446.72
ORD13084,PROD1293,2,1864.93
ORD13084,PROD1299,1,518.2
ORD13084,PROD1344,1,2052.67
ORD13085,PROD1238,2,3262.81
ORD13085,PROD1371,3,189.29
ORD13085,PROD1231,2,2562.92
ORD13086,PROD1135,1,1683.69
ORD13086,PROD1284,1,2933.57
ORD13086,PROD1012,2,4178.97
ORD13087,PROD1256,1,4687.16
ORD13088,PROD1175,3,954.4
ORD13089,PROD1193,3,3202.2
ORD13089,PROD1366,2,4809.83
ORD13090,PROD1010,2,200.86
ORD13090,PROD1284,3,2933.57
ORD13091,PROD1204,3,3071.5
ORD13092,PROD1451,1,2836.18
ORD13092,PROD1269,3,1538.6
ORD13093,PROD1320,1,2791.21
ORD13094,PROD1187,2,2820.48
ORD13094,PROD1437,2,4127.11
ORD13094,PROD1372,3,562.77
ORD13095,PROD1027,1,2619.75
ORD13095,PROD1349,3,3166.71
ORD13096,PROD1236,2,1475.78
ORD13096,PROD1180,3,1771.23
ORD13096,PROD1409,3,547.3
ORD13097,PROD1072,1,127.06
ORD13097,PROD1090,2,686.01
ORD13098,PROD1442,2,1933.93
ORD13098,PROD1405,1,4488.06
ORD13098,PROD1235,1,3640.02
ORD13099,PROD1229,3,3192.58
ORD13099,PROD1253,2,1652.92
ORD13099,PROD1439,3,498.61
ORD13099,PROD1161,2,3198.3
ORD13100,PROD1428,3,1819.48
ORD13100,PROD1239,1,967.84
ORD13100,PROD1236,1,1475.78
ORD13101,PROD1341,1,2420.01
ORD13101,PROD1473,2,4466.6
ORD13101,PROD1294,2,722.6
ORD13102,PROD1342,3,948.69
ORD13103,PROD1374,3,448.82
ORD13103,PROD1016,3,1590.79
ORD13104,PROD1438,3,3560.59
ORD13104,PROD1131,2,1188.33
ORD13104,PROD1496,3,2959.91
ORD13105,PROD1131,1,1188.33
ORD13105,PROD1081,3,3154.16
ORD13105,PROD1339,2,579.39
ORD13105,PROD1295,3,2658.99
ORD13106,PROD1293,1,1864.93
ORD13106,PROD1392,1,1922.89
ORD13106,PROD1188,1,2695.29
ORD13107,PROD1035,3,4061.15
ORD13108,PROD1077,1,462.82
ORD13108,PROD1336,1,4291.76
ORD13108,PROD1027,2,2619.75
ORD13109,PROD1127,3,4317.58
ORD13109,PROD1166,3,1671.82
ORD13109,PROD1152,3,809.98
ORD13110,PROD1002,3,3686.77
ORD13111,PROD1100,1,254.0
ORD13111,PROD1382,3,3181.82
ORD13112,PROD1346,3,3211.96
ORD13113,PROD1321,2,3601.52
ORD13113,PROD1192,2,4512.05
ORD13113,PROD1386,1,1481.97
ORD13113,PROD1151,1,1273.85
ORD13114,PROD1387,1,969.45
ORD13114,PROD1077,1,462.82
ORD13114,PROD1464,3,4814.65
ORD13114,PROD1171,1,181.28
ORD13115,PROD1153,2,2498.32
ORD13116,PROD1208,1,124.8
ORD13116,PROD1203,2,4502.92
ORD13117,PROD1047,3,2648.33
ORD13117,PROD1245,1,4648.76
ORD13117,PROD1030,1,3076.97
ORD13117,PROD1182,2,4631.0
ORD13118,PROD1244,3,175.74
ORD13118,PROD1479,1,2663.18
ORD13118,PROD1442,3,1933.93
ORD13119,PROD1301,3,2703.64
ORD13119,PROD1256,2,4687.16
ORD13120,PROD1065,1,2759.21
ORD13120,PROD1001,1,4758.5
ORD13120,PROD1494,1,2372.12
ORD13121,PROD1338,3,2423.45
ORD13121,PROD1302,1,2749.11
ORD13121,PROD1128,2,134.07
ORD13122,PROD1287,1,2758.96
ORD13123,PROD1266,1,3515.38
ORD13123,PROD1403,2,4149.64
ORD13123,PROD1007,2,4344.26
ORD13123,PROD1219,2,4261.19
ORD13124,PROD1201,1,512.29
ORD13124,PROD1489,3,4462.29
ORD13125,PROD1321,1,3601.52
ORD13125,PROD1227,2,2026.18
ORD13125,PROD1199,2,3921.39
ORD13126,PROD1349,3,3166.71
ORD13126,PROD1101,1,3218.41
ORD13126,PROD1135,1,1683.69
ORD13126,PROD1450,2,3908.02
ORD13127,PROD1029,1,327.61
ORD13127,PROD1410,3,1664.64
ORD13127,PROD1298,1,3152.16
ORD13127,PROD1132,2,687.34
ORD13128,PROD1363,3,2773.52
ORD13128,PROD1451,2,2836.18
ORD13128,PROD1471,3,4852.41
ORD13128,PROD1454,1,644.87
ORD13129,PROD1262,2,786.41
ORD13129,PROD1293,1,1864.93
ORD13130,PROD1052,3,4703.54
ORD13131,PROD1018,1,2216.53
ORD13131,PROD1451,3,2836.18
ORD13131,PROD1131,1,1188.33
ORD13131,PROD1012,2,4178.97
ORD13132,PROD1139,3,4861.73
ORD13132,PROD1381,1,3514.01
ORD13133,PROD1087,1,3224.03
ORD13133,PROD1253,1,1652.92
ORD13133,PROD1051,2,3898.15
ORD13133,PROD1246,1,2198.1
ORD13134,PROD1131,2,1188.33
ORD13134,PROD1176,1,3485.59
ORD13134,PROD1051,3,3898.15
ORD13134,PROD1033,3,4749.54
ORD13135,PROD1037,3,578.59
ORD13135,PROD1360,1,2002.03
ORD13135,PROD1245,2,4648.76
ORD13135,PROD1234,2,1056.69
ORD13136,PROD1327,2,3097.43
ORD13136,PROD1165,1,4192.98
ORD13136,PROD1209,3,887.96
ORD13137,PROD1133,3,1754.31
ORD13137,PROD1264,1,4399.13
ORD13137,PROD1405,2,4488.06
ORD13137,PROD1173,3,1209.83
ORD13138,PROD1037,3,578.59
ORD13139,PROD1429,3,673.63
ORD13139,PROD1484,1,2963.14
ORD13140,PROD1078,2,1856.48
ORD13140,PROD1037,2,578.59
ORD13141,PROD1357,2,2970.3
ORD13141,PROD1426,1,2263.5
ORD13141,PROD1127,3,4317.58
ORD13142,PROD1368,1,1059.38
ORD13142,PROD1082,2,1721.4
ORD13143,PROD1455,3,2513.86
ORD13143,PROD1216,2,1694.46
ORD13143,PROD1201,2,512.29
ORD13143,PROD1277,3,3284.82
ORD13144,PROD1253,3,1652.92
ORD13144,PROD1385,1,4037.06
ORD13144,PROD1250,1,1542.8
ORD13145,PROD1427,3,4449.75
ORD13146,PROD1194,1,1761.25
ORD13146,PROD1491,2,3138.65
ORD13146,PROD1470,2,159.56
ORD13146,PROD1087,2,3224.03
ORD13147,PROD1449,3,509.15
ORD13147,PROD1295,3,2658.99
ORD13147,PROD1405,3,4488.06
ORD13148,PROD1274,3,2605.58
ORD13148,PROD1019,2,1527.02
ORD13148,PROD1374,2,448.82
ORD13148,PROD1072,1,127.06
ORD13149,PROD1309,3,1427.08
ORD13149,PROD1081,1,3154.16
ORD13149,PROD1295,3,2658.99
ORD13150,PROD1111,3,889.98
ORD13150,PROD1234,1,1056.69
ORD13150,PROD1150,2,4550.5
ORD13150,PROD1374,3,448.82
ORD13151,PROD1359,3,2919.82
ORD13151,PROD1065,2,2759.21
ORD13152,PROD1470,1,159.56
ORD13152,PROD1251,3,1986.98
ORD13152,PROD1262,3,786.41
ORD13153,PROD1395,2,4660.71
ORD13153,PROD1312,2,224.22
ORD13154,PROD1491,1,3138.65
ORD13154,PROD1276,3,4011.65
ORD13154,PROD1403,1,4149.64
ORD13155,PROD1319,3,1326.19
ORD13155,PROD1224,1,1399.49
ORD13155,PROD1455,1,2513.86
ORD13156,PROD1483,2,3175.03
ORD13157,PROD1266,2,3515.38
ORD13157,PROD1285,1,276.12
ORD13157,PROD1312,1,224.22
ORD13157,PROD1096,3,2661.39
ORD13158,PROD1122,3,1658.22
ORD13159,PROD1085,2,1693.4
ORD13159,PROD1460,3,675.88
ORD13160,PROD1005,2,864.37
ORD13160,PROD1442,1,1933.93
ORD13160,PROD1309,2,1427.08
ORD13160,PROD1272,3,4348.65
ORD13161,PROD1241,3,4774.25
ORD13161,PROD1474,2,2685.74
ORD13162,PROD1078,1,1856.48
ORD13162,PROD1310,2,2250.96
ORD13162,PROD1303,2,3223.41
ORD13162,PROD1057,1,1060.32
ORD13163,PROD1029,2,327.61
ORD13163,PROD1150,1,4550.5
ORD13164,PROD1258,2,2893.3
ORD13165,PROD1029,1,327.61
ORD13165,PROD1465,1,1936.87
ORD13166,PROD1169,1,2995.38
ORD13166,PROD1148,1,352.25
ORD13166,PROD1373,3,3446.73
ORD13167,PROD1045,3,3346.36
ORD13167,PROD1115,3,4370.16
ORD13167,PROD1026,3,1078.4
ORD13167,PROD1094,3,3877.74
ORD13168,PROD1145,2,280.75
ORD13168,PROD1391,2,2121.83
ORD13168,PROD1154,1,4929.69
ORD13169,PROD1414,1,3196.0
ORD13169,PROD1275,1,2557.43
ORD13169,PROD1325,3,3715.69
ORD13169,PROD1255,3,2828.33
ORD13170,PROD1154,2,4929.69
ORD13170,PROD1055,2,4617.18
ORD13170,PROD1399,3,3797.26
ORD13171,PROD1158,1,1264.42
ORD13171,PROD1469,2,4819.79
ORD13171,PROD1339,1,579.39
ORD13171,PROD1078,1,1856.48
ORD13172,PROD1228,3,4471.03
ORD13172,PROD1212,3,3294.61
ORD13172,PROD1282,3,1940.36
ORD13172,PROD1247,2,4836.61
ORD13173,PROD1306,3,2629.87
ORD13173,PROD1449,1,509.15
ORD13173,PROD1056,1,533.61
ORD13173,PROD1493,3,1021.79
ORD13174,PROD1140,1,4815.99
ORD13175,PROD1389,1,4053.49
ORD13175,PROD1375,2,1662.98
ORD13175,PROD1456,3,155.63
ORD13175,PROD1243,2,1913.78
ORD13176,PROD1403,3,4149.64
ORD13176,PROD1229,2,3192.58
ORD13176,PROD1075,1,3672.14
ORD13176,PROD1322,3,3334.97
ORD13177,PROD1164,2,542.42
ORD13177,PROD1274,2,2605.58
ORD13177,PROD1216,2,1694.46
ORD13177,PROD1311,2,484.44
ORD13178,PROD1425,2,2792.69
ORD13178,PROD1052,2,4703.54
ORD13178,PROD1225,2,1295.55
ORD13179,PROD1259,1,576.16
ORD13179,PROD1318,1,866.54
ORD13179,PROD1194,2,1761.25
ORD13180,PROD1432,3,3129.27
ORD13180,PROD1012,3,4178.97
ORD13180,PROD1360,1,2002.03
ORD13180,PROD1288,1,1504.05
ORD13181,PROD1033,1,4749.54
ORD13181,PROD1323,1,1471.68
ORD13181,PROD1038,1,3452.74
ORD13182,PROD1039,2,2256.75
ORD13182,PROD1318,1,866.54
ORD13182,PROD1384,1,3701.85
ORD13182,PROD1418,2,3395.34
ORD13183,PROD1059,1,1694.12
ORD13183,PROD1128,1,134.07
ORD13183,PROD1131,1,1188.33
ORD13184,PROD1434,3,512.12
ORD13184,PROD1473,2,4466.6
ORD13185,PROD1410,1,1664.64
ORD13185,PROD1344,2,2052.67
ORD13186,PROD1049,3,1005.79
ORD13186,PROD1056,1,533.61
ORD13187,PROD1429,1,673.63
ORD13187,PROD1216,1,1694.46
ORD13187,PROD1110,2,1519.78
ORD13187,PROD1457,1,2396.44
ORD13188,PROD1420,1,3978.74
ORD13189,PROD1224,1,1399.49
ORD13189,PROD1410,3,1664.64
ORD13190,PROD1171,3,181.28
ORD13190,PROD1142,1,2536.52
ORD13191,PROD1459,1,682.21
ORD13191,PROD1364,2,4713.18
ORD13191,PROD1317,2,949.14
ORD13191,PROD1077,2,462.82
ORD13192,PROD1236,3,1475.78
ORD13192,PROD1180,2,1771.23
ORD13193,PROD1146,2,3086.87
ORD13194,PROD1470,3,159.56
ORD13194,PROD1353,1,898.38
ORD13194,PROD1000,2,1935.25
ORD13194,PROD1323,2,1471.68
ORD13195,PROD1050,3,4850.96
ORD13195,PROD1287,3,2758.96
ORD13196,PROD1294,2,722.6
ORD13197,PROD1297,2,1157.52
ORD13198,PROD1138,2,1881.79
ORD13198,PROD1074,1,3563.6
ORD13198,PROD1302,3,2749.11
ORD13198,PROD1359,3,2919.82
ORD13199,PROD1325,2,3715.69
ORD13200,PROD1162,1,3204.3
ORD13201,PROD1300,2,353.24
ORD13201,PROD1121,2,4490.85
ORD13201,PROD1317,1,949.14
ORD13202,PROD1158,1,1264.42
ORD13203,PROD1391,1,2121.83
ORD13203,PROD1140,1,4815.99
ORD13203,PROD1168,2,299.8
ORD13204,PROD1106,2,2110.88
ORD13205,PROD1256,3,4687.16
ORD13206,PROD1381,2,3514.01
ORD13206,PROD1287,2,2758.96
ORD13207,PROD1244,3,175.74
ORD13207,PROD1112,1,4655.52
ORD13207,PROD1177,2,1995.0
ORD13208,PROD1010,3,200.86
ORD13208,PROD1022,2,1531.51
ORD13209,PROD1429,2,673.63
ORD13209,PROD1068,1,465.3
ORD13209,PROD1345,3,3117.67
ORD13210,PROD1481,3,3509.17
ORD13210,PROD1425,1,2792.69
ORD13210,PROD1140,2,4815.99
ORD13211,PROD1400,3,605.31
ORD13211,PROD1360,1,2002.03
ORD13212,PROD1303,1,3223.41
ORD13212,PROD1370,1,593.81
ORD13212,PROD1471,3,4852.41
ORD13213,PROD1286,3,2381.43
ORD13214,PROD1165,2,4192.98
ORD13214,PROD1206,1,597.21
ORD13214,PROD1107,3,3802.2
ORD13214,PROD1423,3,2522.66
ORD13215,PROD1184,1,1363.91
ORD13216,PROD1288,2,1504.05
ORD13216,PROD1284,3,2933.57
ORD13216,PROD1185,1,3333.92
ORD13217,PROD1497,3,480.9
ORD13218,PROD1002,2,3686.77
ORD13219,PROD1349,2,3166.71
ORD13220,PROD1004,1,864.49
ORD13220,PROD1402,2,2575.74
ORD13221,PROD1422,3,546.91
ORD13221,PROD1459,1,682.21
ORD13221,PROD1237,3,219.15
ORD13221,PROD1316,2,2103.87
ORD13222,PROD1489,1,4462.29
ORD13222,PROD1436,2,456.54
ORD13223,PROD1482,3,2327.25
ORD13223,PROD1479,1,2663.18
ORD13224,PROD1016,3,1590.79
ORD13224,PROD1324,3,4778.84
ORD13224,PROD1427,3,4449.75
ORD13225,PROD1153,2,2498.32
ORD13225,PROD1093,1,2850.26
ORD13225,PROD1431,2,3831.4
ORD13225,PROD1174,2,3261.35
ORD13226,PROD1471,3,4852.41
ORD13226,PROD1289,2,2995.08
ORD13226,PROD1100,2,254.0
ORD13226,PROD1140,1,4815.99
ORD13227,PROD1205,3,145.07
ORD13227,PROD1088,1,4447.34
ORD13227,PROD1081,1,3154.16
ORD13227,PROD1211,1,3490.29
ORD13228,PROD1207,1,3351.16
ORD13228,PROD1313,3,4816.98
ORD13228,PROD1403,1,4149.64
ORD13228,PROD1242,3,4582.84
ORD13229,PROD1423,2,2522.66
ORD13229,PROD1015,3,998.68
ORD13230,PROD1222,2,559.01
ORD13230,PROD1203,3,4502.92
ORD13230,PROD1019,3,1527.02
ORD13230,PROD1287,3,2758.96
ORD13231,PROD1034,1,4831.6
ORD13232,PROD1231,2,2562.92
ORD13232,PROD1037,3,578.59
ORD13233,PROD1053,1,4484.65
ORD13233,PROD1224,1,1399.49
ORD13233,PROD1312,2,224.22
ORD13233,PROD1106,1,2110.88
ORD13234,PROD1117,1,1014.19
ORD13234,PROD1293,3,1864.93
ORD13234,PROD1124,3,1216.88
ORD13234,PROD1035,1,4061.15
ORD13235,PROD1417,3,1710.46
ORD13235,PROD1123,2,639.25
ORD13236,PROD1058,1,321.61
ORD13236,PROD1449,2,509.15
ORD13236,PROD1307,3,1682.49
ORD13236,PROD1216,1,1694.46
ORD13237,PROD1263,1,2639.82
ORD13237,PROD1240,2,4708.25
ORD13237,PROD1333,3,668.76
ORD13238,PROD1451,3,2836.18
ORD13239,PROD1473,1,4466.6
ORD13239,PROD1031,2,935.57
ORD13239,PROD1490,2,2332.72
ORD13240,PROD1186,1,4104.39
ORD13240,PROD1448,1,1943.67
ORD13241,PROD1421,3,3969.13
ORD13241,PROD1148,2,352.25
ORD13242,PROD1254,2,930.51
ORD13243,PROD1081,2,3154.16
ORD13243,PROD1069,3,4935.75
ORD13243,PROD1324,1,4778.84
ORD13243,PROD1425,3,2792.69
ORD13244,PROD1101,2,3218.41
ORD13244,PROD1276,1,4011.65
ORD13244,PROD1195,1,1811.13
ORD13244,PROD1076,3,3879.22
ORD13245,PROD1188,3,2695.29
ORD13246,PROD1423,2,2522.66
ORD13246,PROD1410,2,1664.64
ORD13247,PROD1193,3,3202.2
ORD13247,PROD1042,3,268.5
ORD13247,PROD1377,2,214.03
ORD13247,PROD1123,2,639.25
ORD13248,PROD1222,2,559.01
ORD13248,PROD1078,3,1856.48
ORD13248,PROD1169,3,2995.38
ORD13248,PROD1401,3,4522.51
ORD13249,PROD1140,1,4815.99
ORD13249,PROD1108,1,1221.11
ORD13250,PROD1098,2,224.55
ORD13251,PROD1143,2,1574.3
ORD13251,PROD1109,2,477.2
ORD13252,PROD1209,2,887.96
ORD13253,PROD1153,1,2498.32
ORD13254,PROD1034,2,4831.6
ORD13255,PROD1223,2,1901.81
ORD13255,PROD1123,1,639.25
ORD13256,PROD1122,1,1658.22
ORD13256,PROD1041,1,2526.37
ORD13256,PROD1168,1,299.8
ORD13256,PROD1419,3,3786.64
ORD13257,PROD1172,3,2609.26
ORD13257,PROD1095,2,2519.6
ORD13257,PROD1277,2,3284.82
ORD13258,PROD1085,3,1693.4
ORD13258,PROD1387,2,969.45
ORD13258,PROD1230,2,3994.58
ORD13259,PROD1018,2,2216.53
ORD13260,PROD1094,1,3877.74
ORD13260,PROD1016,1,1590.79
ORD13260,PROD1279,1,3999.38
ORD13260,PROD1384,1,3701.85
ORD13261,PROD1488,3,4757.02
ORD13262,PROD1358,2,4707.13
ORD13262,PROD1166,2,1671.82
ORD13263,PROD1260,3,3113.54
ORD13263,PROD1273,1,4574.88
ORD13263,PROD1387,3,969.45
ORD13263,PROD1235,2,3640.02
ORD13264,PROD1430,3,800.66
ORD13264,PROD1212,2,3294.61
ORD13264,PROD1336,1,4291.76
ORD13265,PROD1248,2,4821.74
ORD13265,PROD1320,3,2791.21
ORD13265,PROD1195,3,1811.13
ORD13266,PROD1426,3,2263.5
ORD13266,PROD1130,1,2145.31
ORD13266,PROD1011,1,4852.56
ORD13266,PROD1459,1,682.21
ORD13267,PROD1235,2,3640.02
ORD13268,PROD1426,1,2263.5
ORD13268,PROD1497,1,480.9
ORD13269,PROD1395,1,4660.71
ORD13270,PROD1007,3,4344.26
ORD13271,PROD1152,2,809.98
ORD13271,PROD1286,1,2381.43
ORD13271,PROD1489,3,4462.29
ORD13272,PROD1030,1,3076.97
ORD13273,PROD1028,2,3002.83
ORD13274,PROD1103,2,2592.0
ORD13274,PROD1463,2,2958.51
ORD13274,PROD1062,3,4160.81
ORD13274,PROD1014,3,990.94
ORD13275,PROD1012,3,4178.97
ORD13276,PROD1310,3,2250.96
ORD13276,PROD1488,2,4757.02
ORD13276,PROD1225,2,1295.55
ORD13276,PROD1062,2,4160.81
ORD13277,PROD1170,2,3420.07
ORD13277,PROD1414,2,3196.0
ORD13277,PROD1444,1,4082.72
ORD13278,PROD1448,1,1943.67
ORD13278,PROD1159,2,3668.26
ORD13278,PROD1216,1,1694.46
ORD13278,PROD1175,1,954.4
ORD13279,PROD1069,2,4935.75
ORD13279,PROD1077,3,462.82
ORD13280,PROD1414,3,3196.0
ORD13280,PROD1127,1,4317.58
ORD13280,PROD1154,1,4929.69
ORD13280,PROD1193,1,3202.2
ORD13281,PROD1108,3,1221.11
ORD13281,PROD1398,1,3779.27
ORD13281,PROD1417,1,1710.46
ORD13282,PROD1426,1,2263.5
ORD13282,PROD1026,3,1078.4
ORD13282,PROD1392,3,1922.89
ORD13282,PROD1343,1,2225.87
ORD13283,PROD1300,1,353.24
ORD13284,PROD1235,1,3640.02
ORD13285,PROD1266,2,3515.38
ORD13286,PROD1137,2,3544.79
ORD13286,PROD1247,3,4836.61
ORD13286,PROD1102,3,1640.34
ORD13286,PROD1107,3,3802.2
ORD13287,PROD1367,1,4536.22
ORD13287,PROD1481,3,3509.17
ORD13287,PROD1418,2,3395.34
ORD13288,PROD1257,3,3510.55
ORD13288,PROD1272,1,4348.65
ORD13289,PROD1082,1,1721.4
ORD13289,PROD1399,2,3797.26
ORD13289,PROD1352,3,3327.6
ORD13290,PROD1050,3,4850.96
ORD13290,PROD1206,2,597.21
ORD13290,PROD1106,3,2110.88
ORD13291,PROD1162,1,3204.3
ORD13291,PROD1474,3,2685.74
ORD13292,PROD1304,2,3657.85
ORD13292,PROD1480,1,3184.05
ORD13292,PROD1256,1,4687.16
ORD13292,PROD1459,1,682.21
ORD13293,PROD1115,2,4370.16
ORD13293,PROD1403,2,4149.64
ORD13293,PROD1477,3,2813.89
ORD13294,PROD1498,2,4874.53
ORD13295,PROD1179,1,773.85
ORD13295,PROD1474,3,2685.74
ORD13295,PROD1053,2,4484.65
ORD13296,PROD1011,1,4852.56
ORD13296,PROD1110,3,1519.78
ORD13296,PROD1414,3,3196.0
ORD13297,PROD1407,3,153.1
ORD13297,PROD1111,3,889.98
ORD13297,PROD1168,1,299.8
ORD13297,PROD1103,2,2592.0
ORD13298,PROD1157,2,3831.94
ORD13298,PROD1109,1,477.2
ORD13298,PROD1151,1,1273.85
ORD13299,PROD1381,2,3514.01
ORD13299,PROD1008,1,3045.46
ORD13299,PROD1176,2,3485.59
ORD13300,PROD1369,1,439.87
ORD13301,PROD1156,1,3393.46
ORD13302,PROD1169,1,2995.38
ORD13302,PROD1083,3,411.44
ORD13302,PROD1358,1,4707.13
ORD13302,PROD1326,3,2816.33
ORD13303,PROD1042,1,268.5
ORD13304,PROD1244,2,175.74
ORD13304,PROD1119,2,2742.78
ORD13304,PROD1318,2,866.54
ORD13305,PROD1051,1,3898.15
ORD13306,PROD1141,3,1333.73
ORD13307,PROD1313,1,4816.98
ORD13308,PROD1055,3,4617.18
ORD13309,PROD1240,3,4708.25
ORD13310,PROD1484,3,2963.14
ORD13310,PROD1483,1,3175.03
ORD13310,PROD1163,1,2725.3
ORD13310,PROD1440,2,515.7
ORD13311,PROD1133,2,1754.31
ORD13311,PROD1462,2,3755.62
ORD13311,PROD1051,2,3898.15
ORD13312,PROD1310,1,2250.96
ORD13312,PROD1243,1,1913.78
ORD13313,PROD1384,3,3701.85
ORD13313,PROD1224,1,1399.49
ORD13314,PROD1048,1,2778.88
ORD13315,PROD1371,3,189.29
ORD13315,PROD1118,3,4473.54
ORD13316,PROD1485,3,4515.67
ORD13317,PROD1334,1,325.41
ORD13317,PROD1049,1,1005.79
ORD13318,PROD1310,1,2250.96
ORD13318,PROD1347,1,321.99
ORD13318,PROD1002,3,3686.77
ORD13319,PROD1314,3,4196.3
ORD13319,PROD1344,3,2052.67
ORD13319,PROD1218,1,3283.2
ORD13319,PROD1139,1,4861.73
ORD13320,PROD1247,2,4836.61
ORD13320,PROD1153,3,2498.32
ORD13320,PROD1209,1,887.96
ORD13320,PROD1021,1,783.52
ORD13321,PROD1138,1,1881.79
ORD13321,PROD1375,1,1662.98
ORD13322,PROD1423,2,2522.66
ORD13322,PROD1170,2,3420.07
ORD13322,PROD1259,3,576.16
ORD13323,PROD1406,3,2007.09
ORD13324,PROD1067,1,4030.77
ORD13324,PROD1067,2,4030.77
ORD13324,PROD1435,3,3534.75
ORD13324,PROD1168,2,299.8
ORD13325,PROD1186,3,4104.39
ORD13325,PROD1455,3,2513.86
ORD13325,PROD1406,1,2007.09
ORD13325,PROD1384,1,3701.85
ORD13326,PROD1466,1,1499.99
ORD13327,PROD1249,2,4279.75
ORD13327,PROD1432,2,3129.27
ORD13327,PROD1023,1,1895.17
ORD13328,PROD1491,3,3138.65
ORD13329,PROD1399,2,3797.26
ORD13330,PROD1289,3,2995.08
ORD13330,PROD1482,1,2327.25
ORD13331,PROD1340,2,2508.92
ORD13331,PROD1140,2,4815.99
ORD13331,PROD1377,1,214.03
ORD13331,PROD1119,1,2742.78
ORD13332,PROD1091,3,3594.9
ORD13332,PROD1484,1,2963.14
ORD13333,PROD1039,3,2256.75
ORD13333,PROD1391,2,2121.83
ORD13333,PROD1053,1,4484.65
ORD13333,PROD1088,1,4447.34
ORD13334,PROD1123,1,639.25
ORD13334,PROD1184,1,1363.91
ORD13334,PROD1432,2,3129.27
ORD13334,PROD1470,3,159.56
ORD13335,PROD1214,3,3589.68
ORD13335,PROD1220,2,3322.3
ORD13336,PROD1205,2,145.07
ORD13337,PROD1372,3,562.77
ORD13337,PROD1173,2,1209.83
ORD13337,PROD1077,1,462.82
ORD13338,PROD1198,2,4446.72
ORD13339,PROD1262,1,786.41
ORD13339,PROD1491,3,3138.65
ORD13339,PROD1121,1,4490.85
ORD13340,PROD1253,2,1652.92
ORD13341,PROD1236,1,1475.78
ORD13341,PROD1352,3,3327.6
ORD13341,PROD1060,2,2004.52
ORD13341,PROD1214,2,3589.68
ORD13342,PROD1060,1,2004.52
ORD13342,PROD1055,3,4617.18
ORD13342,PROD1219,1,4261.19
ORD13342,PROD1093,2,2850.26
ORD13343,PROD1387,2,969.45
ORD13344,PROD1061,2,1429.61
ORD13344,PROD1459,2,682.21
ORD13344,PROD1437,2,4127.11
ORD13345,PROD1129,1,2602.66
ORD13345,PROD1059,3,1694.12
ORD13345,PROD1472,1,311.48
ORD13345,PROD1174,3,3261.35
ORD13346,PROD1080,3,4329.21
ORD13346,PROD1076,2,3879.22
ORD13346,PROD1247,3,4836.61
ORD13347,PROD1399,3,3797.26
ORD13347,PROD1075,2,3672.14
ORD13348,PROD1268,2,1861.51
ORD13349,PROD1369,1,439.87
ORD13349,PROD1209,3,887.96
ORD13350,PROD1142,1,2536.52
ORD13351,PROD1004,2,864.49
ORD13351,PROD1160,2,1902.14
ORD13352,PROD1380,1,679.01
ORD13352,PROD1004,3,864.49
ORD13352,PROD1194,2,1761.25
ORD13352,PROD1482,1,2327.25
ORD13353,PROD1182,1,4631.0
ORD13354,PROD1275,2,2557.43
ORD13355,PROD1290,2,249.45
ORD13356,PROD1416,2,1536.73
ORD13356,PROD1322,1,3334.97
ORD13356,PROD1198,2,4446.72
ORD13357,PROD1167,2,1013.94
ORD13358,PROD1271,2,4069.56
ORD13359,PROD1376,2,4239.89
ORD13359,PROD1329,3,1313.88
ORD13359,PROD1394,2,1769.94
ORD13359,PROD1171,3,181.28
ORD13360,PROD1119,3,2742.78
ORD13361,PROD1308,3,3996.41
ORD13361,PROD1246,2,2198.1
ORD13361,PROD1204,1,3071.5
ORD13361,PROD1419,1,3786.64
ORD13362,PROD1341,1,2420.01
ORD13362,PROD1107,2,3802.2
ORD13362,PROD1164,2,542.42
ORD13363,PROD1301,1,2703.64
ORD13363,PROD1260,1,3113.54
ORD13363,PROD1106,1,2110.88
ORD13363,PROD1122,1,1658.22
ORD13364,PROD1288,1,1504.05
ORD13364,PROD1096,2,2661.39
ORD13365,PROD1081,2,3154.16
ORD13365,PROD1016,1,1590.79
ORD13366,PROD1210,2,2788.8
ORD13367,PROD1206,1,597.21
ORD13367,PROD1493,3,1021.79
ORD13367,PROD1418,2,3395.34
ORD13368,PROD1010,3,200.86
ORD13369,PROD1341,1,2420.01
ORD13369,PROD1378,1,4090.9
ORD13369,PROD1033,3,4749.54
ORD13370,PROD1122,2,1658.22
ORD13370,PROD1456,1,155.63
ORD13371,PROD1289,2,2995.08
ORD13372,PROD1458,2,375.89
ORD13372,PROD1098,2,224.55
ORD13373,PROD1455,1,2513.86
ORD13373,PROD1146,2,3086.87
ORD13373,PROD1371,3,189.29
ORD13373,PROD1113,2,4059.79
ORD13374,PROD1327,2,3097.43
ORD13374,PROD1348,3,1935.6
ORD13375,PROD1176,3,3485.59
ORD13375,PROD1123,2,639.25
ORD13375,PROD1156,3,3393.46
ORD13376,PROD1366,1,4809.83
ORD13377,PROD1189,2,1285.08
ORD13377,PROD1293,1,1864.93
ORD13377,PROD1272,2,4348.65
ORD13378,PROD1173,2,1209.83
ORD13378,PROD1402,2,2575.74
ORD13378,PROD1380,3,679.01
ORD13379,PROD1469,1,4819.79
ORD13380,PROD1045,3,3346.36
ORD13381,PROD1048,2,2778.88
ORD13381,PROD1336,1,4291.76
ORD13381,PROD1161,3,3198.3
ORD13381,PROD1284,3,2933.57
ORD13382,PROD1259,3,576.16
ORD13382,PROD1079,2,667.76
ORD13382,PROD1179,2,773.85
ORD13382,PROD1383,2,4399.61
ORD13383,PROD1449,1,509.15
ORD13383,PROD1103,1,2592.0
ORD13383,PROD1345,3,3117.67
ORD13383,PROD1410,3,1664.64
ORD13384,PROD1301,1,2703.64
ORD13384,PROD1163,1,2725.3
ORD13385,PROD1377,2,214.03
ORD13385,PROD1086,3,3675.07
ORD13386,PROD1487,1,1476.72
ORD13386,PROD1307,3,1682.49
ORD13387,PROD1350,3,2565.37
ORD13388,PROD1292,2,4130.74
ORD13389,PROD1001,2,4758.5
ORD13389,PROD1394,1,1769.94
ORD13389,PROD1351,1,4296.8
ORD13390,PROD1119,3,2742.78
ORD13390,PROD1241,3,4774.25
ORD13390,PROD1444,1,4082.72
ORD13390,PROD1173,1,1209.83
ORD13391,PROD1470,2,159.56
ORD13392,PROD1477,1,2813.89
ORD13393,PROD1220,2,3322.3
ORD13394,PROD1149,3,1465.37
ORD13394,PROD1047,3,2648.33
ORD13395,PROD1442,2,1933.93
ORD13395,PROD1269,1,1538.6
ORD13395,PROD1262,1,786.41
ORD13395,PROD1196,2,3657.18
ORD13396,PROD1461,3,3281.13
ORD13397,PROD1085,1,1693.4
ORD13397,PROD1043,1,4555.67
ORD13398,PROD1148,1,352.25
ORD13399,PROD1056,2,533.61
ORD13399,PROD1340,1,2508.92
ORD13399,PROD1188,1,2695.29
ORD13399,PROD1356,2,229.91
ORD13400,PROD1170,1,3420.07
ORD13400,PROD1329,1,1313.88
ORD13400,PROD1034,1,4831.6
ORD13401,PROD1245,2,4648.76
ORD13401,PROD1223,2,1901.81
ORD13401,PROD1340,1,2508.92
ORD13402,PROD1439,2,498.61
ORD13402,PROD1031,1,935.57
ORD13403,PROD1382,1,3181.82
ORD13403,PROD1344,1,2052.67
ORD13404,PROD1276,1,4011.65
ORD13404,PROD1232,1,2926.83
ORD13404,PROD1463,3,2958.51
ORD13404,PROD1479,2,2663.18
ORD13405,PROD1023,2,1895.17
ORD13405,PROD1019,1,1527.02
ORD13405,PROD1415,3,2297.38
ORD13406,PROD1356,3,229.91
ORD13406,PROD1185,2,3333.92
ORD13406,PROD1206,2,597.21
ORD13406,PROD1359,3,2919.82
ORD13407,PROD1218,3,3283.2
ORD13407,PROD1009,2,3569.56
ORD13407,PROD1404,3,1668.24
ORD13408,PROD1014,2,990.94
ORD13408,PROD1325,3,3715.69
ORD13409,PROD1157,2,3831.94
ORD13409,PROD1103,2,2592.0
ORD13409,PROD1279,2,3999.38
ORD13409,PROD1085,2,1693.4
ORD13410,PROD1281,2,1756.18
ORD13410,PROD1146,1,3086.87
ORD13411,PROD1354,2,445.79
ORD13411,PROD1412,1,4757.98
ORD13411,PROD1063,1,1848.09
ORD13412,PROD1138,2,1881.79
ORD13413,PROD1422,1,546.91
ORD13413,PROD1131,3,1188.33
ORD13413,PROD1225,2,1295.55
ORD13413,PROD1091,2,3594.9
ORD13414,PROD1374,3,448.82
ORD13415,PROD1418,3,3395.34
ORD13415,PROD1434,1,512.12
ORD13415,PROD1178,2,4689.98
ORD13416,PROD1163,2,2725.3
ORD13417,PROD1103,3,2592.0
ORD13417,PROD1113,3,4059.79
ORD13418,PROD1221,3,2884.71
ORD13418,PROD1110,2,1519.78
ORD13419,PROD1388,3,3778.01
ORD13419,PROD1154,2,4929.69
ORD13420,PROD1359,3,2919.82
ORD13421,PROD1236,3,1475.78
ORD13422,PROD1096,3,2661.39
ORD13422,PROD1097,1,2194.95
ORD13423,PROD1052,1,4703.54
ORD13423,PROD1108,3,1221.11
ORD13424,PROD1392,3,1922.89
ORD13424,PROD1293,1,1864.93
ORD13425,PROD1024,2,2334.74
ORD13426,PROD1132,2,687.34
ORD13426,PROD1277,1,3284.82
ORD13427,PROD1403,1,4149.64
ORD13428,PROD1220,1,3322.3
ORD13428,PROD1068,1,465.3
ORD13428,PROD1292,1,4130.74
ORD13429,PROD1300,3,353.24
ORD13430,PROD1398,1,3779.27
ORD13430,PROD1142,1,2536.52
ORD13431,PROD1055,1,4617.18
ORD13432,PROD1409,2,547.3
ORD13432,PROD1470,3,159.56
ORD13433,PROD1230,3,3994.58
ORD13434,PROD1090,1,686.01
ORD13434,PROD1463,1,2958.51
ORD13435,PROD1456,3,155.63
ORD13435,PROD1119,3,2742.78
ORD13435,PROD1220,3,3322.3
ORD13435,PROD1437,3,4127.11
ORD13436,PROD1127,2,4317.58
ORD13437,PROD1414,2,3196.0
ORD13437,PROD1329,3,1313.88
ORD13437,PROD1046,2,1627.38
ORD13438,PROD1166,1,1671.82
ORD13438,PROD1471,2,4852.41
ORD13438,PROD1404,1,1668.24
ORD13438,PROD1270,3,4065.87
ORD13439,PROD1472,3,311.48
ORD13440,PROD1085,2,1693.4
ORD13440,PROD1104,2,4547.08
ORD13440,PROD1242,2,4582.84
ORD13440,PROD1176,1,3485.59
ORD13441,PROD1219,2,4261.19
ORD13441,PROD1075,3,3672.14
ORD13441,PROD1090,2,686.01
ORD13441,PROD1115,1,4370.16
ORD13442,PROD1113,3,4059.79
ORD13443,PROD1099,2,628.67
ORD13443,PROD1150,1,4550.5
ORD13443,PROD1071,3,1073.71
ORD13443,PROD1475,3,4965.53
ORD13444,PROD1347,1,321.99
ORD13444,PROD1352,2,3327.6
ORD13444,PROD1010,1,200.86
ORD13444,PROD1297,2,1157.52
ORD13445,PROD1385,3,4037.06
ORD13445,PROD1178,2,4689.98
ORD13446,PROD1213,2,1198.92
ORD13446,PROD1068,3,465.3
ORD13446,PROD1355,1,3247.85
ORD13446,PROD1470,2,159.56
ORD13447,PROD1315,3,3510.27
ORD13447,PROD1456,1,155.63
ORD13447,PROD1401,1,4522.51
ORD13448,PROD1017,1,2671.31
ORD13448,PROD1154,2,4929.69
ORD13448,PROD1340,3,2508.92
ORD13449,PROD1461,3,3281.13
ORD13449,PROD1160,3,1902.14
ORD13450,PROD1331,2,3813.45
ORD13450,PROD1172,2,2609.26
ORD13450,PROD1152,3,809.98
ORD13450,PROD1398,2,3779.27
ORD13451,PROD1363,2,2773.52
ORD13451,PROD1396,1,4306.22
ORD13452,PROD1322,3,3334.97
ORD13452,PROD1088,1,4447.34
ORD13453,PROD1463,3,2958.51
ORD13453,PROD1421,3,3969.13
ORD13453,PROD1202,2,891.98
ORD13453,PROD1220,1,3322.3
ORD13454,PROD1394,1,1769.94
ORD13454,PROD1019,3,1527.02
ORD13455,PROD1246,1,2198.1
ORD13455,PROD1112,1,4655.52
ORD13455,PROD1218,1,3283.2
ORD13455,PROD1343,3,2225.87
ORD13456,PROD1102,1,1640.34
ORD13456,PROD1078,2,1856.48
ORD13457,PROD1340,3,2508.92
ORD13457,PROD1058,3,321.61
ORD13457,PROD1193,2,3202.2
ORD13457,PROD1124,3,1216.88
ORD13458,PROD1099,3,628.67
ORD13458,PROD1482,2,2327.25
ORD13458,PROD1443,3,1916.15
ORD13459,PROD1391,2,2121.83
ORD13459,PROD1006,2,384.61
ORD13459,PROD1387,1,969.45
ORD13460,PROD1046,2,1627.38
ORD13460,PROD1095,2,2519.6
ORD13461,PROD1329,1,1313.88
ORD13461,PROD1456,2,155.63
ORD13461,PROD1152,1,809.98
ORD13461,PROD1216,2,1694.46
ORD13462,PROD1260,1,3113.54
ORD13462,PROD1006,1,384.61
ORD13463,PROD1201,1,512.29
ORD13463,PROD1115,1,4370.16
ORD13464,PROD1147,2,2563.13
ORD13464,PROD1310,3,2250.96
ORD13464,PROD1446,2,4931.41
ORD13465,PROD1257,1,3510.55
ORD13465,PROD1220,1,3322.3
ORD13465,PROD1038,2,3452.74
ORD13465,PROD1247,3,4836.61
ORD13466,PROD1213,1,1198.92
ORD13467,PROD1130,2,2145.31
ORD13467,PROD1317,1,949.14
ORD13467,PROD1222,1,559.01
ORD13467,PROD1012,3,4178.97
ORD13468,PROD1344,3,2052.67
ORD13468,PROD1326,2,2816.33
ORD13469,PROD1031,2,935.57
ORD13469,PROD1168,1,299.8
ORD13469,PROD1287,2,2758.96
ORD13469,PROD1425,2,2792.69
ORD13470,PROD1254,2,930.51
ORD13470,PROD1340,3,2508.92
ORD13471,PROD1165,3,4192.98
ORD13471,PROD1464,2,4814.65
ORD13471,PROD1255,1,2828.33
ORD13472,PROD1301,3,2703.64
ORD13473,PROD1012,1,4178.97
ORD13473,PROD1051,3,3898.15
ORD13473,PROD1264,3,4399.13
ORD13473,PROD1440,2,515.7
ORD13474,PROD1171,2,181.28
ORD13474,PROD1101,1,3218.41
ORD13474,PROD1222,3,559.01
ORD13474,PROD1067,1,4030.77
ORD13475,PROD1490,2,2332.72
ORD13475,PROD1317,3,949.14
ORD13475,PROD1170,1,3420.07
ORD13476,PROD1192,1,4512.05
ORD13477,PROD1467,1,4356.14
ORD13478,PROD1185,1,3333.92
ORD13478,PROD1215,1,1262.52
ORD13478,PROD1042,3,268.5
ORD13479,PROD1413,1,2909.85
ORD13479,PROD1417,1,1710.46
ORD13479,PROD1109,2,477.2
ORD13479,PROD1137,3,3544.79
ORD13480,PROD1348,1,1935.6
ORD13480,PROD1074,2,3563.6
ORD13480,PROD1232,2,2926.83
ORD13481,PROD1445,2,4741.52
ORD13481,PROD1211,2,3490.29
ORD13482,PROD1281,1,1756.18
ORD13482,PROD1057,2,1060.32
ORD13482,PROD1272,1,4348.65
ORD13483,PROD1106,3,2110.88
ORD13483,PROD1242,2,4582.84
ORD13483,PROD1147,3,2563.13
ORD13484,PROD1386,3,1481.97
ORD13484,PROD1406,3,2007.09
ORD13484,PROD1392,1,1922.89
ORD13485,PROD1249,1,4279.75
ORD13486,PROD1396,3,4306.22
ORD13487,PROD1037,2,578.59
ORD13487,PROD1026,3,1078.4
ORD13488,PROD1252,1,4270.57
ORD13488,PROD1358,2,4707.13
ORD13488,PROD1478,3,4849.58
ORD13488,PROD1476,1,461.6
ORD13489,PROD1387,1,969.45
ORD13489,PROD1414,1,3196.0
ORD13490,PROD1043,3,4555.67
ORD13490,PROD1232,3,2926.83
ORD13490,PROD1002,1,3686.77
ORD13491,PROD1138,2,1881.79
ORD13492,PROD1006,1,384.61
ORD13492,PROD1370,1,593.81
ORD13492,PROD1365,3,1991.9
ORD13493,PROD1076,1,3879.22
ORD13493,PROD1042,2,268.5
ORD13493,PROD1411,3,4755.3
ORD13494,PROD1072,1,127.06
ORD13494,PROD1189,1,1285.08
ORD13494,PROD1362,2,2345.44
ORD13494,PROD1261,2,4951.26
ORD13495,PROD1150,3,4550.5
ORD13495,PROD1404,3,1668.24
ORD13496,PROD1155,3,1286.07
ORD13496,PROD1299,3,518.2
ORD13497,PROD1041,2,2526.37
ORD13497,PROD1315,1,3510.27
ORD13498,PROD1095,3,2519.6
ORD13499,PROD1224,1,1399.49
ORD13499,PROD1110,3,1519.78
ORD13499,PROD1237,3,219.15
ORD13500,PROD1368,1,1059.38
ORD13500,PROD1084,2,1623.81
ORD13500,PROD1395,3,4660.71
ORD13501,PROD1129,1,2602.66
ORD13501,PROD1284,2,2933.57
ORD13501,PROD1316,3,2103.87
ORD13502,PROD1214,3,3589.68
ORD13502,PROD1114,2,3203.68
ORD13503,PROD1259,1,576.16
ORD13504,PROD1330,1,1844.27
ORD13504,PROD1129,2,2602.66
ORD13505,PROD1471,2,4852.41
ORD13505,PROD1314,3,4196.3
ORD13505,PROD1288,2,1504.05
ORD13505,PROD1254,1,930.51
ORD13506,PROD1479,1,2663.18
ORD13507,PROD1477,3,2813.89
ORD13507,PROD1493,2,1021.79
ORD13507,PROD1381,1,3514.01
ORD13508,PROD1322,1,3334.97
ORD13508,PROD1088,3,4447.34
ORD13509,PROD1129,3,2602.66
ORD13510,PROD1077,3,462.82
ORD13510,PROD1042,2,268.5
ORD13510,PROD1122,3,1658.22
ORD13510,PROD1287,1,2758.96
ORD13511,PROD1094,2,3877.74
ORD13511,PROD1406,1,2007.09
ORD13512,PROD1290,3,249.45
ORD13513,PROD1134,1,4720.26
ORD13514,PROD1308,2,3996.41
ORD13514,PROD1068,2,465.3
ORD13514,PROD1280,1,4461.03
ORD13514,PROD1350,3,2565.37
ORD13515,PROD1341,1,2420.01
ORD13515,PROD1316,3,2103.87
ORD13516,PROD1172,1,2609.26
ORD13516,PROD1031,3,935.57
ORD13517,PROD1263,1,2639.82
ORD13517,PROD1479,1,2663.18
ORD13517,PROD1084,1,1623.81
ORD13517,PROD1216,3,1694.46
ORD13518,PROD1377,1,214.03
ORD13519,PROD1085,2,1693.4
ORD13520,PROD1146,2,3086.87
ORD13521,PROD1324,2,4778.84
ORD13521,PROD1300,3,353.24
ORD13521,PROD1317,1,949.14
ORD13522,PROD1473,2,4466.6
ORD13522,PROD1187,3,2820.48
ORD13523,PROD1045,2,3346.36
ORD13524,PROD1112,3,4655.52
ORD13524,PROD1159,3,3668.26
ORD13525,PROD1182,3,4631.0
ORD13526,PROD1034,2,4831.6
ORD13526,PROD1079,3,667.76
ORD13527,PROD1189,3,1285.08
ORD13527,PROD1243,2,1913.78
ORD13527,PROD1008,1,3045.46
ORD13527,PROD1156,1,3393.46
ORD13528,PROD1043,2,4555.67
ORD13528,PROD1115,1,4370.16
ORD13528,PROD1461,3,3281.13
ORD13529,PROD1243,1,1913.78
ORD13530,PROD1191,3,4496.36
ORD13530,PROD1006,2,384.61
ORD13530,PROD1403,3,4149.64
ORD13531,PROD1192,1,4512.05
ORD13531,PROD1326,2,2816.33
ORD13531,PROD1482,3,2327.25
ORD13532,PROD1229,2,3192.58
ORD13533,PROD1161,2,3198.3
ORD13533,PROD1286,2,2381.43
ORD13533,PROD1165,3,4192.98
ORD13534,PROD1395,1,4660.71
ORD13534,PROD1008,2,3045.46
ORD13535,PROD1058,1,321.61
ORD13535,PROD1084,1,1623.81
ORD13535,PROD1149,1,1465.37
ORD13535,PROD1320,1,2791.21
ORD13536,PROD1325,3,3715.69
ORD13536,PROD1172,2,2609.26
ORD13536,PROD1185,3,3333.92
ORD13536,PROD1240,3,4708.25
ORD13537,PROD1220,1,3322.3
ORD13537,PROD1007,1,4344.26
ORD13537,PROD1212,3,3294.61
ORD13537,PROD1208,3,124.8
ORD13538,PROD1160,2,1902.14
ORD13539,PROD1361,3,3252.11
ORD13539,PROD1250,1,1542.8
ORD13539,PROD1399,3,3797.26
ORD13539,PROD1182,3,4631.0
ORD13540,PROD1369,3,439.87
ORD13540,PROD1035,2,4061.15
ORD13540,PROD1250,3,1542.8
ORD13541,PROD1195,2,1811.13
ORD13542,PROD1057,3,1060.32
ORD13542,PROD1482,2,2327.25
ORD13542,PROD1411,1,4755.3
ORD13543,PROD1388,2,3778.01
ORD13543,PROD1392,3,1922.89
ORD13544,PROD1017,3,2671.31
ORD13545,PROD1333,3,668.76
ORD13545,PROD1061,3,1429.61
ORD13545,PROD1162,3,3204.3
ORD13546,PROD1233,2,2513.34
ORD13546,PROD1083,1,411.44
ORD13546,PROD1202,1,891.98
ORD13546,PROD1040,1,697.99
ORD13547,PROD1092,1,3827.85
ORD13547,PROD1214,1,3589.68
ORD13548,PROD1150,2,4550.5
ORD13549,PROD1300,1,353.24
ORD13549,PROD1118,2,4473.54
ORD13550,PROD1431,3,3831.4
ORD13550,PROD1427,3,4449.75
ORD13551,PROD1189,1,1285.08
ORD13551,PROD1157,2,3831.94
ORD13552,PROD1291,2,283.01
ORD13552,PROD1290,2,249.45
ORD13553,PROD1105,3,1321.53
ORD13553,PROD1075,3,3672.14
ORD13553,PROD1003,3,3033.43
ORD13554,PROD1274,3,2605.58
ORD13554,PROD1135,2,1683.69
ORD13554,PROD1450,1,3908.02
ORD13554,PROD1026,2,1078.4
ORD13555,PROD1419,2,3786.64
ORD13555,PROD1386,2,1481.97
ORD13555,PROD1392,2,1922.89
ORD13556,PROD1218,1,3283.2
ORD13557,PROD1095,1,2519.6
ORD13557,PROD1273,3,4574.88
ORD13557,PROD1333,3,668.76
ORD13557,PROD1300,1,353.24
ORD13558,PROD1402,3,2575.74
ORD13558,PROD1087,2,3224.03
ORD13558,PROD1093,1,2850.26
ORD13558,PROD1332,3,170.53
ORD13559,PROD1320,2,2791.21
ORD13559,PROD1046,2,1627.38
ORD13560,PROD1229,2,3192.58
ORD13560,PROD1289,1,2995.08
ORD13560,PROD1240,1,4708.25
ORD13560,PROD1331,3,3813.45
ORD13561,PROD1357,1,2970.3
ORD13562,PROD1338,1,2423.45
ORD13563,PROD1295,1,2658.99
ORD13563,PROD1196,2,3657.18
ORD13563,PROD1406,1,2007.09
ORD13564,PROD1370,3,593.81
ORD13564,PROD1185,2,3333.92
ORD13564,PROD1169,1,2995.38
ORD13565,PROD1175,2,954.4
ORD13566,PROD1475,1,4965.53
ORD13567,PROD1143,1,1574.3
ORD13567,PROD1010,2,200.86
ORD13568,PROD1347,2,321.99
ORD13568,PROD1412,1,4757.98
ORD13568,PROD1484,3,2963.14
ORD13569,PROD1465,2,1936.87
ORD13569,PROD1075,2,3672.14
ORD13570,PROD1115,3,4370.16
ORD13570,PROD1379,3,1481.09
ORD13570,PROD1082,3,1721.4
ORD13570,PROD1311,3,484.44
ORD13571,PROD1463,2,2958.51
ORD13571,PROD1427,2,4449.75
ORD13571,PROD1401,3,4522.51
ORD13572,PROD1374,2,448.82
ORD13572,PROD1331,3,3813.45
ORD13573,PROD1295,1,2658.99
ORD13573,PROD1014,1,990.94
ORD13573,PROD1114,3,3203.68
ORD13573,PROD1463,2,2958.51
ORD13574,PROD1139,3,4861.73
ORD13574,PROD1106,1,2110.88
ORD13574,PROD1372,2,562.77
ORD13575,PROD1273,1,4574.88
ORD13575,PROD1034,3,4831.6
ORD13576,PROD1066,1,790.53
ORD13576,PROD1068,2,465.3
ORD13577,PROD1325,1,3715.69
ORD13577,PROD1202,3,891.98
ORD13578,PROD1296,2,3872.97
ORD13578,PROD1279,1,3999.38
ORD13579,PROD1005,1,864.37
ORD13580,PROD1067,2,4030.77
ORD13581,PROD1401,3,4522.51
ORD13582,PROD1335,3,299.57
ORD13582,PROD1449,2,509.15
ORD13582,PROD1028,2,3002.83
ORD13583,PROD1044,1,1368.02
ORD13584,PROD1418,2,3395.34
ORD13584,PROD1103,1,2592.0
ORD13585,PROD1291,2,283.01
ORD13586,PROD1068,2,465.3
ORD13587,PROD1236,3,1475.78
ORD13587,PROD1330,3,1844.27
ORD13587,PROD1362,1,2345.44
ORD13588,PROD1357,1,2970.3
ORD13589,PROD1126,2,4108.27
ORD13589,PROD1145,1,280.75
ORD13590,PROD1242,1,4582.84
ORD13590,PROD1144,1,1495.72
ORD13591,PROD1438,2,3560.59
ORD13591,PROD1337,3,3547.92
ORD13591,PROD1407,3,153.1
ORD13591,PROD1076,3,3879.22
ORD13592,PROD1164,2,542.42
ORD13593,PROD1051,3,3898.15
ORD13593,PROD1260,3,3113.54
ORD13594,PROD1356,1,229.91
ORD13594,PROD1369,2,439.87
ORD13594,PROD1039,2,2256.75
ORD13594,PROD1394,3,1769.94
ORD13595,PROD1318,1,866.54
ORD13595,PROD1118,2,4473.54
ORD13595,PROD1145,3,280.75
ORD13596,PROD1473,1,4466.6
ORD13597,PROD1144,2,1495.72
ORD13597,PROD1053,3,4484.65
ORD13598,PROD1321,1,3601.52
ORD13598,PROD1142,1,2536.52
ORD13598,PROD1021,3,783.52
ORD13598,PROD1275,2,2557.43
ORD13599,PROD1276,3,4011.65
ORD13599,PROD1303,1,3223.41
ORD13599,PROD1321,1,3601.52
ORD13600,PROD1249,3,4279.75
ORD13600,PROD1461,2,3281.13
ORD13600,PROD1365,2,1991.9
ORD13600,PROD1438,2,3560.59
ORD13601,PROD1425,3,2792.69
ORD13602,PROD1285,3,276.12
ORD13603,PROD1248,3,4821.74
ORD13604,PROD1296,1,3872.97
ORD13604,PROD1306,1,2629.87
ORD13604,PROD1184,1,1363.91
ORD13605,PROD1118,2,4473.54
ORD13605,PROD1233,2,2513.34
ORD13606,PROD1052,1,4703.54
ORD13606,PROD1316,1,2103.87
ORD13607,PROD1039,1,2256.75
ORD13607,PROD1279,2,3999.38
ORD13608,PROD1242,3,4582.84
ORD13609,PROD1063,3,1848.09
ORD13609,PROD1342,3,948.69
ORD13609,PROD1362,2,2345.44
ORD13609,PROD1200,3,3245.96
ORD13610,PROD1459,2,682.21
ORD13611,PROD1159,2,3668.26
ORD13612,PROD1344,1,2052.67
ORD13612,PROD1098,1,224.55
ORD13612,PROD1225,2,1295.55
ORD13612,PROD1402,1,2575.74
ORD13613,PROD1093,3,2850.26
ORD13614,PROD1004,2,864.49
ORD13614,PROD1352,2,3327.6
ORD13615,PROD1072,3,127.06
ORD13615,PROD1144,2,1495.72
ORD13615,PROD1395,2,4660.71
ORD13616,PROD1078,2,1856.48
ORD13616,PROD1015,2,998.68
ORD13616,PROD1125,2,2192.83
ORD13616,PROD1086,3,3675.07
ORD13617,PROD1078,1,1856.48
ORD13617,PROD1276,1,4011.65
ORD13617,PROD1378,2,4090.9
ORD13618,PROD1133,1,1754.31
ORD13618,PROD1080,3,4329.21
ORD13619,PROD1124,3,1216.88
ORD13619,PROD1347,3,321.99
ORD13619,PROD1376,2,4239.89
ORD13619,PROD1366,3,4809.83
ORD13620,PROD1211,1,3490.29
ORD13620,PROD1251,1,1986.98
ORD13621,PROD1357,1,2970.3
ORD13621,PROD1325,1,3715.69
ORD13622,PROD1478,3,4849.58
ORD13622,PROD1330,2,1844.27
ORD13622,PROD1016,1,1590.79
ORD13622,PROD1134,2,4720.26
ORD13623,PROD1356,2,229.91
ORD13624,PROD1080,1,4329.21
ORD13624,PROD1429,2,673.63
ORD13624,PROD1089,3,2413.85
ORD13624,PROD1388,3,3778.01
ORD13625,PROD1060,3,2004.52
ORD13626,PROD1148,3,352.25
ORD13627,PROD1306,3,2629.87
ORD13628,PROD1314,2,4196.3
ORD13628,PROD1248,1,4821.74
ORD13628,PROD1257,1,3510.55
ORD13628,PROD1413,1,2909.85
ORD13629,PROD1137,3,3544.79
ORD13630,PROD1104,1,4547.08
ORD13631,PROD1097,1,2194.95
ORD13631,PROD1440,2,515.7
ORD13631,PROD1269,1,1538.6
ORD13632,PROD1201,1,512.29
ORD13632,PROD1159,2,3668.26
ORD13632,PROD1491,2,3138.65
ORD13632,PROD1428,3,1819.48
ORD13633,PROD1046,2,1627.38
ORD13633,PROD1222,3,559.01
ORD13633,PROD1447,1,3791.55
ORD13634,PROD1020,3,3098.08
ORD13634,PROD1350,3,2565.37
ORD13635,PROD1444,2,4082.72
ORD13635,PROD1104,3,4547.08
ORD13636,PROD1067,1,4030.77
ORD13636,PROD1025,1,3947.36
ORD13636,PROD1160,1,1902.14
ORD13637,PROD1035,2,4061.15
ORD13637,PROD1455,2,2513.86
ORD13637,PROD1350,2,2565.37
ORD13637,PROD1374,3,448.82
ORD13638,PROD1019,2,1527.02
ORD13638,PROD1342,3,948.69
ORD13638,PROD1151,1,1273.85
ORD13639,PROD1015,1,998.68
ORD13639,PROD1282,3,1940.36
ORD13639,PROD1300,2,353.24
ORD13639,PROD1164,1,542.42
ORD13640,PROD1086,3,3675.07
ORD13641,PROD1013,3,1140.46
ORD13642,PROD1285,3,276.12
ORD13643,PROD1240,1,4708.25
ORD13643,PROD1353,3,898.38
ORD13644,PROD1111,3,889.98
ORD13644,PROD1296,1,3872.97
ORD13644,PROD1443,2,1916.15
ORD13644,PROD1216,3,1694.46
ORD13645,PROD1110,2,1519.78
ORD13645,PROD1088,3,4447.34
ORD13646,PROD1157,2,3831.94
ORD13646,PROD1446,2,4931.41
ORD13646,PROD1270,2,4065.87
ORD13646,PROD1273,3,4574.88
ORD13647,PROD1021,2,783.52
ORD13647,PROD1013,2,1140.46
ORD13647,PROD1485,1,4515.67
ORD13647,PROD1205,1,145.07
ORD13648,PROD1399,2,3797.26
ORD13648,PROD1079,2,667.76
ORD13648,PROD1039,3,2256.75
ORD13649,PROD1109,2,477.2
ORD13649,PROD1047,1,2648.33
ORD13649,PROD1231,2,2562.92
ORD13649,PROD1081,1,3154.16
ORD13650,PROD1039,3,2256.75
ORD13650,PROD1029,3,327.61
ORD13651,PROD1041,3,2526.37
ORD13651,PROD1425,1,2792.69
ORD13651,PROD1445,2,4741.52
ORD13651,PROD1465,1,1936.87
ORD13652,PROD1191,1,4496.36
ORD13653,PROD1495,2,1831.43
ORD13654,PROD1196,3,3657.18
ORD13654,PROD1282,1,1940.36
ORD13654,PROD1016,1,1590.79
ORD13655,PROD1121,3,4490.85
ORD13655,PROD1440,2,515.7
ORD13656,PROD1121,1,4490.85
ORD13656,PROD1321,3,3601.52
ORD13657,PROD1147,2,2563.13
ORD13657,PROD1291,3,283.01
ORD13658,PROD1187,1,2820.48
ORD13658,PROD1010,2,200.86
ORD13659,PROD1405,3,4488.06
ORD13659,PROD1336,3,4291.76
ORD13659,PROD1446,2,4931.41
ORD13660,PROD1382,3,3181.82
ORD13660,PROD1150,3,4550.5
ORD13660,PROD1284,3,2933.57
ORD13661,PROD1216,3,1694.46
ORD13661,PROD1146,2,3086.87
ORD13661,PROD1217,1,3757.81
ORD13661,PROD1095,1,2519.6
ORD13662,PROD1018,1,2216.53
ORD13662,PROD1112,2,4655.52
ORD13662,PROD1376,2,4239.89
ORD13663,PROD1013,3,1140.46
ORD13663,PROD1063,2,1848.09
ORD13663,PROD1392,3,1922.89
ORD13664,PROD1354,1,445.79
ORD13664,PROD1120,1,4056.46
ORD13665,PROD1478,3,4849.58
ORD13665,PROD1390,2,4953.48
ORD13666,PROD1356,3,229.91
ORD13667,PROD1407,3,153.1
ORD13667,PROD1445,2,4741.52
ORD13667,PROD1226,3,4867.75
ORD13668,PROD1317,1,949.14
ORD13669,PROD1118,2,4473.54
ORD13669,PROD1178,2,4689.98
ORD13669,PROD1477,2,2813.89
ORD13669,PROD1051,3,3898.15
ORD13670,PROD1047,2,2648.33
ORD13670,PROD1496,3,2959.91
ORD13670,PROD1100,2,254.0
ORD13671,PROD1073,2,4095.76
ORD13671,PROD1037,3,578.59
ORD13671,PROD1469,1,4819.79
ORD13671,PROD1215,2,1262.52
ORD13672,PROD1287,1,2758.96
ORD13672,PROD1037,1,578.59
ORD13672,PROD1114,3,3203.68
ORD13673,PROD1309,2,1427.08
ORD13673,PROD1112,3,4655.52
ORD13673,PROD1269,2,1538.6
ORD13673,PROD1319,3,1326.19
ORD13674,PROD1422,3,546.91
ORD13674,PROD1448,3,1943.67
ORD13674,PROD1125,2,2192.83
ORD13675,PROD1416,3,1536.73
ORD13675,PROD1254,3,930.51
ORD13675,PROD1287,3,2758.96
ORD13675,PROD1291,2,283.01
ORD13676,PROD1452,2,2178.69
ORD13676,PROD1269,2,1538.6
ORD13676,PROD1428,2,1819.48
ORD13677,PROD1332,3,170.53
ORD13678,PROD1083,3,411.44
ORD13679,PROD1186,2,4104.39
ORD13679,PROD1328,2,2156.04
ORD13680,PROD1198,3,4446.72
ORD13680,PROD1472,2,311.48
ORD13680,PROD1477,1,2813.89
ORD13681,PROD1118,1,4473.54
ORD13681,PROD1039,1,2256.75
ORD13682,PROD1310,2,2250.96
ORD13682,PROD1065,2,2759.21
ORD13683,PROD1145,1,280.75
ORD13683,PROD1233,1,2513.34
ORD13683,PROD1028,3,3002.83
ORD13684,PROD1387,1,969.45
ORD13684,PROD1081,2,3154.16
ORD13684,PROD1391,3,2121.83
ORD13684,PROD1469,2,4819.79
ORD13685,PROD1354,2,445.79
ORD13686,PROD1289,2,2995.08
ORD13686,PROD1070,1,3884.0
ORD13687,PROD1176,1,3485.59
ORD13688,PROD1448,1,1943.67
ORD13688,PROD1288,3,1504.05
ORD13688,PROD1327,3,3097.43
ORD13689,PROD1433,2,595.5
ORD13689,PROD1492,3,1459.17
ORD13689,PROD1277,2,3284.82
ORD13689,PROD1486,1,322.69
ORD13690,PROD1326,1,2816.33
ORD13690,PROD1334,1,325.41
ORD13690,PROD1387,3,969.45
ORD13691,PROD1239,1,967.84
ORD13691,PROD1242,1,4582.84
ORD13691,PROD1152,1,809.98
ORD13691,PROD1264,1,4399.13
ORD13692,PROD1132,3,687.34
ORD13692,PROD1190,2,556.2
ORD13693,PROD1402,3,2575.74
ORD13694,PROD1300,1,353.24
ORD13694,PROD1070,2,3884.0
ORD13695,PROD1032,3,418.75
ORD13695,PROD1373,2,3446.73
ORD13696,PROD1300,3,353.24
ORD13696,PROD1495,1,1831.43
ORD13697,PROD1436,2,456.54
ORD13698,PROD1040,2,697.99
ORD13698,PROD1369,1,439.87
ORD13699,PROD1326,3,2816.33
ORD13699,PROD1449,2,509.15
ORD13699,PROD1010,3,200.86
ORD13700,PROD1019,3,1527.02
ORD13700,PROD1396,1,4306.22
ORD13701,PROD1234,3,1056.69
ORD13702,PROD1226,3,4867.75
ORD13702,PROD1226,3,4867.75
ORD13702,PROD1353,2,898.38
ORD13702,PROD1340,3,2508.92
ORD13703,PROD1231,3,2562.92
ORD13703,PROD1172,1,2609.26
ORD13703,PROD1498,3,4874.53
ORD13704,PROD1181,1,656.02
ORD13705,PROD1050,3,4850.96
ORD13706,PROD1342,3,948.69
ORD13706,PROD1406,1,2007.09
ORD13706,PROD1028,2,3002.83
ORD13706,PROD1005,2,864.37
ORD13707,PROD1276,1,4011.65
ORD13707,PROD1314,3,4196.3
ORD13708,PROD1327,1,3097.43
ORD13708,PROD1365,2,1991.9
ORD13709,PROD1070,2,3884.0
ORD13710,PROD1325,2,3715.69
ORD13710,PROD1331,3,3813.45
ORD13710,PROD1190,2,556.2
ORD13711,PROD1274,3,2605.58
ORD13712,PROD1216,1,1694.46
ORD13713,PROD1413,1,2909.85
ORD13713,PROD1340,1,2508.92
ORD13713,PROD1381,2,3514.01
ORD13713,PROD1169,3,2995.38
ORD13714,PROD1036,3,1592.61
ORD13714,PROD1258,2,2893.3
ORD13714,PROD1401,1,4522.51
ORD13715,PROD1407,3,153.1
ORD13716,PROD1216,2,1694.46
ORD13717,PROD1357,1,2970.3
ORD13717,PROD1185,2,3333.92
ORD13718,PROD1231,2,2562.92
ORD13718,PROD1441,1,4934.53
ORD13718,PROD1401,1,4522.51
ORD13718,PROD1166,2,1671.82
ORD13719,PROD1083,3,411.44
ORD13719,PROD1230,3,3994.58
ORD13719,PROD1467,2,4356.14
ORD13720,PROD1184,3,1363.91
ORD13720,PROD1420,3,3978.74
ORD13721,PROD1084,1,1623.81
ORD13721,PROD1064,3,1476.58
ORD13721,PROD1051,2,3898.15
ORD13721,PROD1002,3,3686.77
ORD13722,PROD1161,2,3198.3
ORD13722,PROD1095,1,2519.6
ORD13723,PROD1266,2,3515.38
ORD13724,PROD1005,3,864.37
ORD13724,PROD1109,3,477.2
ORD13724,PROD1142,3,2536.52
ORD13725,PROD1165,2,4192.98
ORD13726,PROD1393,1,3904.42
ORD13727,PROD1412,1,4757.98
ORD13727,PROD1139,2,4861.73
ORD13728,PROD1267,2,3542.17
ORD13728,PROD1037,2,578.59
ORD13728,PROD1413,2,2909.85
ORD13728,PROD1302,3,2749.11
ORD13729,PROD1004,1,864.49
ORD13729,PROD1431,3,3831.4
ORD13730,PROD1354,2,445.79
ORD13730,PROD1102,1,1640.34
ORD13730,PROD1434,1,512.12
ORD13731,PROD1066,3,790.53
ORD13731,PROD1269,1,1538.6
ORD13732,PROD1179,3,773.85
ORD13733,PROD1046,1,1627.38
ORD13733,PROD1206,3,597.21
ORD13734,PROD1486,2,322.69
ORD13734,PROD1424,2,382.04
ORD13735,PROD1464,3,4814.65
ORD13736,PROD1007,1,4344.26
ORD13737,PROD1400,2,605.31
ORD13737,PROD1151,2,1273.85
ORD13737,PROD1455,1,2513.86
ORD13737,PROD1141,3,1333.73
ORD13738,PROD1430,2,800.66
ORD13738,PROD1026,3,1078.4
ORD13738,PROD1347,2,321.99
ORD13738,PROD1070,3,3884.0
ORD13739,PROD1389,3,4053.49
ORD13739,PROD1157,1,3831.94
ORD13739,PROD1347,3,321.99
ORD13740,PROD1319,2,1326.19
ORD13740,PROD1063,3,1848.09
ORD13740,PROD1270,1,4065.87
ORD13741,PROD1392,3,1922.89
ORD13741,PROD1000,2,1935.25
ORD13741,PROD1260,2,3113.54
ORD13742,PROD1358,3,4707.13
ORD13742,PROD1476,2,461.6
ORD13742,PROD1439,3,498.61
ORD13743,PROD1203,1,4502.92
ORD13743,PROD1458,3,375.89
ORD13743,PROD1226,3,4867.75
ORD13743,PROD1435,3,3534.75
ORD13744,PROD1016,1,1590.79
ORD13744,PROD1303,2,3223.41
ORD13745,PROD1445,1,4741.52
ORD13746,PROD1060,3,2004.52
ORD13747,PROD1096,2,2661.39
ORD13747,PROD1282,1,1940.36
ORD13747,PROD1246,1,2198.1
ORD13747,PROD1034,1,4831.6
ORD13748,PROD1170,3,3420.07
ORD13748,PROD1432,3,3129.27
ORD13748,PROD1394,1,1769.94
ORD13748,PROD1066,3,790.53
ORD13749,PROD1461,3,3281.13
ORD13749,PROD1069,1,4935.75
ORD13750,PROD1158,3,1264.42
ORD13751,PROD1106,3,2110.88
ORD13751,PROD1433,3,595.5
ORD13751,PROD1035,1,4061.15
ORD13751,PROD1347,1,321.99
ORD13752,PROD1097,2,2194.95
ORD13752,PROD1281,3,1756.18
ORD13753,PROD1251,2,1986.98
ORD13753,PROD1079,1,667.76
ORD13753,PROD1313,1,4816.98
ORD13754,PROD1333,1,668.76
ORD13755,PROD1001,3,4758.5
ORD13755,PROD1202,2,891.98
ORD13755,PROD1257,1,3510.55
ORD13755,PROD1250,2,1542.8
ORD13756,PROD1454,3,644.87
ORD13757,PROD1018,3,2216.53
ORD13757,PROD1441,1,4934.53
ORD13757,PROD1367,1,4536.22
ORD13758,PROD1487,3,1476.72
ORD13758,PROD1283,3,560.51
ORD13758,PROD1330,1,1844.27
ORD13758,PROD1049,2,1005.79
ORD13759,PROD1220,1,3322.3
ORD13759,PROD1112,2,4655.52
ORD13760,PROD1224,1,1399.49
ORD13761,PROD1205,3,145.07
ORD13761,PROD1017,2,2671.31
ORD13761,PROD1267,1,3542.17
ORD13762,PROD1275,1,2557.43
ORD13762,PROD1398,1,3779.27
ORD13762,PROD1232,2,2926.83
ORD13762,PROD1024,3,2334.74
ORD13763,PROD1439,3,498.61
ORD13763,PROD1436,1,456.54
ORD13763,PROD1070,1,3884.0
ORD13764,PROD1373,2,3446.73
ORD13764,PROD1032,2,418.75
ORD13765,PROD1028,1,3002.83
ORD13765,PROD1258,3,2893.3
ORD13765,PROD1038,2,3452.74
ORD13766,PROD1393,2,3904.42
ORD13766,PROD1267,3,3542.17
ORD13766,PROD1493,1,1021.79
ORD13766,PROD1117,3,1014.19
ORD13767,PROD1174,2,3261.35
ORD13767,PROD1111,3,889.98
ORD13767,PROD1307,3,1682.49
ORD13767,PROD1289,1,2995.08
ORD13768,PROD1412,1,4757.98
ORD13769,PROD1447,3,3791.55
ORD13769,PROD1436,2,456.54
ORD13769,PROD1185,3,3333.92
ORD13769,PROD1040,2,697.99
ORD13770,PROD1040,1,697.99
ORD13770,PROD1354,3,445.79
ORD13771,PROD1302,1,2749.11
ORD13771,PROD1283,2,560.51
ORD13771,PROD1035,2,4061.15
ORD13771,PROD1276,2,4011.65
ORD13772,PROD1299,1,518.2
ORD13772,PROD1416,2,1536.73
ORD13772,PROD1153,2,2498.32
ORD13773,PROD1053,1,4484.65
ORD13774,PROD1388,2,3778.01
ORD13774,PROD1245,3,4648.76
ORD13775,PROD1405,3,4488.06
ORD13776,PROD1001,2,4758.5
ORD13777,PROD1289,3,2995.08
ORD13777,PROD1180,1,1771.23
ORD13777,PROD1314,1,4196.3
ORD13777,PROD1265,2,3729.77
ORD13778,PROD1133,3,1754.31
ORD13778,PROD1299,2,518.2
ORD13778,PROD1437,1,4127.11
ORD13778,PROD1198,1,4446.72
ORD13779,PROD1218,3,3283.2
ORD13779,PROD1348,2,1935.6
ORD13780,PROD1178,3,4689.98
ORD13780,PROD1022,3,1531.51
ORD13780,PROD1384,3,3701.85
ORD13781,PROD1378,1,4090.9
ORD13781,PROD1198,2,4446.72
ORD13782,PROD1294,1,722.6
ORD13782,PROD1108,3,1221.11
ORD13782,PROD1351,1,4296.8
ORD13782,PROD1203,1,4502.92
ORD13783,PROD1016,3,1590.79
ORD13784,PROD1236,1,1475.78
ORD13784,PROD1438,1,3560.59
ORD13784,PROD1334,1,325.41
ORD13785,PROD1038,1,3452.74
ORD13785,PROD1129,2,2602.66
ORD13785,PROD1097,3,2194.95
ORD13786,PROD1333,3,668.76
ORD13786,PROD1168,3,299.8
ORD13787,PROD1199,1,3921.39
ORD13787,PROD1210,2,2788.8
ORD13787,PROD1017,3,2671.31
ORD13788,PROD1103,1,2592.0
ORD13789,PROD1010,3,200.86
ORD13789,PROD1380,3,679.01
ORD13789,PROD1050,3,4850.96
ORD13790,PROD1260,2,3113.54
ORD13791,PROD1199,3,3921.39
ORD13791,PROD1329,3,1313.88
ORD13791,PROD1484,1,2963.14
ORD13791,PROD1089,2,2413.85
ORD13792,PROD1231,1,2562.92
ORD13792,PROD1178,1,4689.98
ORD13792,PROD1451,2,2836.18
ORD13792,PROD1429,1,673.63
ORD13793,PROD1242,2,4582.84
ORD13793,PROD1273,1,4574.88
ORD13793,PROD1395,1,4660.71
ORD13794,PROD1200,2,3245.96
ORD13794,PROD1153,3,2498.32
ORD13795,PROD1405,3,4488.06
ORD13796,PROD1296,1,3872.97
ORD13796,PROD1490,3,2332.72
ORD13797,PROD1061,2,1429.61
ORD13798,PROD1316,1,2103.87
ORD13798,PROD1434,2,512.12
ORD13799,PROD1035,3,4061.15
ORD13800,PROD1068,2,465.3
ORD13800,PROD1231,1,2562.92
ORD13801,PROD1351,3,4296.8
ORD13802,PROD1495,2,1831.43
ORD13802,PROD1022,2,1531.51
ORD13803,PROD1369,2,439.87
ORD13803,PROD1272,1,4348.65
ORD13803,PROD1180,1,1771.23
ORD13803,PROD1346,2,3211.96
ORD13804,PROD1133,2,1754.31
ORD13804,PROD1070,1,3884.0
ORD13805,PROD1309,3,1427.08
ORD13806,PROD1184,2,1363.91
ORD13806,PROD1306,3,2629.87
ORD13806,PROD1487,3,1476.72
ORD13807,PROD1487,1,1476.72
ORD13808,PROD1378,1,4090.9
ORD13809,PROD1178,3,4689.98
ORD13810,PROD1069,3,4935.75
ORD13810,PROD1359,1,2919.82
ORD13810,PROD1177,3,1995.0
ORD13811,PROD1383,2,4399.61
ORD13811,PROD1080,2,4329.21
ORD13812,PROD1349,3,3166.71
ORD13812,PROD1044,1,1368.02
ORD13813,PROD1466,3,1499.99
ORD13813,PROD1307,1,1682.49
ORD13813,PROD1460,1,675.88
ORD13814,PROD1466,3,1499.99
ORD13814,PROD1325,3,3715.69
ORD13814,PROD1203,3,4502.92
ORD13815,PROD1356,3,229.91
ORD13815,PROD1037,3,578.59
ORD13815,PROD1197,1,4495.84
ORD13815,PROD1304,2,3657.85
ORD13816,PROD1284,3,2933.57
ORD13817,PROD1279,1,3999.38
ORD13818,PROD1278,3,3539.64
ORD13819,PROD1411,2,4755.3
ORD13819,PROD1415,2,2297.38
ORD13820,PROD1117,1,1014.19
ORD13820,PROD1072,2,127.06
ORD13820,PROD1005,3,864.37
ORD13821,PROD1108,3,1221.11
ORD13821,PROD1371,1,189.29
ORD13821,PROD1184,2,1363.91
ORD13821,PROD1455,3,2513.86
ORD13822,PROD1444,1,4082.72
ORD13822,PROD1018,3,2216.53
ORD13822,PROD1363,1,2773.52
ORD13822,PROD1384,2,3701.85
ORD13823,PROD1272,1,4348.65
ORD13823,PROD1095,2,2519.6
ORD13824,PROD1366,3,4809.83
ORD13825,PROD1475,3,4965.53
ORD13825,PROD1189,3,1285.08
ORD13826,PROD1245,3,4648.76
ORD13826,PROD1033,3,4749.54
ORD13827,PROD1085,1,1693.4
ORD13828,PROD1117,3,1014.19
ORD13828,PROD1110,3,1519.78
ORD13828,PROD1057,2,1060.32
ORD13828,PROD1017,2,2671.31
ORD13829,PROD1453,2,4541.14
ORD13829,PROD1211,3,3490.29
ORD13830,PROD1002,1,3686.77
ORD13830,PROD1431,1,3831.4
ORD13831,PROD1472,1,311.48
ORD13831,PROD1342,1,948.69
ORD13832,PROD1130,2,2145.31
ORD13832,PROD1113,3,4059.79
ORD13832,PROD1190,2,556.2
ORD13832,PROD1242,3,4582.84
ORD13833,PROD1329,2,1313.88
ORD13834,PROD1184,2,1363.91
ORD13835,PROD1415,3,2297.38
ORD13836,PROD1234,1,1056.69
ORD13836,PROD1410,2,1664.64
ORD13836,PROD1396,3,4306.22
ORD13836,PROD1016,2,1590.79
ORD13837,PROD1031,3,935.57
ORD13837,PROD1197,1,4495.84
ORD13837,PROD1350,3,2565.37
ORD13837,PROD1378,1,4090.9
ORD13838,PROD1383,1,4399.61
ORD13838,PROD1335,3,299.57
ORD13838,PROD1344,3,2052.67
ORD13838,PROD1295,3,2658.99
ORD13839,PROD1153,3,2498.32
ORD13839,PROD1259,3,576.16
ORD13839,PROD1486,3,322.69
ORD13840,PROD1441,3,4934.53
ORD13840,PROD1116,1,4037.99
ORD13840,PROD1244,2,175.74
ORD13841,PROD1196,3,3657.18
ORD13841,PROD1360,1,2002.03
ORD13841,PROD1187,2,2820.48
ORD13842,PROD1153,3,2498.32
ORD13842,PROD1194,3,1761.25
ORD13842,PROD1115,2,4370.16
ORD13843,PROD1484,2,2963.14
ORD13843,PROD1458,3,375.89
ORD13843,PROD1458,1,375.89
ORD13844,PROD1126,2,4108.27
ORD13845,PROD1093,3,2850.26
ORD13846,PROD1218,3,3283.2
ORD13846,PROD1051,2,3898.15
ORD13847,PROD1170,3,3420.07
ORD13848,PROD1363,1,2773.52
ORD13848,PROD1159,1,3668.26
ORD13848,PROD1239,3,967.84
ORD13849,PROD1073,2,4095.76
ORD13850,PROD1469,2,4819.79
ORD13850,PROD1197,1,4495.84
ORD13850,PROD1410,3,1664.64
ORD13850,PROD1327,1,3097.43
ORD13851,PROD1375,3,1662.98
ORD13851,PROD1497,2,480.9
ORD13851,PROD1422,1,546.91
ORD13851,PROD1466,3,1499.99
ORD13852,PROD1233,2,2513.34
ORD13853,PROD1474,1,2685.74
ORD13854,PROD1491,1,3138.65
ORD13854,PROD1171,3,181.28
ORD13854,PROD1306,3,2629.87
ORD13855,PROD1375,3,1662.98
ORD13855,PROD1193,1,3202.2
ORD13855,PROD1111,2,889.98
ORD13856,PROD1201,3,512.29
ORD13856,PROD1105,1,1321.53
ORD13856,PROD1093,1,2850.26
ORD13857,PROD1365,2,1991.9
ORD13857,PROD1018,3,2216.53
ORD13857,PROD1209,2,887.96
ORD13857,PROD1081,3,3154.16
ORD13858,PROD1469,1,4819.79
ORD13859,PROD1345,2,3117.67
ORD13859,PROD1348,3,1935.6
ORD13859,PROD1186,1,4104.39
ORD13859,PROD1297,1,1157.52
ORD13860,PROD1290,1,249.45
ORD13860,PROD1459,3,682.21
ORD13860,PROD1391,3,2121.83
ORD13861,PROD1300,3,353.24
ORD13861,PROD1133,2,1754.31
ORD13861,PROD1012,2,4178.97
ORD13862,PROD1390,3,4953.48
ORD13863,PROD1018,1,2216.53
ORD13863,PROD1362,1,2345.44
ORD13863,PROD1261,1,4951.26
ORD13864,PROD1071,1,1073.71
ORD13864,PROD1433,2,595.5
ORD13865,PROD1056,3,533.61
ORD13865,PROD1021,1,783.52
ORD13866,PROD1416,2,1536.73
ORD13866,PROD1151,1,1273.85
ORD13866,PROD1432,3,3129.27
ORD13866,PROD1196,2,3657.18
ORD13867,PROD1436,2,456.54
ORD13867,PROD1187,2,2820.48
ORD13868,PROD1368,1,1059.38
ORD13868,PROD1426,3,2263.5
ORD13869,PROD1442,1,1933.93
ORD13869,PROD1360,1,2002.03
ORD13870,PROD1017,1,2671.31
ORD13870,PROD1250,2,1542.8
ORD13870,PROD1440,1,515.7
ORD13870,PROD1472,2,311.48
ORD13871,PROD1340,2,2508.92
ORD13871,PROD1407,2,153.1
ORD13872,PROD1288,3,1504.05
ORD13873,PROD1339,3,579.39
ORD13874,PROD1234,3,1056.69
ORD13874,PROD1430,1,800.66
ORD13874,PROD1070,1,3884.0
ORD13875,PROD1000,2,1935.25
ORD13876,PROD1183,3,4398.96
ORD13877,PROD1447,2,3791.55
ORD13878,PROD1477,1,2813.89
ORD13878,PROD1447,2,3791.55
ORD13879,PROD1033,2,4749.54
ORD13879,PROD1496,2,2959.91
ORD13880,PROD1066,3,790.53
ORD13880,PROD1402,1,2575.74
ORD13880,PROD1077,3,462.82
ORD13881,PROD1018,3,2216.53
ORD13882,PROD1000,3,1935.25
ORD13883,PROD1179,3,773.85
ORD13884,PROD1173,1,1209.83
ORD13884,PROD1341,2,2420.01
ORD13884,PROD1049,3,1005.79
ORD13884,PROD1019,3,1527.02
ORD13885,PROD1462,2,3755.62
ORD13886,PROD1250,3,1542.8
ORD13886,PROD1127,3,4317.58
ORD13886,PROD1184,2,1363.91
ORD13886,PROD1187,1,2820.48
ORD13887,PROD1154,1,4929.69
ORD13887,PROD1411,3,4755.3
ORD13888,PROD1477,1,2813.89
ORD13888,PROD1434,2,512.12
ORD13888,PROD1268,2,1861.51
ORD13889,PROD1105,3,1321.53
ORD13890,PROD1229,1,3192.58
ORD13891,PROD1409,2,547.3
ORD13891,PROD1396,1,4306.22
ORD13891,PROD1274,3,2605.58
ORD13892,PROD1214,3,3589.68
ORD13892,PROD1227,2,2026.18
ORD13892,PROD1106,3,2110.88
ORD13893,PROD1097,1,2194.95
ORD13893,PROD1096,2,2661.39
ORD13894,PROD1410,3,1664.64
ORD13894,PROD1341,2,2420.01
ORD13894,PROD1167,1,1013.94
ORD13895,PROD1423,3,2522.66
ORD13895,PROD1038,1,3452.74
ORD13895,PROD1467,3,4356.14
ORD13895,PROD1386,2,1481.97
ORD13896,PROD1445,1,4741.52
ORD13896,PROD1114,3,3203.68
ORD13896,PROD1417,1,1710.46
ORD13897,PROD1102,3,1640.34
ORD13898,PROD1394,2,1769.94
ORD13898,PROD1142,2,2536.52
ORD13899,PROD1390,1,4953.48
ORD13899,PROD1302,1,2749.11
ORD13899,PROD1239,3,967.84
ORD13900,PROD1346,1,3211.96
ORD13900,PROD1318,3,866.54
ORD13901,PROD1120,2,4056.46
ORD13901,PROD1244,2,175.74
ORD13901,PROD1357,3,2970.3
ORD13902,PROD1464,3,4814.65
ORD13902,PROD1393,3,3904.42
ORD13903,PROD1206,3,597.21
ORD13903,PROD1118,2,4473.54
ORD13904,PROD1141,2,1333.73
ORD13904,PROD1349,2,3166.71
ORD13904,PROD1030,3,3076.97
ORD13905,PROD1266,1,3515.38
ORD13905,PROD1035,1,4061.15
ORD13905,PROD1457,1,2396.44
ORD13905,PROD1335,1,299.57
ORD13906,PROD1236,1,1475.78
ORD13906,PROD1470,1,159.56
ORD13907,PROD1050,1,4850.96
ORD13908,PROD1468,2,1195.62
ORD13908,PROD1379,3,1481.09
ORD13908,PROD1387,1,969.45
ORD13909,PROD1453,2,4541.14
ORD13909,PROD1141,1,1333.73
ORD13909,PROD1040,2,697.99
ORD13909,PROD1485,2,4515.67
ORD13910,PROD1044,2,1368.02
ORD13911,PROD1399,1,3797.26
ORD13911,PROD1274,3,2605.58
ORD13911,PROD1292,1,4130.74
ORD13911,PROD1234,2,1056.69
ORD13912,PROD1359,3,2919.82
ORD13912,PROD1206,1,597.21
ORD13913,PROD1346,3,3211.96
ORD13914,PROD1378,3,4090.9
ORD13914,PROD1097,2,2194.95
ORD13915,PROD1249,2,4279.75
ORD13915,PROD1147,3,2563.13
ORD13915,PROD1053,3,4484.65
ORD13915,PROD1456,3,155.63
ORD13916,PROD1333,1,668.76
ORD13917,PROD1346,1,3211.96
ORD13917,PROD1481,1,3509.17
ORD13918,PROD1324,3,4778.84
ORD13919,PROD1224,1,1399.49
ORD13920,PROD1143,3,1574.3
ORD13920,PROD1287,3,2758.96
ORD13920,PROD1210,3,2788.8
ORD13920,PROD1153,2,2498.32
ORD13921,PROD1371,3,189.29
ORD13922,PROD1087,1,3224.03
ORD13922,PROD1399,2,3797.26
ORD13922,PROD1308,2,3996.41
ORD13922,PROD1471,3,4852.41
ORD13923,PROD1101,1,3218.41
ORD13923,PROD1057,2,1060.32
ORD13924,PROD1478,3,4849.58
ORD13924,PROD1043,3,4555.67
ORD13924,PROD1427,2,4449.75
ORD13924,PROD1029,1,327.61
ORD13925,PROD1023,2,1895.17
ORD13925,PROD1250,3,1542.8
ORD13925,PROD1118,2,4473.54
ORD13925,PROD1386,3,1481.97
ORD13926,PROD1438,2,3560.59
ORD13927,PROD1347,2,321.99
ORD13927,PROD1086,1,3675.07
ORD13928,PROD1486,2,322.69
ORD13928,PROD1228,3,4471.03
ORD13929,PROD1450,2,3908.02
ORD13929,PROD1467,2,4356.14
ORD13930,PROD1295,1,2658.99
ORD13931,PROD1411,3,4755.3
ORD13931,PROD1002,2,3686.77
ORD13932,PROD1076,2,3879.22
ORD13932,PROD1389,3,4053.49
ORD13933,PROD1391,1,2121.83
ORD13934,PROD1080,3,4329.21
ORD13934,PROD1243,2,1913.78
ORD13935,PROD1447,1,3791.55
ORD13935,PROD1066,1,790.53
ORD13936,PROD1410,1,1664.64
ORD13936,PROD1294,3,722.6
ORD13936,PROD1052,3,4703.54
ORD13937,PROD1205,2,145.07
ORD13937,PROD1340,2,2508.92
ORD13938,PROD1425,3,2792.69
ORD13938,PROD1443,1,1916.15
ORD13938,PROD1208,2,124.8
ORD13938,PROD1001,1,4758.5
ORD13939,PROD1368,2,1059.38
ORD13939,PROD1226,2,4867.75
ORD13940,PROD1376,3,4239.89
ORD13940,PROD1002,2,3686.77
ORD13940,PROD1171,3,181.28
ORD13940,PROD1117,2,1014.19
ORD13941,PROD1280,3,4461.03
ORD13942,PROD1261,2,4951.26
ORD13942,PROD1365,1,1991.9
ORD13942,PROD1254,2,930.51
ORD13942,PROD1427,1,4449.75
ORD13943,PROD1051,1,3898.15
ORD13943,PROD1101,3,3218.41
ORD13943,PROD1218,3,3283.2
ORD13944,PROD1338,2,2423.45
ORD13944,PROD1274,3,2605.58
ORD13945,PROD1077,1,462.82
ORD13946,PROD1319,1,1326.19
ORD13946,PROD1106,1,2110.88
ORD13947,PROD1392,1,1922.89
ORD13947,PROD1406,3,2007.09
ORD13947,PROD1415,3,2297.38
ORD13947,PROD1476,3,461.6
ORD13948,PROD1320,1,2791.21
ORD13948,PROD1072,1,127.06
ORD13948,PROD1056,2,533.61
ORD13948,PROD1065,2,2759.21
ORD13949,PROD1231,2,2562.92
ORD13950,PROD1490,3,2332.72
ORD13951,PROD1085,3,1693.4
ORD13951,PROD1252,3,4270.57
ORD13951,PROD1029,1,327.61
ORD13952,PROD1019,2,1527.02
ORD13952,PROD1202,1,891.98
ORD13953,PROD1171,2,181.28
ORD13953,PROD1404,2,1668.24
ORD13953,PROD1405,2,4488.06
ORD13953,PROD1328,3,2156.04
ORD13954,PROD1335,1,299.57
ORD13954,PROD1241,3,4774.25
ORD13954,PROD1180,2,1771.23
ORD13955,PROD1051,1,3898.15
ORD13955,PROD1370,3,593.81
ORD13955,PROD1489,1,4462.29
ORD13955,PROD1396,2,4306.22
ORD13956,PROD1464,3,4814.65
ORD13957,PROD1053,2,4484.65
ORD13957,PROD1266,2,3515.38
ORD13957,PROD1406,3,2007.09
ORD13957,PROD1384,3,3701.85
ORD13958,PROD1195,2,1811.13
ORD13959,PROD1044,2,1368.02
ORD13959,PROD1154,1,4929.69
ORD13960,PROD1316,1,2103.87
ORD13960,PROD1081,1,3154.16
ORD13960,PROD1266,1,3515.38
ORD13961,PROD1181,2,656.02
ORD13961,PROD1431,1,3831.4
ORD13962,PROD1040,1,697.99
ORD13962,PROD1444,3,4082.72
ORD13963,PROD1287,1,2758.96
ORD13963,PROD1048,2,2778.88
ORD13963,PROD1261,3,4951.26
ORD13963,PROD1243,3,1913.78
ORD13964,PROD1405,3,4488.06
ORD13965,PROD1182,1,4631.0
ORD13965,PROD1161,3,3198.3
ORD13965,PROD1296,1,3872.97
ORD13966,PROD1058,1,321.61
ORD13966,PROD1165,2,4192.98
ORD13966,PROD1392,2,1922.89
ORD13966,PROD1249,1,4279.75
ORD13967,PROD1046,2,1627.38
ORD13967,PROD1389,3,4053.49
ORD13967,PROD1251,1,1986.98
ORD13968,PROD1388,2,3778.01
ORD13968,PROD1069,1,4935.75
ORD13968,PROD1059,2,1694.12
ORD13968,PROD1204,1,3071.5
ORD13969,PROD1337,3,3547.92
ORD13969,PROD1442,2,1933.93
ORD13969,PROD1006,1,384.61
ORD13969,PROD1451,2,2836.18
ORD13970,PROD1285,2,276.12
ORD13970,PROD1372,3,562.77
ORD13971,PROD1189,1,1285.08
ORD13971,PROD1050,2,4850.96
ORD13971,PROD1470,2,159.56
ORD13972,PROD1479,3,2663.18
ORD13972,PROD1305,3,4881.68
ORD13972,PROD1437,2,4127.11
ORD13973,PROD1236,2,1475.78
ORD13973,PROD1011,2,4852.56
ORD13973,PROD1142,1,2536.52
ORD13973,PROD1398,3,3779.27
ORD13974,PROD1455,3,2513.86
ORD13975,PROD1478,1,4849.58
ORD13976,PROD1262,1,786.41
ORD13977,PROD1078,3,1856.48
ORD13978,PROD1338,1,2423.45
ORD13978,PROD1421,3,3969.13
ORD13979,PROD1250,2,1542.8
ORD13979,PROD1151,2,1273.85
ORD13980,PROD1420,2,3978.74
ORD13980,PROD1172,1,2609.26
ORD13980,PROD1489,3,4462.29
ORD13981,PROD1195,1,1811.13
ORD13981,PROD1483,1,3175.03
ORD13981,PROD1292,2,4130.74
ORD13982,PROD1384,1,3701.85
ORD13982,PROD1348,3,1935.6
ORD13982,PROD1015,3,998.68
ORD13982,PROD1036,1,1592.61
ORD13983,PROD1021,2,783.52
ORD13983,PROD1298,2,3152.16
ORD13984,PROD1284,3,2933.57
ORD13984,PROD1015,1,998.68
ORD13984,PROD1468,1,1195.62
ORD13985,PROD1126,3,4108.27
ORD13985,PROD1486,3,322.69
ORD13985,PROD1085,3,1693.4
ORD13986,PROD1476,3,461.6
ORD13986,PROD1230,2,3994.58
ORD13986,PROD1079,2,667.76
ORD13987,PROD1162,3,3204.3
ORD13988,PROD1226,2,4867.75
ORD13988,PROD1047,3,2648.33
ORD13988,PROD1309,2,1427.08
ORD13988,PROD1252,3,4270.57
ORD13989,PROD1102,3,1640.34
ORD13989,PROD1186,3,4104.39
ORD13989,PROD1320,1,2791.21
ORD13989,PROD1177,1,1995.0
ORD13990,PROD1438,1,3560.59
ORD13990,PROD1346,2,3211.96
ORD13990,PROD1342,1,948.69
ORD13990,PROD1210,1,2788.8
ORD13991,PROD1498,3,4874.53
ORD13991,PROD1483,2,3175.03
ORD13992,PROD1050,2,4850.96
ORD13993,PROD1317,2,949.14
ORD13993,PROD1094,1,3877.74
ORD13994,PROD1437,2,4127.11
ORD13995,PROD1468,3,1195.62
ORD13995,PROD1227,1,2026.18
ORD13996,PROD1243,3,1913.78
ORD13996,PROD1310,2,2250.96
ORD13997,PROD1383,1,4399.61
ORD13997,PROD1200,1,3245.96
ORD13998,PROD1418,2,3395.34
ORD13998,PROD1236,3,1475.78
ORD13999,PROD1253,1,1652.92
ORD13999,PROD1441,2,4934.53
ORD14000,PROD1237,2,219.15
ORD14000,PROD1220,2,3322.3
ORD14001,PROD1203,2,4502.92
ORD14002,PROD1406,2,2007.09
ORD14002,PROD1303,1,3223.41
ORD14002,PROD1481,1,3509.17
ORD14002,PROD1079,1,667.76
ORD14003,PROD1422,2,546.91
ORD14004,PROD1042,1,268.5
ORD14004,PROD1235,2,3640.02
ORD14005,PROD1069,3,4935.75
ORD14005,PROD1355,2,3247.85
ORD14005,PROD1130,1,2145.31
ORD14006,PROD1026,1,1078.4
ORD14007,PROD1237,2,219.15
ORD14007,PROD1174,2,3261.35
ORD14007,PROD1315,1,3510.27
ORD14007,PROD1291,2,283.01
ORD14008,PROD1262,3,786.41
ORD14008,PROD1413,1,2909.85
ORD14008,PROD1305,1,4881.68
ORD14009,PROD1325,2,3715.69
ORD14010,PROD1198,3,4446.72
ORD14010,PROD1230,1,3994.58
ORD14010,PROD1287,2,2758.96
ORD14010,PROD1334,2,325.41
ORD14011,PROD1312,3,224.22
ORD14011,PROD1010,2,200.86
ORD14011,PROD1423,3,2522.66
ORD14011,PROD1103,2,2592.0
ORD14012,PROD1236,1,1475.78
ORD14012,PROD1497,3,480.9
ORD14012,PROD1235,2,3640.02
ORD14012,PROD1455,3,2513.86
ORD14013,PROD1374,2,448.82
ORD14013,PROD1333,3,668.76
ORD14013,PROD1026,1,1078.4
ORD14014,PROD1300,2,353.24
ORD14014,PROD1160,2,1902.14
ORD14015,PROD1034,1,4831.6
ORD14015,PROD1238,2,3262.81
ORD14016,PROD1182,1,4631.0
ORD14017,PROD1405,2,4488.06
ORD14018,PROD1186,1,4104.39
ORD14019,PROD1432,1,3129.27
ORD14019,PROD1136,3,2642.07
ORD14019,PROD1201,1,512.29
ORD14020,PROD1254,1,930.51
ORD14021,PROD1340,1,2508.92
ORD14022,PROD1027,3,2619.75
ORD14022,PROD1150,1,4550.5
ORD14022,PROD1358,3,4707.13
ORD14023,PROD1089,1,2413.85
ORD14024,PROD1366,3,4809.83
ORD14025,PROD1033,2,4749.54
ORD14025,PROD1263,1,2639.82
ORD14025,PROD1300,1,353.24
ORD14026,PROD1405,2,4488.06
ORD14026,PROD1416,3,1536.73
ORD14027,PROD1231,3,2562.92
ORD14028,PROD1429,3,673.63
ORD14028,PROD1051,2,3898.15
ORD14028,PROD1118,1,4473.54
ORD14028,PROD1329,1,1313.88
ORD14029,PROD1319,1,1326.19
ORD14030,PROD1115,1,4370.16
ORD14030,PROD1202,2,891.98
ORD14031,PROD1283,1,560.51
ORD14031,PROD1085,2,1693.4
ORD14031,PROD1044,3,1368.02
ORD14031,PROD1283,2,560.51
ORD14032,PROD1271,1,4069.56
ORD14033,PROD1058,3,321.61
ORD14034,PROD1109,3,477.2
ORD14034,PROD1125,3,2192.83
ORD14034,PROD1471,1,4852.41
ORD14035,PROD1369,3,439.87
ORD14036,PROD1006,1,384.61
ORD14036,PROD1185,3,3333.92
ORD14036,PROD1275,2,2557.43
ORD14036,PROD1078,2,1856.48
ORD14037,PROD1097,3,2194.95
ORD14037,PROD1304,2,3657.85
ORD14037,PROD1216,1,1694.46
ORD14038,PROD1133,1,1754.31
ORD14038,PROD1261,2,4951.26
ORD14038,PROD1283,1,560.51
ORD14038,PROD1101,1,3218.41
ORD14039,PROD1122,2,1658.22
ORD14040,PROD1166,1,1671.82
ORD14040,PROD1098,1,224.55
ORD14040,PROD1206,2,597.21
ORD14040,PROD1150,2,4550.5
ORD14041,PROD1377,2,214.03
ORD14042,PROD1123,3,639.25
ORD14042,PROD1402,3,2575.74
ORD14042,PROD1426,1,2263.5
ORD14043,PROD1498,2,4874.53
ORD14043,PROD1310,1,2250.96
ORD14043,PROD1316,2,2103.87
ORD14043,PROD1302,2,2749.11
ORD14044,PROD1223,1,1901.81
ORD14045,PROD1344,3,2052.67
ORD14045,PROD1084,1,1623.81
ORD14045,PROD1474,3,2685.74
ORD14046,PROD1263,2,2639.82
ORD14046,PROD1402,3,2575.74
ORD14046,PROD1182,2,4631.0
ORD14046,PROD1271,1,4069.56
ORD14047,PROD1189,2,1285.08
ORD14047,PROD1085,2,1693.4
ORD14048,PROD1276,1,4011.65
ORD14048,PROD1292,2,4130.74
ORD14049,PROD1322,2,3334.97
ORD14049,PROD1009,1,3569.56
ORD14049,PROD1452,3,2178.69
ORD14049,PROD1087,3,3224.03
ORD14050,PROD1048,2,2778.88
ORD14051,PROD1105,3,1321.53
ORD14051,PROD1310,3,2250.96
ORD14052,PROD1168,2,299.8
ORD14052,PROD1496,2,2959.91
ORD14053,PROD1464,3,4814.65
ORD14054,PROD1055,3,4617.18
ORD14054,PROD1457,3,2396.44
ORD14054,PROD1279,1,3999.38
ORD14054,PROD1107,2,3802.2
ORD14055,PROD1060,3,2004.52
ORD14055,PROD1454,3,644.87
ORD14055,PROD1283,1,560.51
ORD14055,PROD1365,2,1991.9
ORD14056,PROD1073,2,4095.76
ORD14056,PROD1237,3,219.15
ORD14056,PROD1299,1,518.2
ORD14056,PROD1107,2,3802.2
ORD14057,PROD1244,2,175.74
ORD14057,PROD1480,3,3184.05
ORD14057,PROD1320,1,2791.21
ORD14058,PROD1120,3,4056.46
ORD14059,PROD1451,2,2836.18
ORD14059,PROD1391,2,2121.83
ORD14059,PROD1102,3,1640.34
ORD14059,PROD1207,2,3351.16
ORD14060,PROD1299,2,518.2
ORD14060,PROD1463,3,2958.51
ORD14060,PROD1117,1,1014.19
ORD14061,PROD1465,1,1936.87
ORD14062,PROD1468,3,1195.62
ORD14062,PROD1185,1,3333.92
ORD14062,PROD1448,3,1943.67
ORD14062,PROD1314,3,4196.3
ORD14063,PROD1438,2,3560.59
ORD14064,PROD1039,1,2256.75
ORD14064,PROD1141,3,1333.73
ORD14065,PROD1079,1,667.76
ORD14066,PROD1038,1,3452.74
ORD14066,PROD1226,1,4867.75
ORD14066,PROD1339,2,579.39
ORD14067,PROD1134,1,4720.26
ORD14068,PROD1134,1,4720.26
ORD14068,PROD1377,1,214.03
ORD14069,PROD1493,3,1021.79
ORD14069,PROD1066,2,790.53
ORD14070,PROD1450,1,3908.02
ORD14070,PROD1255,2,2828.33
ORD14070,PROD1355,3,3247.85
ORD14070,PROD1437,2,4127.11
ORD14071,PROD1436,3,456.54
ORD14071,PROD1286,1,2381.43
ORD14071,PROD1221,1,2884.71
ORD14071,PROD1020,3,3098.08
ORD14072,PROD1452,1,2178.69
ORD14073,PROD1212,1,3294.61
ORD14073,PROD1147,2,2563.13
ORD14073,PROD1421,1,3969.13
ORD14074,PROD1475,1,4965.53
ORD14074,PROD1222,2,559.01
ORD14075,PROD1111,1,889.98
ORD14075,PROD1375,1,1662.98
ORD14075,PROD1086,3,3675.07
ORD14075,PROD1404,3,1668.24
ORD14076,PROD1112,2,4655.52
ORD14076,PROD1253,2,1652.92
ORD14077,PROD1063,3,1848.09
ORD14077,PROD1153,2,2498.32
ORD14077,PROD1445,3,4741.52
ORD14077,PROD1004,2,864.49
ORD14078,PROD1461,2,3281.13
ORD14079,PROD1059,2,1694.12
ORD14079,PROD1204,1,3071.5
ORD14080,PROD1442,1,1933.93
ORD14080,PROD1362,2,2345.44
ORD14080,PROD1370,3,593.81
ORD14080,PROD1331,3,3813.45
ORD14081,PROD1487,3,1476.72
ORD14081,PROD1250,2,1542.8
ORD14082,PROD1180,3,1771.23
ORD14083,PROD1383,3,4399.61
ORD14083,PROD1276,1,4011.65
ORD14083,PROD1403,3,4149.64
ORD14084,PROD1187,2,2820.48
ORD14084,PROD1018,3,2216.53
ORD14084,PROD1243,3,1913.78
ORD14084,PROD1112,2,4655.52
ORD14085,PROD1061,2,1429.61
ORD14085,PROD1477,1,2813.89
ORD14085,PROD1412,1,4757.98
ORD14086,PROD1143,3,1574.3
ORD14087,PROD1303,3,3223.41
ORD14087,PROD1273,3,4574.88
ORD14087,PROD1244,2,175.74
ORD14088,PROD1454,3,644.87
ORD14088,PROD1358,3,4707.13
ORD14088,PROD1051,3,3898.15
ORD14089,PROD1024,3,2334.74
ORD14089,PROD1091,1,3594.9
ORD14090,PROD1249,1,4279.75
ORD14090,PROD1424,2,382.04
ORD14091,PROD1008,1,3045.46
ORD14091,PROD1492,3,1459.17
ORD14091,PROD1098,2,224.55
ORD14092,PROD1212,2,3294.61
ORD14092,PROD1302,1,2749.11
ORD14092,PROD1019,3,1527.02
ORD14092,PROD1246,1,2198.1
ORD14093,PROD1284,3,2933.57
ORD14093,PROD1460,3,675.88
ORD14093,PROD1355,1,3247.85
ORD14094,PROD1363,2,2773.52
ORD14095,PROD1287,1,2758.96
ORD14095,PROD1176,1,3485.59
ORD14095,PROD1298,2,3152.16
ORD14096,PROD1306,3,2629.87
ORD14096,PROD1298,2,3152.16
ORD14097,PROD1209,2,887.96
ORD14097,PROD1220,2,3322.3
ORD14098,PROD1213,2,1198.92
ORD14098,PROD1321,3,3601.52
ORD14098,PROD1068,1,465.3
ORD14099,PROD1365,1,1991.9
ORD14099,PROD1133,1,1754.31
ORD14099,PROD1205,2,145.07
ORD14099,PROD1023,3,1895.17
ORD14100,PROD1121,1,4490.85
ORD14100,PROD1299,3,518.2
ORD14100,PROD1340,2,2508.92
ORD14100,PROD1464,2,4814.65
ORD14101,PROD1121,3,4490.85
ORD14102,PROD1074,2,3563.6
ORD14102,PROD1479,2,2663.18
ORD14102,PROD1347,2,321.99
ORD14102,PROD1271,2,4069.56
ORD14103,PROD1085,1,1693.4
ORD14103,PROD1388,1,3778.01
ORD14104,PROD1086,3,3675.07
ORD14104,PROD1154,1,4929.69
ORD14104,PROD1159,2,3668.26
ORD14105,PROD1145,3,280.75
ORD14105,PROD1203,1,4502.92
ORD14106,PROD1058,3,321.61
ORD14106,PROD1494,2,2372.12
ORD14107,PROD1175,2,954.4
ORD14108,PROD1135,1,1683.69
ORD14109,PROD1485,3,4515.67
ORD14109,PROD1418,2,3395.34
ORD14110,PROD1335,1,299.57
ORD14110,PROD1268,3,1861.51
ORD14111,PROD1128,1,134.07
ORD14111,PROD1167,1,1013.94
ORD14111,PROD1417,2,1710.46
ORD14111,PROD1396,3,4306.22
ORD14112,PROD1472,1,311.48
ORD14112,PROD1225,2,1295.55
ORD14112,PROD1396,1,4306.22
ORD14112,PROD1291,2,283.01
ORD14113,PROD1476,1,461.6
ORD14113,PROD1089,1,2413.85
ORD14113,PROD1340,2,2508.92
ORD14114,PROD1159,3,3668.26
ORD14114,PROD1385,1,4037.06
ORD14115,PROD1391,1,2121.83
ORD14115,PROD1087,1,3224.03
ORD14116,PROD1313,3,4816.98
ORD14117,PROD1174,2,3261.35
ORD14117,PROD1462,3,3755.62
ORD14117,PROD1215,3,1262.52
ORD14118,PROD1293,1,1864.93
ORD14118,PROD1068,3,465.3
ORD14119,PROD1384,2,3701.85
ORD14119,PROD1385,3,4037.06
ORD14119,PROD1368,1,1059.38
ORD14119,PROD1284,1,2933.57
ORD14120,PROD1456,2,155.63
ORD14120,PROD1163,2,2725.3
ORD14120,PROD1262,3,786.41
ORD14121,PROD1089,2,2413.85
ORD14121,PROD1353,2,898.38
ORD14122,PROD1128,1,134.07
ORD14122,PROD1400,2,605.31
ORD14123,PROD1143,3,1574.3
ORD14124,PROD1114,3,3203.68
ORD14124,PROD1276,1,4011.65
ORD14124,PROD1065,1,2759.21
ORD14125,PROD1433,2,595.5
ORD14125,PROD1137,2,3544.79
ORD14125,PROD1051,2,3898.15
ORD14125,PROD1212,2,3294.61
ORD14126,PROD1320,3,2791.21
ORD14126,PROD1315,1,3510.27
ORD14127,PROD1440,1,515.7
ORD14128,PROD1201,3,512.29
ORD14129,PROD1166,1,1671.82
ORD14129,PROD1204,1,3071.5
ORD14130,PROD1428,1,1819.48
ORD14131,PROD1490,1,2332.72
ORD14132,PROD1492,3,1459.17
ORD14133,PROD1359,2,2919.82
ORD14133,PROD1348,3,1935.6
ORD14133,PROD1123,1,639.25
ORD14134,PROD1379,2,1481.09
ORD14134,PROD1405,3,4488.06
ORD14134,PROD1094,3,3877.74
ORD14135,PROD1459,1,682.21
ORD14136,PROD1325,3,3715.69
ORD14136,PROD1364,3,4713.18
ORD14136,PROD1143,1,1574.3
ORD14137,PROD1262,1,786.41
ORD14138,PROD1359,1,2919.82
ORD14138,PROD1049,3,1005.79
ORD14138,PROD1432,1,3129.27
ORD14139,PROD1062,2,4160.81
ORD14139,PROD1227,2,2026.18
ORD14140,PROD1153,1,2498.32
ORD14140,PROD1241,2,4774.25
ORD14140,PROD1095,2,2519.6
ORD14140,PROD1406,3,2007.09
ORD14141,PROD1323,2,1471.68
ORD14141,PROD1245,2,4648.76
ORD14141,PROD1059,1,1694.12
ORD14141,PROD1493,2,1021.79
ORD14142,PROD1167,3,1013.94
ORD14142,PROD1252,1,4270.57
ORD14142,PROD1335,1,299.57
ORD14143,PROD1305,3,4881.68
ORD14143,PROD1063,1,1848.09
ORD14144,PROD1379,2,1481.09
ORD14145,PROD1137,2,3544.79
ORD14146,PROD1477,3,2813.89
ORD14146,PROD1285,3,276.12
ORD14146,PROD1280,3,4461.03
ORD14147,PROD1226,2,4867.75
ORD14147,PROD1265,2,3729.77
ORD14148,PROD1473,1,4466.6
ORD14148,PROD1098,3,224.55
ORD14148,PROD1343,1,2225.87
ORD14148,PROD1242,3,4582.84
ORD14149,PROD1378,3,4090.9
ORD14149,PROD1329,1,1313.88
ORD14149,PROD1154,3,4929.69
ORD14150,PROD1462,3,3755.62
ORD14150,PROD1420,3,3978.74
ORD14151,PROD1451,3,2836.18
ORD14152,PROD1068,2,465.3
ORD14152,PROD1020,1,3098.08
ORD14152,PROD1487,2,1476.72
ORD14152,PROD1297,2,1157.52
ORD14153,PROD1134,3,4720.26
ORD14154,PROD1029,3,327.61
ORD14154,PROD1427,1,4449.75
ORD14154,PROD1429,1,673.63
ORD14155,PROD1181,3,656.02
ORD14156,PROD1062,3,4160.81
ORD14157,PROD1076,3,3879.22
ORD14157,PROD1377,3,214.03
ORD14158,PROD1464,3,4814.65
ORD14158,PROD1392,3,1922.89
ORD14158,PROD1324,1,4778.84
ORD14159,PROD1138,3,1881.79
ORD14159,PROD1279,1,3999.38
ORD14159,PROD1071,2,1073.71
ORD14160,PROD1105,2,1321.53
ORD14160,PROD1158,2,1264.42
ORD14161,PROD1126,1,4108.27
ORD14162,PROD1210,2,2788.8
ORD14162,PROD1326,1,2816.33
ORD14163,PROD1427,1,4449.75
ORD14163,PROD1078,2,1856.48
ORD14164,PROD1176,1,3485.59
ORD14164,PROD1254,1,930.51
ORD14165,PROD1178,1,4689.98
ORD14165,PROD1377,1,214.03
ORD14165,PROD1415,2,2297.38
ORD14165,PROD1343,3,2225.87
ORD14166,PROD1057,1,1060.32
ORD14166,PROD1295,3,2658.99
ORD14166,PROD1065,1,2759.21
ORD14166,PROD1344,2,2052.67
ORD14167,PROD1045,3,3346.36
ORD14167,PROD1398,3,3779.27
ORD14167,PROD1092,1,3827.85
ORD14167,PROD1468,3,1195.62
ORD14168,PROD1482,2,2327.25
ORD14168,PROD1205,2,145.07
ORD14169,PROD1257,3,3510.55
ORD14170,PROD1295,1,2658.99
ORD14170,PROD1252,1,4270.57
ORD14171,PROD1202,1,891.98
ORD14172,PROD1027,3,2619.75
ORD14172,PROD1212,2,3294.61
ORD14172,PROD1368,3,1059.38
ORD14173,PROD1270,1,4065.87
ORD14173,PROD1049,2,1005.79
ORD14174,PROD1131,2,1188.33
ORD14174,PROD1157,2,3831.94
ORD14174,PROD1332,3,170.53
ORD14174,PROD1264,1,4399.13
ORD14175,PROD1288,3,1504.05
ORD14176,PROD1059,3,1694.12
ORD14176,PROD1319,3,1326.19
ORD14176,PROD1317,3,949.14
ORD14177,PROD1075,2,3672.14
ORD14178,PROD1198,2,4446.72
ORD14178,PROD1430,2,800.66
ORD14178,PROD1104,3,4547.08
ORD14179,PROD1328,2,2156.04
ORD14179,PROD1178,3,4689.98
ORD14180,PROD1150,1,4550.5
ORD14181,PROD1355,2,3247.85
ORD14181,PROD1466,1,1499.99
ORD14181,PROD1021,1,783.52
ORD14182,PROD1393,3,3904.42
ORD14183,PROD1124,2,1216.88
ORD14183,PROD1334,3,325.41
ORD14183,PROD1294,1,722.6
ORD14183,PROD1377,2,214.03
ORD14184,PROD1057,1,1060.32
ORD14184,PROD1442,1,1933.93
ORD14184,PROD1025,2,3947.36
ORD14185,PROD1225,2,1295.55
ORD14185,PROD1036,1,1592.61
ORD14186,PROD1003,2,3033.43
ORD14186,PROD1023,3,1895.17
ORD14187,PROD1321,1,3601.52
ORD14188,PROD1371,1,189.29
ORD14188,PROD1080,1,4329.21
ORD14188,PROD1120,1,4056.46
ORD14189,PROD1312,1,224.22
ORD14189,PROD1071,1,1073.71
ORD14189,PROD1245,2,4648.76
ORD14189,PROD1245,3,4648.76
ORD14190,PROD1039,1,2256.75
ORD14190,PROD1038,2,3452.74
ORD14190,PROD1055,2,4617.18
ORD14190,PROD1372,2,562.77
ORD14191,PROD1188,1,2695.29
ORD14191,PROD1449,1,509.15
ORD14191,PROD1421,1,3969.13
ORD14191,PROD1042,2,268.5
ORD14192,PROD1409,3,547.3
ORD14193,PROD1014,3,990.94
ORD14194,PROD1104,3,4547.08
ORD14194,PROD1216,2,1694.46
ORD14194,PROD1409,1,547.3
ORD14194,PROD1190,3,556.2
ORD14195,PROD1082,2,1721.4
ORD14195,PROD1158,3,1264.42
ORD14196,PROD1385,3,4037.06
ORD14196,PROD1017,1,2671.31
ORD14196,PROD1283,1,560.51
ORD14196,PROD1070,3,3884.0
ORD14197,PROD1131,1,1188.33
ORD14198,PROD1121,1,4490.85
ORD14198,PROD1210,1,2788.8
ORD14198,PROD1067,3,4030.77
ORD14198,PROD1056,2,533.61
ORD14199,PROD1152,1,809.98
ORD14199,PROD1022,1,1531.51
ORD14199,PROD1029,3,327.61
ORD14200,PROD1108,1,1221.11
ORD14200,PROD1400,2,605.31
ORD14201,PROD1491,2,3138.65
ORD14201,PROD1140,1,4815.99
ORD14202,PROD1125,2,2192.83
ORD14203,PROD1103,2,2592.0
ORD14203,PROD1218,2,3283.2
ORD14203,PROD1458,2,375.89
ORD14203,PROD1181,1,656.02
ORD14204,PROD1398,2,3779.27
ORD14205,PROD1421,1,3969.13
ORD14205,PROD1221,3,2884.71
ORD14205,PROD1261,2,4951.26
ORD14206,PROD1466,2,1499.99
ORD14206,PROD1240,3,4708.25
ORD14206,PROD1224,1,1399.49
ORD14207,PROD1103,3,2592.0
ORD14207,PROD1462,1,3755.62
ORD14207,PROD1073,2,4095.76
ORD14208,PROD1371,1,189.29
ORD14208,PROD1257,2,3510.55
ORD14209,PROD1422,2,546.91
ORD14209,PROD1257,3,3510.55
ORD14209,PROD1120,1,4056.46
ORD14209,PROD1320,1,2791.21
ORD14210,PROD1487,1,1476.72
ORD14210,PROD1340,1,2508.92
ORD14210,PROD1299,1,518.2
ORD14210,PROD1289,2,2995.08
ORD14211,PROD1415,1,2297.38
ORD14212,PROD1365,1,1991.9
ORD14212,PROD1494,2,2372.12
ORD14213,PROD1324,1,4778.84
ORD14213,PROD1309,1,1427.08
ORD14213,PROD1037,3,578.59
ORD14214,PROD1276,1,4011.65
ORD14215,PROD1470,3,159.56
ORD14215,PROD1214,2,3589.68
ORD14216,PROD1005,3,864.37
ORD14217,PROD1188,3,2695.29
ORD14218,PROD1027,2,2619.75
ORD14218,PROD1164,1,542.42
ORD14218,PROD1465,3,1936.87
ORD14218,PROD1134,1,4720.26
ORD14219,PROD1390,3,4953.48
ORD14219,PROD1014,1,990.94
ORD14219,PROD1086,3,3675.07
ORD14219,PROD1406,2,2007.09
ORD14220,PROD1319,3,1326.19
ORD14220,PROD1105,3,1321.53
ORD14220,PROD1252,2,4270.57
ORD14221,PROD1456,2,155.63
ORD14221,PROD1476,1,461.6
ORD14221,PROD1346,3,3211.96
ORD14222,PROD1217,1,3757.81
ORD14222,PROD1211,3,3490.29
ORD14223,PROD1101,1,3218.41
ORD14224,PROD1284,1,2933.57
ORD14224,PROD1069,2,4935.75
ORD14224,PROD1335,2,299.57
ORD14225,PROD1309,2,1427.08
ORD14225,PROD1352,1,3327.6
ORD14225,PROD1262,2,786.41
ORD14225,PROD1059,1,1694.12
ORD14226,PROD1036,2,1592.61
ORD14226,PROD1465,2,1936.87
ORD14227,PROD1103,1,2592.0
ORD14227,PROD1210,2,2788.8
ORD14227,PROD1224,1,1399.49
ORD14227,PROD1278,1,3539.64
ORD14228,PROD1045,1,3346.36
ORD14228,PROD1001,2,4758.5
ORD14229,PROD1365,3,1991.9
ORD14229,PROD1172,1,2609.26
ORD14229,PROD1303,1,3223.41
ORD14229,PROD1151,1,1273.85
ORD14230,PROD1228,1,4471.03
ORD14230,PROD1102,1,1640.34
ORD14231,PROD1445,1,4741.52
ORD14231,PROD1386,1,1481.97
ORD14232,PROD1248,1,4821.74
ORD14233,PROD1167,2,1013.94
ORD14234,PROD1120,1,4056.46
ORD14234,PROD1215,2,1262.52
ORD14234,PROD1173,3,1209.83
ORD14235,PROD1056,3,533.61
ORD14235,PROD1246,3,2198.1
ORD14235,PROD1171,1,181.28
ORD14235,PROD1200,3,3245.96
ORD14236,PROD1045,3,3346.36
ORD14236,PROD1486,2,322.69
ORD14237,PROD1161,3,3198.3
ORD14238,PROD1236,1,1475.78
ORD14238,PROD1217,3,3757.81
ORD14239,PROD1169,1,2995.38
ORD14239,PROD1195,2,1811.13
ORD14240,PROD1281,3,1756.18
ORD14240,PROD1460,2,675.88
ORD14241,PROD1080,2,4329.21
ORD14242,PROD1296,3,3872.97
ORD14242,PROD1110,2,1519.78
ORD14242,PROD1206,2,597.21
ORD14242,PROD1337,1,3547.92
ORD14243,PROD1184,1,1363.91
ORD14244,PROD1484,1,2963.14
ORD14244,PROD1011,3,4852.56
ORD14245,PROD1330,3,1844.27
ORD14245,PROD1470,1,159.56
ORD14246,PROD1446,2,4931.41
ORD14246,PROD1318,1,866.54
ORD14247,PROD1344,1,2052.67
ORD14247,PROD1180,1,1771.23
ORD14247,PROD1464,2,4814.65
ORD14248,PROD1432,3,3129.27
ORD14248,PROD1110,3,1519.78
ORD14248,PROD1423,1,2522.66
ORD14248,PROD1193,1,3202.2
ORD14249,PROD1427,1,4449.75
ORD14249,PROD1241,1,4774.25
ORD14249,PROD1485,3,4515.67
ORD14249,PROD1030,1,3076.97
ORD14250,PROD1278,3,3539.64
ORD14250,PROD1120,1,4056.46
ORD14251,PROD1272,2,4348.65
ORD14252,PROD1477,3,2813.89
ORD14252,PROD1057,1,1060.32
ORD14252,PROD1246,1,2198.1
ORD14253,PROD1460,3,675.88
ORD14253,PROD1095,2,2519.6
ORD14253,PROD1044,3,1368.02
ORD14254,PROD1245,2,4648.76
ORD14254,PROD1239,2,967.84
ORD14254,PROD1412,3,4757.98
ORD14255,PROD1364,2,4713.18
ORD14255,PROD1320,1,2791.21
ORD14255,PROD1345,1,3117.67
ORD14255,PROD1318,3,866.54
ORD14256,PROD1267,3,3542.17
ORD14256,PROD1043,2,4555.67
ORD14256,PROD1393,3,3904.42
ORD14257,PROD1471,1,4852.41
ORD14257,PROD1008,1,3045.46
ORD14258,PROD1347,1,321.99
ORD14259,PROD1319,3,1326.19
ORD14260,PROD1114,3,3203.68
ORD14260,PROD1122,2,1658.22
ORD14260,PROD1387,2,969.45
ORD14261,PROD1411,3,4755.3
ORD14262,PROD1363,2,2773.52
ORD14262,PROD1191,1,4496.36
ORD14262,PROD1443,3,1916.15
ORD14263,PROD1185,2,3333.92
ORD14263,PROD1038,2,3452.74
ORD14264,PROD1328,2,2156.04
ORD14264,PROD1130,3,2145.31
ORD14264,PROD1004,3,864.49
ORD14265,PROD1497,3,480.9
ORD14266,PROD1349,2,3166.71
ORD14266,PROD1407,3,153.1
ORD14266,PROD1414,3,3196.0
ORD14267,PROD1127,2,4317.58
ORD14267,PROD1008,3,3045.46
ORD14267,PROD1323,3,1471.68
ORD14268,PROD1419,2,3786.64
ORD14268,PROD1124,1,1216.88
ORD14268,PROD1222,2,559.01
ORD14269,PROD1066,2,790.53
ORD14269,PROD1084,2,1623.81
ORD14269,PROD1370,2,593.81
ORD14270,PROD1122,1,1658.22
ORD14270,PROD1076,2,3879.22
ORD14270,PROD1271,2,4069.56
ORD14271,PROD1380,2,679.01
ORD14272,PROD1039,3,2256.75
ORD14273,PROD1359,1,2919.82
ORD14273,PROD1464,3,4814.65
ORD14273,PROD1031,3,935.57
ORD14274,PROD1065,3,2759.21
ORD14274,PROD1284,3,2933.57
ORD14274,PROD1426,1,2263.5
ORD14274,PROD1156,2,3393.46
ORD14275,PROD1356,1,229.91
ORD14275,PROD1018,1,2216.53
ORD14275,PROD1479,3,2663.18
ORD14276,PROD1075,3,3672.14
ORD14276,PROD1187,3,2820.48
ORD14277,PROD1475,1,4965.53
ORD14277,PROD1305,1,4881.68
ORD14278,PROD1289,2,2995.08
ORD14278,PROD1046,3,1627.38
ORD14279,PROD1482,3,2327.25
ORD14279,PROD1261,2,4951.26
ORD14279,PROD1229,1,3192.58
ORD14280,PROD1435,2,3534.75
ORD14280,PROD1059,1,1694.12
ORD14280,PROD1424,3,382.04
ORD14280,PROD1010,1,200.86
ORD14281,PROD1490,3,2332.72
ORD14281,PROD1343,1,2225.87
ORD14281,PROD1010,3,200.86
ORD14281,PROD1367,3,4536.22
ORD14282,PROD1262,1,786.41
ORD14283,PROD1219,2,4261.19
ORD14283,PROD1171,1,181.28
ORD14283,PROD1386,3,1481.97
ORD14283,PROD1093,1,2850.26
ORD14284,PROD1416,1,1536.73
ORD14284,PROD1019,2,1527.02
ORD14284,PROD1029,2,327.61
ORD14285,PROD1156,2,3393.46
ORD14285,PROD1404,1,1668.24
ORD14286,PROD1138,3,1881.79
ORD14286,PROD1009,2,3569.56
ORD14286,PROD1290,2,249.45
ORD14286,PROD1409,2,547.3
ORD14287,PROD1294,2,722.6
ORD14288,PROD1349,3,3166.71
ORD14289,PROD1088,2,4447.34
ORD14289,PROD1357,2,2970.3
ORD14290,PROD1268,3,1861.51
ORD14290,PROD1069,3,4935.75
ORD14291,PROD1292,2,4130.74
ORD14291,PROD1398,2,3779.27
ORD14292,PROD1336,3,4291.76
ORD14292,PROD1111,2,889.98
ORD14292,PROD1029,1,327.61
ORD14292,PROD1384,2,3701.85
ORD14293,PROD1249,1,4279.75
ORD14293,PROD1062,1,4160.81
ORD14293,PROD1465,2,1936.87
ORD14293,PROD1396,2,4306.22
ORD14294,PROD1153,3,2498.32
ORD14294,PROD1260,1,3113.54
ORD14294,PROD1132,1,687.34
ORD14295,PROD1330,3,1844.27
ORD14296,PROD1471,1,4852.41
ORD14297,PROD1145,1,280.75
ORD14297,PROD1151,2,1273.85
ORD14298,PROD1372,2,562.77
ORD14299,PROD1251,1,1986.98
ORD14299,PROD1266,1,3515.38
ORD14299,PROD1306,3,2629.87
ORD14299,PROD1058,3,321.61
ORD14300,PROD1175,2,954.4
ORD14300,PROD1318,2,866.54
ORD14300,PROD1144,2,1495.72
ORD14300,PROD1324,3,4778.84
ORD14301,PROD1461,2,3281.13
ORD14302,PROD1149,1,1465.37
ORD14302,PROD1350,1,2565.37
ORD14303,PROD1141,3,1333.73
ORD14304,PROD1246,3,2198.1
ORD14304,PROD1372,2,562.77
ORD14304,PROD1192,1,4512.05
ORD14305,PROD1277,2,3284.82
ORD14306,PROD1305,2,4881.68
ORD14307,PROD1355,2,3247.85
ORD14307,PROD1495,2,1831.43
ORD14308,PROD1026,3,1078.4
ORD14308,PROD1380,3,679.01
ORD14308,PROD1319,1,1326.19
ORD14308,PROD1130,1,2145.31
ORD14309,PROD1263,3,2639.82
ORD14310,PROD1232,2,2926.83
ORD14310,PROD1098,3,224.55
ORD14310,PROD1221,1,2884.71
ORD14310,PROD1452,1,2178.69
ORD14311,PROD1122,1,1658.22
ORD14311,PROD1226,1,4867.75
ORD14312,PROD1327,1,3097.43
ORD14313,PROD1429,1,673.63
ORD14313,PROD1008,3,3045.46
ORD14313,PROD1319,3,1326.19
ORD14314,PROD1191,3,4496.36
ORD14314,PROD1226,1,4867.75
ORD14314,PROD1053,3,4484.65
ORD14314,PROD1091,2,3594.9
ORD14315,PROD1407,1,153.1
ORD14316,PROD1006,3,384.61
ORD14316,PROD1183,3,4398.96
ORD14317,PROD1231,3,2562.92
ORD14317,PROD1153,2,2498.32
ORD14317,PROD1401,1,4522.51
ORD14318,PROD1310,1,2250.96
ORD14318,PROD1395,3,4660.71
ORD14318,PROD1488,3,4757.02
ORD14318,PROD1252,3,4270.57
ORD14319,PROD1339,1,579.39
ORD14319,PROD1362,3,2345.44
ORD14320,PROD1222,1,559.01
ORD14320,PROD1153,1,2498.32
ORD14321,PROD1476,1,461.6
ORD14322,PROD1431,2,3831.4
ORD14323,PROD1146,2,3086.87
ORD14324,PROD1382,3,3181.82
ORD14324,PROD1118,3,4473.54
ORD14325,PROD1001,3,4758.5
ORD14326,PROD1031,1,935.57
ORD14326,PROD1357,2,2970.3
ORD14326,PROD1061,3,1429.61
ORD14327,PROD1097,2,2194.95
ORD14327,PROD1451,2,2836.18
ORD14327,PROD1214,1,3589.68
ORD14327,PROD1083,3,411.44
ORD14328,PROD1356,3,229.91
ORD14329,PROD1083,2,411.44
ORD14329,PROD1088,2,4447.34
ORD14330,PROD1348,1,1935.6
ORD14331,PROD1358,1,4707.13
ORD14331,PROD1494,2,2372.12
ORD14332,PROD1380,1,679.01
ORD14332,PROD1229,1,3192.58
ORD14332,PROD1086,3,3675.07
ORD14332,PROD1010,2,200.86
ORD14333,PROD1095,3,2519.6
ORD14333,PROD1061,1,1429.61
ORD14333,PROD1360,3,2002.03
ORD14334,PROD1086,3,3675.07
ORD14335,PROD1382,3,3181.82
ORD14336,PROD1011,1,4852.56
ORD14336,PROD1358,3,4707.13
ORD14336,PROD1152,3,809.98
ORD14337,PROD1430,2,800.66
ORD14338,PROD1480,3,3184.05
ORD14338,PROD1034,3,4831.6
ORD14338,PROD1241,3,4774.25
ORD14338,PROD1143,2,1574.3
ORD14339,PROD1336,3,4291.76
ORD14339,PROD1018,2,2216.53
ORD14340,PROD1054,2,3029.71
ORD14340,PROD1082,3,1721.4
ORD14340,PROD1163,3,2725.3
ORD14341,PROD1296,2,3872.97
ORD14341,PROD1187,3,2820.48
ORD14341,PROD1254,1,930.51
ORD14341,PROD1341,3,2420.01
ORD14342,PROD1310,3,2250.96
ORD14342,PROD1367,2,4536.22
ORD14342,PROD1301,1,2703.64
ORD14343,PROD1453,2,4541.14
ORD14343,PROD1366,3,4809.83
ORD14343,PROD1268,2,1861.51
ORD14344,PROD1001,3,4758.5
ORD14344,PROD1066,1,790.53
ORD14344,PROD1365,1,1991.9
ORD14344,PROD1285,1,276.12
ORD14345,PROD1046,3,1627.38
ORD14346,PROD1283,1,560.51
ORD14346,PROD1036,2,1592.61
ORD14346,PROD1027,2,2619.75
ORD14346,PROD1410,2,1664.64
ORD14347,PROD1008,2,3045.46
ORD14347,PROD1389,2,4053.49
ORD14347,PROD1412,2,4757.98
ORD14347,PROD1470,3,159.56
ORD14348,PROD1069,2,4935.75
ORD14349,PROD1019,2,1527.02
ORD14350,PROD1391,2,2121.83
ORD14350,PROD1375,1,1662.98
ORD14351,PROD1177,3,1995.0
ORD14351,PROD1234,3,1056.69
ORD14351,PROD1352,3,3327.6
ORD14351,PROD1249,3,4279.75
ORD14352,PROD1071,2,1073.71
ORD14352,PROD1029,2,327.61
ORD14352,PROD1350,3,2565.37
ORD14352,PROD1028,3,3002.83
ORD14353,PROD1308,2,3996.41
ORD14353,PROD1485,3,4515.67
ORD14354,PROD1262,3,786.41
ORD14355,PROD1043,3,4555.67
ORD14355,PROD1250,3,1542.8
ORD14355,PROD1432,1,3129.27
ORD14356,PROD1058,3,321.61
ORD14356,PROD1205,3,145.07
ORD14357,PROD1012,3,4178.97
ORD14357,PROD1236,1,1475.78
ORD14357,PROD1157,3,3831.94
ORD14357,PROD1103,3,2592.0
ORD14358,PROD1263,1,2639.82
ORD14358,PROD1242,2,4582.84
ORD14359,PROD1345,2,3117.67
ORD14360,PROD1191,2,4496.36
ORD14360,PROD1294,3,722.6
ORD14360,PROD1391,2,2121.83
ORD14360,PROD1061,2,1429.61
ORD14361,PROD1404,3,1668.24
ORD14362,PROD1201,3,512.29
ORD14362,PROD1426,1,2263.5
ORD14362,PROD1138,3,1881.79
ORD14362,PROD1339,2,579.39
ORD14363,PROD1432,1,3129.27
ORD14364,PROD1259,3,576.16
ORD14364,PROD1474,1,2685.74
ORD14365,PROD1130,2,2145.31
ORD14366,PROD1320,2,2791.21
ORD14367,PROD1244,3,175.74
ORD14367,PROD1143,1,1574.3
ORD14367,PROD1185,3,3333.92
ORD14367,PROD1034,2,4831.6
ORD14368,PROD1363,2,2773.52
ORD14369,PROD1251,1,1986.98
ORD14369,PROD1038,2,3452.74
ORD14369,PROD1130,1,2145.31
ORD14370,PROD1366,3,4809.83
ORD14370,PROD1274,2,2605.58
ORD14370,PROD1364,3,4713.18
ORD14370,PROD1397,1,2202.07
ORD14371,PROD1322,1,3334.97
ORD14371,PROD1216,3,1694.46
ORD14371,PROD1076,2,3879.22
ORD14371,PROD1207,2,3351.16
ORD14372,PROD1134,3,4720.26
ORD14372,PROD1368,1,1059.38
ORD14372,PROD1021,2,783.52
ORD14372,PROD1357,3,2970.3
ORD14373,PROD1230,1,3994.58
ORD14373,PROD1284,2,2933.57
ORD14373,PROD1182,3,4631.0
ORD14373,PROD1447,2,3791.55
ORD14374,PROD1475,1,4965.53
ORD14375,PROD1190,3,556.2
ORD14376,PROD1473,2,4466.6
ORD14376,PROD1037,1,578.59
ORD14376,PROD1206,3,597.21
ORD14377,PROD1256,1,4687.16
ORD14378,PROD1027,1,2619.75
ORD14378,PROD1189,3,1285.08
ORD14378,PROD1244,1,175.74
ORD14378,PROD1333,1,668.76
ORD14379,PROD1378,1,4090.9
ORD14379,PROD1389,1,4053.49
ORD14379,PROD1114,2,3203.68
ORD14379,PROD1019,1,1527.02
ORD14380,PROD1113,2,4059.79
ORD14381,PROD1281,2,1756.18
ORD14381,PROD1160,2,1902.14
ORD14382,PROD1320,2,2791.21
ORD14382,PROD1365,2,1991.9
ORD14382,PROD1007,3,4344.26
ORD14382,PROD1320,1,2791.21
ORD14383,PROD1065,1,2759.21
ORD14383,PROD1030,3,3076.97
ORD14383,PROD1446,1,4931.41
ORD14383,PROD1323,3,1471.68
ORD14384,PROD1263,2,2639.82
ORD14385,PROD1240,2,4708.25
ORD14385,PROD1079,2,667.76
ORD14385,PROD1270,3,4065.87
ORD14385,PROD1424,3,382.04
ORD14386,PROD1451,2,2836.18
ORD14386,PROD1413,3,2909.85
ORD14386,PROD1259,2,576.16
ORD14387,PROD1339,2,579.39
ORD14387,PROD1183,3,4398.96
ORD14387,PROD1145,2,280.75
ORD14387,PROD1174,1,3261.35
ORD14388,PROD1271,2,4069.56
ORD14389,PROD1139,3,4861.73
ORD14389,PROD1388,3,3778.01
ORD14390,PROD1071,3,1073.71
ORD14391,PROD1100,1,254.0
ORD14391,PROD1337,3,3547.92
ORD14391,PROD1084,3,1623.81
ORD14392,PROD1142,3,2536.52
ORD14392,PROD1378,1,4090.9
ORD14393,PROD1183,1,4398.96
ORD14393,PROD1300,3,353.24
ORD14393,PROD1458,2,375.89
ORD14394,PROD1325,2,3715.69
ORD14394,PROD1414,1,3196.0
ORD14395,PROD1101,2,3218.41
ORD14395,PROD1313,1,4816.98
ORD14396,PROD1109,3,477.2
ORD14396,PROD1394,3,1769.94
ORD14396,PROD1431,2,3831.4
ORD14396,PROD1341,2,2420.01
ORD14397,PROD1472,2,311.48
ORD14397,PROD1483,1,3175.03
ORD14397,PROD1384,1,3701.85
ORD14398,PROD1289,3,2995.08
ORD14398,PROD1463,1,2958.51
ORD14398,PROD1466,3,1499.99
ORD14398,PROD1135,2,1683.69
ORD14399,PROD1274,1,2605.58
ORD14400,PROD1471,3,4852.41
ORD14400,PROD1112,3,4655.52
ORD14400,PROD1219,2,4261.19
ORD14401,PROD1057,1,1060.32
ORD14401,PROD1303,1,3223.41
ORD14402,PROD1043,1,4555.67
ORD14402,PROD1318,2,866.54
ORD14402,PROD1094,1,3877.74
ORD14403,PROD1261,2,4951.26
ORD14404,PROD1307,3,1682.49
ORD14405,PROD1354,1,445.79
ORD14405,PROD1399,3,3797.26
ORD14405,PROD1129,3,2602.66
ORD14405,PROD1035,2,4061.15
ORD14406,PROD1429,1,673.63
ORD14407,PROD1448,1,1943.67
ORD14408,PROD1440,3,515.7
ORD14409,PROD1255,3,2828.33
ORD14409,PROD1355,1,3247.85
ORD14409,PROD1358,3,4707.13
ORD14410,PROD1471,3,4852.41
ORD14410,PROD1000,1,1935.25
ORD14410,PROD1357,3,2970.3
ORD14410,PROD1117,1,1014.19
ORD14411,PROD1139,2,4861.73
ORD14411,PROD1019,3,1527.02
ORD14411,PROD1285,3,276.12
ORD14412,PROD1084,3,1623.81
ORD14412,PROD1063,1,1848.09
ORD14412,PROD1273,2,4574.88
ORD14412,PROD1287,1,2758.96
ORD14413,PROD1149,1,1465.37
ORD14413,PROD1364,2,4713.18
ORD14414,PROD1099,3,628.67
ORD14414,PROD1121,1,4490.85
ORD14414,PROD1131,3,1188.33
ORD14414,PROD1004,1,864.49
ORD14415,PROD1006,1,384.61
ORD14415,PROD1011,1,4852.56
ORD14415,PROD1009,1,3569.56
ORD14416,PROD1126,1,4108.27
ORD14416,PROD1197,3,4495.84
ORD14416,PROD1414,3,3196.0
ORD14417,PROD1266,1,3515.38
ORD14417,PROD1163,1,2725.3
ORD14418,PROD1171,1,181.28
ORD14419,PROD1141,1,1333.73
ORD14419,PROD1092,3,3827.85
ORD14420,PROD1378,1,4090.9
ORD14420,PROD1210,3,2788.8
ORD14420,PROD1342,3,948.69
ORD14420,PROD1358,3,4707.13
ORD14421,PROD1231,2,2562.92
ORD14421,PROD1291,2,283.01
ORD14421,PROD1169,1,2995.38
ORD14421,PROD1403,2,4149.64
ORD14422,PROD1187,1,2820.48
ORD14422,PROD1386,2,1481.97
ORD14422,PROD1122,2,1658.22
ORD14423,PROD1402,2,2575.74
ORD14423,PROD1170,3,3420.07
ORD14423,PROD1475,2,4965.53
ORD14423,PROD1081,2,3154.16
ORD14424,PROD1130,2,2145.31
ORD14425,PROD1359,1,2919.82
ORD14426,PROD1488,1,4757.02
ORD14427,PROD1300,3,353.24
ORD14428,PROD1115,1,4370.16
ORD14428,PROD1235,2,3640.02
ORD14428,PROD1050,1,4850.96
ORD14429,PROD1230,2,3994.58
ORD14429,PROD1478,2,4849.58
ORD14429,PROD1324,2,4778.84
ORD14429,PROD1390,1,4953.48
ORD14430,PROD1303,3,3223.41
ORD14430,PROD1378,1,4090.9
ORD14430,PROD1225,2,1295.55
ORD14431,PROD1140,2,4815.99
ORD14431,PROD1112,1,4655.52
ORD14431,PROD1398,3,3779.27
ORD14431,PROD1248,1,4821.74
ORD14432,PROD1219,3,4261.19
ORD14433,PROD1414,3,3196.0
ORD14433,PROD1454,1,644.87
ORD14433,PROD1050,1,4850.96
ORD14433,PROD1174,1,3261.35
ORD14434,PROD1370,3,593.81
ORD14434,PROD1312,2,224.22
ORD14435,PROD1308,3,3996.41
ORD14435,PROD1265,2,3729.77
ORD14435,PROD1219,3,4261.19
ORD14436,PROD1476,3,461.6
ORD14436,PROD1162,3,3204.3
ORD14437,PROD1405,1,4488.06
ORD14438,PROD1355,2,3247.85
ORD14438,PROD1263,3,2639.82
ORD14438,PROD1477,3,2813.89
ORD14438,PROD1221,2,2884.71
ORD14439,PROD1350,2,2565.37
ORD14439,PROD1167,1,1013.94
ORD14439,PROD1494,1,2372.12
ORD14439,PROD1411,3,4755.3
ORD14440,PROD1302,1,2749.11
ORD14440,PROD1344,2,2052.67
ORD14441,PROD1373,1,3446.73
ORD14441,PROD1172,1,2609.26
ORD14441,PROD1236,2,1475.78
ORD14441,PROD1074,2,3563.6
ORD14442,PROD1450,3,3908.02
ORD14442,PROD1241,2,4774.25
ORD14443,PROD1423,1,2522.66
ORD14443,PROD1215,1,1262.52
ORD14444,PROD1091,3,3594.9
ORD14445,PROD1444,2,4082.72
ORD14445,PROD1099,1,628.67
ORD14446,PROD1057,1,1060.32
ORD14446,PROD1088,1,4447.34
ORD14446,PROD1172,2,2609.26
ORD14446,PROD1144,1,1495.72
ORD14447,PROD1088,2,4447.34
ORD14447,PROD1415,1,2297.38
ORD14448,PROD1404,2,1668.24
ORD14448,PROD1364,2,4713.18
ORD14448,PROD1410,1,1664.64
ORD14448,PROD1383,1,4399.61
ORD14449,PROD1002,1,3686.77
ORD14450,PROD1169,3,2995.38
ORD14451,PROD1390,2,4953.48
ORD14451,PROD1170,2,3420.07
ORD14452,PROD1042,2,268.5
ORD14452,PROD1420,3,3978.74
ORD14452,PROD1244,2,175.74
ORD14453,PROD1251,1,1986.98
ORD14454,PROD1370,2,593.81
ORD14455,PROD1068,2,465.3
ORD14455,PROD1043,3,4555.67
ORD14455,PROD1396,2,4306.22
ORD14456,PROD1461,2,3281.13
ORD14456,PROD1344,1,2052.67
ORD14457,PROD1125,3,2192.83
ORD14457,PROD1248,3,4821.74
ORD14457,PROD1053,1,4484.65
ORD14457,PROD1331,1,3813.45
ORD14458,PROD1137,3,3544.79
ORD14458,PROD1354,3,445.79
ORD14458,PROD1224,3,1399.49
ORD14458,PROD1101,3,3218.41
ORD14459,PROD1296,2,3872.97
ORD14459,PROD1373,2,3446.73
ORD14459,PROD1203,1,4502.92
ORD14460,PROD1396,1,4306.22
ORD14461,PROD1130,1,2145.31
ORD14461,PROD1266,2,3515.38
ORD14462,PROD1091,2,3594.9
ORD14462,PROD1076,3,3879.22
ORD14463,PROD1319,2,1326.19
ORD14463,PROD1140,2,4815.99
ORD14463,PROD1053,1,4484.65
ORD14463,PROD1139,3,4861.73
ORD14464,PROD1140,2,4815.99
ORD14464,PROD1044,1,1368.02
ORD14465,PROD1471,2,4852.41
ORD14465,PROD1146,3,3086.87
ORD14465,PROD1020,2,3098.08
ORD14466,PROD1058,2,321.61
ORD14467,PROD1303,2,3223.41
ORD14468,PROD1136,2,2642.07
ORD14468,PROD1076,1,3879.22
ORD14468,PROD1269,3,1538.6
ORD14469,PROD1169,3,2995.38
ORD14469,PROD1241,3,4774.25
ORD14469,PROD1445,2,4741.52
ORD14470,PROD1375,1,1662.98
ORD14470,PROD1048,1,2778.88
ORD14471,PROD1397,3,2202.07
ORD14472,PROD1216,1,1694.46
ORD14472,PROD1302,2,2749.11
ORD14472,PROD1427,1,4449.75
ORD14473,PROD1466,1,1499.99
ORD14473,PROD1282,2,1940.36
ORD14473,PROD1070,2,3884.0
ORD14473,PROD1089,1,2413.85
ORD14474,PROD1230,2,3994.58
ORD14474,PROD1086,1,3675.07
ORD14474,PROD1226,1,4867.75
ORD14475,PROD1145,3,280.75
ORD14476,PROD1184,3,1363.91
ORD14476,PROD1146,3,3086.87
ORD14476,PROD1073,3,4095.76
ORD14477,PROD1341,1,2420.01
ORD14478,PROD1348,2,1935.6
ORD14478,PROD1441,1,4934.53
ORD14479,PROD1088,2,4447.34
ORD14479,PROD1415,2,2297.38
ORD14479,PROD1318,2,866.54
ORD14479,PROD1315,2,3510.27
ORD14480,PROD1470,3,159.56
ORD14480,PROD1131,3,1188.33
ORD14481,PROD1416,2,1536.73
ORD14481,PROD1396,3,4306.22
ORD14482,PROD1396,2,4306.22
ORD14482,PROD1288,2,1504.05
ORD14482,PROD1122,2,1658.22
ORD14482,PROD1269,2,1538.6
ORD14483,PROD1314,1,4196.3
ORD14484,PROD1235,3,3640.02
ORD14484,PROD1348,1,1935.6
ORD14484,PROD1316,1,2103.87
ORD14484,PROD1255,2,2828.33
ORD14485,PROD1147,2,2563.13
ORD14485,PROD1042,1,268.5
ORD14485,PROD1135,2,1683.69
ORD14485,PROD1245,1,4648.76
ORD14486,PROD1233,1,2513.34
ORD14486,PROD1262,1,786.41
ORD14486,PROD1114,1,3203.68
ORD14486,PROD1341,2,2420.01
ORD14487,PROD1123,3,639.25
ORD14487,PROD1043,1,4555.67
ORD14487,PROD1308,2,3996.41
ORD14487,PROD1013,1,1140.46
ORD14488,PROD1432,2,3129.27
ORD14488,PROD1478,2,4849.58
ORD14489,PROD1110,1,1519.78
ORD14489,PROD1287,2,2758.96
ORD14489,PROD1091,2,3594.9
ORD14489,PROD1075,1,3672.14
ORD14490,PROD1221,3,2884.71
ORD14491,PROD1067,3,4030.77
ORD14491,PROD1160,2,1902.14
ORD14491,PROD1173,2,1209.83
ORD14491,PROD1392,2,1922.89
ORD14492,PROD1298,3,3152.16
ORD14492,PROD1436,2,456.54
ORD14492,PROD1282,3,1940.36
ORD14492,PROD1246,2,2198.1
ORD14493,PROD1312,3,224.22
ORD14493,PROD1000,2,1935.25
ORD14494,PROD1241,3,4774.25
ORD14494,PROD1496,2,2959.91
ORD14494,PROD1131,3,1188.33
ORD14494,PROD1085,1,1693.4
ORD14495,PROD1073,2,4095.76
ORD14496,PROD1107,3,3802.2
ORD14497,PROD1154,1,4929.69
ORD14497,PROD1288,2,1504.05
ORD14497,PROD1224,1,1399.49
ORD14498,PROD1338,3,2423.45
ORD14498,PROD1240,1,4708.25
ORD14498,PROD1287,2,2758.96
ORD14499,PROD1018,3,2216.53
ORD14500,PROD1052,3,4703.54
ORD14500,PROD1087,3,3224.03
ORD14500,PROD1159,3,3668.26
ORD14500,PROD1008,1,3045.46
ORD14501,PROD1496,2,2959.91
ORD14502,PROD1193,1,3202.2
ORD14502,PROD1117,3,1014.19
ORD14502,PROD1322,2,3334.97
ORD14502,PROD1382,2,3181.82
ORD14503,PROD1258,3,2893.3
ORD14504,PROD1264,3,4399.13
ORD14504,PROD1081,2,3154.16
ORD14505,PROD1114,3,3203.68
ORD14505,PROD1290,2,249.45
ORD14506,PROD1333,1,668.76
ORD14506,PROD1108,3,1221.11
ORD14507,PROD1212,2,3294.61
ORD14507,PROD1470,3,159.56
ORD14507,PROD1087,2,3224.03
ORD14507,PROD1395,3,4660.71
ORD14508,PROD1011,2,4852.56
ORD14508,PROD1052,1,4703.54
ORD14508,PROD1147,1,2563.13
ORD14508,PROD1133,1,1754.31
ORD14509,PROD1213,1,1198.92
ORD14509,PROD1359,3,2919.82
ORD14509,PROD1094,2,3877.74
ORD14509,PROD1030,2,3076.97
ORD14510,PROD1232,3,2926.83
ORD14511,PROD1179,1,773.85
ORD14511,PROD1222,1,559.01
ORD14511,PROD1115,1,4370.16
ORD14512,PROD1014,1,990.94
ORD14512,PROD1448,1,1943.67
ORD14513,PROD1266,2,3515.38
ORD14513,PROD1217,2,3757.81
ORD14513,PROD1041,1,2526.37
ORD14514,PROD1397,3,2202.07
ORD14514,PROD1119,1,2742.78
ORD14514,PROD1244,3,175.74
ORD14514,PROD1388,2,3778.01
ORD14515,PROD1350,2,2565.37
ORD14515,PROD1154,1,4929.69
ORD14516,PROD1202,1,891.98
ORD14517,PROD1439,2,498.61
ORD14518,PROD1437,1,4127.11
ORD14518,PROD1047,2,2648.33
ORD14518,PROD1228,1,4471.03
ORD14519,PROD1021,1,783.52
ORD14520,PROD1274,1,2605.58
ORD14520,PROD1112,2,4655.52
ORD14521,PROD1032,1,418.75
ORD14521,PROD1456,2,155.63
ORD14521,PROD1442,3,1933.93
ORD14522,PROD1455,3,2513.86
ORD14522,PROD1428,3,1819.48
ORD14522,PROD1030,1,3076.97
ORD14523,PROD1452,3,2178.69
ORD14523,PROD1078,3,1856.48
ORD14523,PROD1001,3,4758.5
ORD14524,PROD1294,2,722.6
ORD14524,PROD1329,2,1313.88
ORD14525,PROD1140,1,4815.99
ORD14525,PROD1212,2,3294.61
ORD14525,PROD1481,1,3509.17
ORD14525,PROD1299,1,518.2
ORD14526,PROD1043,1,4555.67
ORD14526,PROD1034,1,4831.6
ORD14526,PROD1471,3,4852.41
ORD14526,PROD1423,2,2522.66
ORD14527,PROD1407,2,153.1
ORD14527,PROD1184,1,1363.91
ORD14527,PROD1488,3,4757.02
ORD14528,PROD1170,2,3420.07
ORD14528,PROD1076,1,3879.22
ORD14529,PROD1242,1,4582.84
ORD14530,PROD1316,2,2103.87
ORD14530,PROD1010,2,200.86
ORD14530,PROD1402,1,2575.74
ORD14531,PROD1465,3,1936.87
ORD14532,PROD1041,1,2526.37
ORD14532,PROD1233,3,2513.34
ORD14532,PROD1043,2,4555.67
ORD14533,PROD1203,2,4502.92
ORD14533,PROD1230,3,3994.58
ORD14533,PROD1395,1,4660.71
ORD14533,PROD1290,2,249.45
ORD14534,PROD1295,1,2658.99
ORD14534,PROD1021,2,783.52
ORD14534,PROD1174,3,3261.35
ORD14535,PROD1393,1,3904.42
ORD14535,PROD1426,3,2263.5
ORD14536,PROD1212,1,3294.61
ORD14536,PROD1240,1,4708.25
ORD14537,PROD1046,1,1627.38
ORD14537,PROD1390,1,4953.48
ORD14538,PROD1236,3,1475.78
ORD14538,PROD1210,1,2788.8
ORD14538,PROD1267,3,3542.17
ORD14539,PROD1130,2,2145.31
ORD14539,PROD1316,2,2103.87
ORD14539,PROD1449,2,509.15
ORD14540,PROD1244,2,175.74
ORD14540,PROD1208,2,124.8
ORD14541,PROD1206,3,597.21
ORD14541,PROD1203,2,4502.92
ORD14541,PROD1399,2,3797.26
ORD14542,PROD1435,3,3534.75
ORD14542,PROD1408,1,4536.37
ORD14542,PROD1311,1,484.44
ORD14542,PROD1338,1,2423.45
ORD14543,PROD1132,2,687.34
ORD14543,PROD1281,1,1756.18
ORD14543,PROD1413,3,2909.85
ORD14544,PROD1436,1,456.54
ORD14544,PROD1195,3,1811.13
ORD14544,PROD1115,2,4370.16
ORD14545,PROD1201,2,512.29
ORD14545,PROD1035,2,4061.15
ORD14545,PROD1304,1,3657.85
ORD14545,PROD1217,1,3757.81
ORD14546,PROD1480,3,3184.05
ORD14546,PROD1335,1,299.57
ORD14547,PROD1429,2,673.63
ORD14547,PROD1085,2,1693.4
ORD14547,PROD1370,2,593.81
ORD14548,PROD1375,1,1662.98
ORD14549,PROD1042,1,268.5
ORD14549,PROD1408,2,4536.37
ORD14549,PROD1401,3,4522.51
ORD14550,PROD1182,3,4631.0
ORD14550,PROD1251,1,1986.98
ORD14550,PROD1359,1,2919.82
ORD14550,PROD1039,2,2256.75
ORD14551,PROD1137,1,3544.79
ORD14551,PROD1473,1,4466.6
ORD14551,PROD1487,2,1476.72
ORD14552,PROD1385,2,4037.06
ORD14552,PROD1408,1,4536.37
ORD14553,PROD1094,3,3877.74
ORD14553,PROD1277,1,3284.82
ORD14553,PROD1008,1,3045.46
ORD14554,PROD1329,1,1313.88
ORD14554,PROD1349,2,3166.71
ORD14554,PROD1378,1,4090.9
ORD14555,PROD1473,3,4466.6
ORD14555,PROD1245,3,4648.76
ORD14555,PROD1257,3,3510.55
ORD14556,PROD1088,2,4447.34
ORD14556,PROD1044,3,1368.02
ORD14556,PROD1320,3,2791.21
ORD14556,PROD1193,2,3202.2
ORD14557,PROD1296,1,3872.97
ORD14557,PROD1106,1,2110.88
ORD14557,PROD1068,2,465.3
ORD14558,PROD1386,2,1481.97
ORD14558,PROD1053,1,4484.65
ORD14558,PROD1080,2,4329.21
ORD14559,PROD1108,1,1221.11
ORD14559,PROD1441,3,4934.53
ORD14559,PROD1493,3,1021.79
ORD14559,PROD1308,2,3996.41
ORD14560,PROD1183,3,4398.96
ORD14560,PROD1034,1,4831.6
ORD14561,PROD1062,3,4160.81
ORD14561,PROD1081,3,3154.16
ORD14561,PROD1262,2,786.41
ORD14561,PROD1254,3,930.51
ORD14562,PROD1406,2,2007.09
ORD14562,PROD1473,3,4466.6
ORD14562,PROD1495,3,1831.43
ORD14562,PROD1302,3,2749.11
ORD14563,PROD1136,2,2642.07
ORD14563,PROD1150,3,4550.5
ORD14563,PROD1116,2,4037.99
ORD14563,PROD1190,3,556.2
ORD14564,PROD1321,1,3601.52
ORD14564,PROD1036,2,1592.61
ORD14565,PROD1000,2,1935.25
ORD14565,PROD1431,3,3831.4
ORD14566,PROD1107,1,3802.2
ORD14566,PROD1489,1,4462.29
ORD14566,PROD1085,2,1693.4
ORD14567,PROD1264,3,4399.13
ORD14567,PROD1410,3,1664.64
ORD14567,PROD1202,1,891.98
ORD14568,PROD1163,1,2725.3
ORD14568,PROD1417,3,1710.46
ORD14569,PROD1179,2,773.85
ORD14569,PROD1477,3,2813.89
ORD14570,PROD1044,2,1368.02
ORD14570,PROD1037,1,578.59
ORD14571,PROD1357,3,2970.3
ORD14571,PROD1058,2,321.61
ORD14571,PROD1462,2,3755.62
ORD14572,PROD1058,1,321.61
ORD14573,PROD1101,1,3218.41
ORD14573,PROD1339,1,579.39
ORD14574,PROD1215,3,1262.52
ORD14574,PROD1309,2,1427.08
ORD14574,PROD1230,2,3994.58
ORD14575,PROD1155,3,1286.07
ORD14575,PROD1094,1,3877.74
ORD14575,PROD1096,3,2661.39
ORD14575,PROD1305,2,4881.68
ORD14576,PROD1164,1,542.42
ORD14577,PROD1285,3,276.12
ORD14577,PROD1214,2,3589.68
ORD14578,PROD1128,3,134.07
ORD14578,PROD1469,2,4819.79
ORD14578,PROD1401,1,4522.51
ORD14579,PROD1356,2,229.91
ORD14579,PROD1377,2,214.03
ORD14580,PROD1098,2,224.55
ORD14580,PROD1264,3,4399.13
ORD14580,PROD1398,3,3779.27
ORD14581,PROD1069,1,4935.75
ORD14582,PROD1009,1,3569.56
ORD14582,PROD1460,2,675.88
ORD14582,PROD1387,1,969.45
ORD14583,PROD1443,1,1916.15
ORD14584,PROD1196,1,3657.18
ORD14584,PROD1374,1,448.82
ORD14584,PROD1300,1,353.24
ORD14585,PROD1191,2,4496.36
ORD14585,PROD1126,2,4108.27
ORD14586,PROD1357,1,2970.3
ORD14586,PROD1340,2,2508.92
ORD14587,PROD1337,2,3547.92
ORD14587,PROD1034,3,4831.6
ORD14587,PROD1308,2,3996.41
ORD14587,PROD1166,3,1671.82
ORD14588,PROD1074,2,3563.6
ORD14588,PROD1375,3,1662.98
ORD14588,PROD1016,2,1590.79
ORD14588,PROD1146,2,3086.87
ORD14589,PROD1472,2,311.48
ORD14589,PROD1306,3,2629.87
ORD14589,PROD1175,3,954.4
ORD14589,PROD1312,2,224.22
ORD14590,PROD1027,3,2619.75
ORD14590,PROD1387,1,969.45
ORD14590,PROD1188,3,2695.29
ORD14590,PROD1332,1,170.53
ORD14591,PROD1185,3,3333.92
ORD14591,PROD1109,3,477.2
ORD14592,PROD1331,2,3813.45
ORD14592,PROD1221,2,2884.71
ORD14592,PROD1109,2,477.2
ORD14592,PROD1260,3,3113.54
ORD14593,PROD1009,2,3569.56
ORD14593,PROD1072,3,127.06
ORD14593,PROD1208,2,124.8
ORD14594,PROD1374,3,448.82
ORD14595,PROD1139,2,4861.73
ORD14595,PROD1241,1,4774.25
ORD14595,PROD1169,3,2995.38
ORD14596,PROD1288,3,1504.05
ORD14596,PROD1103,3,2592.0
ORD14596,PROD1140,1,4815.99
ORD14597,PROD1305,1,4881.68
ORD14597,PROD1433,3,595.5
ORD14598,PROD1105,2,1321.53
ORD14599,PROD1260,2,3113.54
ORD14599,PROD1112,2,4655.52
ORD14600,PROD1160,3,1902.14
ORD14600,PROD1107,2,3802.2
ORD14600,PROD1247,2,4836.61
ORD14601,PROD1270,1,4065.87
ORD14601,PROD1224,3,1399.49
ORD14602,PROD1426,3,2263.5
ORD14603,PROD1239,3,967.84
ORD14603,PROD1020,1,3098.08
ORD14603,PROD1447,1,3791.55
ORD14603,PROD1284,3,2933.57
ORD14604,PROD1302,1,2749.11
ORD14604,PROD1251,2,1986.98
ORD14605,PROD1435,3,3534.75
ORD14606,PROD1387,3,969.45
ORD14606,PROD1167,2,1013.94
ORD14606,PROD1479,1,2663.18
ORD14607,PROD1066,1,790.53
ORD14607,PROD1055,3,4617.18
ORD14608,PROD1145,2,280.75
ORD14609,PROD1203,1,4502.92
ORD14609,PROD1085,1,1693.4
ORD14610,PROD1169,3,2995.38
ORD14610,PROD1444,2,4082.72
ORD14611,PROD1305,1,4881.68
ORD14612,PROD1317,3,949.14
ORD14612,PROD1353,3,898.38
ORD14612,PROD1394,2,1769.94
ORD14612,PROD1210,2,2788.8
ORD14613,PROD1154,1,4929.69
ORD14613,PROD1341,3,2420.01
ORD14613,PROD1191,1,4496.36
ORD14614,PROD1455,3,2513.86
ORD14614,PROD1385,3,4037.06
ORD14614,PROD1048,3,2778.88
ORD14614,PROD1303,3,3223.41
ORD14615,PROD1025,2,3947.36
ORD14615,PROD1488,2,4757.02
ORD14615,PROD1109,1,477.2
ORD14616,PROD1499,2,4932.43
ORD14617,PROD1223,2,1901.81
ORD14618,PROD1458,3,375.89
ORD14618,PROD1368,2,1059.38
ORD14619,PROD1013,3,1140.46
ORD14619,PROD1467,3,4356.14
ORD14620,PROD1314,2,4196.3
ORD14620,PROD1149,3,1465.37
ORD14621,PROD1073,2,4095.76
ORD14622,PROD1402,1,2575.74
ORD14622,PROD1350,1,2565.37
ORD14622,PROD1265,1,3729.77
ORD14623,PROD1438,1,3560.59
ORD14623,PROD1132,1,687.34
ORD14624,PROD1422,3,546.91
ORD14624,PROD1147,3,2563.13
ORD14625,PROD1308,2,3996.41
ORD14625,PROD1214,2,3589.68
ORD14625,PROD1032,2,418.75
ORD14626,PROD1334,2,325.41
ORD14626,PROD1454,3,644.87
ORD14626,PROD1200,1,3245.96
ORD14626,PROD1438,2,3560.59
ORD14627,PROD1120,1,4056.46
ORD14627,PROD1149,1,1465.37
ORD14628,PROD1491,3,3138.65
ORD14628,PROD1134,3,4720.26
ORD14628,PROD1255,1,2828.33
ORD14628,PROD1061,1,1429.61
ORD14629,PROD1136,3,2642.07
ORD14629,PROD1453,2,4541.14
ORD14629,PROD1045,3,3346.36
ORD14630,PROD1485,2,4515.67
ORD14630,PROD1396,1,4306.22
ORD14630,PROD1291,3,283.01
ORD14630,PROD1479,2,2663.18
ORD14631,PROD1192,3,4512.05
ORD14632,PROD1433,1,595.5
ORD14632,PROD1073,3,4095.76
ORD14632,PROD1073,2,4095.76
ORD14633,PROD1148,1,352.25
ORD14633,PROD1213,1,1198.92
ORD14634,PROD1496,3,2959.91
ORD14634,PROD1207,1,3351.16
ORD14634,PROD1371,3,189.29
ORD14635,PROD1016,3,1590.79
ORD14635,PROD1217,3,3757.81
ORD14635,PROD1227,1,2026.18
ORD14635,PROD1291,2,283.01
ORD14636,PROD1498,1,4874.53
ORD14636,PROD1081,2,3154.16
ORD14637,PROD1081,2,3154.16
ORD14637,PROD1043,1,4555.67
ORD14638,PROD1123,2,639.25
ORD14639,PROD1182,1,4631.0
ORD14640,PROD1020,3,3098.08
ORD14641,PROD1438,3,3560.59
ORD14641,PROD1410,1,1664.64
ORD14641,PROD1403,2,4149.64
ORD14642,PROD1031,1,935.57
ORD14642,PROD1488,2,4757.02
ORD14642,PROD1287,1,2758.96
ORD14642,PROD1436,1,456.54
ORD14643,PROD1484,1,2963.14
ORD14643,PROD1244,2,175.74
ORD14644,PROD1185,2,3333.92
ORD14645,PROD1476,3,461.6
ORD14645,PROD1400,3,605.31
ORD14645,PROD1471,1,4852.41
ORD14646,PROD1018,1,2216.53
ORD14647,PROD1292,3,4130.74
ORD14648,PROD1409,1,547.3
ORD14648,PROD1279,1,3999.38
ORD14648,PROD1053,2,4484.65
ORD14649,PROD1041,1,2526.37
ORD14649,PROD1412,2,4757.98
ORD14650,PROD1027,3,2619.75
ORD14650,PROD1395,3,4660.71
ORD14650,PROD1057,1,1060.32
ORD14651,PROD1091,2,3594.9
ORD14651,PROD1262,3,786.41
ORD14651,PROD1469,2,4819.79
ORD14652,PROD1375,2,1662.98
ORD14652,PROD1321,3,3601.52
ORD14653,PROD1487,3,1476.72
ORD14653,PROD1495,3,1831.43
ORD14653,PROD1458,1,375.89
ORD14654,PROD1371,3,189.29
ORD14654,PROD1480,2,3184.05
ORD14655,PROD1244,2,175.74
ORD14655,PROD1490,3,2332.72
ORD14655,PROD1011,3,4852.56
ORD14656,PROD1207,1,3351.16
ORD14656,PROD1224,2,1399.49
ORD14657,PROD1272,1,4348.65
ORD14657,PROD1053,3,4484.65
ORD14658,PROD1105,3,1321.53
ORD14659,PROD1192,1,4512.05
ORD14659,PROD1294,3,722.6
ORD14660,PROD1193,3,3202.2
ORD14660,PROD1128,3,134.07
ORD14660,PROD1310,1,2250.96
ORD14660,PROD1107,2,3802.2
ORD14661,PROD1269,2,1538.6
ORD14661,PROD1443,1,1916.15
ORD14661,PROD1102,2,1640.34
ORD14661,PROD1479,2,2663.18
ORD14662,PROD1024,2,2334.74
ORD14663,PROD1333,1,668.76
ORD14663,PROD1255,3,2828.33
ORD14664,PROD1090,2,686.01
ORD14664,PROD1171,1,181.28
ORD14664,PROD1210,2,2788.8
ORD14665,PROD1054,1,3029.71
ORD14666,PROD1440,3,515.7
ORD14666,PROD1076,2,3879.22
ORD14666,PROD1060,3,2004.52
ORD14666,PROD1121,2,4490.85
ORD14667,PROD1369,1,439.87
ORD14667,PROD1440,1,515.7
ORD14668,PROD1249,2,4279.75
ORD14669,PROD1399,1,3797.26
ORD14669,PROD1216,1,1694.46
ORD14669,PROD1384,1,3701.85
ORD14670,PROD1295,2,2658.99
ORD14671,PROD1012,2,4178.97
ORD14672,PROD1366,2,4809.83
ORD14672,PROD1269,1,1538.6
ORD14672,PROD1495,2,1831.43
ORD14672,PROD1132,3,687.34
ORD14673,PROD1451,2,2836.18
ORD14674,PROD1317,2,949.14
ORD14674,PROD1336,1,4291.76
ORD14675,PROD1090,3,686.01
ORD14676,PROD1320,1,2791.21
ORD14676,PROD1201,1,512.29
ORD14677,PROD1141,1,1333.73
ORD14677,PROD1255,2,2828.33
ORD14677,PROD1160,2,1902.14
ORD14677,PROD1029,3,327.61
ORD14678,PROD1275,2,2557.43
ORD14678,PROD1344,2,2052.67
ORD14678,PROD1123,2,639.25
ORD14679,PROD1175,1,954.4
ORD14679,PROD1181,3,656.02
ORD14680,PROD1001,2,4758.5
ORD14680,PROD1255,1,2828.33
ORD14681,PROD1106,3,2110.88
ORD14681,PROD1133,3,1754.31
ORD14681,PROD1408,1,4536.37
ORD14682,PROD1027,1,2619.75
ORD14682,PROD1024,2,2334.74
ORD14682,PROD1354,3,445.79
ORD14683,PROD1039,1,2256.75
ORD14683,PROD1463,3,2958.51
ORD14683,PROD1022,3,1531.51
ORD14684,PROD1034,3,4831.6
ORD14685,PROD1224,1,1399.49
ORD14686,PROD1081,2,3154.16
ORD14686,PROD1316,2,2103.87
ORD14686,PROD1466,1,1499.99
ORD14687,PROD1480,1,3184.05
ORD14688,PROD1298,3,3152.16
ORD14689,PROD1440,2,515.7
ORD14689,PROD1358,1,4707.13
ORD14689,PROD1140,2,4815.99
ORD14689,PROD1184,3,1363.91
ORD14690,PROD1497,2,480.9
ORD14691,PROD1217,2,3757.81
ORD14691,PROD1012,1,4178.97
ORD14691,PROD1176,1,3485.59
ORD14692,PROD1481,2,3509.17
ORD14692,PROD1178,1,4689.98
ORD14692,PROD1110,1,1519.78
ORD14692,PROD1008,2,3045.46
ORD14693,PROD1135,3,1683.69
ORD14693,PROD1107,1,3802.2
ORD14693,PROD1336,2,4291.76
ORD14694,PROD1433,1,595.5
ORD14694,PROD1194,1,1761.25
ORD14694,PROD1260,3,3113.54
ORD14694,PROD1353,1,898.38
ORD14695,PROD1339,3,579.39
ORD14696,PROD1300,2,353.24
ORD14696,PROD1488,3,4757.02
ORD14697,PROD1444,3,4082.72
ORD14697,PROD1092,3,3827.85
ORD14698,PROD1066,2,790.53
ORD14698,PROD1137,1,3544.79
ORD14699,PROD1197,3,4495.84
ORD14699,PROD1170,1,3420.07
ORD14700,PROD1024,2,2334.74
ORD14701,PROD1169,3,2995.38
ORD14701,PROD1116,2,4037.99
ORD14701,PROD1379,3,1481.09
ORD14702,PROD1271,1,4069.56
ORD14702,PROD1499,2,4932.43
ORD14703,PROD1492,2,1459.17
ORD14703,PROD1356,2,229.91
ORD14704,PROD1460,1,675.88
ORD14704,PROD1344,3,2052.67
ORD14705,PROD1268,3,1861.51
ORD14705,PROD1251,2,1986.98
ORD14705,PROD1074,2,3563.6
ORD14706,PROD1359,3,2919.82
ORD14706,PROD1254,2,930.51
ORD14707,PROD1245,2,4648.76
ORD14707,PROD1212,2,3294.61
ORD14707,PROD1442,2,1933.93
ORD14707,PROD1275,3,2557.43
ORD14708,PROD1349,2,3166.71
ORD14708,PROD1219,2,4261.19
ORD14709,PROD1148,1,352.25
ORD14709,PROD1097,3,2194.95
ORD14710,PROD1086,3,3675.07
ORD14710,PROD1230,2,3994.58
ORD14710,PROD1119,2,2742.78
ORD14711,PROD1477,2,2813.89
ORD14711,PROD1120,3,4056.46
ORD14711,PROD1496,3,2959.91
ORD14712,PROD1197,1,4495.84
ORD14713,PROD1010,2,200.86
ORD14713,PROD1356,3,229.91
ORD14714,PROD1026,2,1078.4
ORD14714,PROD1399,1,3797.26
ORD14715,PROD1015,1,998.68
ORD14715,PROD1072,1,127.06
ORD14716,PROD1006,1,384.61
ORD14716,PROD1060,3,2004.52
ORD14716,PROD1351,2,4296.8
ORD14716,PROD1412,3,4757.98
ORD14717,PROD1090,1,686.01
ORD14717,PROD1005,2,864.37
ORD14717,PROD1445,2,4741.52
ORD14717,PROD1284,3,2933.57
ORD14718,PROD1486,3,322.69
ORD14718,PROD1329,3,1313.88
ORD14718,PROD1132,2,687.34
ORD14719,PROD1017,3,2671.31
ORD14719,PROD1020,3,3098.08
ORD14719,PROD1398,2,3779.27
ORD14720,PROD1023,2,1895.17
ORD14720,PROD1224,3,1399.49
ORD14721,PROD1045,2,3346.36
ORD14721,PROD1367,2,4536.22
ORD14721,PROD1292,3,4130.74
ORD14722,PROD1114,2,3203.68
ORD14722,PROD1035,1,4061.15
ORD14722,PROD1465,3,1936.87
ORD14723,PROD1190,1,556.2
ORD14724,PROD1366,3,4809.83
ORD14724,PROD1303,1,3223.41
ORD14724,PROD1375,1,1662.98
ORD14724,PROD1149,3,1465.37
ORD14725,PROD1206,2,597.21
ORD14725,PROD1487,3,1476.72
ORD14726,PROD1118,2,4473.54
ORD14726,PROD1242,2,4582.84
ORD14727,PROD1224,1,1399.49
ORD14727,PROD1381,1,3514.01
ORD14727,PROD1228,1,4471.03
ORD14728,PROD1354,3,445.79
ORD14728,PROD1009,3,3569.56
ORD14728,PROD1082,3,1721.4
ORD14728,PROD1138,2,1881.79
ORD14729,PROD1142,1,2536.52
ORD14729,PROD1058,3,321.61
ORD14729,PROD1243,2,1913.78
ORD14730,PROD1165,2,4192.98
ORD14730,PROD1260,1,3113.54
ORD14731,PROD1011,1,4852.56
ORD14731,PROD1131,2,1188.33
ORD14732,PROD1255,2,2828.33
ORD14732,PROD1125,3,2192.83
ORD14732,PROD1045,1,3346.36
ORD14733,PROD1470,3,159.56
ORD14734,PROD1164,1,542.42
ORD14735,PROD1140,3,4815.99
ORD14736,PROD1032,2,418.75
ORD14737,PROD1234,2,1056.69
ORD14737,PROD1331,2,3813.45
ORD14737,PROD1444,1,4082.72
ORD14738,PROD1143,3,1574.3
ORD14738,PROD1044,2,1368.02
ORD14739,PROD1180,1,1771.23
ORD14740,PROD1066,3,790.53
ORD14740,PROD1241,2,4774.25
ORD14740,PROD1362,3,2345.44
ORD14740,PROD1243,1,1913.78
ORD14741,PROD1334,3,325.41
ORD14741,PROD1133,1,1754.31
ORD14742,PROD1494,1,2372.12
ORD14742,PROD1337,1,3547.92
ORD14742,PROD1098,1,224.55
ORD14742,PROD1431,3,3831.4
ORD14743,PROD1330,3,1844.27
ORD14743,PROD1375,3,1662.98
ORD14744,PROD1357,1,2970.3
ORD14744,PROD1320,2,2791.21
ORD14744,PROD1423,3,2522.66
ORD14744,PROD1024,3,2334.74
ORD14745,PROD1330,1,1844.27
ORD14745,PROD1149,1,1465.37
ORD14745,PROD1358,2,4707.13
ORD14745,PROD1125,1,2192.83
ORD14746,PROD1439,1,498.61
ORD14746,PROD1062,1,4160.81
ORD14747,PROD1438,3,3560.59
ORD14747,PROD1178,1,4689.98
ORD14747,PROD1345,1,3117.67
ORD14747,PROD1496,1,2959.91
ORD14748,PROD1085,3,1693.4
ORD14749,PROD1438,3,3560.59
ORD14750,PROD1337,1,3547.92
ORD14750,PROD1003,1,3033.43
ORD14751,PROD1015,2,998.68
ORD14751,PROD1093,1,2850.26
ORD14751,PROD1278,1,3539.64
ORD14751,PROD1414,1,3196.0
ORD14752,PROD1365,2,1991.9
ORD14752,PROD1042,1,268.5
ORD14753,PROD1076,1,3879.22
ORD14753,PROD1432,3,3129.27
ORD14753,PROD1218,1,3283.2
ORD14754,PROD1146,1,3086.87
ORD14755,PROD1315,3,3510.27
ORD14756,PROD1447,1,3791.55
ORD14756,PROD1034,3,4831.6
ORD14756,PROD1125,1,2192.83
ORD14757,PROD1086,1,3675.07
ORD14757,PROD1303,3,3223.41
ORD14757,PROD1187,3,2820.48
ORD14757,PROD1492,2,1459.17
ORD14758,PROD1406,2,2007.09
ORD14758,PROD1443,1,1916.15
ORD14758,PROD1090,2,686.01
ORD14759,PROD1482,3,2327.25
ORD14760,PROD1143,3,1574.3
ORD14760,PROD1341,2,2420.01
ORD14760,PROD1245,3,4648.76
ORD14761,PROD1455,2,2513.86
ORD14761,PROD1262,1,786.41
ORD14762,PROD1085,1,1693.4
ORD14762,PROD1226,1,4867.75
ORD14762,PROD1081,2,3154.16
ORD14763,PROD1041,2,2526.37
ORD14763,PROD1425,3,2792.69
ORD14763,PROD1080,1,4329.21
ORD14764,PROD1329,3,1313.88
ORD14764,PROD1470,3,159.56
ORD14764,PROD1480,3,3184.05
ORD14764,PROD1295,2,2658.99
ORD14765,PROD1281,1,1756.18
ORD14766,PROD1303,3,3223.41
ORD14766,PROD1282,3,1940.36
ORD14766,PROD1301,3,2703.64
ORD14767,PROD1080,3,4329.21
ORD14767,PROD1252,3,4270.57
ORD14767,PROD1241,3,4774.25
ORD14767,PROD1064,2,1476.58
ORD14768,PROD1066,1,790.53
ORD14768,PROD1097,1,2194.95
ORD14768,PROD1324,2,4778.84
ORD14769,PROD1207,3,3351.16
ORD14769,PROD1311,3,484.44
ORD14770,PROD1029,3,327.61
ORD14770,PROD1351,3,4296.8
ORD14771,PROD1364,2,4713.18
ORD14771,PROD1331,1,3813.45
ORD14771,PROD1218,3,3283.2
ORD14772,PROD1213,2,1198.92
ORD14773,PROD1207,3,3351.16
ORD14773,PROD1158,1,1264.42
ORD14774,PROD1166,3,1671.82
ORD14774,PROD1062,2,4160.81
ORD14774,PROD1324,3,4778.84
ORD14775,PROD1223,3,1901.81
ORD14775,PROD1425,3,2792.69
ORD14775,PROD1200,3,3245.96
ORD14776,PROD1457,3,2396.44
ORD14776,PROD1335,1,299.57
ORD14776,PROD1407,2,153.1
ORD14777,PROD1228,3,4471.03
ORD14777,PROD1226,3,4867.75
ORD14778,PROD1229,3,3192.58
ORD14779,PROD1012,3,4178.97
ORD14780,PROD1110,3,1519.78
ORD14781,PROD1169,2,2995.38
ORD14781,PROD1108,3,1221.11
ORD14781,PROD1375,1,1662.98
ORD14782,PROD1170,1,3420.07
ORD14782,PROD1000,3,1935.25
ORD14782,PROD1482,3,2327.25
ORD14782,PROD1039,2,2256.75
ORD14783,PROD1324,2,4778.84
ORD14783,PROD1156,3,3393.46
ORD14784,PROD1256,2,4687.16
ORD14784,PROD1072,1,127.06
ORD14784,PROD1494,3,2372.12
ORD14785,PROD1445,1,4741.52
ORD14786,PROD1093,3,2850.26
ORD14786,PROD1206,1,597.21
ORD14786,PROD1169,2,2995.38
ORD14787,PROD1421,1,3969.13
ORD14787,PROD1463,2,2958.51
ORD14788,PROD1496,2,2959.91
ORD14789,PROD1279,3,3999.38
ORD14789,PROD1079,3,667.76
ORD14789,PROD1465,2,1936.87
ORD14790,PROD1350,2,2565.37
ORD14790,PROD1209,1,887.96
ORD14791,PROD1183,2,4398.96
ORD14791,PROD1303,2,3223.41
ORD14791,PROD1240,1,4708.25
ORD14792,PROD1273,3,4574.88
ORD14793,PROD1322,2,3334.97
ORD14794,PROD1110,2,1519.78
ORD14794,PROD1129,3,2602.66
ORD14794,PROD1361,1,3252.11
ORD14795,PROD1213,2,1198.92
ORD14795,PROD1052,2,4703.54
ORD14796,PROD1490,3,2332.72
ORD14797,PROD1290,3,249.45
ORD14797,PROD1205,1,145.07
ORD14797,PROD1067,3,4030.77
ORD14797,PROD1360,3,2002.03
ORD14798,PROD1474,3,2685.74
ORD14798,PROD1227,1,2026.18
ORD14799,PROD1213,2,1198.92
ORD14799,PROD1138,1,1881.79
ORD14800,PROD1118,2,4473.54
ORD14800,PROD1087,2,3224.03
ORD14801,PROD1066,3,790.53
ORD14801,PROD1293,1,1864.93
ORD14801,PROD1129,3,2602.66
ORD14801,PROD1342,3,948.69
ORD14802,PROD1121,3,4490.85
ORD14802,PROD1094,1,3877.74
ORD14802,PROD1427,1,4449.75
ORD14802,PROD1493,2,1021.79
ORD14803,PROD1343,2,2225.87
ORD14803,PROD1035,1,4061.15
ORD14804,PROD1406,3,2007.09
ORD14805,PROD1464,1,4814.65
ORD14805,PROD1254,1,930.51
ORD14806,PROD1112,3,4655.52
ORD14806,PROD1121,1,4490.85
ORD14807,PROD1311,3,484.44
ORD14807,PROD1417,2,1710.46
ORD14807,PROD1248,1,4821.74
ORD14807,PROD1328,1,2156.04
ORD14808,PROD1158,2,1264.42
ORD14808,PROD1279,2,3999.38
ORD14808,PROD1340,1,2508.92
ORD14808,PROD1021,1,783.52
ORD14809,PROD1368,2,1059.38
ORD14809,PROD1302,3,2749.11
ORD14810,PROD1476,1,461.6
ORD14810,PROD1344,3,2052.67
ORD14810,PROD1193,1,3202.2
ORD14811,PROD1259,1,576.16
ORD14811,PROD1199,3,3921.39
ORD14812,PROD1235,2,3640.02
ORD14812,PROD1234,1,1056.69
ORD14812,PROD1225,1,1295.55
ORD14812,PROD1027,2,2619.75
ORD14813,PROD1464,3,4814.65
ORD14813,PROD1285,2,276.12
ORD14813,PROD1101,1,3218.41
ORD14814,PROD1337,2,3547.92
ORD14815,PROD1246,1,2198.1
ORD14815,PROD1475,3,4965.53
ORD14815,PROD1029,2,327.61
ORD14816,PROD1470,3,159.56
ORD14816,PROD1354,3,445.79
ORD14816,PROD1426,1,2263.5
ORD14817,PROD1001,3,4758.5
ORD14817,PROD1117,3,1014.19
ORD14817,PROD1307,2,1682.49
ORD14818,PROD1433,1,595.5
ORD14818,PROD1277,2,3284.82
ORD14818,PROD1412,3,4757.98
ORD14819,PROD1119,3,2742.78
ORD14819,PROD1257,1,3510.55
ORD14820,PROD1139,3,4861.73
ORD14820,PROD1108,1,1221.11
ORD14821,PROD1031,2,935.57
ORD14821,PROD1234,2,1056.69
ORD14821,PROD1072,3,127.06
ORD14822,PROD1291,1,283.01
ORD14823,PROD1287,1,2758.96
ORD14824,PROD1048,3,2778.88
ORD14824,PROD1220,1,3322.3
ORD14824,PROD1401,1,4522.51
ORD14825,PROD1178,3,4689.98
ORD14825,PROD1170,1,3420.07
ORD14825,PROD1485,2,4515.67
ORD14825,PROD1003,1,3033.43
ORD14826,PROD1343,3,2225.87
ORD14826,PROD1207,2,3351.16
ORD14826,PROD1114,1,3203.68
ORD14827,PROD1273,3,4574.88
ORD14828,PROD1159,1,3668.26
ORD14828,PROD1264,3,4399.13
ORD14828,PROD1310,1,2250.96
ORD14828,PROD1322,1,3334.97
ORD14829,PROD1237,3,219.15
ORD14829,PROD1120,2,4056.46
ORD14829,PROD1451,3,2836.18
ORD14829,PROD1089,2,2413.85
ORD14830,PROD1088,1,4447.34
ORD14830,PROD1097,3,2194.95
ORD14830,PROD1128,3,134.07
ORD14831,PROD1450,3,3908.02
ORD14831,PROD1229,1,3192.58
ORD14831,PROD1139,2,4861.73
ORD14831,PROD1316,3,2103.87
ORD14832,PROD1437,1,4127.11
ORD14832,PROD1391,1,2121.83
ORD14833,PROD1339,3,579.39
ORD14833,PROD1093,1,2850.26
ORD14834,PROD1133,2,1754.31
ORD14834,PROD1260,3,3113.54
ORD14835,PROD1033,1,4749.54
ORD14835,PROD1168,3,299.8
ORD14836,PROD1019,2,1527.02
ORD14836,PROD1106,2,2110.88
ORD14837,PROD1154,2,4929.69
ORD14838,PROD1080,1,4329.21
ORD14838,PROD1176,3,3485.59
ORD14839,PROD1245,1,4648.76
ORD14839,PROD1099,1,628.67
ORD14839,PROD1458,3,375.89
ORD14840,PROD1293,2,1864.93
ORD14840,PROD1041,1,2526.37
ORD14841,PROD1056,2,533.61
ORD14841,PROD1355,1,3247.85
ORD14841,PROD1053,2,4484.65
ORD14842,PROD1080,1,4329.21
ORD14842,PROD1267,1,3542.17
ORD14842,PROD1491,2,3138.65
ORD14842,PROD1184,2,1363.91
ORD14843,PROD1365,1,1991.9
ORD14843,PROD1486,1,322.69
ORD14843,PROD1368,2,1059.38
ORD14843,PROD1298,1,3152.16
ORD14844,PROD1023,2,1895.17
ORD14844,PROD1331,1,3813.45
ORD14844,PROD1222,2,559.01
ORD14844,PROD1057,3,1060.32
ORD14845,PROD1050,2,4850.96
ORD14846,PROD1495,2,1831.43
ORD14846,PROD1347,1,321.99
ORD14846,PROD1366,1,4809.83
ORD14846,PROD1166,2,1671.82
ORD14847,PROD1012,1,4178.97
ORD14847,PROD1146,1,3086.87
ORD14847,PROD1261,2,4951.26
ORD14847,PROD1145,2,280.75
ORD14848,PROD1069,3,4935.75
ORD14848,PROD1138,2,1881.79
ORD14849,PROD1089,1,2413.85
ORD14849,PROD1138,3,1881.79
ORD14850,PROD1209,2,887.96
ORD14850,PROD1193,3,3202.2
ORD14851,PROD1217,2,3757.81
ORD14852,PROD1020,1,3098.08
ORD14852,PROD1134,3,4720.26
ORD14853,PROD1171,2,181.28
ORD14853,PROD1053,1,4484.65
ORD14853,PROD1092,2,3827.85
ORD14853,PROD1440,2,515.7
ORD14854,PROD1475,3,4965.53
ORD14854,PROD1191,2,4496.36
ORD14854,PROD1103,2,2592.0
ORD14855,PROD1103,2,2592.0
ORD14856,PROD1427,2,4449.75
ORD14856,PROD1239,2,967.84
ORD14856,PROD1413,3,2909.85
ORD14856,PROD1480,2,3184.05
ORD14857,PROD1132,3,687.34
ORD14857,PROD1379,3,1481.09
ORD14858,PROD1089,3,2413.85
ORD14858,PROD1254,1,930.51
ORD14858,PROD1443,1,1916.15
ORD14858,PROD1082,3,1721.4
ORD14859,PROD1057,2,1060.32
ORD14859,PROD1378,1,4090.9
ORD14859,PROD1388,1,3778.01
ORD14860,PROD1380,1,679.01
ORD14861,PROD1199,2,3921.39
ORD14861,PROD1437,3,4127.11
ORD14861,PROD1428,2,1819.48
ORD14861,PROD1282,3,1940.36
ORD14862,PROD1158,1,1264.42
ORD14863,PROD1006,1,384.61
ORD14863,PROD1004,2,864.49
ORD14864,PROD1119,2,2742.78
ORD14865,PROD1105,1,1321.53
ORD14865,PROD1342,2,948.69
ORD14865,PROD1130,3,2145.31
ORD14866,PROD1472,1,311.48
ORD14866,PROD1112,2,4655.52
ORD14866,PROD1250,3,1542.8
ORD14866,PROD1399,3,3797.26
ORD14867,PROD1383,3,4399.61
ORD14868,PROD1390,2,4953.48
ORD14868,PROD1497,2,480.9
ORD14868,PROD1085,1,1693.4
ORD14869,PROD1133,1,1754.31
ORD14869,PROD1388,2,3778.01
ORD14869,PROD1229,2,3192.58
ORD14870,PROD1057,3,1060.32
ORD14870,PROD1405,3,4488.06
ORD14870,PROD1184,1,1363.91
ORD14871,PROD1168,2,299.8
ORD14871,PROD1021,3,783.52
ORD14872,PROD1301,1,2703.64
ORD14872,PROD1175,2,954.4
ORD14872,PROD1370,1,593.81
ORD14872,PROD1386,1,1481.97
ORD14873,PROD1212,3,3294.61
ORD14874,PROD1486,2,322.69
ORD14874,PROD1082,3,1721.4
ORD14874,PROD1199,2,3921.39
ORD14875,PROD1293,3,1864.93
ORD14876,PROD1190,1,556.2
ORD14876,PROD1051,3,3898.15
ORD14876,PROD1082,1,1721.4
ORD14876,PROD1340,2,2508.92
ORD14877,PROD1339,2,579.39
ORD14877,PROD1157,3,3831.94
ORD14878,PROD1293,3,1864.93
ORD14878,PROD1027,1,2619.75
ORD14878,PROD1409,2,547.3
ORD14879,PROD1279,3,3999.38
ORD14880,PROD1213,1,1198.92
ORD14880,PROD1339,1,579.39
ORD14881,PROD1324,2,4778.84
ORD14882,PROD1208,2,124.8
ORD14882,PROD1156,3,3393.46
ORD14882,PROD1074,3,3563.6
ORD14883,PROD1270,3,4065.87
ORD14884,PROD1264,1,4399.13
ORD14884,PROD1268,2,1861.51
ORD14885,PROD1389,2,4053.49
ORD14885,PROD1359,1,2919.82
ORD14886,PROD1124,3,1216.88
ORD14886,PROD1267,2,3542.17
ORD14886,PROD1214,3,3589.68
ORD14886,PROD1369,1,439.87
ORD14887,PROD1201,1,512.29
ORD14888,PROD1430,3,800.66
ORD14888,PROD1389,3,4053.49
ORD14889,PROD1231,1,2562.92
ORD14889,PROD1083,3,411.44
ORD14890,PROD1446,3,4931.41
ORD14891,PROD1430,3,800.66
ORD14891,PROD1417,1,1710.46
ORD14891,PROD1011,1,4852.56
ORD14892,PROD1451,3,2836.18
ORD14892,PROD1372,1,562.77
ORD14893,PROD1385,3,4037.06
ORD14893,PROD1136,3,2642.07
ORD14894,PROD1112,2,4655.52
ORD14894,PROD1360,3,2002.03
ORD14894,PROD1270,3,4065.87
ORD14894,PROD1352,2,3327.6
ORD14895,PROD1298,3,3152.16
ORD14896,PROD1000,2,1935.25
ORD14896,PROD1210,1,2788.8
ORD14896,PROD1264,1,4399.13
ORD14897,PROD1192,3,4512.05
ORD14897,PROD1109,2,477.2
ORD14898,PROD1498,1,4874.53
ORD14898,PROD1110,1,1519.78
ORD14899,PROD1234,3,1056.69
ORD14900,PROD1196,2,3657.18
ORD14900,PROD1290,2,249.45
ORD14900,PROD1394,3,1769.94
ORD14901,PROD1375,2,1662.98
ORD14902,PROD1455,1,2513.86
ORD14902,PROD1275,3,2557.43
ORD14902,PROD1042,3,268.5
ORD14902,PROD1237,1,219.15
ORD14903,PROD1108,3,1221.11
ORD14904,PROD1339,3,579.39
ORD14904,PROD1498,1,4874.53
ORD14905,PROD1456,3,155.63
ORD14906,PROD1467,1,4356.14
ORD14907,PROD1415,2,2297.38
ORD14907,PROD1289,3,2995.08
ORD14907,PROD1244,2,175.74
ORD14907,PROD1271,1,4069.56
ORD14908,PROD1118,2,4473.54
ORD14908,PROD1131,1,1188.33
ORD14908,PROD1055,1,4617.18
ORD14909,PROD1361,2,3252.11
ORD14909,PROD1081,2,3154.16
ORD14909,PROD1369,2,439.87
ORD14909,PROD1048,1,2778.88
ORD14910,PROD1172,1,2609.26
ORD14910,PROD1399,3,3797.26
ORD14910,PROD1367,1,4536.22
ORD14911,PROD1078,3,1856.48
ORD14911,PROD1162,1,3204.3
ORD14911,PROD1007,3,4344.26
ORD14912,PROD1374,1,448.82
ORD14912,PROD1470,2,159.56
ORD14913,PROD1278,3,3539.64
ORD14913,PROD1355,1,3247.85
ORD14913,PROD1203,2,4502.92
ORD14913,PROD1385,2,4037.06
ORD14914,PROD1359,1,2919.82
ORD14914,PROD1235,1,3640.02
ORD14914,PROD1032,2,418.75
ORD14914,PROD1028,1,3002.83
ORD14915,PROD1042,1,268.5
ORD14915,PROD1446,1,4931.41
ORD14916,PROD1475,3,4965.53
ORD14916,PROD1229,2,3192.58
ORD14917,PROD1090,3,686.01
ORD14918,PROD1045,1,3346.36
ORD14919,PROD1194,3,1761.25
ORD14919,PROD1348,3,1935.6
ORD14920,PROD1360,2,2002.03
ORD14920,PROD1434,2,512.12
ORD14920,PROD1329,2,1313.88
ORD14920,PROD1372,1,562.77
ORD14921,PROD1448,2,1943.67
ORD14921,PROD1351,1,4296.8
ORD14922,PROD1181,3,656.02
ORD14922,PROD1274,2,2605.58
ORD14923,PROD1206,1,597.21
ORD14923,PROD1043,2,4555.67
ORD14924,PROD1244,3,175.74
ORD14924,PROD1253,2,1652.92
ORD14924,PROD1108,1,1221.11
ORD14925,PROD1236,2,1475.78
ORD14925,PROD1028,2,3002.83
ORD14926,PROD1270,1,4065.87
ORD14926,PROD1241,2,4774.25
ORD14927,PROD1450,3,3908.02
ORD14927,PROD1405,1,4488.06
ORD14927,PROD1096,3,2661.39
ORD14928,PROD1006,3,384.61
ORD14928,PROD1272,1,4348.65
ORD14928,PROD1287,2,2758.96
ORD14928,PROD1380,2,679.01
ORD14929,PROD1185,1,3333.92
ORD14929,PROD1130,2,2145.31
ORD14929,PROD1088,1,4447.34
ORD14930,PROD1109,2,477.2
ORD14930,PROD1066,2,790.53
ORD14930,PROD1147,1,2563.13
ORD14930,PROD1219,1,4261.19
ORD14931,PROD1311,2,484.44
ORD14932,PROD1334,2,325.41
ORD14933,PROD1293,3,1864.93
ORD14933,PROD1277,1,3284.82
ORD14933,PROD1463,1,2958.51
ORD14933,PROD1202,2,891.98
ORD14934,PROD1123,3,639.25
ORD14935,PROD1156,2,3393.46
ORD14936,PROD1119,3,2742.78
ORD14936,PROD1011,1,4852.56
ORD14936,PROD1234,3,1056.69
ORD14936,PROD1294,1,722.6
ORD14937,PROD1274,1,2605.58
ORD14937,PROD1185,3,3333.92
ORD14937,PROD1340,1,2508.92
ORD14937,PROD1210,1,2788.8
ORD14938,PROD1341,3,2420.01
ORD14939,PROD1266,1,3515.38
ORD14940,PROD1452,3,2178.69
ORD14940,PROD1300,2,353.24
ORD14940,PROD1317,1,949.14
ORD14941,PROD1097,2,2194.95
ORD14941,PROD1209,3,887.96
ORD14942,PROD1041,2,2526.37
ORD14942,PROD1404,2,1668.24
ORD14942,PROD1103,2,2592.0
ORD14942,PROD1388,1,3778.01
ORD14943,PROD1321,3,3601.52
ORD14943,PROD1342,2,948.69
ORD14943,PROD1061,1,1429.61
ORD14943,PROD1403,1,4149.64
ORD14944,PROD1254,1,930.51
ORD14944,PROD1296,1,3872.97
ORD14945,PROD1045,2,3346.36
ORD14945,PROD1333,3,668.76
ORD14945,PROD1241,2,4774.25
ORD14945,PROD1070,3,3884.0
ORD14946,PROD1050,3,4850.96
ORD14946,PROD1223,1,1901.81
ORD14946,PROD1127,1,4317.58
ORD14946,PROD1169,2,2995.38
ORD14947,PROD1393,3,3904.42
ORD14948,PROD1479,2,2663.18
ORD14948,PROD1300,3,353.24
ORD14948,PROD1250,2,1542.8
ORD14948,PROD1005,1,864.37
ORD14949,PROD1293,2,1864.93
ORD14949,PROD1452,2,2178.69
ORD14949,PROD1225,3,1295.55
ORD14949,PROD1444,3,4082.72
ORD14950,PROD1070,3,3884.0
ORD14951,PROD1244,1,175.74
ORD14952,PROD1363,1,2773.52
ORD14953,PROD1161,3,3198.3
ORD14953,PROD1044,1,1368.02
ORD14954,PROD1382,1,3181.82
ORD14955,PROD1115,1,4370.16
ORD14955,PROD1151,2,1273.85
ORD14956,PROD1302,1,2749.11
ORD14956,PROD1090,3,686.01
ORD14956,PROD1049,3,1005.79
ORD14957,PROD1315,1,3510.27
ORD14957,PROD1028,2,3002.83
ORD14957,PROD1171,2,181.28
ORD14958,PROD1287,1,2758.96
ORD14959,PROD1098,3,224.55
ORD14959,PROD1477,1,2813.89
ORD14959,PROD1119,1,2742.78
ORD14960,PROD1385,2,4037.06
ORD14960,PROD1288,1,1504.05
ORD14960,PROD1127,3,4317.58
ORD14960,PROD1446,1,4931.41
ORD14961,PROD1118,1,4473.54
ORD14962,PROD1135,3,1683.69
ORD14963,PROD1069,1,4935.75
ORD14964,PROD1147,2,2563.13
ORD14964,PROD1236,1,1475.78
ORD14964,PROD1067,3,4030.77
ORD14964,PROD1230,1,3994.58
ORD14965,PROD1260,2,3113.54
ORD14966,PROD1113,2,4059.79
ORD14966,PROD1164,1,542.42
ORD14966,PROD1055,2,4617.18
ORD14967,PROD1399,1,3797.26
ORD14967,PROD1001,3,4758.5
ORD14967,PROD1142,1,2536.52
ORD14968,PROD1349,2,3166.71
ORD14968,PROD1254,2,930.51
ORD14969,PROD1453,1,4541.14
ORD14970,PROD1010,2,200.86
ORD14970,PROD1179,3,773.85
ORD14970,PROD1381,3,3514.01
ORD14970,PROD1342,1,948.69
ORD14971,PROD1225,3,1295.55
ORD14971,PROD1102,3,1640.34
ORD14971,PROD1336,2,4291.76
ORD14971,PROD1354,2,445.79
ORD14972,PROD1054,3,3029.71
ORD14972,PROD1338,3,2423.45
ORD14972,PROD1118,3,4473.54
ORD14972,PROD1001,3,4758.5
ORD14973,PROD1156,3,3393.46
ORD14973,PROD1196,1,3657.18
ORD14974,PROD1375,2,1662.98
ORD14975,PROD1115,1,4370.16
ORD14975,PROD1066,1,790.53
ORD14975,PROD1149,3,1465.37
ORD14975,PROD1255,3,2828.33
ORD14976,PROD1413,2,2909.85
ORD14976,PROD1326,3,2816.33
ORD14976,PROD1216,3,1694.46
ORD14976,PROD1129,1,2602.66
ORD14977,PROD1329,1,1313.88
ORD14977,PROD1421,1,3969.13
ORD14977,PROD1017,1,2671.31
ORD14977,PROD1445,3,4741.52
ORD14978,PROD1448,1,1943.67
ORD14979,PROD1354,2,445.79
ORD14980,PROD1227,1,2026.18
ORD14980,PROD1366,2,4809.83
ORD14981,PROD1163,1,2725.3
ORD14981,PROD1229,2,3192.58
ORD14981,PROD1369,3,439.87
ORD14981,PROD1081,3,3154.16
ORD14982,PROD1396,2,4306.22
ORD14982,PROD1243,2,1913.78
ORD14983,PROD1454,1,644.87
ORD14983,PROD1378,2,4090.9
ORD14984,PROD1117,2,1014.19
ORD14984,PROD1135,3,1683.69
ORD14985,PROD1373,3,3446.73
ORD14986,PROD1111,2,889.98
ORD14987,PROD1499,3,4932.43
ORD14987,PROD1162,3,3204.3
ORD14988,PROD1019,1,1527.02
ORD14989,PROD1048,2,2778.88
ORD14989,PROD1153,1,2498.32
ORD14989,PROD1002,2,3686.77
ORD14989,PROD1307,3,1682.49
ORD14990,PROD1218,2,3283.2
ORD14990,PROD1015,3,998.68
ORD14990,PROD1046,2,1627.38
ORD14991,PROD1215,2,1262.52
ORD14991,PROD1379,1,1481.09
ORD14991,PROD1422,1,546.91
ORD14992,PROD1212,3,3294.61
ORD14993,PROD1221,3,2884.71
ORD14993,PROD1320,1,2791.21
ORD14993,PROD1090,2,686.01
ORD14993,PROD1377,2,214.03
ORD14994,PROD1262,1,786.41
ORD14994,PROD1367,1,4536.22
ORD14994,PROD1377,2,214.03
ORD14995,PROD1083,1,411.44
ORD14995,PROD1044,3,1368.02
ORD14996,PROD1392,3,1922.89
ORD14996,PROD1209,2,887.96
ORD14996,PROD1173,2,1209.83
ORD14997,PROD1157,2,3831.94
ORD14997,PROD1138,1,1881.79
ORD14998,PROD1381,2,3514.01
ORD14998,PROD1365,3,1991.9
ORD14998,PROD1423,2,2522.66
ORD14999,PROD1124,1,1216.88
ORD14999,PROD1213,3,1198.92
ORD14999,PROD1294,2,722.6
ORD15000,PROD1361,2,3252.11
ORD15000,PROD1318,1,866.54
ORD15000,PROD1024,2,2334.74
ORD15001,PROD1176,1,3485.59
ORD15001,PROD1029,2,327.61
ORD15001,PROD1044,3,1368.02
ORD15002,PROD1495,1,1831.43
ORD15002,PROD1139,1,4861.73
ORD15002,PROD1256,3,4687.16
ORD15002,PROD1069,2,4935.75
ORD15003,PROD1133,3,1754.31
ORD15003,PROD1492,3,1459.17
ORD15003,PROD1443,2,1916.15
ORD15003,PROD1190,2,556.2
ORD15004,PROD1178,3,4689.98
ORD15005,PROD1488,2,4757.02
ORD15005,PROD1429,1,673.63
ORD15006,PROD1230,1,3994.58
ORD15006,PROD1400,1,605.31
ORD15006,PROD1214,2,3589.68
ORD15007,PROD1294,2,722.6
ORD15007,PROD1160,3,1902.14
ORD15007,PROD1193,1,3202.2
ORD15008,PROD1042,2,268.5
ORD15008,PROD1343,2,2225.87
ORD15008,PROD1011,2,4852.56
ORD15009,PROD1188,3,2695.29
ORD15009,PROD1443,2,1916.15
ORD15010,PROD1456,2,155.63
ORD15010,PROD1149,3,1465.37
ORD15010,PROD1464,1,4814.65
ORD15011,PROD1006,3,384.61
ORD15011,PROD1494,2,2372.12
ORD15012,PROD1318,3,866.54
ORD15012,PROD1129,2,2602.66
ORD15012,PROD1108,1,1221.11
ORD15013,PROD1129,3,2602.66
ORD15013,PROD1243,1,1913.78
ORD15013,PROD1437,1,4127.11
ORD15014,PROD1254,3,930.51
ORD15015,PROD1236,1,1475.78
ORD15016,PROD1193,3,3202.2
ORD15017,PROD1356,1,229.91
ORD15017,PROD1121,1,4490.85
ORD15017,PROD1363,2,2773.52
ORD15017,PROD1003,1,3033.43
ORD15018,PROD1420,2,3978.74
ORD15018,PROD1333,2,668.76
ORD15018,PROD1237,1,219.15
ORD15018,PROD1137,3,3544.79
ORD15019,PROD1218,2,3283.2
ORD15019,PROD1336,3,4291.76
ORD15020,PROD1343,3,2225.87
ORD15020,PROD1338,3,2423.45
ORD15020,PROD1235,2,3640.02
ORD15021,PROD1053,3,4484.65
ORD15021,PROD1186,1,4104.39
ORD15022,PROD1140,3,4815.99
ORD15022,PROD1020,3,3098.08
ORD15022,PROD1021,1,783.52
ORD15023,PROD1362,1,2345.44
ORD15024,PROD1331,1,3813.45
ORD15024,PROD1304,1,3657.85
ORD15024,PROD1406,1,2007.09
ORD15025,PROD1482,2,2327.25
ORD15025,PROD1418,2,3395.34
ORD15025,PROD1336,3,4291.76
ORD15026,PROD1278,3,3539.64
ORD15026,PROD1233,1,2513.34
ORD15026,PROD1025,2,3947.36
ORD15027,PROD1326,2,2816.33
ORD15027,PROD1137,3,3544.79
ORD15027,PROD1224,2,1399.49
ORD15027,PROD1352,3,3327.6
ORD15028,PROD1184,3,1363.91
ORD15028,PROD1089,3,2413.85
ORD15029,PROD1378,3,4090.9
ORD15030,PROD1394,3,1769.94
ORD15031,PROD1465,2,1936.87
ORD15031,PROD1213,2,1198.92
ORD15032,PROD1021,2,783.52
ORD15032,PROD1088,3,4447.34
ORD15033,PROD1049,2,1005.79
ORD15034,PROD1060,3,2004.52
ORD15034,PROD1018,1,2216.53
ORD15034,PROD1307,3,1682.49
ORD15035,PROD1074,1,3563.6
ORD15036,PROD1327,3,3097.43
ORD15036,PROD1280,3,4461.03
ORD15037,PROD1081,1,3154.16
ORD15037,PROD1249,1,4279.75
ORD15037,PROD1137,1,3544.79
ORD15037,PROD1096,1,2661.39
ORD15038,PROD1066,2,790.53
ORD15038,PROD1486,3,322.69
ORD15038,PROD1356,3,229.91
ORD15039,PROD1028,1,3002.83
ORD15040,PROD1453,1,4541.14
ORD15040,PROD1008,2,3045.46
ORD15040,PROD1199,2,3921.39
ORD15041,PROD1392,1,1922.89
ORD15041,PROD1315,3,3510.27
ORD15042,PROD1359,3,2919.82
ORD15042,PROD1162,3,3204.3
ORD15042,PROD1074,1,3563.6
ORD15043,PROD1199,1,3921.39
ORD15043,PROD1180,2,1771.23
ORD15043,PROD1027,1,2619.75
ORD15044,PROD1308,2,3996.41
ORD15045,PROD1165,3,4192.98
ORD15046,PROD1414,1,3196.0
ORD15047,PROD1482,1,2327.25
ORD15047,PROD1295,1,2658.99
ORD15048,PROD1047,3,2648.33
ORD15048,PROD1256,2,4687.16
ORD15049,PROD1386,2,1481.97
ORD15049,PROD1456,2,155.63
ORD15049,PROD1048,2,2778.88
ORD15050,PROD1018,3,2216.53
ORD15050,PROD1435,3,3534.75
ORD15050,PROD1315,1,3510.27
ORD15051,PROD1345,3,3117.67
ORD15051,PROD1304,2,3657.85
ORD15051,PROD1044,3,1368.02
ORD15051,PROD1075,3,3672.14
ORD15052,PROD1487,1,1476.72
ORD15052,PROD1497,3,480.9
ORD15052,PROD1131,3,1188.33
ORD15052,PROD1401,3,4522.51
ORD15053,PROD1174,3,3261.35
ORD15053,PROD1030,3,3076.97
ORD15054,PROD1029,1,327.61
ORD15055,PROD1074,1,3563.6
ORD15055,PROD1205,3,145.07
ORD15056,PROD1160,1,1902.14
ORD15057,PROD1167,1,1013.94
ORD15057,PROD1188,2,2695.29
ORD15057,PROD1113,2,4059.79
ORD15057,PROD1012,1,4178.97
ORD15058,PROD1319,3,1326.19
ORD15059,PROD1147,1,2563.13
ORD15060,PROD1327,1,3097.43
ORD15060,PROD1411,2,4755.3
ORD15060,PROD1432,2,3129.27
ORD15061,PROD1397,1,2202.07
ORD15061,PROD1055,3,4617.18
ORD15061,PROD1072,2,127.06
ORD15061,PROD1457,3,2396.44
ORD15062,PROD1383,1,4399.61
ORD15063,PROD1323,3,1471.68
ORD15063,PROD1162,2,3204.3
ORD15063,PROD1090,3,686.01
ORD15064,PROD1070,2,3884.0
ORD15064,PROD1090,1,686.01
ORD15065,PROD1183,1,4398.96
ORD15066,PROD1296,2,3872.97
ORD15066,PROD1387,2,969.45
ORD15066,PROD1321,2,3601.52
ORD15066,PROD1420,2,3978.74
ORD15067,PROD1202,1,891.98
ORD15067,PROD1297,2,1157.52
ORD15068,PROD1137,1,3544.79
ORD15069,PROD1171,1,181.28
ORD15069,PROD1146,1,3086.87
ORD15070,PROD1028,3,3002.83
ORD15070,PROD1101,3,3218.41
ORD15071,PROD1273,1,4574.88
ORD15071,PROD1378,1,4090.9
ORD15072,PROD1458,2,375.89
ORD15073,PROD1060,2,2004.52
ORD15073,PROD1191,2,4496.36
ORD15073,PROD1359,1,2919.82
ORD15074,PROD1455,3,2513.86
ORD15074,PROD1331,2,3813.45
ORD15074,PROD1281,1,1756.18
ORD15074,PROD1144,1,1495.72
ORD15075,PROD1143,2,1574.3
ORD15075,PROD1057,2,1060.32
ORD15075,PROD1297,3,1157.52
ORD15076,PROD1215,1,1262.52
ORD15076,PROD1051,2,3898.15
ORD15076,PROD1137,2,3544.79
ORD15077,PROD1461,1,3281.13
ORD15078,PROD1494,3,2372.12
ORD15078,PROD1024,2,2334.74
ORD15078,PROD1203,1,4502.92
ORD15078,PROD1367,1,4536.22
ORD15079,PROD1190,1,556.2
ORD15079,PROD1360,2,2002.03
ORD15080,PROD1438,1,3560.59
ORD15080,PROD1231,2,2562.92
ORD15080,PROD1219,2,4261.19
ORD15080,PROD1065,3,2759.21
ORD15081,PROD1439,2,498.61
ORD15081,PROD1034,1,4831.6
ORD15081,PROD1033,3,4749.54
ORD15081,PROD1485,1,4515.67
ORD15082,PROD1138,1,1881.79
ORD15082,PROD1046,2,1627.38
ORD15082,PROD1059,3,1694.12
ORD15082,PROD1048,3,2778.88
ORD15083,PROD1039,3,2256.75
ORD15083,PROD1345,1,3117.67
ORD15083,PROD1326,1,2816.33
ORD15084,PROD1231,2,2562.92
ORD15084,PROD1210,1,2788.8
ORD15085,PROD1082,3,1721.4
ORD15085,PROD1355,3,3247.85
ORD15085,PROD1117,1,1014.19
ORD15086,PROD1124,2,1216.88
ORD15086,PROD1275,1,2557.43
ORD15087,PROD1057,2,1060.32
ORD15087,PROD1295,2,2658.99
ORD15087,PROD1458,2,375.89
ORD15087,PROD1118,2,4473.54
ORD15088,PROD1325,2,3715.69
ORD15088,PROD1098,3,224.55
ORD15088,PROD1398,2,3779.27
ORD15089,PROD1001,1,4758.5
ORD15089,PROD1389,2,4053.49
ORD15089,PROD1316,1,2103.87
ORD15090,PROD1393,1,3904.42
ORD15090,PROD1265,1,3729.77
ORD15090,PROD1265,3,3729.77
ORD15091,PROD1015,1,998.68
ORD15092,PROD1173,3,1209.83
ORD15092,PROD1377,1,214.03
ORD15092,PROD1427,3,4449.75
ORD15093,PROD1185,2,3333.92
ORD15093,PROD1004,3,864.49
ORD15093,PROD1421,2,3969.13
ORD15094,PROD1267,1,3542.17
ORD15094,PROD1113,2,4059.79
ORD15094,PROD1469,3,4819.79
ORD15094,PROD1492,3,1459.17
ORD15095,PROD1436,3,456.54
ORD15095,PROD1030,1,3076.97
ORD15096,PROD1142,2,2536.52
ORD15097,PROD1084,1,1623.81
ORD15097,PROD1351,1,4296.8
ORD15097,PROD1200,2,3245.96
ORD15098,PROD1152,1,809.98
ORD15098,PROD1183,3,4398.96
ORD15098,PROD1256,1,4687.16
ORD15099,PROD1322,1,3334.97
ORD15099,PROD1425,2,2792.69
ORD15099,PROD1351,3,4296.8
ORD15099,PROD1223,2,1901.81
ORD15100,PROD1289,2,2995.08
ORD15101,PROD1223,2,1901.81
ORD15101,PROD1397,3,2202.07
ORD15102,PROD1336,3,4291.76
ORD15102,PROD1263,1,2639.82
ORD15102,PROD1162,3,3204.3
ORD15103,PROD1336,1,4291.76
ORD15103,PROD1440,2,515.7
ORD15103,PROD1314,1,4196.3
ORD15103,PROD1093,3,2850.26
ORD15104,PROD1267,3,3542.17
ORD15104,PROD1404,2,1668.24
ORD15105,PROD1055,1,4617.18
ORD15105,PROD1226,1,4867.75
ORD15105,PROD1105,3,1321.53
ORD15106,PROD1333,2,668.76
ORD15107,PROD1399,2,3797.26
ORD15107,PROD1167,2,1013.94
ORD15107,PROD1450,3,3908.02
ORD15107,PROD1362,3,2345.44
ORD15108,PROD1117,2,1014.19
ORD15108,PROD1375,2,1662.98
ORD15108,PROD1382,3,3181.82
ORD15108,PROD1080,3,4329.21
ORD15109,PROD1494,1,2372.12
ORD15109,PROD1343,3,2225.87
ORD15110,PROD1217,2,3757.81
ORD15110,PROD1227,1,2026.18
ORD15110,PROD1451,2,2836.18
ORD15110,PROD1190,1,556.2
ORD15111,PROD1192,1,4512.05
ORD15112,PROD1074,1,3563.6
ORD15113,PROD1142,2,2536.52
ORD15113,PROD1314,1,4196.3
ORD15113,PROD1486,3,322.69
ORD15113,PROD1193,2,3202.2
ORD15114,PROD1277,1,3284.82
ORD15114,PROD1434,1,512.12
ORD15114,PROD1041,1,2526.37
ORD15115,PROD1200,2,3245.96
ORD15115,PROD1320,2,2791.21
ORD15115,PROD1209,1,887.96
ORD15116,PROD1341,2,2420.01
ORD15116,PROD1416,3,1536.73
ORD15117,PROD1310,2,2250.96
ORD15117,PROD1427,2,4449.75
ORD15118,PROD1360,3,2002.03
ORD15118,PROD1015,1,998.68
ORD15118,PROD1127,2,4317.58
ORD15119,PROD1092,3,3827.85
ORD15120,PROD1140,3,4815.99
ORD15121,PROD1476,3,461.6
ORD15122,PROD1446,2,4931.41
ORD15122,PROD1428,3,1819.48
ORD15122,PROD1055,3,4617.18
ORD15123,PROD1141,2,1333.73
ORD15124,PROD1402,1,2575.74
ORD15125,PROD1306,2,2629.87
ORD15125,PROD1227,2,2026.18
ORD15126,PROD1215,3,1262.52
ORD15126,PROD1477,3,2813.89
ORD15127,PROD1250,2,1542.8
ORD15127,PROD1212,3,3294.61
ORD15127,PROD1210,3,2788.8
ORD15127,PROD1373,1,3446.73
ORD15128,PROD1004,3,864.49
ORD15128,PROD1234,3,1056.69
ORD15128,PROD1412,3,4757.98
ORD15129,PROD1289,1,2995.08
ORD15130,PROD1393,2,3904.42
ORD15130,PROD1148,3,352.25
ORD15130,PROD1488,2,4757.02
ORD15131,PROD1394,1,1769.94
ORD15131,PROD1405,3,4488.06
ORD15131,PROD1412,3,4757.98
ORD15131,PROD1188,2,2695.29
ORD15132,PROD1398,3,3779.27
ORD15132,PROD1429,2,673.63
ORD15132,PROD1411,3,4755.3
ORD15133,PROD1459,2,682.21
ORD15133,PROD1460,2,675.88
ORD15133,PROD1102,1,1640.34
ORD15134,PROD1344,1,2052.67
ORD15134,PROD1210,3,2788.8
ORD15135,PROD1300,2,353.24
ORD15135,PROD1067,2,4030.77
ORD15136,PROD1461,1,3281.13
ORD15136,PROD1445,2,4741.52
ORD15137,PROD1172,1,2609.26
ORD15138,PROD1269,2,1538.6
ORD15138,PROD1164,1,542.42
ORD15139,PROD1129,2,2602.66
ORD15139,PROD1384,1,3701.85
ORD15140,PROD1045,2,3346.36
ORD15141,PROD1444,1,4082.72
ORD15142,PROD1329,3,1313.88
ORD15142,PROD1206,1,597.21
ORD15142,PROD1240,3,4708.25
ORD15143,PROD1242,1,4582.84
ORD15143,PROD1237,2,219.15
ORD15143,PROD1433,3,595.5
ORD15143,PROD1318,1,866.54
ORD15144,PROD1026,1,1078.4
ORD15144,PROD1088,3,4447.34
ORD15145,PROD1123,3,639.25
ORD15145,PROD1399,1,3797.26
ORD15145,PROD1395,3,4660.71
ORD15145,PROD1280,2,4461.03
ORD15146,PROD1122,3,1658.22
ORD15147,PROD1077,3,462.82
ORD15148,PROD1468,2,1195.62
ORD15148,PROD1047,1,2648.33
ORD15149,PROD1450,2,3908.02
ORD15149,PROD1149,1,1465.37
ORD15149,PROD1072,2,127.06
ORD15149,PROD1046,3,1627.38
ORD15150,PROD1100,3,254.0
ORD15150,PROD1389,2,4053.49
ORD15150,PROD1397,2,2202.07
ORD15151,PROD1120,1,4056.46
ORD15151,PROD1390,3,4953.48
ORD15152,PROD1163,1,2725.3
ORD15153,PROD1347,2,321.99
ORD15154,PROD1059,1,1694.12
ORD15154,PROD1232,2,2926.83
ORD15154,PROD1381,1,3514.01
ORD15155,PROD1466,1,1499.99
ORD15155,PROD1288,1,1504.05
ORD15155,PROD1003,1,3033.43
ORD15156,PROD1206,3,597.21
ORD15156,PROD1149,1,1465.37
ORD15157,PROD1160,2,1902.14
ORD15157,PROD1112,3,4655.52
ORD15157,PROD1231,2,2562.92
ORD15158,PROD1437,3,4127.11
ORD15158,PROD1185,3,3333.92
ORD15159,PROD1111,1,889.98
ORD15159,PROD1401,3,4522.51
ORD15159,PROD1479,2,2663.18
ORD15159,PROD1194,1,1761.25
ORD15160,PROD1088,1,4447.34
ORD15161,PROD1405,2,4488.06
ORD15162,PROD1281,3,1756.18
ORD15163,PROD1417,3,1710.46
ORD15163,PROD1086,3,3675.07
ORD15163,PROD1079,1,667.76
ORD15163,PROD1461,2,3281.13
ORD15164,PROD1446,2,4931.41
ORD15165,PROD1108,2,1221.11
ORD15165,PROD1473,2,4466.6
ORD15166,PROD1368,1,1059.38
ORD15166,PROD1154,3,4929.69
ORD15166,PROD1167,3,1013.94
ORD15167,PROD1142,1,2536.52
ORD15167,PROD1344,2,2052.67
ORD15167,PROD1017,1,2671.31
ORD15168,PROD1180,3,1771.23
ORD15168,PROD1139,1,4861.73
ORD15168,PROD1208,1,124.8
ORD15168,PROD1408,2,4536.37
ORD15169,PROD1343,1,2225.87
ORD15169,PROD1134,3,4720.26
ORD15169,PROD1459,3,682.21
ORD15170,PROD1048,1,2778.88
ORD15171,PROD1230,3,3994.58
ORD15171,PROD1417,3,1710.46
ORD15172,PROD1351,3,4296.8
ORD15172,PROD1398,1,3779.27
ORD15172,PROD1295,2,2658.99
ORD15172,PROD1462,2,3755.62
ORD15173,PROD1102,1,1640.34
ORD15173,PROD1485,3,4515.67
ORD15173,PROD1091,1,3594.9
ORD15173,PROD1277,2,3284.82
ORD15174,PROD1118,3,4473.54
ORD15174,PROD1263,3,2639.82
ORD15174,PROD1275,3,2557.43
ORD15175,PROD1152,2,809.98
ORD15176,PROD1274,2,2605.58
ORD15176,PROD1380,3,679.01
ORD15176,PROD1385,2,4037.06
ORD15177,PROD1262,3,786.41
ORD15177,PROD1050,1,4850.96
ORD15178,PROD1231,1,2562.92
ORD15178,PROD1359,2,2919.82
ORD15178,PROD1493,1,1021.79
ORD15179,PROD1293,2,1864.93
ORD15179,PROD1019,3,1527.02
ORD15179,PROD1212,1,3294.61
ORD15180,PROD1423,3,2522.66
ORD15180,PROD1180,1,1771.23
ORD15181,PROD1105,1,1321.53
ORD15182,PROD1403,1,4149.64
ORD15182,PROD1389,3,4053.49
ORD15182,PROD1095,3,2519.6
ORD15183,PROD1036,2,1592.61
ORD15184,PROD1014,1,990.94
ORD15184,PROD1404,2,1668.24
ORD15184,PROD1084,3,1623.81
ORD15185,PROD1364,2,4713.18
ORD15185,PROD1085,2,1693.4
ORD15185,PROD1393,2,3904.42
ORD15186,PROD1492,2,1459.17
ORD15186,PROD1116,3,4037.99
ORD15186,PROD1166,2,1671.82
ORD15186,PROD1241,2,4774.25
ORD15187,PROD1133,1,1754.31
ORD15187,PROD1365,2,1991.9
ORD15188,PROD1412,1,4757.98
ORD15189,PROD1434,1,512.12
ORD15190,PROD1214,2,3589.68
ORD15190,PROD1164,1,542.42
ORD15190,PROD1173,1,1209.83
ORD15191,PROD1219,3,4261.19
ORD15191,PROD1153,3,2498.32
ORD15191,PROD1075,1,3672.14
ORD15192,PROD1334,3,325.41
ORD15192,PROD1071,2,1073.71
ORD15192,PROD1411,1,4755.3
ORD15193,PROD1339,1,579.39
ORD15193,PROD1064,3,1476.58
ORD15194,PROD1165,2,4192.98
ORD15194,PROD1450,1,3908.02
ORD15195,PROD1091,1,3594.9
ORD15196,PROD1206,1,597.21
ORD15196,PROD1113,1,4059.79
ORD15196,PROD1360,2,2002.03
ORD15196,PROD1350,3,2565.37
ORD15197,PROD1476,3,461.6
ORD15198,PROD1063,1,1848.09
ORD15198,PROD1446,2,4931.41
ORD15198,PROD1077,1,462.82
ORD15198,PROD1199,2,3921.39
ORD15199,PROD1343,3,2225.87
ORD15200,PROD1201,3,512.29
ORD15200,PROD1039,2,2256.75
ORD15200,PROD1198,2,4446.72
ORD15200,PROD1448,3,1943.67
ORD15201,PROD1311,2,484.44
ORD15202,PROD1148,3,352.25
ORD15202,PROD1313,1,4816.98
ORD15202,PROD1200,2,3245.96
ORD15202,PROD1348,3,1935.6
ORD15203,PROD1106,1,2110.88
ORD15203,PROD1158,1,1264.42
ORD15204,PROD1257,2,3510.55
ORD15204,PROD1061,1,1429.61
ORD15204,PROD1148,3,352.25
ORD15204,PROD1161,1,3198.3
ORD15205,PROD1357,2,2970.3
ORD15205,PROD1103,3,2592.0
ORD15205,PROD1048,2,2778.88
ORD15205,PROD1002,1,3686.77
ORD15206,PROD1070,1,3884.0
ORD15206,PROD1270,1,4065.87
ORD15206,PROD1037,2,578.59
ORD15207,PROD1433,1,595.5
ORD15207,PROD1009,2,3569.56
ORD15207,PROD1099,3,628.67
ORD15208,PROD1297,3,1157.52
ORD15208,PROD1233,2,2513.34
ORD15209,PROD1039,2,2256.75
ORD15210,PROD1279,1,3999.38
ORD15211,PROD1084,1,1623.81
ORD15212,PROD1019,2,1527.02
ORD15213,PROD1138,3,1881.79
ORD15213,PROD1254,2,930.51
ORD15213,PROD1447,2,3791.55
ORD15213,PROD1085,1,1693.4
ORD15214,PROD1387,3,969.45
ORD15214,PROD1399,1,3797.26
ORD15214,PROD1421,3,3969.13
ORD15214,PROD1446,1,4931.41
ORD15215,PROD1082,1,1721.4
ORD15215,PROD1148,2,352.25
ORD15215,PROD1169,2,2995.38
ORD15216,PROD1151,1,1273.85
ORD15217,PROD1257,2,3510.55
ORD15218,PROD1203,1,4502.92
ORD15218,PROD1277,1,3284.82
ORD15219,PROD1322,3,3334.97
ORD15219,PROD1076,3,3879.22
ORD15220,PROD1345,3,3117.67
ORD15220,PROD1115,2,4370.16
ORD15220,PROD1200,1,3245.96
ORD15221,PROD1161,3,3198.3
ORD15221,PROD1312,1,224.22
ORD15221,PROD1420,1,3978.74
ORD15221,PROD1389,3,4053.49
ORD15222,PROD1132,3,687.34
ORD15222,PROD1059,1,1694.12
ORD15222,PROD1450,1,3908.02
ORD15222,PROD1144,1,1495.72
ORD15223,PROD1008,2,3045.46
ORD15223,PROD1131,2,1188.33
ORD15223,PROD1425,1,2792.69
ORD15224,PROD1370,2,593.81
ORD15224,PROD1400,3,605.31
ORD15224,PROD1371,1,189.29
ORD15225,PROD1373,1,3446.73
ORD15225,PROD1485,1,4515.67
ORD15225,PROD1006,3,384.61
ORD15226,PROD1052,3,4703.54
ORD15226,PROD1374,2,448.82
ORD15227,PROD1257,1,3510.55
ORD15227,PROD1079,1,667.76
ORD15227,PROD1123,2,639.25
ORD15227,PROD1336,3,4291.76
ORD15228,PROD1044,1,1368.02
ORD15228,PROD1443,3,1916.15
ORD15228,PROD1403,1,4149.64
ORD15228,PROD1308,1,3996.41
ORD15229,PROD1275,2,2557.43
ORD15229,PROD1361,3,3252.11
ORD15230,PROD1291,3,283.01
ORD15230,PROD1021,3,783.52
ORD15230,PROD1384,1,3701.85
ORD15230,PROD1020,3,3098.08
ORD15231,PROD1167,3,1013.94
ORD15231,PROD1220,2,3322.3
ORD15231,PROD1081,1,3154.16
ORD15231,PROD1476,3,461.6
ORD15232,PROD1313,3,4816.98
ORD15232,PROD1436,2,456.54
ORD15232,PROD1044,1,1368.02
ORD15233,PROD1293,3,1864.93
ORD15233,PROD1306,1,2629.87
ORD15233,PROD1279,3,3999.38
ORD15233,PROD1460,1,675.88
ORD15234,PROD1480,3,3184.05
ORD15234,PROD1472,1,311.48
ORD15235,PROD1148,3,352.25
ORD15236,PROD1203,3,4502.92
ORD15236,PROD1204,1,3071.5
ORD15236,PROD1337,3,3547.92
ORD15236,PROD1405,1,4488.06
ORD15237,PROD1479,1,2663.18
ORD15237,PROD1272,3,4348.65
ORD15237,PROD1175,3,954.4
ORD15238,PROD1187,3,2820.48
ORD15238,PROD1284,1,2933.57
ORD15238,PROD1011,2,4852.56
ORD15239,PROD1052,3,4703.54
ORD15239,PROD1060,1,2004.52
ORD15240,PROD1303,2,3223.41
ORD15241,PROD1302,2,2749.11
ORD15241,PROD1416,2,1536.73
ORD15241,PROD1066,2,790.53
ORD15242,PROD1299,1,518.2
ORD15243,PROD1445,3,4741.52
ORD15243,PROD1234,3,1056.69
ORD15244,PROD1038,2,3452.74
ORD15244,PROD1199,1,3921.39
ORD15244,PROD1169,3,2995.38
ORD15245,PROD1283,1,560.51
ORD15245,PROD1148,2,352.25
ORD15246,PROD1018,2,2216.53
ORD15246,PROD1062,2,4160.81
ORD15247,PROD1091,1,3594.9
ORD15247,PROD1172,1,2609.26
ORD15247,PROD1204,3,3071.5
ORD15247,PROD1008,1,3045.46
ORD15248,PROD1457,1,2396.44
ORD15248,PROD1179,1,773.85
ORD15248,PROD1387,1,969.45
ORD15248,PROD1130,2,2145.31
ORD15249,PROD1013,2,1140.46
ORD15250,PROD1163,1,2725.3
ORD15251,PROD1010,3,200.86
ORD15251,PROD1322,2,3334.97
ORD15251,PROD1353,3,898.38
ORD15251,PROD1408,3,4536.37
ORD15252,PROD1448,2,1943.67
ORD15253,PROD1010,2,200.86
ORD15254,PROD1165,3,4192.98
ORD15254,PROD1257,1,3510.55
ORD15254,PROD1053,1,4484.65
ORD15254,PROD1092,2,3827.85
ORD15255,PROD1188,3,2695.29
ORD15256,PROD1472,2,311.48
ORD15256,PROD1007,3,4344.26
ORD15257,PROD1036,2,1592.61
ORD15257,PROD1230,2,3994.58
ORD15257,PROD1182,2,4631.0
ORD15257,PROD1291,1,283.01
ORD15258,PROD1117,3,1014.19
ORD15258,PROD1216,2,1694.46
ORD15258,PROD1190,3,556.2
ORD15258,PROD1417,1,1710.46
ORD15259,PROD1316,2,2103.87
ORD15259,PROD1205,1,145.07
ORD15259,PROD1221,2,2884.71
ORD15260,PROD1468,3,1195.62
ORD15260,PROD1436,1,456.54
ORD15260,PROD1222,3,559.01
ORD15260,PROD1245,2,4648.76
ORD15261,PROD1206,2,597.21
ORD15262,PROD1437,2,4127.11
ORD15262,PROD1186,1,4104.39
ORD15262,PROD1359,2,2919.82
ORD15262,PROD1476,1,461.6
ORD15263,PROD1000,3,1935.25
ORD15263,PROD1269,1,1538.6
ORD15263,PROD1082,3,1721.4
ORD15263,PROD1286,3,2381.43
ORD15264,PROD1287,3,2758.96
ORD15264,PROD1312,2,224.22
ORD15265,PROD1153,3,2498.32
ORD15266,PROD1152,3,809.98
ORD15267,PROD1231,1,2562.92
ORD15267,PROD1120,1,4056.46
ORD15268,PROD1414,3,3196.0
ORD15268,PROD1119,1,2742.78
ORD15268,PROD1351,2,4296.8
ORD15268,PROD1225,2,1295.55
ORD15269,PROD1342,3,948.69
ORD15269,PROD1024,3,2334.74
ORD15269,PROD1046,3,1627.38
ORD15270,PROD1288,2,1504.05
ORD15270,PROD1367,3,4536.22
ORD15270,PROD1411,2,4755.3
ORD15271,PROD1046,3,1627.38
ORD15271,PROD1419,2,3786.64
ORD15272,PROD1469,1,4819.79
ORD15273,PROD1462,1,3755.62
ORD15273,PROD1439,2,498.61
ORD15274,PROD1304,3,3657.85
ORD15274,PROD1170,3,3420.07
ORD15274,PROD1236,1,1475.78
ORD15274,PROD1235,3,3640.02
ORD15275,PROD1463,3,2958.51
ORD15275,PROD1070,2,3884.0
ORD15275,PROD1416,3,1536.73
ORD15276,PROD1040,3,697.99
ORD15276,PROD1401,3,4522.51
ORD15277,PROD1143,3,1574.3
ORD15277,PROD1170,1,3420.07
ORD15277,PROD1278,3,3539.64
ORD15277,PROD1470,2,159.56
ORD15278,PROD1117,2,1014.19
ORD15278,PROD1165,2,4192.98
ORD15278,PROD1372,1,562.77
ORD15278,PROD1081,2,3154.16
ORD15279,PROD1468,2,1195.62
ORD15279,PROD1122,3,1658.22
ORD15280,PROD1064,1,1476.58
ORD15280,PROD1218,3,3283.2
ORD15281,PROD1246,3,2198.1
ORD15282,PROD1301,3,2703.64
ORD15282,PROD1435,3,3534.75
ORD15282,PROD1015,2,998.68
ORD15283,PROD1183,1,4398.96
ORD15283,PROD1489,2,4462.29
ORD15283,PROD1183,2,4398.96
ORD15283,PROD1440,2,515.7
ORD15284,PROD1087,1,3224.03
ORD15284,PROD1345,2,3117.67
ORD15285,PROD1179,3,773.85
ORD15285,PROD1124,1,1216.88
ORD15286,PROD1489,3,4462.29
ORD15287,PROD1223,3,1901.81
ORD15288,PROD1361,1,3252.11
ORD15288,PROD1439,3,498.61
ORD15288,PROD1376,3,4239.89
ORD15288,PROD1088,2,4447.34
ORD15289,PROD1458,2,375.89
ORD15289,PROD1158,2,1264.42
ORD15289,PROD1182,2,4631.0
ORD15289,PROD1435,2,3534.75
ORD15290,PROD1243,2,1913.78
ORD15291,PROD1248,3,4821.74
ORD15291,PROD1432,3,3129.27
ORD15292,PROD1470,1,159.56
ORD15292,PROD1335,3,299.57
ORD15293,PROD1133,3,1754.31
ORD15293,PROD1376,3,4239.89
ORD15293,PROD1152,3,809.98
ORD15294,PROD1258,3,2893.3
ORD15294,PROD1459,2,682.21
ORD15295,PROD1296,1,3872.97
ORD15295,PROD1361,2,3252.11
ORD15295,PROD1182,3,4631.0
ORD15295,PROD1058,1,321.61
ORD15296,PROD1363,3,2773.52
ORD15296,PROD1495,3,1831.43
ORD15296,PROD1024,1,2334.74
ORD15297,PROD1130,1,2145.31
ORD15298,PROD1478,3,4849.58
ORD15298,PROD1206,3,597.21
ORD15298,PROD1237,1,219.15
ORD15298,PROD1191,2,4496.36
ORD15299,PROD1148,3,352.25
ORD15300,PROD1099,1,628.67
ORD15300,PROD1331,1,3813.45
ORD15300,PROD1034,3,4831.6
ORD15301,PROD1012,1,4178.97
ORD15301,PROD1245,2,4648.76
ORD15301,PROD1413,3,2909.85
ORD15301,PROD1457,3,2396.44
ORD15302,PROD1073,1,4095.76
ORD15302,PROD1265,3,3729.77
ORD15302,PROD1183,1,4398.96
ORD15303,PROD1492,1,1459.17
ORD15303,PROD1294,1,722.6
ORD15304,PROD1109,2,477.2
ORD15304,PROD1411,2,4755.3
ORD15305,PROD1314,1,4196.3
ORD15305,PROD1364,2,4713.18
ORD15305,PROD1146,1,3086.87
ORD15306,PROD1276,3,4011.65
ORD15306,PROD1055,1,4617.18
ORD15306,PROD1466,3,1499.99
ORD15306,PROD1040,2,697.99
ORD15307,PROD1455,2,2513.86
ORD15307,PROD1085,2,1693.4
ORD15307,PROD1490,3,2332.72
ORD15308,PROD1147,1,2563.13
ORD15308,PROD1452,2,2178.69
ORD15309,PROD1145,3,280.75
ORD15309,PROD1107,1,3802.2
ORD15310,PROD1425,3,2792.69
ORD15310,PROD1063,1,1848.09
ORD15311,PROD1223,3,1901.81
ORD15311,PROD1064,1,1476.58
ORD15312,PROD1379,1,1481.09
ORD15312,PROD1181,3,656.02
ORD15313,PROD1391,2,2121.83
ORD15313,PROD1322,1,3334.97
ORD15313,PROD1110,2,1519.78
ORD15314,PROD1472,3,311.48
ORD15315,PROD1340,1,2508.92
ORD15315,PROD1152,2,809.98
ORD15315,PROD1495,1,1831.43
ORD15316,PROD1271,3,4069.56
ORD15316,PROD1256,1,4687.16
ORD15317,PROD1141,1,1333.73
ORD15318,PROD1449,3,509.15
ORD15318,PROD1414,3,3196.0
ORD15319,PROD1022,3,1531.51
ORD15319,PROD1349,1,3166.71
ORD15319,PROD1336,2,4291.76
ORD15319,PROD1065,1,2759.21
ORD15320,PROD1028,3,3002.83
ORD15320,PROD1082,1,1721.4
ORD15321,PROD1114,2,3203.68
ORD15322,PROD1077,3,462.82
ORD15323,PROD1167,1,1013.94
ORD15323,PROD1080,2,4329.21
ORD15323,PROD1449,1,509.15
ORD15323,PROD1094,2,3877.74
ORD15324,PROD1170,1,3420.07
ORD15324,PROD1039,3,2256.75
ORD15325,PROD1343,3,2225.87
ORD15325,PROD1221,2,2884.71
ORD15325,PROD1089,1,2413.85
ORD15325,PROD1285,2,276.12
ORD15326,PROD1282,1,1940.36
ORD15326,PROD1151,1,1273.85
ORD15326,PROD1311,3,484.44
ORD15327,PROD1046,1,1627.38
ORD15327,PROD1132,1,687.34
ORD15327,PROD1260,3,3113.54
ORD15327,PROD1175,2,954.4
ORD15328,PROD1259,3,576.16
ORD15328,PROD1176,1,3485.59
ORD15328,PROD1471,3,4852.41
ORD15329,PROD1316,3,2103.87
ORD15329,PROD1147,1,2563.13
ORD15329,PROD1464,2,4814.65
ORD15329,PROD1099,1,628.67
ORD15330,PROD1420,2,3978.74
ORD15331,PROD1091,2,3594.9
ORD15331,PROD1237,2,219.15
ORD15331,PROD1183,3,4398.96
ORD15332,PROD1481,1,3509.17
ORD15333,PROD1035,2,4061.15
ORD15333,PROD1421,2,3969.13
ORD15333,PROD1477,3,2813.89
ORD15333,PROD1337,1,3547.92
ORD15334,PROD1478,2,4849.58
ORD15335,PROD1439,1,498.61
ORD15335,PROD1034,3,4831.6
ORD15335,PROD1382,2,3181.82
ORD15335,PROD1282,3,1940.36
ORD15336,PROD1092,3,3827.85
ORD15336,PROD1327,2,3097.43
ORD15336,PROD1488,3,4757.02
ORD15336,PROD1113,2,4059.79
ORD15337,PROD1093,1,2850.26
ORD15337,PROD1416,3,1536.73
ORD15338,PROD1301,1,2703.64
ORD15339,PROD1242,2,4582.84
ORD15340,PROD1388,3,3778.01
ORD15341,PROD1321,2,3601.52
ORD15341,PROD1398,1,3779.27
ORD15341,PROD1301,1,2703.64
ORD15342,PROD1440,1,515.7
ORD15343,PROD1388,1,3778.01
ORD15343,PROD1252,2,4270.57
ORD15344,PROD1298,2,3152.16
ORD15344,PROD1432,1,3129.27
ORD15344,PROD1378,2,4090.9
ORD15345,PROD1420,1,3978.74
ORD15345,PROD1433,2,595.5
ORD15346,PROD1194,2,1761.25
ORD15346,PROD1255,1,2828.33
ORD15346,PROD1170,3,3420.07
ORD15347,PROD1210,3,2788.8
ORD15348,PROD1366,1,4809.83
ORD15348,PROD1228,3,4471.03
ORD15349,PROD1459,1,682.21
ORD15350,PROD1231,1,2562.92
ORD15350,PROD1136,3,2642.07
ORD15350,PROD1063,1,1848.09
ORD15350,PROD1244,1,175.74
ORD15351,PROD1453,2,4541.14
ORD15351,PROD1348,3,1935.6
ORD15351,PROD1093,2,2850.26
ORD15352,PROD1123,3,639.25
ORD15352,PROD1069,1,4935.75
ORD15353,PROD1094,3,3877.74
ORD15353,PROD1162,1,3204.3
ORD15353,PROD1267,2,3542.17
ORD15353,PROD1303,1,3223.41
ORD15354,PROD1100,3,254.0
ORD15354,PROD1415,3,2297.38
ORD15355,PROD1019,3,1527.02
ORD15355,PROD1210,1,2788.8
ORD15356,PROD1489,3,4462.29
ORD15356,PROD1347,1,321.99
ORD15356,PROD1264,2,4399.13
ORD15356,PROD1252,3,4270.57
ORD15357,PROD1037,2,578.59
ORD15357,PROD1253,1,1652.92
ORD15358,PROD1235,1,3640.02
ORD15358,PROD1468,3,1195.62
ORD15358,PROD1054,2,3029.71
ORD15359,PROD1095,1,2519.6
ORD15359,PROD1048,2,2778.88
ORD15360,PROD1204,3,3071.5
ORD15361,PROD1351,2,4296.8
ORD15361,PROD1194,2,1761.25
ORD15361,PROD1304,2,3657.85
ORD15362,PROD1449,2,509.15
ORD15362,PROD1358,1,4707.13
ORD15362,PROD1058,2,321.61
ORD15362,PROD1220,2,3322.3
ORD15363,PROD1274,1,2605.58
ORD15364,PROD1016,3,1590.79
ORD15364,PROD1497,3,480.9
ORD15364,PROD1126,3,4108.27
ORD15364,PROD1154,2,4929.69
ORD15365,PROD1077,2,462.82
ORD15365,PROD1173,1,1209.83
ORD15366,PROD1291,2,283.01
ORD15366,PROD1009,2,3569.56
ORD15366,PROD1314,1,4196.3
ORD15367,PROD1497,3,480.9
ORD15367,PROD1421,3,3969.13
ORD15367,PROD1244,2,175.74
ORD15368,PROD1128,2,134.07
ORD15368,PROD1488,3,4757.02
ORD15368,PROD1013,1,1140.46
ORD15368,PROD1386,2,1481.97
ORD15369,PROD1419,3,3786.64
ORD15369,PROD1173,3,1209.83
ORD15370,PROD1360,1,2002.03
ORD15370,PROD1042,1,268.5
ORD15370,PROD1398,2,3779.27
ORD15370,PROD1293,3,1864.93
ORD15371,PROD1333,3,668.76
ORD15371,PROD1215,1,1262.52
ORD15371,PROD1441,2,4934.53
ORD15372,PROD1123,1,639.25
ORD15372,PROD1417,3,1710.46
ORD15372,PROD1048,1,2778.88
ORD15373,PROD1476,2,461.6
ORD15373,PROD1426,1,2263.5
ORD15374,PROD1032,3,418.75
ORD15374,PROD1019,3,1527.02
ORD15374,PROD1463,1,2958.51
ORD15374,PROD1228,2,4471.03
ORD15375,PROD1471,3,4852.41
ORD15376,PROD1226,1,4867.75
ORD15377,PROD1467,3,4356.14
ORD15377,PROD1295,3,2658.99
ORD15378,PROD1251,3,1986.98
ORD15378,PROD1007,1,4344.26
ORD15378,PROD1073,1,4095.76
ORD15379,PROD1439,1,498.61
ORD15379,PROD1141,3,1333.73
ORD15379,PROD1079,1,667.76
ORD15379,PROD1358,2,4707.13
ORD15380,PROD1424,1,382.04
ORD15380,PROD1228,2,4471.03
ORD15380,PROD1084,2,1623.81
ORD15380,PROD1489,1,4462.29
ORD15381,PROD1039,2,2256.75
ORD15381,PROD1100,3,254.0
ORD15381,PROD1375,1,1662.98
ORD15382,PROD1456,1,155.63
ORD15383,PROD1487,2,1476.72
ORD15383,PROD1124,2,1216.88
ORD15383,PROD1470,3,159.56
ORD15383,PROD1416,2,1536.73
ORD15384,PROD1047,1,2648.33
ORD15384,PROD1065,2,2759.21
ORD15384,PROD1478,2,4849.58
ORD15385,PROD1383,2,4399.61
ORD15385,PROD1266,3,3515.38
ORD15385,PROD1238,1,3262.81
ORD15386,PROD1020,1,3098.08
ORD15386,PROD1432,1,3129.27
ORD15386,PROD1078,1,1856.48
ORD15387,PROD1498,2,4874.53
ORD15387,PROD1375,1,1662.98
ORD15387,PROD1054,3,3029.71
ORD15387,PROD1296,1,3872.97
ORD15388,PROD1246,3,2198.1
ORD15389,PROD1256,1,4687.16
ORD15389,PROD1256,2,4687.16
ORD15390,PROD1040,1,697.99
ORD15390,PROD1466,1,1499.99
ORD15391,PROD1318,2,866.54
ORD15392,PROD1395,1,4660.71
ORD15392,PROD1389,3,4053.49
ORD15392,PROD1412,1,4757.98
ORD15392,PROD1364,3,4713.18
ORD15393,PROD1051,1,3898.15
ORD15394,PROD1269,1,1538.6
ORD15395,PROD1060,1,2004.52
ORD15396,PROD1310,3,2250.96
ORD15396,PROD1180,1,1771.23
ORD15396,PROD1199,1,3921.39
ORD15397,PROD1447,1,3791.55
ORD15397,PROD1243,2,1913.78
ORD15397,PROD1270,1,4065.87
ORD15398,PROD1128,1,134.07
ORD15398,PROD1041,3,2526.37
ORD15398,PROD1442,2,1933.93
ORD15398,PROD1497,2,480.9
ORD15399,PROD1295,2,2658.99
ORD15400,PROD1114,2,3203.68
ORD15401,PROD1063,2,1848.09
ORD15401,PROD1402,3,2575.74
ORD15401,PROD1472,2,311.48
ORD15402,PROD1085,3,1693.4
ORD15402,PROD1433,2,595.5
ORD15403,PROD1303,2,3223.41
ORD15403,PROD1184,1,1363.91
ORD15403,PROD1264,2,4399.13
ORD15403,PROD1413,3,2909.85
ORD15404,PROD1321,2,3601.52
ORD15404,PROD1394,3,1769.94
ORD15405,PROD1364,2,4713.18
ORD15405,PROD1295,1,2658.99
ORD15405,PROD1140,2,4815.99
ORD15406,PROD1108,2,1221.11
ORD15406,PROD1476,2,461.6
ORD15407,PROD1013,2,1140.46
ORD15407,PROD1230,1,3994.58
ORD15407,PROD1245,1,4648.76
ORD15407,PROD1045,3,3346.36
ORD15408,PROD1047,2,2648.33
ORD15408,PROD1191,2,4496.36
ORD15409,PROD1141,1,1333.73
ORD15409,PROD1449,3,509.15
ORD15410,PROD1251,1,1986.98
ORD15411,PROD1310,2,2250.96
ORD15412,PROD1012,1,4178.97
ORD15412,PROD1276,2,4011.65
ORD15412,PROD1416,1,1536.73
ORD15413,PROD1293,1,1864.93
ORD15414,PROD1142,1,2536.52
ORD15414,PROD1497,2,480.9
ORD15415,PROD1412,3,4757.98
ORD15415,PROD1096,1,2661.39
ORD15415,PROD1191,1,4496.36
ORD15415,PROD1287,1,2758.96
ORD15416,PROD1024,1,2334.74
ORD15416,PROD1304,3,3657.85
ORD15417,PROD1210,2,2788.8
ORD15417,PROD1381,3,3514.01
ORD15417,PROD1010,1,200.86
ORD15417,PROD1438,1,3560.59
ORD15418,PROD1467,3,4356.14
ORD15418,PROD1403,2,4149.64
ORD15418,PROD1091,3,3594.9
ORD15418,PROD1132,2,687.34
ORD15419,PROD1373,1,3446.73
ORD15420,PROD1410,3,1664.64
ORD15420,PROD1118,2,4473.54
ORD15420,PROD1375,3,1662.98
ORD15420,PROD1253,3,1652.92
ORD15421,PROD1229,3,3192.58
ORD15421,PROD1225,1,1295.55
ORD15421,PROD1429,2,673.63
ORD15422,PROD1481,2,3509.17
ORD15423,PROD1172,3,2609.26
ORD15424,PROD1485,1,4515.67
ORD15425,PROD1464,2,4814.65
ORD15425,PROD1284,2,2933.57
ORD15425,PROD1288,2,1504.05
ORD15425,PROD1166,3,1671.82
ORD15426,PROD1441,2,4934.53
ORD15427,PROD1081,1,3154.16
ORD15428,PROD1469,3,4819.79
ORD15428,PROD1248,2,4821.74
ORD15428,PROD1159,1,3668.26
ORD15429,PROD1240,2,4708.25
ORD15429,PROD1203,2,4502.92
ORD15429,PROD1413,1,2909.85
ORD15430,PROD1261,2,4951.26
ORD15430,PROD1165,1,4192.98
ORD15430,PROD1380,2,679.01
ORD15431,PROD1161,2,3198.3
ORD15431,PROD1176,1,3485.59
ORD15431,PROD1039,1,2256.75
ORD15432,PROD1287,3,2758.96
ORD15433,PROD1009,1,3569.56
ORD15433,PROD1176,2,3485.59
ORD15433,PROD1086,1,3675.07
ORD15434,PROD1286,1,2381.43
ORD15434,PROD1108,1,1221.11
ORD15434,PROD1031,1,935.57
ORD15435,PROD1212,2,3294.61
ORD15436,PROD1014,1,990.94
ORD15436,PROD1319,2,1326.19
ORD15437,PROD1263,3,2639.82
ORD15438,PROD1212,1,3294.61
ORD15438,PROD1144,1,1495.72
ORD15439,PROD1116,3,4037.99
ORD15440,PROD1203,2,4502.92
ORD15440,PROD1472,1,311.48
ORD15440,PROD1308,1,3996.41
ORD15440,PROD1411,2,4755.3
ORD15441,PROD1213,2,1198.92
ORD15441,PROD1312,1,224.22
ORD15441,PROD1310,2,2250.96
ORD15441,PROD1129,1,2602.66
ORD15442,PROD1186,1,4104.39
ORD15442,PROD1211,2,3490.29
ORD15442,PROD1190,2,556.2
ORD15443,PROD1476,2,461.6
ORD15444,PROD1149,1,1465.37
ORD15445,PROD1118,2,4473.54
ORD15445,PROD1246,2,2198.1
ORD15446,PROD1425,3,2792.69
ORD15446,PROD1377,2,214.03
ORD15447,PROD1055,3,4617.18
ORD15448,PROD1140,1,4815.99
ORD15448,PROD1314,2,4196.3
ORD15449,PROD1316,3,2103.87
ORD15450,PROD1092,3,3827.85
ORD15451,PROD1367,2,4536.22
ORD15451,PROD1004,3,864.49
ORD15452,PROD1341,2,2420.01
ORD15452,PROD1192,1,4512.05
ORD15452,PROD1364,3,4713.18
ORD15452,PROD1369,1,439.87
ORD15453,PROD1341,1,2420.01
ORD15454,PROD1345,3,3117.67
ORD15454,PROD1498,3,4874.53
ORD15454,PROD1136,1,2642.07
ORD15454,PROD1175,2,954.4
ORD15455,PROD1005,2,864.37
ORD15455,PROD1071,2,1073.71
ORD15455,PROD1160,3,1902.14
ORD15455,PROD1223,2,1901.81
ORD15456,PROD1012,2,4178.97
ORD15456,PROD1426,1,2263.5
ORD15457,PROD1006,3,384.61
ORD15457,PROD1442,3,1933.93
ORD15458,PROD1306,2,2629.87
ORD15458,PROD1258,2,2893.3
ORD15458,PROD1154,2,4929.69
ORD15458,PROD1205,3,145.07
ORD15459,PROD1054,1,3029.71
ORD15459,PROD1016,1,1590.79
ORD15459,PROD1334,1,325.41
ORD15459,PROD1061,1,1429.61
ORD15460,PROD1326,3,2816.33
ORD15460,PROD1380,1,679.01
ORD15460,PROD1127,3,4317.58
ORD15460,PROD1499,3,4932.43
ORD15461,PROD1391,1,2121.83
ORD15461,PROD1409,1,547.3
ORD15461,PROD1375,3,1662.98
ORD15461,PROD1142,3,2536.52
ORD15462,PROD1226,2,4867.75
ORD15462,PROD1318,2,866.54
ORD15462,PROD1135,2,1683.69
ORD15462,PROD1457,2,2396.44
ORD15463,PROD1185,3,3333.92
ORD15463,PROD1081,1,3154.16
ORD15463,PROD1018,1,2216.53
ORD15464,PROD1457,3,2396.44
ORD15465,PROD1363,1,2773.52
ORD15466,PROD1144,3,1495.72
ORD15466,PROD1034,1,4831.6
ORD15467,PROD1132,3,687.34
ORD15467,PROD1072,2,127.06
ORD15467,PROD1114,2,3203.68
ORD15468,PROD1215,3,1262.52
ORD15468,PROD1339,1,579.39
ORD15468,PROD1096,2,2661.39
ORD15468,PROD1387,1,969.45
ORD15469,PROD1471,2,4852.41
ORD15469,PROD1063,1,1848.09
ORD15469,PROD1066,1,790.53
ORD15470,PROD1441,2,4934.53
ORD15470,PROD1450,3,3908.02
ORD15470,PROD1390,1,4953.48
ORD15471,PROD1280,3,4461.03
ORD15471,PROD1027,2,2619.75
ORD15471,PROD1471,2,4852.41
ORD15471,PROD1068,2,465.3
ORD15472,PROD1497,1,480.9
ORD15472,PROD1421,3,3969.13
ORD15472,PROD1374,1,448.82
ORD15472,PROD1349,2,3166.71
ORD15473,PROD1016,3,1590.79
ORD15473,PROD1108,2,1221.11
ORD15474,PROD1345,2,3117.67
ORD15474,PROD1140,3,4815.99
ORD15475,PROD1392,3,1922.89
ORD15475,PROD1207,1,3351.16
ORD15475,PROD1336,1,4291.76
ORD15476,PROD1478,3,4849.58
ORD15476,PROD1065,2,2759.21
ORD15477,PROD1466,1,1499.99
ORD15477,PROD1063,2,1848.09
ORD15477,PROD1234,1,1056.69
ORD15478,PROD1274,3,2605.58
ORD15479,PROD1303,1,3223.41
ORD15480,PROD1034,3,4831.6
ORD15481,PROD1213,2,1198.92
ORD15481,PROD1204,1,3071.5
ORD15481,PROD1304,1,3657.85
ORD15482,PROD1231,2,2562.92
ORD15483,PROD1168,1,299.8
ORD15483,PROD1386,1,1481.97
ORD15484,PROD1235,1,3640.02
ORD15484,PROD1366,2,4809.83
ORD15484,PROD1479,1,2663.18
ORD15484,PROD1144,3,1495.72
ORD15485,PROD1471,3,4852.41
ORD15485,PROD1177,2,1995.0
ORD15485,PROD1123,1,639.25
ORD15485,PROD1010,1,200.86
ORD15486,PROD1076,3,3879.22
ORD15486,PROD1093,1,2850.26
ORD15487,PROD1139,2,4861.73
ORD15487,PROD1084,1,1623.81
ORD15487,PROD1215,1,1262.52
ORD15487,PROD1281,1,1756.18
ORD15488,PROD1320,3,2791.21
ORD15488,PROD1044,2,1368.02
ORD15488,PROD1073,1,4095.76
ORD15489,PROD1071,3,1073.71
ORD15489,PROD1040,3,697.99
ORD15489,PROD1278,3,3539.64
ORD15490,PROD1327,2,3097.43
ORD15490,PROD1298,1,3152.16
ORD15490,PROD1397,3,2202.07
ORD15491,PROD1339,1,579.39
ORD15491,PROD1101,2,3218.41
ORD15491,PROD1216,2,1694.46
ORD15492,PROD1053,3,4484.65
ORD15492,PROD1442,2,1933.93
ORD15492,PROD1212,3,3294.61
ORD15493,PROD1069,3,4935.75
ORD15493,PROD1322,2,3334.97
ORD15493,PROD1232,2,2926.83
ORD15494,PROD1427,1,4449.75
ORD15494,PROD1166,2,1671.82
ORD15495,PROD1036,3,1592.61
ORD15495,PROD1441,2,4934.53
ORD15496,PROD1265,1,3729.77
ORD15496,PROD1282,1,1940.36
ORD15496,PROD1339,2,579.39
ORD15496,PROD1419,3,3786.64
ORD15497,PROD1460,3,675.88
ORD15497,PROD1188,3,2695.29
ORD15497,PROD1384,3,3701.85
ORD15498,PROD1383,1,4399.61
ORD15498,PROD1417,1,1710.46
ORD15499,PROD1417,2,1710.46
ORD15499,PROD1477,1,2813.89
ORD15499,PROD1311,2,484.44
ORD15499,PROD1329,2,1313.88
ORD15500,PROD1418,1,3395.34
ORD15500,PROD1280,1,4461.03
ORD15500,PROD1176,2,3485.59
ORD15500,PROD1054,2,3029.71
ORD15501,PROD1412,3,4757.98
ORD15501,PROD1326,1,2816.33
ORD15501,PROD1047,1,2648.33
ORD15501,PROD1103,1,2592.0
ORD15502,PROD1163,2,2725.3
ORD15503,PROD1096,2,2661.39
ORD15503,PROD1498,1,4874.53
ORD15504,PROD1469,3,4819.79
ORD15504,PROD1237,1,219.15
ORD15504,PROD1264,2,4399.13
ORD15505,PROD1355,1,3247.85
ORD15505,PROD1141,2,1333.73
ORD15505,PROD1128,1,134.07
ORD15506,PROD1397,3,2202.07
ORD15507,PROD1041,3,2526.37
ORD15507,PROD1123,1,639.25
ORD15508,PROD1350,3,2565.37
ORD15508,PROD1493,3,1021.79
ORD15508,PROD1034,2,4831.6
ORD15508,PROD1252,3,4270.57
ORD15509,PROD1263,3,2639.82
ORD15509,PROD1104,3,4547.08
ORD15510,PROD1205,1,145.07
ORD15510,PROD1123,2,639.25
ORD15511,PROD1037,2,578.59
ORD15511,PROD1247,2,4836.61
ORD15511,PROD1152,2,809.98
ORD15511,PROD1485,1,4515.67
ORD15512,PROD1356,2,229.91
ORD15512,PROD1066,2,790.53
ORD15512,PROD1248,1,4821.74
ORD15512,PROD1234,3,1056.69
ORD15513,PROD1136,1,2642.07
ORD15514,PROD1015,2,998.68
ORD15514,PROD1374,2,448.82
ORD15515,PROD1100,2,254.0
ORD15515,PROD1185,2,3333.92
ORD15516,PROD1379,2,1481.09
ORD15516,PROD1311,2,484.44
ORD15517,PROD1016,1,1590.79
ORD15517,PROD1121,3,4490.85
ORD15517,PROD1227,3,2026.18
ORD15518,PROD1014,2,990.94
ORD15519,PROD1051,1,3898.15
ORD15519,PROD1417,1,1710.46
ORD15519,PROD1315,1,3510.27
ORD15520,PROD1019,1,1527.02
ORD15520,PROD1368,2,1059.38
ORD15520,PROD1323,1,1471.68
ORD15520,PROD1100,3,254.0
ORD15521,PROD1277,2,3284.82
ORD15521,PROD1361,1,3252.11
ORD15522,PROD1172,3,2609.26
ORD15523,PROD1116,3,4037.99
ORD15524,PROD1251,1,1986.98
ORD15525,PROD1208,2,124.8
ORD15525,PROD1162,3,3204.3
ORD15526,PROD1374,1,448.82
ORD15526,PROD1168,2,299.8
ORD15526,PROD1143,2,1574.3
ORD15526,PROD1221,2,2884.71
ORD15527,PROD1032,3,418.75
ORD15527,PROD1453,2,4541.14
ORD15527,PROD1337,2,3547.92
ORD15528,PROD1240,2,4708.25
ORD15528,PROD1054,3,3029.71
ORD15528,PROD1382,2,3181.82
ORD15528,PROD1433,2,595.5
ORD15529,PROD1142,3,2536.52
ORD15529,PROD1021,1,783.52
ORD15529,PROD1048,2,2778.88
ORD15529,PROD1421,1,3969.13
ORD15530,PROD1408,3,4536.37
ORD15530,PROD1465,1,1936.87
ORD15530,PROD1437,1,4127.11
ORD15531,PROD1494,2,2372.12
ORD15531,PROD1186,2,4104.39
ORD15531,PROD1158,3,1264.42
ORD15532,PROD1430,2,800.66
ORD15532,PROD1211,1,3490.29
ORD15532,PROD1411,1,4755.3
ORD15532,PROD1488,2,4757.02
ORD15533,PROD1377,2,214.03
ORD15533,PROD1100,3,254.0
ORD15533,PROD1319,2,1326.19
ORD15534,PROD1142,3,2536.52
ORD15534,PROD1344,3,2052.67
ORD15534,PROD1348,1,1935.6
ORD15535,PROD1429,1,673.63
ORD15535,PROD1038,1,3452.74
ORD15535,PROD1302,1,2749.11
ORD15536,PROD1454,3,644.87
ORD15536,PROD1323,1,1471.68
ORD15537,PROD1302,2,2749.11
ORD15537,PROD1209,3,887.96
ORD15537,PROD1078,1,1856.48
ORD15538,PROD1132,2,687.34
ORD15538,PROD1175,1,954.4
ORD15538,PROD1086,2,3675.07
ORD15538,PROD1248,3,4821.74
ORD15539,PROD1091,3,3594.9
ORD15539,PROD1428,2,1819.48
ORD15539,PROD1206,2,597.21
ORD15540,PROD1398,1,3779.27
ORD15540,PROD1368,3,1059.38
ORD15540,PROD1452,1,2178.69
ORD15540,PROD1395,1,4660.71
ORD15541,PROD1089,3,2413.85
ORD15541,PROD1285,2,276.12
ORD15541,PROD1347,1,321.99
ORD15542,PROD1318,3,866.54
ORD15542,PROD1006,3,384.61
ORD15542,PROD1187,1,2820.48
ORD15542,PROD1461,3,3281.13
ORD15543,PROD1294,2,722.6
ORD15543,PROD1170,3,3420.07
ORD15543,PROD1231,1,2562.92
ORD15544,PROD1361,3,3252.11
ORD15544,PROD1191,3,4496.36
ORD15544,PROD1166,2,1671.82
ORD15544,PROD1469,2,4819.79
ORD15545,PROD1061,2,1429.61
ORD15545,PROD1128,1,134.07
ORD15546,PROD1138,1,1881.79
ORD15546,PROD1229,1,3192.58
ORD15546,PROD1058,2,321.61
ORD15547,PROD1245,2,4648.76
ORD15547,PROD1136,1,2642.07
ORD15548,PROD1326,3,2816.33
ORD15549,PROD1161,2,3198.3
ORD15549,PROD1223,2,1901.81
ORD15550,PROD1060,2,2004.52
ORD15550,PROD1039,1,2256.75
ORD15550,PROD1181,3,656.02
ORD15550,PROD1058,3,321.61
ORD15551,PROD1138,2,1881.79
ORD15551,PROD1202,2,891.98
ORD15552,PROD1122,2,1658.22
ORD15553,PROD1136,1,2642.07
ORD15553,PROD1405,2,4488.06
ORD15553,PROD1421,1,3969.13
ORD15554,PROD1230,2,3994.58
ORD15554,PROD1482,1,2327.25
ORD15554,PROD1243,2,1913.78
ORD15555,PROD1053,1,4484.65
ORD15555,PROD1287,2,2758.96
ORD15555,PROD1277,2,3284.82
ORD15555,PROD1391,1,2121.83
ORD15556,PROD1342,1,948.69
ORD15557,PROD1023,2,1895.17
ORD15557,PROD1034,2,4831.6
ORD15557,PROD1461,2,3281.13
ORD15558,PROD1289,3,2995.08
ORD15558,PROD1289,3,2995.08
ORD15559,PROD1291,3,283.01
ORD15559,PROD1259,3,576.16
ORD15559,PROD1377,1,214.03
ORD15559,PROD1153,1,2498.32
ORD15560,PROD1449,3,509.15
ORD15560,PROD1269,2,1538.6
ORD15561,PROD1476,2,461.6
ORD15561,PROD1416,3,1536.73
ORD15562,PROD1427,2,4449.75
ORD15563,PROD1478,3,4849.58
ORD15564,PROD1082,3,1721.4
ORD15564,PROD1021,2,783.52
ORD15564,PROD1019,3,1527.02
ORD15565,PROD1050,1,4850.96
ORD15565,PROD1245,2,4648.76
ORD15566,PROD1302,1,2749.11
ORD15566,PROD1042,3,268.5
ORD15567,PROD1146,3,3086.87
ORD15567,PROD1431,2,3831.4
ORD15568,PROD1268,3,1861.51
ORD15568,PROD1410,2,1664.64
ORD15568,PROD1243,1,1913.78
ORD15568,PROD1295,1,2658.99
ORD15569,PROD1021,2,783.52
ORD15569,PROD1050,3,4850.96
ORD15569,PROD1473,2,4466.6
ORD15570,PROD1382,1,3181.82
ORD15570,PROD1060,1,2004.52
ORD15570,PROD1304,1,3657.85
ORD15570,PROD1278,1,3539.64
ORD15571,PROD1238,3,3262.81
ORD15571,PROD1411,1,4755.3
ORD15572,PROD1078,3,1856.48
ORD15572,PROD1243,2,1913.78
ORD15572,PROD1317,1,949.14
ORD15572,PROD1460,2,675.88
ORD15573,PROD1283,1,560.51
ORD15573,PROD1253,1,1652.92
ORD15573,PROD1017,3,2671.31
ORD15573,PROD1262,1,786.41
ORD15574,PROD1363,2,2773.52
ORD15575,PROD1297,3,1157.52
ORD15575,PROD1460,2,675.88
ORD15575,PROD1452,2,2178.69
ORD15576,PROD1042,2,268.5
ORD15576,PROD1227,2,2026.18
ORD15577,PROD1156,2,3393.46
ORD15578,PROD1088,3,4447.34
ORD15578,PROD1423,1,2522.66
ORD15579,PROD1390,2,4953.48
ORD15579,PROD1433,2,595.5
ORD15580,PROD1198,1,4446.72
ORD15580,PROD1481,3,3509.17
ORD15580,PROD1355,2,3247.85
ORD15580,PROD1054,2,3029.71
ORD15581,PROD1220,3,3322.3
ORD15581,PROD1015,3,998.68
ORD15581,PROD1408,3,4536.37
ORD15581,PROD1028,3,3002.83
ORD15582,PROD1409,2,547.3
ORD15583,PROD1024,1,2334.74
ORD15583,PROD1091,2,3594.9
ORD15583,PROD1328,2,2156.04
ORD15584,PROD1341,2,2420.01
ORD15584,PROD1384,2,3701.85
ORD15584,PROD1447,2,3791.55
ORD15585,PROD1129,3,2602.66
ORD15585,PROD1130,1,2145.31
ORD15585,PROD1005,1,864.37
ORD15586,PROD1148,3,352.25
ORD15586,PROD1039,3,2256.75
ORD15586,PROD1195,3,1811.13
ORD15586,PROD1408,1,4536.37
ORD15587,PROD1089,2,2413.85
ORD15587,PROD1464,1,4814.65
ORD15587,PROD1455,3,2513.86
ORD15588,PROD1274,1,2605.58
ORD15588,PROD1198,1,4446.72
ORD15588,PROD1439,3,498.61
ORD15588,PROD1055,1,4617.18
ORD15589,PROD1455,2,2513.86
ORD15589,PROD1078,2,1856.48
ORD15590,PROD1356,1,229.91
ORD15590,PROD1021,1,783.52
ORD15590,PROD1266,3,3515.38
ORD15590,PROD1217,3,3757.81
ORD15591,PROD1194,2,1761.25
ORD15591,PROD1458,1,375.89
ORD15591,PROD1301,2,2703.64
ORD15592,PROD1307,3,1682.49
ORD15592,PROD1250,1,1542.8
ORD15592,PROD1392,2,1922.89
ORD15593,PROD1119,1,2742.78
ORD15593,PROD1477,3,2813.89
ORD15594,PROD1385,1,4037.06
ORD15595,PROD1308,2,3996.41
ORD15595,PROD1409,3,547.3
ORD15595,PROD1178,3,4689.98
ORD15596,PROD1355,2,3247.85
ORD15596,PROD1011,2,4852.56
ORD15597,PROD1197,3,4495.84
ORD15598,PROD1036,1,1592.61
ORD15598,PROD1380,1,679.01
ORD15598,PROD1420,1,3978.74
ORD15598,PROD1007,2,4344.26
ORD15599,PROD1225,1,1295.55
ORD15599,PROD1394,2,1769.94
ORD15599,PROD1419,2,3786.64
ORD15600,PROD1285,1,276.12
ORD15600,PROD1038,1,3452.74
ORD15600,PROD1043,3,4555.67
ORD15600,PROD1496,2,2959.91
ORD15601,PROD1475,3,4965.53
ORD15601,PROD1210,3,2788.8
ORD15601,PROD1404,3,1668.24
ORD15601,PROD1091,1,3594.9
ORD15602,PROD1024,2,2334.74
ORD15602,PROD1114,2,3203.68
ORD15603,PROD1340,2,2508.92
ORD15604,PROD1463,1,2958.51
ORD15604,PROD1347,2,321.99
ORD15604,PROD1075,2,3672.14
ORD15605,PROD1453,3,4541.14
ORD15605,PROD1400,3,605.31
ORD15605,PROD1169,3,2995.38
ORD15606,PROD1252,3,4270.57
ORD15606,PROD1156,3,3393.46
ORD15606,PROD1368,3,1059.38
ORD15606,PROD1437,1,4127.11
ORD15607,PROD1097,1,2194.95
ORD15607,PROD1049,1,1005.79
ORD15607,PROD1212,3,3294.61
ORD15608,PROD1018,3,2216.53
ORD15608,PROD1425,2,2792.69
ORD15608,PROD1365,2,1991.9
ORD15609,PROD1327,2,3097.43
ORD15609,PROD1200,2,3245.96
ORD15609,PROD1103,3,2592.0
ORD15609,PROD1330,3,1844.27
ORD15610,PROD1235,3,3640.02
ORD15610,PROD1163,2,2725.3
ORD15610,PROD1364,1,4713.18
ORD15610,PROD1084,3,1623.81
ORD15611,PROD1299,2,518.2
ORD15612,PROD1178,2,4689.98
ORD15612,PROD1452,2,2178.69
ORD15613,PROD1395,1,4660.71
ORD15613,PROD1168,1,299.8
ORD15613,PROD1386,1,1481.97
ORD15613,PROD1320,1,2791.21
ORD15614,PROD1206,2,597.21
ORD15614,PROD1454,3,644.87
ORD15615,PROD1227,1,2026.18
ORD15615,PROD1360,3,2002.03
ORD15615,PROD1042,2,268.5
ORD15616,PROD1285,1,276.12
ORD15616,PROD1296,1,3872.97
ORD15616,PROD1043,1,4555.67
ORD15617,PROD1082,1,1721.4
ORD15617,PROD1379,1,1481.09
ORD15618,PROD1009,2,3569.56
ORD15619,PROD1250,1,1542.8
ORD15619,PROD1214,2,3589.68
ORD15620,PROD1458,3,375.89
ORD15620,PROD1323,2,1471.68
ORD15620,PROD1017,2,2671.31
ORD15621,PROD1448,1,1943.67
ORD15621,PROD1275,2,2557.43
ORD15622,PROD1186,1,4104.39
ORD15622,PROD1024,3,2334.74
ORD15622,PROD1379,1,1481.09
ORD15623,PROD1253,3,1652.92
ORD15624,PROD1493,3,1021.79
ORD15624,PROD1039,3,2256.75
ORD15625,PROD1221,2,2884.71
ORD15625,PROD1102,1,1640.34
ORD15625,PROD1317,2,949.14
ORD15625,PROD1247,3,4836.61
ORD15626,PROD1253,3,1652.92
ORD15626,PROD1466,1,1499.99
ORD15627,PROD1071,3,1073.71
ORD15627,PROD1062,3,4160.81
ORD15627,PROD1477,1,2813.89
ORD15627,PROD1455,2,2513.86
ORD15628,PROD1324,2,4778.84
ORD15629,PROD1377,2,214.03
ORD15629,PROD1272,1,4348.65
ORD15629,PROD1148,3,352.25
ORD15630,PROD1337,2,3547.92
ORD15630,PROD1037,3,578.59
ORD15630,PROD1318,3,866.54
ORD15631,PROD1342,3,948.69
ORD15631,PROD1481,1,3509.17
ORD15631,PROD1194,1,1761.25
ORD15632,PROD1028,2,3002.83
ORD15633,PROD1388,3,3778.01
ORD15633,PROD1476,1,461.6
ORD15633,PROD1428,3,1819.48
ORD15633,PROD1181,1,656.02
ORD15634,PROD1401,3,4522.51
ORD15634,PROD1229,2,3192.58
ORD15635,PROD1354,1,445.79
ORD15635,PROD1241,1,4774.25
ORD15635,PROD1343,1,2225.87
ORD15635,PROD1483,1,3175.03
ORD15636,PROD1405,1,4488.06
ORD15636,PROD1186,2,4104.39
ORD15636,PROD1010,3,200.86
ORD15637,PROD1250,1,1542.8
ORD15637,PROD1122,1,1658.22
ORD15637,PROD1365,3,1991.9
ORD15638,PROD1481,3,3509.17
ORD15638,PROD1161,1,3198.3
ORD15638,PROD1094,1,3877.74
ORD15638,PROD1161,1,3198.3
ORD15639,PROD1419,3,3786.64
ORD15639,PROD1418,2,3395.34
ORD15639,PROD1168,1,299.8
ORD15640,PROD1181,3,656.02
ORD15640,PROD1307,3,1682.49
ORD15641,PROD1442,3,1933.93
ORD15642,PROD1067,1,4030.77
ORD15642,PROD1409,3,547.3
ORD15642,PROD1494,1,2372.12
ORD15642,PROD1359,2,2919.82
ORD15643,PROD1435,2,3534.75
ORD15643,PROD1043,1,4555.67
ORD15644,PROD1089,3,2413.85
ORD15644,PROD1211,1,3490.29
ORD15645,PROD1366,2,4809.83
ORD15645,PROD1026,1,1078.4
ORD15646,PROD1454,3,644.87
ORD15646,PROD1292,2,4130.74
ORD15647,PROD1325,2,3715.69
ORD15648,PROD1375,1,1662.98
ORD15648,PROD1024,3,2334.74
ORD15649,PROD1420,2,3978.74
ORD15650,PROD1282,3,1940.36
ORD15650,PROD1012,3,4178.97
ORD15651,PROD1354,3,445.79
ORD15651,PROD1245,1,4648.76
ORD15651,PROD1087,2,3224.03
ORD15652,PROD1275,2,2557.43
ORD15652,PROD1145,2,280.75
ORD15652,PROD1006,2,384.61
ORD15652,PROD1499,2,4932.43
ORD15653,PROD1309,1,1427.08
ORD15653,PROD1007,2,4344.26
ORD15654,PROD1118,2,4473.54
ORD15654,PROD1245,3,4648.76
ORD15655,PROD1108,2,1221.11
ORD15656,PROD1475,1,4965.53
ORD15657,PROD1416,2,1536.73
ORD15657,PROD1324,2,4778.84
ORD15657,PROD1379,3,1481.09
ORD15657,PROD1239,2,967.84
ORD15658,PROD1412,2,4757.98
ORD15658,PROD1020,2,3098.08
ORD15659,PROD1333,2,668.76
ORD15660,PROD1171,1,181.28
ORD15661,PROD1159,1,3668.26
ORD15661,PROD1050,1,4850.96
ORD15661,PROD1117,2,1014.19
ORD15661,PROD1279,2,3999.38
ORD15662,PROD1343,2,2225.87
ORD15663,PROD1060,1,2004.52
ORD15663,PROD1176,2,3485.59
ORD15663,PROD1353,3,898.38
ORD15664,PROD1330,2,1844.27
ORD15664,PROD1410,2,1664.64
ORD15664,PROD1392,3,1922.89
ORD15664,PROD1270,3,4065.87
ORD15665,PROD1006,3,384.61
ORD15665,PROD1347,3,321.99
ORD15666,PROD1029,3,327.61
ORD15666,PROD1165,3,4192.98
ORD15666,PROD1306,3,2629.87
ORD15666,PROD1461,1,3281.13
ORD15667,PROD1315,3,3510.27
ORD15668,PROD1432,1,3129.27
ORD15668,PROD1014,2,990.94
ORD15668,PROD1200,2,3245.96
ORD15668,PROD1346,1,3211.96
ORD15669,PROD1192,2,4512.05
ORD15669,PROD1324,2,4778.84
ORD15669,PROD1491,2,3138.65
ORD15670,PROD1265,2,3729.77
ORD15671,PROD1165,1,4192.98
ORD15671,PROD1066,2,790.53
ORD15671,PROD1019,1,1527.02
ORD15671,PROD1110,1,1519.78
ORD15672,PROD1011,2,4852.56
ORD15672,PROD1064,2,1476.58
ORD15673,PROD1404,3,1668.24
ORD15673,PROD1132,3,687.34
ORD15673,PROD1185,1,3333.92
ORD15674,PROD1316,3,2103.87
ORD15674,PROD1199,2,3921.39
ORD15674,PROD1100,1,254.0
ORD15675,PROD1148,1,352.25
ORD15676,PROD1478,2,4849.58
ORD15676,PROD1274,2,2605.58
ORD15676,PROD1458,3,375.89
ORD15676,PROD1180,1,1771.23
ORD15677,PROD1470,2,159.56
ORD15677,PROD1203,3,4502.92
ORD15677,PROD1079,1,667.76
ORD15677,PROD1463,1,2958.51
ORD15678,PROD1034,2,4831.6
ORD15679,PROD1000,2,1935.25
ORD15679,PROD1205,3,145.07
ORD15679,PROD1467,3,4356.14
ORD15679,PROD1091,2,3594.9
ORD15680,PROD1256,2,4687.16
ORD15680,PROD1404,1,1668.24
ORD15680,PROD1354,3,445.79
ORD15680,PROD1091,2,3594.9
ORD15681,PROD1052,2,4703.54
ORD15681,PROD1340,3,2508.92
ORD15682,PROD1456,3,155.63
ORD15682,PROD1342,2,948.69
ORD15682,PROD1449,1,509.15
ORD15683,PROD1278,2,3539.64
ORD15683,PROD1261,1,4951.26
ORD15683,PROD1340,1,2508.92
ORD15683,PROD1430,3,800.66
ORD15684,PROD1082,1,1721.4
ORD15685,PROD1444,2,4082.72
ORD15685,PROD1222,3,559.01
ORD15685,PROD1249,1,4279.75
ORD15686,PROD1138,1,1881.79
ORD15687,PROD1493,1,1021.79
ORD15687,PROD1174,3,3261.35
ORD15687,PROD1432,3,3129.27
ORD15688,PROD1322,2,3334.97
ORD15688,PROD1387,1,969.45
ORD15688,PROD1279,1,3999.38
ORD15689,PROD1230,3,3994.58
ORD15689,PROD1259,3,576.16
ORD15689,PROD1219,2,4261.19
ORD15689,PROD1167,2,1013.94
ORD15690,PROD1136,1,2642.07
ORD15690,PROD1277,2,3284.82
ORD15690,PROD1259,3,576.16
ORD15691,PROD1288,3,1504.05
ORD15691,PROD1134,3,4720.26
ORD15691,PROD1104,1,4547.08
ORD15692,PROD1189,1,1285.08
ORD15692,PROD1194,3,1761.25
ORD15692,PROD1063,2,1848.09
ORD15693,PROD1314,3,4196.3
ORD15693,PROD1371,3,189.29
ORD15693,PROD1189,1,1285.08
ORD15694,PROD1080,1,4329.21
ORD15695,PROD1364,3,4713.18
ORD15695,PROD1260,2,3113.54
ORD15696,PROD1013,2,1140.46
ORD15696,PROD1476,2,461.6
ORD15696,PROD1266,1,3515.38
ORD15696,PROD1443,1,1916.15
ORD15697,PROD1148,2,352.25
ORD15697,PROD1334,2,325.41
ORD15697,PROD1279,1,3999.38
ORD15697,PROD1012,2,4178.97
ORD15698,PROD1110,2,1519.78
ORD15698,PROD1328,2,2156.04
ORD15698,PROD1087,1,3224.03
ORD15698,PROD1123,2,639.25
ORD15699,PROD1127,2,4317.58
ORD15699,PROD1293,3,1864.93
ORD15699,PROD1148,3,352.25
ORD15699,PROD1326,3,2816.33
ORD15700,PROD1446,3,4931.41
ORD15700,PROD1454,1,644.87
ORD15700,PROD1193,3,3202.2
ORD15700,PROD1329,1,1313.88
ORD15701,PROD1460,1,675.88
ORD15701,PROD1205,3,145.07
ORD15702,PROD1063,3,1848.09
ORD15702,PROD1016,1,1590.79
ORD15703,PROD1439,1,498.61
ORD15704,PROD1221,3,2884.71
ORD15704,PROD1175,1,954.4
ORD15704,PROD1227,1,2026.18
ORD15704,PROD1189,2,1285.08
ORD15705,PROD1424,2,382.04
ORD15705,PROD1248,1,4821.74
ORD15706,PROD1067,2,4030.77
ORD15706,PROD1040,2,697.99
ORD15706,PROD1397,2,2202.07
ORD15706,PROD1259,1,576.16
ORD15707,PROD1397,3,2202.07
ORD15707,PROD1264,1,4399.13
ORD15708,PROD1348,1,1935.6
ORD15708,PROD1208,1,124.8
ORD15708,PROD1240,1,4708.25
ORD15708,PROD1071,3,1073.71
ORD15709,PROD1468,1,1195.62
ORD15710,PROD1332,3,170.53
ORD15711,PROD1093,3,2850.26
ORD15711,PROD1460,3,675.88
ORD15712,PROD1489,3,4462.29
ORD15712,PROD1331,2,3813.45
ORD15712,PROD1385,2,4037.06
ORD15713,PROD1076,1,3879.22
ORD15714,PROD1110,2,1519.78
ORD15714,PROD1000,3,1935.25
ORD15714,PROD1366,2,4809.83
ORD15715,PROD1033,2,4749.54
ORD15716,PROD1072,1,127.06
ORD15716,PROD1050,3,4850.96
ORD15716,PROD1210,2,2788.8
ORD15716,PROD1214,1,3589.68
ORD15717,PROD1205,3,145.07
ORD15717,PROD1001,1,4758.5
ORD15717,PROD1203,2,4502.92
ORD15718,PROD1053,2,4484.65
ORD15718,PROD1475,3,4965.53
ORD15718,PROD1459,1,682.21
ORD15718,PROD1093,2,2850.26
ORD15719,PROD1397,2,2202.07
ORD15719,PROD1024,1,2334.74
ORD15720,PROD1240,1,4708.25
ORD15721,PROD1026,1,1078.4
ORD15721,PROD1058,1,321.61
ORD15721,PROD1185,3,3333.92
ORD15722,PROD1056,2,533.61
ORD15722,PROD1194,2,1761.25
ORD15722,PROD1449,1,509.15
ORD15723,PROD1334,2,325.41
ORD15723,PROD1245,2,4648.76
ORD15723,PROD1453,2,4541.14
ORD15723,PROD1339,3,579.39
ORD15724,PROD1353,3,898.38
ORD15724,PROD1181,2,656.02
ORD15724,PROD1301,3,2703.64
ORD15724,PROD1440,2,515.7
ORD15725,PROD1179,1,773.85
ORD15725,PROD1096,2,2661.39
ORD15725,PROD1424,3,382.04
ORD15725,PROD1368,2,1059.38
ORD15726,PROD1300,2,353.24
ORD15727,PROD1402,3,2575.74
ORD15727,PROD1154,3,4929.69
ORD15728,PROD1176,3,3485.59
ORD15729,PROD1083,1,411.44
ORD15729,PROD1407,1,153.1
ORD15729,PROD1188,3,2695.29
ORD15730,PROD1032,2,418.75
ORD15730,PROD1052,2,4703.54
ORD15730,PROD1215,1,1262.52
ORD15731,PROD1373,3,3446.73
ORD15732,PROD1287,1,2758.96
ORD15733,PROD1178,2,4689.98
ORD15734,PROD1283,1,560.51
ORD15734,PROD1426,1,2263.5
ORD15734,PROD1267,2,3542.17
ORD15735,PROD1017,2,2671.31
ORD15735,PROD1242,3,4582.84
ORD15735,PROD1116,1,4037.99
ORD15736,PROD1043,3,4555.67
ORD15736,PROD1196,3,3657.18
ORD15736,PROD1298,3,3152.16
ORD15736,PROD1208,3,124.8
ORD15737,PROD1235,3,3640.02
ORD15738,PROD1311,2,484.44
ORD15738,PROD1382,3,3181.82
ORD15738,PROD1426,2,2263.5
ORD15738,PROD1384,2,3701.85
ORD15739,PROD1487,3,1476.72
ORD15739,PROD1301,1,2703.64
ORD15739,PROD1481,2,3509.17
ORD15740,PROD1290,2,249.45
ORD15740,PROD1161,3,3198.3
ORD15740,PROD1237,3,219.15
ORD15741,PROD1176,1,3485.59
ORD15741,PROD1064,2,1476.58
ORD15741,PROD1062,1,4160.81
ORD15741,PROD1307,1,1682.49
ORD15742,PROD1250,3,1542.8
ORD15742,PROD1037,3,578.59
ORD15742,PROD1284,3,2933.57
ORD15743,PROD1357,2,2970.3
ORD15743,PROD1180,1,1771.23
ORD15744,PROD1440,3,515.7
ORD15745,PROD1366,1,4809.83
ORD15745,PROD1026,2,1078.4
ORD15745,PROD1249,2,4279.75
ORD15745,PROD1230,3,3994.58
ORD15746,PROD1258,2,2893.3
ORD15746,PROD1066,1,790.53
ORD15746,PROD1025,2,3947.36
ORD15747,PROD1026,2,1078.4
ORD15747,PROD1104,3,4547.08
ORD15748,PROD1011,2,4852.56
ORD15748,PROD1155,2,1286.07
ORD15748,PROD1076,2,3879.22
ORD15749,PROD1400,3,605.31
ORD15749,PROD1086,1,3675.07
ORD15750,PROD1426,3,2263.5
ORD15750,PROD1077,2,462.82
ORD15751,PROD1171,2,181.28
ORD15752,PROD1360,1,2002.03
ORD15752,PROD1235,2,3640.02
ORD15753,PROD1495,3,1831.43
ORD15753,PROD1073,2,4095.76
ORD15754,PROD1326,1,2816.33
ORD15754,PROD1335,1,299.57
ORD15754,PROD1114,3,3203.68
ORD15754,PROD1246,3,2198.1
ORD15755,PROD1440,3,515.7
ORD15755,PROD1176,3,3485.59
ORD15755,PROD1352,2,3327.6
ORD15756,PROD1056,2,533.61
ORD15756,PROD1352,1,3327.6
ORD15757,PROD1329,2,1313.88
ORD15757,PROD1322,1,3334.97
ORD15757,PROD1445,3,4741.52
ORD15758,PROD1315,1,3510.27
ORD15758,PROD1038,3,3452.74
ORD15758,PROD1462,1,3755.62
ORD15759,PROD1090,2,686.01
ORD15759,PROD1404,3,1668.24
ORD15760,PROD1224,2,1399.49
ORD15760,PROD1181,2,656.02
ORD15760,PROD1129,3,2602.66
ORD15761,PROD1004,3,864.49
ORD15761,PROD1336,1,4291.76
ORD15762,PROD1042,3,268.5
ORD15762,PROD1091,2,3594.9
ORD15762,PROD1229,1,3192.58
ORD15762,PROD1239,3,967.84
ORD15763,PROD1006,3,384.61
ORD15763,PROD1169,3,2995.38
ORD15764,PROD1343,3,2225.87
ORD15764,PROD1345,3,3117.67
ORD15764,PROD1461,1,3281.13
ORD15765,PROD1015,2,998.68
ORD15765,PROD1481,2,3509.17
ORD15766,PROD1367,3,4536.22
ORD15767,PROD1162,1,3204.3
ORD15767,PROD1234,3,1056.69
ORD15767,PROD1279,1,3999.38
ORD15767,PROD1240,1,4708.25
ORD15768,PROD1440,3,515.7
ORD15769,PROD1355,3,3247.85
ORD15770,PROD1228,2,4471.03
ORD15770,PROD1143,2,1574.3
ORD15771,PROD1334,3,325.41
ORD15772,PROD1040,3,697.99
ORD15772,PROD1292,3,4130.74
ORD15772,PROD1239,2,967.84
ORD15773,PROD1188,3,2695.29
ORD15773,PROD1290,1,249.45
ORD15774,PROD1007,1,4344.26
ORD15774,PROD1443,2,1916.15
ORD15774,PROD1267,3,3542.17
ORD15775,PROD1323,1,1471.68
ORD15775,PROD1418,1,3395.34
ORD15775,PROD1300,2,353.24
ORD15775,PROD1296,1,3872.97
ORD15776,PROD1098,2,224.55
ORD15776,PROD1322,2,3334.97
ORD15776,PROD1442,2,1933.93
ORD15777,PROD1015,3,998.68
ORD15778,PROD1369,3,439.87
ORD15778,PROD1040,3,697.99
ORD15778,PROD1413,2,2909.85
ORD15779,PROD1207,2,3351.16
ORD15779,PROD1131,2,1188.33
ORD15779,PROD1365,2,1991.9
ORD15780,PROD1122,3,1658.22
ORD15780,PROD1436,1,456.54
ORD15780,PROD1450,3,3908.02
ORD15780,PROD1281,2,1756.18
ORD15781,PROD1375,3,1662.98
ORD15782,PROD1079,3,667.76
ORD15782,PROD1440,1,515.7
ORD15782,PROD1475,2,4965.53
ORD15782,PROD1059,2,1694.12
ORD15783,PROD1035,3,4061.15
ORD15784,PROD1285,3,276.12
ORD15784,PROD1366,1,4809.83
ORD15784,PROD1040,3,697.99
ORD15784,PROD1431,1,3831.4
ORD15785,PROD1448,1,1943.67
ORD15786,PROD1214,1,3589.68
ORD15786,PROD1139,2,4861.73
ORD15786,PROD1297,2,1157.52
ORD15786,PROD1456,1,155.63
ORD15787,PROD1271,3,4069.56
ORD15787,PROD1460,1,675.88
ORD15787,PROD1098,1,224.55
ORD15787,PROD1433,1,595.5
ORD15788,PROD1407,3,153.1
ORD15788,PROD1347,2,321.99
ORD15788,PROD1384,1,3701.85
ORD15788,PROD1417,3,1710.46
ORD15789,PROD1213,1,1198.92
ORD15790,PROD1079,1,667.76
ORD15790,PROD1365,1,1991.9
ORD15790,PROD1279,2,3999.38
ORD15790,PROD1173,3,1209.83
ORD15791,PROD1410,1,1664.64
ORD15791,PROD1181,2,656.02
ORD15792,PROD1099,3,628.67
ORD15792,PROD1310,3,2250.96
ORD15792,PROD1326,2,2816.33
ORD15793,PROD1239,1,967.84
ORD15793,PROD1215,2,1262.52
ORD15793,PROD1343,1,2225.87
ORD15793,PROD1060,2,2004.52
ORD15794,PROD1033,1,4749.54
ORD15794,PROD1404,2,1668.24
ORD15794,PROD1044,2,1368.02
ORD15795,PROD1027,2,2619.75
ORD15795,PROD1444,2,4082.72
ORD15796,PROD1156,1,3393.46
ORD15796,PROD1286,3,2381.43
ORD15796,PROD1106,2,2110.88
ORD15796,PROD1232,1,2926.83
ORD15797,PROD1225,3,1295.55
ORD15797,PROD1040,2,697.99
ORD15797,PROD1063,2,1848.09
ORD15798,PROD1414,3,3196.0
ORD15798,PROD1371,2,189.29
ORD15798,PROD1138,3,1881.79
ORD15798,PROD1291,3,283.01
ORD15799,PROD1347,2,321.99
ORD15799,PROD1280,3,4461.03
ORD15799,PROD1027,2,2619.75
ORD15799,PROD1402,1,2575.74
ORD15800,PROD1018,2,2216.53
ORD15800,PROD1311,1,484.44
ORD15801,PROD1343,2,2225.87
ORD15802,PROD1207,1,3351.16
ORD15802,PROD1081,2,3154.16
ORD15803,PROD1451,1,2836.18
ORD15804,PROD1451,1,2836.18
ORD15804,PROD1082,1,1721.4
ORD15804,PROD1023,1,1895.17
ORD15805,PROD1002,2,3686.77
ORD15805,PROD1258,2,2893.3
ORD15805,PROD1029,3,327.61
ORD15806,PROD1321,3,3601.52
ORD15807,PROD1104,2,4547.08
ORD15807,PROD1109,2,477.2
ORD15807,PROD1018,3,2216.53
ORD15807,PROD1015,2,998.68
ORD15808,PROD1366,1,4809.83
ORD15808,PROD1402,1,2575.74
ORD15808,PROD1029,3,327.61
ORD15808,PROD1104,2,4547.08
ORD15809,PROD1041,1,2526.37
ORD15810,PROD1173,2,1209.83
ORD15811,PROD1187,2,2820.48
ORD15811,PROD1087,1,3224.03
ORD15812,PROD1053,1,4484.65
ORD15812,PROD1371,3,189.29
ORD15812,PROD1290,1,249.45
ORD15812,PROD1143,1,1574.3
ORD15813,PROD1408,2,4536.37
ORD15813,PROD1362,1,2345.44
ORD15813,PROD1368,3,1059.38
ORD15814,PROD1293,2,1864.93
ORD15814,PROD1479,2,2663.18
ORD15815,PROD1196,2,3657.18
ORD15815,PROD1255,3,2828.33
ORD15815,PROD1466,3,1499.99
ORD15815,PROD1147,2,2563.13
ORD15816,PROD1414,3,3196.0
ORD15816,PROD1290,1,249.45
ORD15816,PROD1171,1,181.28
ORD15817,PROD1147,2,2563.13
ORD15817,PROD1264,3,4399.13
ORD15817,PROD1094,1,3877.74
ORD15817,PROD1392,1,1922.89
ORD15818,PROD1002,2,3686.77
ORD15818,PROD1166,1,1671.82
ORD15818,PROD1395,2,4660.71
ORD15819,PROD1464,1,4814.65
ORD15819,PROD1026,2,1078.4
ORD15819,PROD1028,1,3002.83
ORD15819,PROD1126,3,4108.27
ORD15820,PROD1101,1,3218.41
ORD15820,PROD1261,1,4951.26
ORD15820,PROD1151,2,1273.85
ORD15820,PROD1039,1,2256.75
ORD15821,PROD1150,1,4550.5
ORD15821,PROD1468,2,1195.62
ORD15821,PROD1277,2,3284.82
ORD15822,PROD1135,2,1683.69
ORD15822,PROD1146,2,3086.87
ORD15822,PROD1364,2,4713.18
ORD15822,PROD1165,3,4192.98
ORD15823,PROD1042,1,268.5
ORD15823,PROD1290,1,249.45
ORD15823,PROD1138,3,1881.79
ORD15824,PROD1469,1,4819.79
ORD15824,PROD1184,1,1363.91
ORD15825,PROD1294,1,722.6
ORD15825,PROD1213,1,1198.92
ORD15825,PROD1437,1,4127.11
ORD15825,PROD1479,1,2663.18
ORD15826,PROD1122,2,1658.22
ORD15826,PROD1093,3,2850.26
ORD15826,PROD1379,2,1481.09
ORD15826,PROD1378,3,4090.9
ORD15827,PROD1305,2,4881.68
ORD15827,PROD1135,1,1683.69
ORD15827,PROD1158,2,1264.42
ORD15827,PROD1151,2,1273.85
ORD15828,PROD1468,2,1195.62
ORD15828,PROD1334,2,325.41
ORD15828,PROD1025,2,3947.36
ORD15829,PROD1096,3,2661.39
ORD15829,PROD1393,3,3904.42
ORD15829,PROD1466,3,1499.99
ORD15830,PROD1317,1,949.14
ORD15830,PROD1197,1,4495.84
ORD15830,PROD1040,1,697.99
ORD15831,PROD1254,3,930.51
ORD15831,PROD1130,3,2145.31
ORD15831,PROD1467,3,4356.14
ORD15831,PROD1306,3,2629.87
ORD15832,PROD1071,2,1073.71
ORD15833,PROD1263,3,2639.82
ORD15834,PROD1226,3,4867.75
ORD15834,PROD1402,3,2575.74
ORD15834,PROD1367,1,4536.22
ORD15834,PROD1457,1,2396.44
ORD15835,PROD1211,1,3490.29
ORD15835,PROD1262,1,786.41
ORD15835,PROD1045,2,3346.36
ORD15835,PROD1149,1,1465.37
ORD15836,PROD1426,3,2263.5
ORD15836,PROD1142,1,2536.52
ORD15836,PROD1191,3,4496.36
ORD15837,PROD1478,3,4849.58
ORD15837,PROD1174,2,3261.35
ORD15837,PROD1139,3,4861.73
ORD15837,PROD1063,1,1848.09
ORD15838,PROD1138,1,1881.79
ORD15838,PROD1085,2,1693.4
ORD15838,PROD1430,1,800.66
ORD15838,PROD1055,1,4617.18
ORD15839,PROD1248,2,4821.74
ORD15839,PROD1393,2,3904.42
ORD15839,PROD1439,2,498.61
ORD15839,PROD1213,2,1198.92
ORD15840,PROD1485,2,4515.67
ORD15840,PROD1438,3,3560.59
ORD15841,PROD1377,2,214.03
ORD15841,PROD1419,3,3786.64
ORD15842,PROD1351,2,4296.8
ORD15842,PROD1081,3,3154.16
ORD15842,PROD1499,2,4932.43
ORD15843,PROD1390,3,4953.48
ORD15843,PROD1042,2,268.5
ORD15844,PROD1006,2,384.61
ORD15844,PROD1213,2,1198.92
ORD15844,PROD1307,3,1682.49
ORD15844,PROD1292,2,4130.74
ORD15845,PROD1241,2,4774.25
ORD15845,PROD1383,1,4399.61
ORD15845,PROD1103,2,2592.0
ORD15845,PROD1246,3,2198.1
ORD15846,PROD1029,1,327.61
ORD15846,PROD1253,3,1652.92
ORD15847,PROD1031,1,935.57
ORD15848,PROD1459,1,682.21
ORD15848,PROD1406,2,2007.09
ORD15848,PROD1336,3,4291.76
ORD15849,PROD1273,1,4574.88
ORD15850,PROD1134,1,4720.26
ORD15851,PROD1000,3,1935.25
ORD15851,PROD1059,3,1694.12
ORD15851,PROD1389,2,4053.49
ORD15852,PROD1263,3,2639.82
ORD15852,PROD1461,3,3281.13
ORD15852,PROD1374,3,448.82
ORD15853,PROD1424,1,382.04
ORD15854,PROD1442,2,1933.93
ORD15854,PROD1019,2,1527.02
ORD15854,PROD1326,2,2816.33
ORD15855,PROD1209,3,887.96
ORD15855,PROD1393,1,3904.42
ORD15855,PROD1482,3,2327.25
ORD15856,PROD1438,2,3560.59
ORD15857,PROD1002,3,3686.77
ORD15857,PROD1443,2,1916.15
ORD15857,PROD1496,3,2959.91
ORD15857,PROD1130,2,2145.31
ORD15858,PROD1159,1,3668.26
ORD15858,PROD1271,3,4069.56
ORD15858,PROD1016,2,1590.79
ORD15858,PROD1394,3,1769.94
ORD15859,PROD1097,2,2194.95
ORD15859,PROD1260,3,3113.54
ORD15859,PROD1344,2,2052.67
ORD15859,PROD1091,2,3594.9
ORD15860,PROD1405,2,4488.06
ORD15860,PROD1372,2,562.77
ORD15861,PROD1064,3,1476.58
ORD15861,PROD1220,1,3322.3
ORD15861,PROD1444,2,4082.72
ORD15861,PROD1146,2,3086.87
ORD15862,PROD1348,3,1935.6
ORD15863,PROD1498,1,4874.53
ORD15864,PROD1192,1,4512.05
ORD15864,PROD1433,3,595.5
ORD15865,PROD1227,2,2026.18
ORD15866,PROD1081,3,3154.16
ORD15866,PROD1400,3,605.31
ORD15867,PROD1475,3,4965.53
ORD15867,PROD1173,3,1209.83
ORD15867,PROD1345,1,3117.67
ORD15868,PROD1275,1,2557.43
ORD15869,PROD1074,3,3563.6
ORD15869,PROD1454,1,644.87
ORD15869,PROD1293,1,1864.93
ORD15870,PROD1476,2,461.6
ORD15870,PROD1368,1,1059.38
ORD15871,PROD1036,2,1592.61
ORD15871,PROD1177,3,1995.0
ORD15872,PROD1124,3,1216.88
ORD15872,PROD1162,3,3204.3
ORD15873,PROD1249,2,4279.75
ORD15873,PROD1378,1,4090.9
ORD15874,PROD1340,2,2508.92
ORD15875,PROD1091,1,3594.9
ORD15876,PROD1277,3,3284.82
ORD15876,PROD1441,2,4934.53
ORD15876,PROD1168,2,299.8
ORD15876,PROD1258,2,2893.3
ORD15877,PROD1135,2,1683.69
ORD15877,PROD1038,3,3452.74
ORD15877,PROD1408,2,4536.37
ORD15877,PROD1462,1,3755.62
ORD15878,PROD1152,3,809.98
ORD15878,PROD1200,2,3245.96
ORD15879,PROD1247,2,4836.61
ORD15879,PROD1113,3,4059.79
ORD15879,PROD1377,3,214.03
ORD15880,PROD1470,3,159.56
ORD15880,PROD1437,3,4127.11
ORD15881,PROD1274,2,2605.58
ORD15882,PROD1274,3,2605.58
ORD15882,PROD1235,1,3640.02
ORD15882,PROD1033,1,4749.54
ORD15883,PROD1311,1,484.44
ORD15884,PROD1109,2,477.2
ORD15884,PROD1280,3,4461.03
ORD15885,PROD1274,2,2605.58
ORD15885,PROD1176,2,3485.59
ORD15885,PROD1432,2,3129.27
ORD15886,PROD1037,3,578.59
ORD15887,PROD1215,3,1262.52
ORD15887,PROD1315,1,3510.27
ORD15887,PROD1131,2,1188.33
ORD15888,PROD1336,1,4291.76
ORD15888,PROD1263,3,2639.82
ORD15889,PROD1366,3,4809.83
ORD15890,PROD1049,2,1005.79
ORD15890,PROD1235,3,3640.02
ORD15890,PROD1342,2,948.69
ORD15890,PROD1331,1,3813.45
ORD15891,PROD1439,2,498.61
ORD15891,PROD1320,1,2791.21
ORD15892,PROD1400,2,605.31
ORD15892,PROD1228,1,4471.03
ORD15892,PROD1282,1,1940.36
ORD15892,PROD1344,2,2052.67
ORD15893,PROD1203,2,4502.92
ORD15893,PROD1432,2,3129.27
ORD15893,PROD1313,1,4816.98
ORD15893,PROD1468,1,1195.62
ORD15894,PROD1276,1,4011.65
ORD15895,PROD1158,1,1264.42
ORD15896,PROD1258,2,2893.3
ORD15896,PROD1202,2,891.98
ORD15896,PROD1412,2,4757.98
ORD15897,PROD1417,2,1710.46
ORD15898,PROD1448,3,1943.67
ORD15899,PROD1148,2,352.25
ORD15899,PROD1325,2,3715.69
ORD15899,PROD1020,1,3098.08
ORD15899,PROD1484,1,2963.14
ORD15900,PROD1127,2,4317.58
ORD15901,PROD1355,1,3247.85
ORD15901,PROD1152,3,809.98
ORD15901,PROD1324,1,4778.84
ORD15902,PROD1220,3,3322.3
ORD15902,PROD1227,2,2026.18
ORD15902,PROD1305,1,4881.68
ORD15903,PROD1115,1,4370.16
ORD15903,PROD1122,2,1658.22
ORD15904,PROD1239,2,967.84
ORD15904,PROD1214,3,3589.68
ORD15904,PROD1002,1,3686.77
ORD15905,PROD1002,3,3686.77
ORD15906,PROD1260,3,3113.54
ORD15906,PROD1444,2,4082.72
ORD15906,PROD1478,3,4849.58
ORD15906,PROD1056,3,533.61
ORD15907,PROD1278,2,3539.64
ORD15907,PROD1134,1,4720.26
ORD15908,PROD1184,1,1363.91
ORD15909,PROD1389,2,4053.49
ORD15910,PROD1371,1,189.29
ORD15910,PROD1217,2,3757.81
ORD15910,PROD1105,3,1321.53
ORD15911,PROD1258,3,2893.3
ORD15911,PROD1440,2,515.7
ORD15911,PROD1192,3,4512.05
ORD15911,PROD1116,1,4037.99
ORD15912,PROD1445,1,4741.52
ORD15912,PROD1274,1,2605.58
ORD15912,PROD1035,2,4061.15
ORD15912,PROD1111,3,889.98
ORD15913,PROD1253,3,1652.92
ORD15913,PROD1410,3,1664.64
ORD15914,PROD1041,3,2526.37
ORD15914,PROD1498,2,4874.53
ORD15915,PROD1296,3,3872.97
ORD15915,PROD1279,1,3999.38
ORD15915,PROD1423,1,2522.66
ORD15916,PROD1081,2,3154.16
ORD15916,PROD1247,3,4836.61
ORD15917,PROD1190,1,556.2
ORD15917,PROD1277,2,3284.82
ORD15918,PROD1210,2,2788.8
ORD15919,PROD1344,3,2052.67
ORD15919,PROD1409,1,547.3
ORD15920,PROD1015,3,998.68
ORD15920,PROD1154,2,4929.69
ORD15920,PROD1176,3,3485.59
ORD15921,PROD1284,3,2933.57
ORD15921,PROD1129,2,2602.66
ORD15922,PROD1499,2,4932.43
ORD15922,PROD1279,1,3999.38
ORD15922,PROD1027,1,2619.75
ORD15922,PROD1486,2,322.69
ORD15923,PROD1285,3,276.12
ORD15924,PROD1210,3,2788.8
ORD15924,PROD1185,1,3333.92
ORD15925,PROD1409,1,547.3
ORD15925,PROD1448,3,1943.67
ORD15925,PROD1184,1,1363.91
ORD15925,PROD1414,1,3196.0
ORD15926,PROD1261,1,4951.26
ORD15926,PROD1134,1,4720.26
ORD15927,PROD1298,1,3152.16
ORD15927,PROD1109,3,477.2
ORD15928,PROD1100,1,254.0
ORD15928,PROD1273,1,4574.88
ORD15928,PROD1266,2,3515.38
ORD15928,PROD1265,1,3729.77
ORD15929,PROD1361,1,3252.11
ORD15929,PROD1394,1,1769.94
ORD15930,PROD1095,2,2519.6
ORD15930,PROD1490,1,2332.72
ORD15931,PROD1234,3,1056.69
ORD15931,PROD1197,1,4495.84
ORD15931,PROD1225,1,1295.55
ORD15932,PROD1177,1,1995.0
ORD15932,PROD1301,3,2703.64
ORD15932,PROD1204,1,3071.5
ORD15933,PROD1013,2,1140.46
ORD15934,PROD1229,2,3192.58
ORD15935,PROD1288,2,1504.05
ORD15935,PROD1119,1,2742.78
ORD15936,PROD1030,3,3076.97
ORD15937,PROD1474,3,2685.74
ORD15937,PROD1224,1,1399.49
ORD15937,PROD1370,2,593.81
ORD15937,PROD1309,2,1427.08
ORD15938,PROD1162,3,3204.3
ORD15938,PROD1118,3,4473.54
ORD15939,PROD1236,1,1475.78
ORD15939,PROD1478,2,4849.58
ORD15940,PROD1091,1,3594.9
ORD15941,PROD1402,1,2575.74
ORD15941,PROD1357,1,2970.3
ORD15941,PROD1218,1,3283.2
ORD15942,PROD1050,2,4850.96
ORD15943,PROD1448,1,1943.67
ORD15943,PROD1157,1,3831.94
ORD15943,PROD1345,3,3117.67
ORD15944,PROD1291,3,283.01
ORD15944,PROD1345,1,3117.67
ORD15945,PROD1119,2,2742.78
ORD15945,PROD1090,3,686.01
ORD15946,PROD1480,1,3184.05
ORD15946,PROD1227,2,2026.18
ORD15947,PROD1089,3,2413.85
ORD15947,PROD1277,1,3284.82
ORD15947,PROD1023,3,1895.17
ORD15947,PROD1395,1,4660.71
ORD15948,PROD1155,3,1286.07
ORD15949,PROD1268,2,1861.51
ORD15950,PROD1094,3,3877.74
ORD15950,PROD1327,1,3097.43
ORD15950,PROD1000,1,1935.25
ORD15951,PROD1268,3,1861.51
ORD15951,PROD1437,1,4127.11
ORD15951,PROD1430,3,800.66
ORD15952,PROD1218,3,3283.2
ORD15952,PROD1415,1,2297.38
ORD15952,PROD1253,2,1652.92
ORD15952,PROD1185,2,3333.92
ORD15953,PROD1401,2,4522.51
ORD15953,PROD1336,3,4291.76
ORD15953,PROD1494,2,2372.12
ORD15953,PROD1166,2,1671.82
ORD15954,PROD1000,2,1935.25
ORD15955,PROD1091,1,3594.9
ORD15956,PROD1102,3,1640.34
ORD15957,PROD1122,1,1658.22
ORD15957,PROD1101,3,3218.41
ORD15957,PROD1353,1,898.38
ORD15957,PROD1212,1,3294.61
ORD15958,PROD1377,3,214.03
ORD15958,PROD1278,3,3539.64
ORD15959,PROD1308,1,3996.41
ORD15960,PROD1065,3,2759.21
ORD15961,PROD1045,3,3346.36
ORD15961,PROD1029,3,327.61
ORD15961,PROD1196,2,3657.18
ORD15962,PROD1249,2,4279.75
ORD15962,PROD1334,1,325.41
ORD15962,PROD1035,3,4061.15
ORD15963,PROD1060,1,2004.52
ORD15963,PROD1025,1,3947.36
ORD15963,PROD1362,2,2345.44
ORD15963,PROD1362,1,2345.44
ORD15964,PROD1270,1,4065.87
ORD15964,PROD1446,1,4931.41
ORD15964,PROD1310,2,2250.96
ORD15965,PROD1177,1,1995.0
ORD15966,PROD1242,1,4582.84
ORD15966,PROD1164,3,542.42
ORD15966,PROD1173,3,1209.83
ORD15966,PROD1118,3,4473.54
ORD15967,PROD1309,2,1427.08
ORD15967,PROD1212,3,3294.61
ORD15967,PROD1498,2,4874.53
ORD15967,PROD1224,3,1399.49
ORD15968,PROD1291,2,283.01
ORD15968,PROD1126,2,4108.27
ORD15968,PROD1180,2,1771.23
ORD15969,PROD1088,1,4447.34
ORD15969,PROD1387,1,969.45
ORD15969,PROD1267,1,3542.17
ORD15970,PROD1118,1,4473.54
ORD15970,PROD1183,2,4398.96
ORD15970,PROD1264,3,4399.13
ORD15971,PROD1178,2,4689.98
ORD15972,PROD1390,3,4953.48
ORD15973,PROD1366,2,4809.83
ORD15973,PROD1310,3,2250.96
ORD15973,PROD1190,2,556.2
ORD15973,PROD1362,2,2345.44
ORD15974,PROD1496,3,2959.91
ORD15974,PROD1498,3,4874.53
ORD15974,PROD1017,3,2671.31
ORD15975,PROD1189,1,1285.08
ORD15975,PROD1336,1,4291.76
ORD15976,PROD1144,1,1495.72
ORD15976,PROD1158,1,1264.42
ORD15976,PROD1271,3,4069.56
ORD15976,PROD1440,1,515.7
ORD15977,PROD1308,2,3996.41
ORD15978,PROD1280,3,4461.03
ORD15978,PROD1436,1,456.54
ORD15978,PROD1063,1,1848.09
ORD15978,PROD1416,2,1536.73
ORD15979,PROD1246,3,2198.1
ORD15979,PROD1091,1,3594.9
ORD15980,PROD1314,2,4196.3
ORD15980,PROD1290,1,249.45
ORD15981,PROD1141,2,1333.73
ORD15981,PROD1004,1,864.49
ORD15981,PROD1335,3,299.57
ORD15981,PROD1276,2,4011.65
ORD15982,PROD1120,2,4056.46
ORD15982,PROD1391,2,2121.83
ORD15982,PROD1464,1,4814.65
ORD15983,PROD1497,2,480.9
ORD15983,PROD1160,3,1902.14
ORD15983,PROD1151,2,1273.85
ORD15983,PROD1454,3,644.87
ORD15984,PROD1063,1,1848.09
ORD15985,PROD1224,2,1399.49
ORD15986,PROD1201,1,512.29
ORD15986,PROD1141,2,1333.73
ORD15986,PROD1395,3,4660.71
ORD15987,PROD1247,3,4836.61
ORD15987,PROD1043,1,4555.67
ORD15988,PROD1187,2,2820.48
ORD15989,PROD1030,3,3076.97
ORD15989,PROD1292,1,4130.74
ORD15989,PROD1456,1,155.63
ORD15989,PROD1185,3,3333.92
ORD15990,PROD1263,1,2639.82
ORD15990,PROD1289,1,2995.08
ORD15991,PROD1337,3,3547.92
ORD15991,PROD1052,3,4703.54
ORD15992,PROD1108,1,1221.11
ORD15992,PROD1056,2,533.61
ORD15992,PROD1147,3,2563.13
ORD15992,PROD1060,3,2004.52
ORD15993,PROD1027,3,2619.75
ORD15993,PROD1133,3,1754.31
ORD15993,PROD1296,2,3872.97
ORD15994,PROD1463,1,2958.51
ORD15995,PROD1355,2,3247.85
ORD15995,PROD1260,3,3113.54
ORD15995,PROD1479,2,2663.18
ORD15995,PROD1266,2,3515.38
ORD15996,PROD1325,2,3715.69
ORD15996,PROD1109,1,477.2
ORD15996,PROD1019,1,1527.02
ORD15997,PROD1075,1,3672.14
ORD15998,PROD1115,3,4370.16
ORD15998,PROD1002,1,3686.77
ORD15998,PROD1479,3,2663.18
ORD15999,PROD1151,1,1273.85
ORD16000,PROD1081,2,3154.16
ORD16000,PROD1124,2,1216.88
ORD16001,PROD1297,2,1157.52
ORD16001,PROD1042,1,268.5
ORD16002,PROD1017,3,2671.31
ORD16002,PROD1407,2,153.1
ORD16002,PROD1190,1,556.2
ORD16002,PROD1462,3,3755.62
ORD16003,PROD1033,2,4749.54
ORD16003,PROD1179,3,773.85
ORD16004,PROD1109,1,477.2
ORD16004,PROD1415,1,2297.38
ORD16004,PROD1306,2,2629.87
ORD16004,PROD1301,3,2703.64
ORD16005,PROD1272,3,4348.65
ORD16005,PROD1377,3,214.03
ORD16006,PROD1222,3,559.01
ORD16006,PROD1267,3,3542.17
ORD16006,PROD1224,1,1399.49
ORD16007,PROD1132,3,687.34
ORD16007,PROD1430,3,800.66
ORD16007,PROD1282,2,1940.36
ORD16008,PROD1249,3,4279.75
ORD16008,PROD1479,2,2663.18
ORD16008,PROD1090,3,686.01
ORD16008,PROD1270,1,4065.87
ORD16009,PROD1009,2,3569.56
ORD16009,PROD1097,1,2194.95
ORD16009,PROD1101,1,3218.41
ORD16009,PROD1496,1,2959.91
ORD16010,PROD1267,3,3542.17
ORD16010,PROD1175,2,954.4
ORD16010,PROD1102,2,1640.34
ORD16011,PROD1209,3,887.96
ORD16012,PROD1254,2,930.51
ORD16012,PROD1130,3,2145.31
ORD16012,PROD1324,1,4778.84
ORD16013,PROD1457,3,2396.44
ORD16013,PROD1236,2,1475.78
ORD16013,PROD1002,3,3686.77
ORD16013,PROD1458,2,375.89
ORD16014,PROD1392,3,1922.89
ORD16014,PROD1025,3,3947.36
ORD16014,PROD1156,1,3393.46
ORD16014,PROD1009,2,3569.56
ORD16015,PROD1145,1,280.75
ORD16015,PROD1180,1,1771.23
ORD16015,PROD1209,1,887.96
ORD16015,PROD1341,2,2420.01
ORD16016,PROD1328,1,2156.04
ORD16017,PROD1247,3,4836.61
ORD16018,PROD1019,1,1527.02
ORD16018,PROD1183,2,4398.96
ORD16018,PROD1363,3,2773.52
ORD16019,PROD1482,3,2327.25
ORD16020,PROD1152,3,809.98
ORD16020,PROD1016,3,1590.79
ORD16020,PROD1038,3,3452.74
ORD16020,PROD1152,3,809.98
ORD16021,PROD1449,1,509.15
ORD16021,PROD1271,2,4069.56
ORD16022,PROD1156,2,3393.46
ORD16022,PROD1230,2,3994.58
ORD16023,PROD1001,1,4758.5
ORD16023,PROD1474,2,2685.74
ORD16024,PROD1169,1,2995.38
ORD16024,PROD1269,3,1538.6
ORD16025,PROD1048,1,2778.88
ORD16025,PROD1421,3,3969.13
ORD16025,PROD1483,3,3175.03
ORD16025,PROD1417,3,1710.46
ORD16026,PROD1271,1,4069.56
ORD16026,PROD1043,1,4555.67
ORD16026,PROD1059,3,1694.12
ORD16026,PROD1198,1,4446.72
ORD16027,PROD1097,1,2194.95
ORD16028,PROD1408,2,4536.37
ORD16028,PROD1086,2,3675.07
ORD16028,PROD1088,1,4447.34
ORD16028,PROD1478,1,4849.58
ORD16029,PROD1129,1,2602.66
ORD16029,PROD1131,2,1188.33
ORD16029,PROD1406,1,2007.09
ORD16030,PROD1214,1,3589.68
ORD16030,PROD1311,1,484.44
ORD16031,PROD1317,2,949.14
ORD16031,PROD1398,1,3779.27
ORD16031,PROD1189,3,1285.08
ORD16031,PROD1265,3,3729.77
ORD16032,PROD1401,1,4522.51
ORD16032,PROD1006,1,384.61
ORD16032,PROD1154,1,4929.69
ORD16033,PROD1049,2,1005.79
ORD16033,PROD1188,1,2695.29
ORD16033,PROD1066,3,790.53
ORD16033,PROD1364,1,4713.18
ORD16034,PROD1464,2,4814.65
ORD16035,PROD1465,2,1936.87
ORD16035,PROD1187,1,2820.48
ORD16035,PROD1325,1,3715.69
ORD16035,PROD1313,2,4816.98
ORD16036,PROD1480,1,3184.05
ORD16036,PROD1490,2,2332.72
ORD16037,PROD1335,2,299.57
ORD16038,PROD1203,1,4502.92
ORD16039,PROD1070,1,3884.0
ORD16040,PROD1158,1,1264.42
ORD16041,PROD1215,3,1262.52
ORD16041,PROD1194,1,1761.25
ORD16041,PROD1311,2,484.44
ORD16042,PROD1436,3,456.54
ORD16042,PROD1105,3,1321.53
ORD16042,PROD1121,3,4490.85
ORD16042,PROD1442,1,1933.93
ORD16043,PROD1123,2,639.25
ORD16044,PROD1339,2,579.39
ORD16044,PROD1044,1,1368.02
ORD16044,PROD1400,1,605.31
ORD16044,PROD1063,3,1848.09
ORD16045,PROD1398,1,3779.27
ORD16045,PROD1387,3,969.45
ORD16045,PROD1337,3,3547.92
ORD16045,PROD1106,2,2110.88
ORD16046,PROD1201,1,512.29
ORD16047,PROD1375,1,1662.98
ORD16048,PROD1115,3,4370.16
ORD16048,PROD1113,2,4059.79
ORD16048,PROD1132,3,687.34
ORD16049,PROD1260,3,3113.54
ORD16049,PROD1049,3,1005.79
ORD16049,PROD1315,3,3510.27
ORD16050,PROD1480,2,3184.05
ORD16050,PROD1151,3,1273.85
ORD16050,PROD1020,1,3098.08
ORD16051,PROD1081,3,3154.16
ORD16051,PROD1009,1,3569.56
ORD16051,PROD1428,1,1819.48
ORD16051,PROD1164,1,542.42
ORD16052,PROD1316,2,2103.87
ORD16052,PROD1117,1,1014.19
ORD16053,PROD1346,3,3211.96
ORD16053,PROD1367,2,4536.22
ORD16054,PROD1016,2,1590.79
ORD16055,PROD1009,3,3569.56
ORD16056,PROD1473,3,4466.6
ORD16056,PROD1030,2,3076.97
ORD16057,PROD1339,3,579.39
ORD16057,PROD1150,3,4550.5
ORD16057,PROD1044,2,1368.02
ORD16058,PROD1391,1,2121.83
ORD16058,PROD1333,2,668.76
ORD16058,PROD1383,2,4399.61
ORD16059,PROD1356,3,229.91
ORD16060,PROD1349,2,3166.71
ORD16060,PROD1075,1,3672.14
ORD16061,PROD1374,2,448.82
ORD16061,PROD1216,1,1694.46
ORD16062,PROD1188,2,2695.29
ORD16063,PROD1075,1,3672.14
ORD16063,PROD1294,2,722.6
ORD16064,PROD1274,2,2605.58
ORD16064,PROD1001,2,4758.5
ORD16065,PROD1498,3,4874.53
ORD16066,PROD1003,2,3033.43
ORD16066,PROD1411,2,4755.3
ORD16066,PROD1077,1,462.82
ORD16067,PROD1006,1,384.61
ORD16068,PROD1087,2,3224.03
ORD16069,PROD1009,2,3569.56
ORD16069,PROD1374,1,448.82
ORD16069,PROD1443,3,1916.15
ORD16069,PROD1133,1,1754.31
ORD16070,PROD1102,1,1640.34
ORD16070,PROD1110,2,1519.78
ORD16070,PROD1069,3,4935.75
ORD16070,PROD1372,3,562.77
ORD16071,PROD1330,3,1844.27
ORD16071,PROD1213,1,1198.92
ORD16071,PROD1035,3,4061.15
ORD16072,PROD1255,3,2828.33
ORD16072,PROD1154,2,4929.69
ORD16072,PROD1481,1,3509.17
ORD16073,PROD1487,3,1476.72
ORD16073,PROD1202,3,891.98
ORD16073,PROD1048,2,2778.88
ORD16074,PROD1416,2,1536.73
ORD16074,PROD1221,1,2884.71
ORD16075,PROD1390,3,4953.48
ORD16076,PROD1222,2,559.01
ORD16076,PROD1107,1,3802.2
ORD16076,PROD1205,1,145.07
ORD16077,PROD1286,3,2381.43
ORD16077,PROD1170,1,3420.07
ORD16078,PROD1179,2,773.85
ORD16078,PROD1247,3,4836.61
ORD16078,PROD1069,1,4935.75
ORD16078,PROD1220,2,3322.3
ORD16079,PROD1459,2,682.21
ORD16079,PROD1125,3,2192.83
ORD16080,PROD1457,3,2396.44
ORD16080,PROD1337,1,3547.92
ORD16080,PROD1261,2,4951.26
ORD16081,PROD1252,3,4270.57
ORD16081,PROD1010,3,200.86
ORD16081,PROD1087,3,3224.03
ORD16081,PROD1210,1,2788.8
ORD16082,PROD1024,1,2334.74
ORD16083,PROD1065,2,2759.21
ORD16083,PROD1182,2,4631.0
ORD16083,PROD1172,3,2609.26
ORD16083,PROD1288,3,1504.05
ORD16084,PROD1461,3,3281.13
ORD16084,PROD1077,2,462.82
ORD16085,PROD1206,3,597.21
ORD16086,PROD1056,3,533.61
ORD16087,PROD1273,2,4574.88
ORD16087,PROD1395,1,4660.71
ORD16087,PROD1167,1,1013.94
ORD16088,PROD1384,2,3701.85
ORD16089,PROD1385,1,4037.06
ORD16089,PROD1376,2,4239.89
ORD16089,PROD1341,3,2420.01
ORD16090,PROD1465,1,1936.87
ORD16091,PROD1306,2,2629.87
ORD16091,PROD1307,3,1682.49
ORD16091,PROD1136,1,2642.07
ORD16091,PROD1082,2,1721.4
ORD16092,PROD1220,2,3322.3
ORD16093,PROD1498,1,4874.53
ORD16093,PROD1113,1,4059.79
ORD16093,PROD1249,2,4279.75
ORD16094,PROD1437,3,4127.11
ORD16094,PROD1031,2,935.57
ORD16094,PROD1216,1,1694.46
ORD16094,PROD1308,3,3996.41
ORD16095,PROD1008,2,3045.46
ORD16095,PROD1481,2,3509.17
ORD16095,PROD1322,2,3334.97
ORD16095,PROD1420,2,3978.74
ORD16096,PROD1404,1,1668.24
ORD16096,PROD1100,2,254.0
ORD16096,PROD1009,1,3569.56
ORD16097,PROD1451,1,2836.18
ORD16098,PROD1461,3,3281.13
ORD16098,PROD1279,3,3999.38
ORD16098,PROD1282,1,1940.36
ORD16099,PROD1294,1,722.6
ORD16099,PROD1332,1,170.53
ORD16099,PROD1083,1,411.44
ORD16099,PROD1357,2,2970.3
ORD16100,PROD1271,1,4069.56
ORD16100,PROD1471,1,4852.41
ORD16101,PROD1201,2,512.29
ORD16101,PROD1284,1,2933.57
ORD16102,PROD1196,2,3657.18
ORD16103,PROD1497,1,480.9
ORD16103,PROD1103,3,2592.0
ORD16103,PROD1173,1,1209.83
ORD16103,PROD1300,1,353.24
ORD16104,PROD1328,3,2156.04
ORD16104,PROD1088,2,4447.34
ORD16104,PROD1177,3,1995.0
ORD16105,PROD1114,2,3203.68
ORD16106,PROD1165,3,4192.98
ORD16107,PROD1362,1,2345.44
ORD16107,PROD1414,2,3196.0
ORD16107,PROD1201,2,512.29
ORD16107,PROD1432,2,3129.27
ORD16108,PROD1226,2,4867.75
ORD16109,PROD1450,2,3908.02
ORD16109,PROD1348,2,1935.6
ORD16110,PROD1001,3,4758.5
ORD16110,PROD1330,1,1844.27
ORD16110,PROD1462,3,3755.62
ORD16110,PROD1074,2,3563.6
ORD16111,PROD1477,2,2813.89
ORD16111,PROD1187,1,2820.48
ORD16112,PROD1096,1,2661.39
ORD16113,PROD1164,3,542.42
ORD16114,PROD1495,1,1831.43
ORD16115,PROD1457,1,2396.44
ORD16115,PROD1447,3,3791.55
ORD16116,PROD1050,3,4850.96
ORD16116,PROD1410,1,1664.64
ORD16116,PROD1264,1,4399.13
ORD16117,PROD1348,2,1935.6
ORD16118,PROD1224,1,1399.49
ORD16119,PROD1069,3,4935.75
ORD16119,PROD1344,1,2052.67
ORD16120,PROD1474,3,2685.74
ORD16120,PROD1426,2,2263.5
ORD16120,PROD1359,1,2919.82
ORD16120,PROD1344,2,2052.67
ORD16121,PROD1424,1,382.04
ORD16121,PROD1408,2,4536.37
ORD16122,PROD1113,3,4059.79
ORD16123,PROD1397,1,2202.07
ORD16124,PROD1469,3,4819.79
ORD16124,PROD1163,1,2725.3
ORD16125,PROD1264,3,4399.13
ORD16125,PROD1305,2,4881.68
ORD16126,PROD1080,2,4329.21
ORD16126,PROD1302,1,2749.11
ORD16127,PROD1408,3,4536.37
ORD16127,PROD1418,1,3395.34
ORD16128,PROD1240,3,4708.25
ORD16128,PROD1088,1,4447.34
ORD16128,PROD1182,1,4631.0
ORD16129,PROD1098,1,224.55
ORD16129,PROD1058,1,321.61
ORD16129,PROD1072,3,127.06
ORD16129,PROD1111,2,889.98
ORD16130,PROD1353,3,898.38
ORD16131,PROD1011,1,4852.56
ORD16131,PROD1465,2,1936.87
ORD16132,PROD1346,2,3211.96
ORD16132,PROD1019,2,1527.02
ORD16132,PROD1188,2,2695.29
ORD16132,PROD1135,2,1683.69
ORD16133,PROD1192,1,4512.05
ORD16134,PROD1278,1,3539.64
ORD16134,PROD1404,3,1668.24
ORD16134,PROD1139,2,4861.73
ORD16135,PROD1372,3,562.77
ORD16135,PROD1136,1,2642.07
ORD16135,PROD1281,2,1756.18
ORD16135,PROD1230,3,3994.58
ORD16136,PROD1177,2,1995.0
ORD16136,PROD1344,2,2052.67
ORD16137,PROD1455,2,2513.86
ORD16137,PROD1385,1,4037.06
ORD16138,PROD1358,1,4707.13
ORD16138,PROD1409,2,547.3
ORD16138,PROD1092,2,3827.85
ORD16139,PROD1190,3,556.2
ORD16139,PROD1482,1,2327.25
ORD16139,PROD1325,1,3715.69
ORD16140,PROD1381,3,3514.01
ORD16140,PROD1349,1,3166.71
ORD16140,PROD1127,3,4317.58
ORD16140,PROD1023,1,1895.17
ORD16141,PROD1257,1,3510.55
ORD16141,PROD1148,1,352.25
ORD16141,PROD1167,3,1013.94
ORD16142,PROD1162,2,3204.3
ORD16142,PROD1338,3,2423.45
ORD16142,PROD1207,1,3351.16
ORD16142,PROD1152,3,809.98
ORD16143,PROD1468,3,1195.62
ORD16144,PROD1406,1,2007.09
ORD16145,PROD1229,3,3192.58
ORD16145,PROD1313,1,4816.98
ORD16145,PROD1305,1,4881.68
ORD16145,PROD1333,2,668.76
ORD16146,PROD1096,1,2661.39
ORD16146,PROD1468,2,1195.62
ORD16147,PROD1492,2,1459.17
ORD16147,PROD1417,1,1710.46
ORD16147,PROD1213,2,1198.92
ORD16147,PROD1427,3,4449.75
ORD16148,PROD1448,1,1943.67
ORD16149,PROD1497,3,480.9
ORD16150,PROD1342,2,948.69
ORD16150,PROD1032,2,418.75
ORD16151,PROD1017,2,2671.31
ORD16151,PROD1374,1,448.82
ORD16151,PROD1306,3,2629.87
ORD16151,PROD1440,1,515.7
ORD16152,PROD1331,3,3813.45
ORD16152,PROD1357,3,2970.3
ORD16153,PROD1365,1,1991.9
ORD16154,PROD1123,2,639.25
ORD16154,PROD1182,3,4631.0
ORD16154,PROD1204,1,3071.5
ORD16155,PROD1232,2,2926.83
ORD16155,PROD1266,3,3515.38
ORD16156,PROD1090,1,686.01
ORD16156,PROD1390,3,4953.48
ORD16156,PROD1374,3,448.82
ORD16157,PROD1033,1,4749.54
ORD16157,PROD1010,3,200.86
ORD16157,PROD1485,1,4515.67
ORD16158,PROD1132,1,687.34
ORD16158,PROD1282,2,1940.36
ORD16158,PROD1348,2,1935.6
ORD16158,PROD1410,2,1664.64
ORD16159,PROD1104,2,4547.08
ORD16159,PROD1353,2,898.38
ORD16159,PROD1482,3,2327.25
ORD16160,PROD1114,3,3203.68
ORD16160,PROD1429,2,673.63
ORD16161,PROD1224,3,1399.49
ORD16162,PROD1171,3,181.28
ORD16162,PROD1163,2,2725.3
ORD16162,PROD1310,2,2250.96
ORD16162,PROD1216,2,1694.46
ORD16163,PROD1329,2,1313.88
ORD16163,PROD1293,3,1864.93
ORD16164,PROD1153,2,2498.32
ORD16165,PROD1491,1,3138.65
ORD16165,PROD1082,3,1721.4
ORD16165,PROD1448,2,1943.67
ORD16166,PROD1185,3,3333.92
ORD16166,PROD1373,1,3446.73
ORD16166,PROD1417,1,1710.46
ORD16166,PROD1229,3,3192.58
ORD16167,PROD1173,1,1209.83
ORD16167,PROD1031,1,935.57
ORD16167,PROD1038,1,3452.74
ORD16167,PROD1192,3,4512.05
ORD16168,PROD1233,2,2513.34
ORD16168,PROD1138,2,1881.79
ORD16169,PROD1171,1,181.28
ORD16169,PROD1013,2,1140.46
ORD16170,PROD1340,3,2508.92
ORD16170,PROD1236,2,1475.78
ORD16170,PROD1415,1,2297.38
ORD16171,PROD1206,2,597.21
ORD16171,PROD1435,2,3534.75
ORD16171,PROD1183,3,4398.96
ORD16171,PROD1114,2,3203.68
ORD16172,PROD1193,3,3202.2
ORD16172,PROD1069,2,4935.75
ORD16172,PROD1374,3,448.82
ORD16173,PROD1219,2,4261.19
ORD16174,PROD1332,1,170.53
ORD16175,PROD1443,2,1916.15
ORD16175,PROD1369,1,439.87
ORD16175,PROD1227,3,2026.18
ORD16176,PROD1249,1,4279.75
ORD16176,PROD1421,1,3969.13
ORD16177,PROD1476,1,461.6
ORD16178,PROD1045,1,3346.36
ORD16178,PROD1391,1,2121.83
ORD16178,PROD1220,1,3322.3
ORD16178,PROD1142,2,2536.52
ORD16179,PROD1182,1,4631.0
ORD16179,PROD1313,3,4816.98
ORD16180,PROD1034,2,4831.6
ORD16180,PROD1481,1,3509.17
ORD16180,PROD1351,2,4296.8
ORD16181,PROD1072,3,127.06
ORD16182,PROD1222,1,559.01
ORD16182,PROD1461,3,3281.13
ORD16183,PROD1171,1,181.28
ORD16184,PROD1147,2,2563.13
ORD16184,PROD1318,3,866.54
ORD16184,PROD1178,2,4689.98
ORD16184,PROD1369,1,439.87
ORD16185,PROD1160,1,1902.14
ORD16186,PROD1071,1,1073.71
ORD16187,PROD1114,2,3203.68
ORD16187,PROD1494,2,2372.12
ORD16188,PROD1398,2,3779.27
ORD16188,PROD1041,3,2526.37
ORD16189,PROD1328,3,2156.04
ORD16189,PROD1150,3,4550.5
ORD16190,PROD1394,1,1769.94
ORD16190,PROD1384,3,3701.85
ORD16191,PROD1069,3,4935.75
ORD16192,PROD1183,2,4398.96
ORD16193,PROD1058,1,321.61
ORD16193,PROD1322,3,3334.97
ORD16193,PROD1223,1,1901.81
ORD16194,PROD1191,2,4496.36
ORD16194,PROD1197,3,4495.84
ORD16195,PROD1275,1,2557.43
ORD16195,PROD1464,1,4814.65
ORD16196,PROD1284,1,2933.57
ORD16197,PROD1237,2,219.15
ORD16197,PROD1039,2,2256.75
ORD16197,PROD1438,1,3560.59
ORD16197,PROD1396,2,4306.22
ORD16198,PROD1102,1,1640.34
ORD16199,PROD1297,1,1157.52
ORD16199,PROD1383,2,4399.61
ORD16199,PROD1461,2,3281.13
ORD16200,PROD1252,3,4270.57
ORD16200,PROD1451,3,2836.18
ORD16200,PROD1276,3,4011.65
ORD16201,PROD1362,1,2345.44
ORD16202,PROD1313,1,4816.98
ORD16202,PROD1151,1,1273.85
ORD16202,PROD1300,2,353.24
ORD16203,PROD1164,1,542.42
ORD16203,PROD1382,1,3181.82
ORD16204,PROD1261,3,4951.26
ORD16204,PROD1047,3,2648.33
ORD16205,PROD1076,3,3879.22
ORD16206,PROD1067,1,4030.77
ORD16207,PROD1054,3,3029.71
ORD16207,PROD1082,2,1721.4
ORD16207,PROD1105,3,1321.53
ORD16208,PROD1438,1,3560.59
ORD16208,PROD1413,1,2909.85
ORD16208,PROD1359,1,2919.82
ORD16208,PROD1425,2,2792.69
ORD16209,PROD1106,3,2110.88
ORD16209,PROD1065,3,2759.21
ORD16209,PROD1494,1,2372.12
ORD16209,PROD1051,2,3898.15
ORD16210,PROD1216,1,1694.46
ORD16210,PROD1174,3,3261.35
ORD16211,PROD1171,2,181.28
ORD16212,PROD1361,3,3252.11
ORD16213,PROD1116,1,4037.99
ORD16214,PROD1285,2,276.12
ORD16215,PROD1176,2,3485.59
ORD16215,PROD1015,2,998.68
ORD16215,PROD1497,2,480.9
ORD16215,PROD1120,1,4056.46
ORD16216,PROD1385,3,4037.06
ORD16217,PROD1447,1,3791.55
ORD16217,PROD1391,3,2121.83
ORD16218,PROD1404,2,1668.24
ORD16218,PROD1370,1,593.81
ORD16218,PROD1352,1,3327.6
ORD16218,PROD1187,2,2820.48
ORD16219,PROD1075,2,3672.14
ORD16219,PROD1001,1,4758.5
ORD16219,PROD1494,2,2372.12
ORD16219,PROD1382,2,3181.82
ORD16220,PROD1340,1,2508.92
ORD16220,PROD1107,3,3802.2
ORD16221,PROD1273,2,4574.88
ORD16221,PROD1279,1,3999.38
ORD16221,PROD1029,3,327.61
ORD16221,PROD1016,3,1590.79
ORD16222,PROD1162,2,3204.3
ORD16222,PROD1448,3,1943.67
ORD16222,PROD1331,1,3813.45
ORD16222,PROD1412,3,4757.98
ORD16223,PROD1258,1,2893.3
ORD16223,PROD1201,1,512.29
ORD16223,PROD1267,1,3542.17
ORD16224,PROD1405,2,4488.06
ORD16224,PROD1401,1,4522.51
ORD16225,PROD1364,1,4713.18
ORD16225,PROD1334,3,325.41
ORD16226,PROD1337,3,3547.92
ORD16226,PROD1051,2,3898.15
ORD16226,PROD1375,1,1662.98
ORD16226,PROD1299,1,518.2
ORD16227,PROD1156,3,3393.46
ORD16227,PROD1146,2,3086.87
ORD16228,PROD1122,3,1658.22
ORD16228,PROD1402,3,2575.74
ORD16228,PROD1490,2,2332.72
ORD16229,PROD1189,3,1285.08
ORD16229,PROD1397,3,2202.07
ORD16229,PROD1305,2,4881.68
ORD16230,PROD1246,1,2198.1
ORD16230,PROD1264,1,4399.13
ORD16231,PROD1057,2,1060.32
ORD16231,PROD1336,3,4291.76
ORD16231,PROD1483,2,3175.03
ORD16232,PROD1450,2,3908.02
ORD16233,PROD1248,3,4821.74
ORD16233,PROD1356,3,229.91
ORD16233,PROD1372,1,562.77
ORD16234,PROD1322,1,3334.97
ORD16234,PROD1079,2,667.76
ORD16234,PROD1440,1,515.7
ORD16235,PROD1433,3,595.5
ORD16235,PROD1154,2,4929.69
ORD16235,PROD1029,2,327.61
ORD16236,PROD1473,3,4466.6
ORD16236,PROD1398,2,3779.27
ORD16236,PROD1351,1,4296.8
ORD16237,PROD1432,1,3129.27
ORD16237,PROD1256,3,4687.16
ORD16237,PROD1202,1,891.98
ORD16237,PROD1438,3,3560.59
ORD16238,PROD1282,3,1940.36
ORD16238,PROD1092,3,3827.85
ORD16238,PROD1049,1,1005.79
ORD16239,PROD1056,3,533.61
ORD16239,PROD1230,3,3994.58
ORD16239,PROD1337,2,3547.92
ORD16239,PROD1206,3,597.21
ORD16240,PROD1301,3,2703.64
ORD16240,PROD1066,3,790.53
ORD16240,PROD1246,2,2198.1
ORD16240,PROD1015,1,998.68
ORD16241,PROD1451,2,2836.18
ORD16242,PROD1021,3,783.52
ORD16242,PROD1105,3,1321.53
ORD16243,PROD1122,1,1658.22
ORD16243,PROD1242,3,4582.84
ORD16243,PROD1436,1,456.54
ORD16243,PROD1290,1,249.45
ORD16244,PROD1312,2,224.22
ORD16245,PROD1417,2,1710.46
ORD16245,PROD1303,3,3223.41
ORD16245,PROD1166,2,1671.82
ORD16246,PROD1413,1,2909.85
ORD16246,PROD1247,2,4836.61
ORD16246,PROD1433,3,595.5
ORD16246,PROD1352,2,3327.6
ORD16247,PROD1316,2,2103.87
ORD16248,PROD1017,3,2671.31
ORD16248,PROD1321,1,3601.52
ORD16249,PROD1257,1,3510.55
ORD16249,PROD1069,1,4935.75
ORD16249,PROD1423,1,2522.66
ORD16249,PROD1409,2,547.3
ORD16250,PROD1276,3,4011.65
ORD16250,PROD1015,3,998.68
ORD16250,PROD1005,3,864.37
ORD16250,PROD1033,1,4749.54
ORD16251,PROD1156,3,3393.46
ORD16251,PROD1031,3,935.57
ORD16251,PROD1009,1,3569.56
ORD16252,PROD1019,3,1527.02
ORD16253,PROD1152,1,809.98
ORD16254,PROD1249,2,4279.75
ORD16254,PROD1398,2,3779.27
ORD16254,PROD1428,2,1819.48
ORD16254,PROD1044,2,1368.02
ORD16255,PROD1162,3,3204.3
ORD16255,PROD1480,1,3184.05
ORD16255,PROD1075,3,3672.14
ORD16256,PROD1118,1,4473.54
ORD16256,PROD1286,2,2381.43
ORD16256,PROD1463,1,2958.51
ORD16256,PROD1096,2,2661.39
ORD16257,PROD1452,1,2178.69
ORD16257,PROD1451,3,2836.18
ORD16257,PROD1064,1,1476.58
ORD16257,PROD1398,2,3779.27
ORD16258,PROD1023,3,1895.17
ORD16259,PROD1390,3,4953.48
ORD16259,PROD1252,1,4270.57
ORD16259,PROD1414,3,3196.0
ORD16260,PROD1465,3,1936.87
ORD16260,PROD1103,2,2592.0
ORD16261,PROD1047,2,2648.33
ORD16261,PROD1350,1,2565.37
ORD16261,PROD1216,2,1694.46
ORD16261,PROD1321,3,3601.52
ORD16262,PROD1207,1,3351.16
ORD16262,PROD1126,3,4108.27
ORD16262,PROD1181,3,656.02
ORD16262,PROD1355,2,3247.85
ORD16263,PROD1202,1,891.98
ORD16264,PROD1229,1,3192.58
ORD16264,PROD1358,1,4707.13
ORD16265,PROD1477,2,2813.89
ORD16265,PROD1077,2,462.82
ORD16266,PROD1334,3,325.41
ORD16266,PROD1290,3,249.45
ORD16266,PROD1284,3,2933.57
ORD16266,PROD1035,1,4061.15
ORD16267,PROD1312,3,224.22
ORD16267,PROD1468,3,1195.62
ORD16267,PROD1354,2,445.79
ORD16268,PROD1364,3,4713.18
ORD16268,PROD1408,2,4536.37
ORD16268,PROD1129,2,2602.66
ORD16268,PROD1485,2,4515.67
ORD16269,PROD1360,1,2002.03
ORD16269,PROD1125,2,2192.83
ORD16269,PROD1326,2,2816.33
ORD16269,PROD1184,2,1363.91
ORD16270,PROD1131,2,1188.33
ORD16270,PROD1355,3,3247.85
ORD16271,PROD1101,2,3218.41
ORD16271,PROD1282,1,1940.36
ORD16272,PROD1099,1,628.67
ORD16272,PROD1231,3,2562.92
ORD16272,PROD1290,2,249.45
ORD16273,PROD1298,3,3152.16
ORD16273,PROD1328,2,2156.04
ORD16273,PROD1323,3,1471.68
ORD16274,PROD1227,3,2026.18
ORD16274,PROD1376,2,4239.89
ORD16274,PROD1144,1,1495.72
ORD16275,PROD1245,1,4648.76
ORD16276,PROD1402,3,2575.74
ORD16276,PROD1252,2,4270.57
ORD16276,PROD1277,2,3284.82
ORD16276,PROD1487,2,1476.72
ORD16277,PROD1252,1,4270.57
ORD16277,PROD1003,1,3033.43
ORD16278,PROD1178,1,4689.98
ORD16279,PROD1258,1,2893.3
ORD16279,PROD1428,3,1819.48
ORD16280,PROD1111,2,889.98
ORD16281,PROD1221,1,2884.71
ORD16281,PROD1017,2,2671.31
ORD16282,PROD1039,1,2256.75
ORD16283,PROD1100,3,254.0
ORD16284,PROD1454,1,644.87
ORD16284,PROD1303,1,3223.41
ORD16284,PROD1009,2,3569.56
ORD16285,PROD1151,3,1273.85
ORD16285,PROD1304,2,3657.85
ORD16285,PROD1425,2,2792.69
ORD16286,PROD1411,3,4755.3
ORD16287,PROD1096,2,2661.39
ORD16287,PROD1323,2,1471.68
ORD16287,PROD1098,2,224.55
ORD16288,PROD1336,1,4291.76
ORD16288,PROD1146,1,3086.87
ORD16288,PROD1112,3,4655.52
ORD16288,PROD1444,2,4082.72
ORD16289,PROD1061,3,1429.61
ORD16289,PROD1443,3,1916.15
ORD16290,PROD1253,2,1652.92
ORD16290,PROD1126,1,4108.27
ORD16290,PROD1337,3,3547.92
ORD16291,PROD1330,3,1844.27
ORD16292,PROD1008,2,3045.46
ORD16292,PROD1250,2,1542.8
ORD16292,PROD1238,3,3262.81
ORD16292,PROD1034,1,4831.6
ORD16293,PROD1197,2,4495.84
ORD16293,PROD1210,1,2788.8
ORD16294,PROD1115,1,4370.16
ORD16295,PROD1217,2,3757.81
ORD16296,PROD1083,2,411.44
ORD16297,PROD1198,3,4446.72
ORD16297,PROD1274,1,2605.58
ORD16297,PROD1354,2,445.79
ORD16297,PROD1394,1,1769.94
ORD16298,PROD1408,2,4536.37
ORD16299,PROD1139,2,4861.73
ORD16299,PROD1379,1,1481.09
ORD16299,PROD1432,2,3129.27
ORD16300,PROD1362,2,2345.44
ORD16301,PROD1356,2,229.91
ORD16301,PROD1334,3,325.41
ORD16301,PROD1307,2,1682.49
ORD16301,PROD1354,2,445.79
ORD16302,PROD1126,3,4108.27
ORD16302,PROD1125,2,2192.83
ORD16302,PROD1491,3,3138.65
ORD16303,PROD1007,3,4344.26
ORD16303,PROD1230,1,3994.58
ORD16304,PROD1015,2,998.68
ORD16305,PROD1300,2,353.24
ORD16306,PROD1402,3,2575.74
ORD16306,PROD1422,1,546.91
ORD16306,PROD1305,2,4881.68
ORD16306,PROD1204,1,3071.5
ORD16307,PROD1447,2,3791.55
ORD16307,PROD1463,3,2958.51
ORD16308,PROD1062,3,4160.81
ORD16308,PROD1373,1,3446.73
ORD16309,PROD1072,2,127.06
ORD16309,PROD1321,2,3601.52
ORD16310,PROD1059,1,1694.12
ORD16310,PROD1255,1,2828.33
ORD16310,PROD1474,2,2685.74
ORD16310,PROD1182,1,4631.0
ORD16311,PROD1037,3,578.59
ORD16311,PROD1301,1,2703.64
ORD16312,PROD1387,2,969.45
ORD16312,PROD1146,3,3086.87
ORD16312,PROD1445,1,4741.52
ORD16312,PROD1279,3,3999.38
ORD16313,PROD1467,1,4356.14
ORD16313,PROD1320,1,2791.21
ORD16313,PROD1253,3,1652.92
ORD16314,PROD1325,2,3715.69
ORD16314,PROD1179,3,773.85
ORD16315,PROD1288,1,1504.05
ORD16315,PROD1200,3,3245.96
ORD16315,PROD1006,1,384.61
ORD16316,PROD1401,3,4522.51
ORD16316,PROD1162,1,3204.3
ORD16316,PROD1336,1,4291.76
ORD16316,PROD1294,3,722.6
ORD16317,PROD1204,2,3071.5
ORD16317,PROD1435,2,3534.75
ORD16317,PROD1315,2,3510.27
ORD16318,PROD1289,1,2995.08
ORD16318,PROD1246,2,2198.1
ORD16318,PROD1411,1,4755.3
ORD16319,PROD1449,1,509.15
ORD16319,PROD1420,3,3978.74
ORD16320,PROD1270,3,4065.87
ORD16321,PROD1079,2,667.76
ORD16321,PROD1271,2,4069.56
ORD16321,PROD1343,2,2225.87
ORD16321,PROD1052,1,4703.54
ORD16322,PROD1383,3,4399.61
ORD16322,PROD1227,1,2026.18
ORD16322,PROD1445,3,4741.52
ORD16322,PROD1179,2,773.85
ORD16323,PROD1229,2,3192.58
ORD16323,PROD1017,3,2671.31
ORD16323,PROD1487,1,1476.72
ORD16323,PROD1498,1,4874.53
ORD16324,PROD1347,2,321.99
ORD16325,PROD1211,1,3490.29
ORD16325,PROD1169,1,2995.38
ORD16325,PROD1151,2,1273.85
ORD16326,PROD1013,2,1140.46
ORD16326,PROD1018,1,2216.53
ORD16327,PROD1006,2,384.61
ORD16328,PROD1027,1,2619.75
ORD16328,PROD1347,2,321.99
ORD16328,PROD1489,2,4462.29
ORD16329,PROD1484,1,2963.14
ORD16330,PROD1371,3,189.29
ORD16330,PROD1277,2,3284.82
ORD16330,PROD1334,2,325.41
ORD16330,PROD1077,2,462.82
ORD16331,PROD1277,1,3284.82
ORD16331,PROD1406,1,2007.09
ORD16331,PROD1307,2,1682.49
ORD16331,PROD1169,3,2995.38
ORD16332,PROD1256,1,4687.16
ORD16333,PROD1183,3,4398.96
ORD16333,PROD1228,3,4471.03
ORD16334,PROD1171,3,181.28
ORD16334,PROD1080,1,4329.21
ORD16334,PROD1048,3,2778.88
ORD16335,PROD1097,1,2194.95
ORD16335,PROD1073,2,4095.76
ORD16336,PROD1186,3,4104.39
ORD16336,PROD1383,3,4399.61
ORD16337,PROD1234,1,1056.69
ORD16337,PROD1357,2,2970.3
ORD16338,PROD1330,3,1844.27
ORD16338,PROD1339,1,579.39
ORD16338,PROD1407,1,153.1
ORD16338,PROD1306,2,2629.87
ORD16339,PROD1139,1,4861.73
ORD16339,PROD1356,3,229.91
ORD16339,PROD1396,1,4306.22
ORD16340,PROD1115,3,4370.16
ORD16340,PROD1436,3,456.54
ORD16340,PROD1208,3,124.8
ORD16341,PROD1423,3,2522.66
ORD16341,PROD1248,3,4821.74
ORD16341,PROD1317,2,949.14
ORD16341,PROD1313,2,4816.98
ORD16342,PROD1007,2,4344.26
ORD16342,PROD1162,2,3204.3
ORD16342,PROD1062,2,4160.81
ORD16342,PROD1286,3,2381.43
ORD16343,PROD1193,1,3202.2
ORD16344,PROD1329,2,1313.88
ORD16345,PROD1470,1,159.56
ORD16345,PROD1288,1,1504.05
ORD16346,PROD1010,2,200.86
ORD16347,PROD1046,1,1627.38
ORD16347,PROD1449,3,509.15
ORD16348,PROD1210,3,2788.8
ORD16348,PROD1204,2,3071.5
ORD16348,PROD1082,1,1721.4
ORD16348,PROD1076,2,3879.22
ORD16349,PROD1054,3,3029.71
ORD16349,PROD1146,2,3086.87
ORD16349,PROD1066,1,790.53
ORD16350,PROD1410,3,1664.64
ORD16350,PROD1042,3,268.5
ORD16350,PROD1077,3,462.82
ORD16351,PROD1319,1,1326.19
ORD16352,PROD1051,3,3898.15
ORD16352,PROD1016,1,1590.79
ORD16352,PROD1210,1,2788.8
ORD16353,PROD1403,1,4149.64
ORD16353,PROD1336,2,4291.76
ORD16353,PROD1300,2,353.24
ORD16354,PROD1197,3,4495.84
ORD16354,PROD1257,1,3510.55
ORD16355,PROD1435,3,3534.75
ORD16355,PROD1211,1,3490.29
ORD16356,PROD1154,3,4929.69
ORD16357,PROD1268,3,1861.51
ORD16358,PROD1375,2,1662.98
ORD16358,PROD1119,2,2742.78
ORD16359,PROD1468,2,1195.62
ORD16359,PROD1381,3,3514.01
ORD16360,PROD1218,1,3283.2
ORD16360,PROD1491,1,3138.65
ORD16360,PROD1442,1,1933.93
ORD16361,PROD1045,2,3346.36
ORD16361,PROD1337,2,3547.92
ORD16361,PROD1380,2,679.01
ORD16361,PROD1053,3,4484.65
ORD16362,PROD1239,1,967.84
ORD16363,PROD1201,3,512.29
ORD16363,PROD1255,1,2828.33
ORD16364,PROD1175,1,954.4
ORD16364,PROD1218,3,3283.2
ORD16364,PROD1223,3,1901.81
ORD16365,PROD1092,1,3827.85
ORD16366,PROD1073,2,4095.76
ORD16366,PROD1409,3,547.3
ORD16366,PROD1443,3,1916.15
ORD16367,PROD1065,3,2759.21
ORD16367,PROD1152,2,809.98
ORD16367,PROD1364,3,4713.18
ORD16367,PROD1195,3,1811.13
ORD16368,PROD1070,1,3884.0
ORD16368,PROD1476,2,461.6
ORD16369,PROD1171,2,181.28
ORD16369,PROD1122,2,1658.22
ORD16369,PROD1288,3,1504.05
ORD16369,PROD1449,2,509.15
ORD16370,PROD1381,3,3514.01
ORD16370,PROD1426,1,2263.5
ORD16370,PROD1408,1,4536.37
ORD16371,PROD1092,1,3827.85
ORD16371,PROD1442,3,1933.93
ORD16372,PROD1123,2,639.25
ORD16372,PROD1054,3,3029.71
ORD16372,PROD1419,2,3786.64
ORD16373,PROD1096,2,2661.39
ORD16374,PROD1284,1,2933.57
ORD16375,PROD1282,1,1940.36
ORD16376,PROD1451,2,2836.18
ORD16376,PROD1240,2,4708.25
ORD16376,PROD1395,3,4660.71
ORD16377,PROD1330,1,1844.27
ORD16377,PROD1483,2,3175.03
ORD16378,PROD1314,2,4196.3
ORD16378,PROD1264,3,4399.13
ORD16378,PROD1288,1,1504.05
ORD16379,PROD1005,2,864.37
ORD16379,PROD1131,2,1188.33
ORD16379,PROD1258,1,2893.3
ORD16379,PROD1140,1,4815.99
ORD16380,PROD1391,3,2121.83
ORD16380,PROD1331,1,3813.45
ORD16380,PROD1135,2,1683.69
ORD16381,PROD1276,1,4011.65
ORD16381,PROD1191,3,4496.36
ORD16381,PROD1406,2,2007.09
ORD16381,PROD1090,3,686.01
ORD16382,PROD1219,2,4261.19
ORD16382,PROD1198,1,4446.72
ORD16383,PROD1008,3,3045.46
ORD16383,PROD1179,2,773.85
ORD16384,PROD1291,3,283.01
ORD16384,PROD1166,2,1671.82
ORD16385,PROD1026,2,1078.4
ORD16386,PROD1351,1,4296.8
ORD16386,PROD1194,1,1761.25
ORD16386,PROD1140,2,4815.99
ORD16387,PROD1016,2,1590.79
ORD16387,PROD1183,1,4398.96
ORD16387,PROD1047,1,2648.33
ORD16388,PROD1013,1,1140.46
ORD16388,PROD1347,3,321.99
ORD16388,PROD1366,2,4809.83
ORD16389,PROD1028,1,3002.83
ORD16389,PROD1464,2,4814.65
ORD16389,PROD1027,3,2619.75
ORD16389,PROD1488,2,4757.02
ORD16390,PROD1143,1,1574.3
ORD16390,PROD1148,1,352.25
ORD16390,PROD1171,3,181.28
ORD16390,PROD1317,1,949.14
ORD16391,PROD1123,3,639.25
ORD16391,PROD1277,3,3284.82
ORD16391,PROD1211,1,3490.29
ORD16391,PROD1193,1,3202.2
ORD16392,PROD1144,2,1495.72
ORD16393,PROD1414,2,3196.0
ORD16394,PROD1084,2,1623.81
ORD16394,PROD1204,3,3071.5
ORD16395,PROD1165,2,4192.98
ORD16396,PROD1159,3,3668.26
ORD16397,PROD1101,1,3218.41
ORD16397,PROD1345,2,3117.67
ORD16398,PROD1413,2,2909.85
ORD16398,PROD1132,1,687.34
ORD16398,PROD1259,3,576.16
ORD16398,PROD1178,1,4689.98
ORD16399,PROD1348,3,1935.6
ORD16399,PROD1286,1,2381.43
ORD16399,PROD1363,2,2773.52
ORD16400,PROD1444,2,4082.72
ORD16400,PROD1065,1,2759.21
ORD16400,PROD1147,1,2563.13
ORD16401,PROD1291,1,283.01
ORD16401,PROD1083,2,411.44
ORD16401,PROD1363,1,2773.52
ORD16402,PROD1197,2,4495.84
ORD16402,PROD1352,2,3327.6
ORD16403,PROD1447,3,3791.55
ORD16403,PROD1033,3,4749.54
ORD16403,PROD1078,3,1856.48
ORD16404,PROD1479,2,2663.18
ORD16404,PROD1495,1,1831.43
ORD16405,PROD1029,3,327.61
ORD16405,PROD1426,1,2263.5
ORD16405,PROD1391,3,2121.83
ORD16406,PROD1335,2,299.57
ORD16406,PROD1495,2,1831.43
ORD16407,PROD1262,2,786.41
ORD16407,PROD1323,1,1471.68
ORD16408,PROD1053,1,4484.65
ORD16408,PROD1269,3,1538.6
ORD16408,PROD1171,1,181.28
ORD16409,PROD1327,2,3097.43
ORD16410,PROD1460,3,675.88
ORD16410,PROD1006,3,384.61
ORD16411,PROD1188,1,2695.29
ORD16411,PROD1454,1,644.87
ORD16411,PROD1029,3,327.61
ORD16411,PROD1004,3,864.49
ORD16412,PROD1170,3,3420.07
ORD16412,PROD1395,3,4660.71
ORD16413,PROD1091,3,3594.9
ORD16413,PROD1473,3,4466.6
ORD16413,PROD1229,1,3192.58
ORD16413,PROD1197,1,4495.84
ORD16414,PROD1424,2,382.04
ORD16414,PROD1049,1,1005.79
ORD16414,PROD1009,2,3569.56
ORD16415,PROD1009,3,3569.56
ORD16415,PROD1390,2,4953.48
ORD16416,PROD1466,1,1499.99
ORD16416,PROD1446,3,4931.41
ORD16417,PROD1042,1,268.5
ORD16417,PROD1381,3,3514.01
ORD16418,PROD1369,2,439.87
ORD16419,PROD1393,3,3904.42
ORD16419,PROD1048,3,2778.88
ORD16420,PROD1137,1,3544.79
ORD16420,PROD1020,2,3098.08
ORD16421,PROD1222,3,559.01
ORD16421,PROD1202,2,891.98
ORD16422,PROD1276,2,4011.65
ORD16422,PROD1420,1,3978.74
ORD16422,PROD1484,1,2963.14
ORD16422,PROD1397,1,2202.07
ORD16423,PROD1151,3,1273.85
ORD16423,PROD1207,3,3351.16
ORD16424,PROD1499,3,4932.43
ORD16424,PROD1207,1,3351.16
ORD16425,PROD1236,2,1475.78
ORD16425,PROD1007,1,4344.26
ORD16425,PROD1101,1,3218.41
ORD16426,PROD1378,3,4090.9
ORD16426,PROD1380,1,679.01
ORD16426,PROD1433,1,595.5
ORD16426,PROD1093,3,2850.26
ORD16427,PROD1303,1,3223.41
ORD16427,PROD1155,3,1286.07
ORD16428,PROD1122,1,1658.22
ORD16428,PROD1278,2,3539.64
ORD16428,PROD1348,3,1935.6
ORD16428,PROD1366,3,4809.83
ORD16429,PROD1122,2,1658.22
ORD16429,PROD1200,2,3245.96
ORD16430,PROD1300,2,353.24
ORD16431,PROD1080,1,4329.21
ORD16431,PROD1215,2,1262.52
ORD16431,PROD1276,3,4011.65
ORD16432,PROD1133,2,1754.31
ORD16433,PROD1465,1,1936.87
ORD16433,PROD1449,1,509.15
ORD16433,PROD1095,1,2519.6
ORD16434,PROD1037,3,578.59
ORD16434,PROD1311,2,484.44
ORD16434,PROD1346,1,3211.96
ORD16434,PROD1494,2,2372.12
ORD16435,PROD1153,2,2498.32
ORD16436,PROD1133,3,1754.31
ORD16436,PROD1042,2,268.5
ORD16436,PROD1093,2,2850.26
ORD16437,PROD1016,1,1590.79
ORD16437,PROD1332,1,170.53
ORD16437,PROD1116,2,4037.99
ORD16437,PROD1045,2,3346.36
ORD16438,PROD1416,2,1536.73
ORD16439,PROD1047,3,2648.33
ORD16439,PROD1098,2,224.55
ORD16440,PROD1252,1,4270.57
ORD16440,PROD1190,3,556.2
ORD16441,PROD1284,2,2933.57
ORD16441,PROD1351,2,4296.8
ORD16441,PROD1155,2,1286.07
ORD16441,PROD1090,1,686.01
ORD16442,PROD1040,3,697.99
ORD16442,PROD1361,3,3252.11
ORD16442,PROD1371,1,189.29
ORD16443,PROD1376,1,4239.89
ORD16443,PROD1239,2,967.84
ORD16444,PROD1424,2,382.04
ORD16444,PROD1042,2,268.5
ORD16445,PROD1237,3,219.15
ORD16445,PROD1246,1,2198.1
ORD16446,PROD1451,2,2836.18
ORD16447,PROD1060,2,2004.52
ORD16447,PROD1082,1,1721.4
ORD16447,PROD1009,2,3569.56
ORD16447,PROD1433,2,595.5
ORD16448,PROD1357,1,2970.3
ORD16448,PROD1320,3,2791.21
ORD16448,PROD1285,3,276.12
ORD16449,PROD1119,2,2742.78
ORD16449,PROD1062,3,4160.81
ORD16450,PROD1168,2,299.8
ORD16450,PROD1139,2,4861.73
ORD16450,PROD1272,1,4348.65
ORD16451,PROD1347,3,321.99
ORD16451,PROD1243,1,1913.78
ORD16451,PROD1294,3,722.6
ORD16451,PROD1073,3,4095.76
ORD16452,PROD1075,1,3672.14
ORD16452,PROD1034,3,4831.6
ORD16453,PROD1164,2,542.42
ORD16454,PROD1272,2,4348.65
ORD16455,PROD1353,2,898.38
ORD16455,PROD1096,1,2661.39
ORD16456,PROD1060,2,2004.52
ORD16457,PROD1467,1,4356.14
ORD16458,PROD1245,1,4648.76
ORD16458,PROD1140,1,4815.99
ORD16459,PROD1169,2,2995.38
ORD16459,PROD1339,1,579.39
ORD16459,PROD1325,2,3715.69
ORD16459,PROD1458,2,375.89
ORD16460,PROD1298,1,3152.16
ORD16460,PROD1195,3,1811.13
ORD16460,PROD1383,1,4399.61
ORD16461,PROD1379,1,1481.09
ORD16462,PROD1138,1,1881.79
ORD16463,PROD1447,2,3791.55
ORD16463,PROD1260,3,3113.54
ORD16463,PROD1033,2,4749.54
ORD16463,PROD1008,3,3045.46
ORD16464,PROD1401,3,4522.51
ORD16464,PROD1470,3,159.56
ORD16464,PROD1139,2,4861.73
ORD16465,PROD1020,1,3098.08
ORD16465,PROD1383,2,4399.61
ORD16465,PROD1457,1,2396.44
ORD16466,PROD1280,2,4461.03
ORD16466,PROD1076,3,3879.22
ORD16466,PROD1232,3,2926.83
ORD16467,PROD1403,1,4149.64
ORD16467,PROD1467,2,4356.14
ORD16467,PROD1424,1,382.04
ORD16467,PROD1003,1,3033.43
ORD16468,PROD1153,1,2498.32
ORD16469,PROD1439,1,498.61
ORD16470,PROD1433,3,595.5
ORD16470,PROD1123,2,639.25
ORD16471,PROD1026,1,1078.4
ORD16471,PROD1004,2,864.49
ORD16471,PROD1334,2,325.41
ORD16472,PROD1314,3,4196.3
ORD16472,PROD1448,2,1943.67
ORD16472,PROD1226,3,4867.75
ORD16472,PROD1059,1,1694.12
ORD16473,PROD1225,3,1295.55
ORD16473,PROD1115,3,4370.16
ORD16474,PROD1020,1,3098.08
ORD16474,PROD1251,3,1986.98
ORD16474,PROD1330,3,1844.27
ORD16475,PROD1343,1,2225.87
ORD16475,PROD1213,3,1198.92
ORD16476,PROD1064,2,1476.58
ORD16476,PROD1253,1,1652.92
ORD16476,PROD1369,3,439.87
ORD16476,PROD1005,1,864.37
ORD16477,PROD1463,3,2958.51
ORD16477,PROD1069,3,4935.75
ORD16477,PROD1064,2,1476.58
ORD16478,PROD1178,2,4689.98
ORD16478,PROD1188,2,2695.29
ORD16478,PROD1167,3,1013.94
ORD16479,PROD1270,3,4065.87
ORD16479,PROD1213,3,1198.92
ORD16479,PROD1429,2,673.63
ORD16479,PROD1109,2,477.2
ORD16480,PROD1495,3,1831.43
ORD16480,PROD1039,1,2256.75
ORD16480,PROD1282,2,1940.36
ORD16481,PROD1203,1,4502.92
ORD16482,PROD1401,3,4522.51
ORD16482,PROD1122,3,1658.22
ORD16482,PROD1294,2,722.6
ORD16483,PROD1243,3,1913.78
ORD16483,PROD1249,1,4279.75
ORD16483,PROD1142,1,2536.52
ORD16483,PROD1248,3,4821.74
ORD16484,PROD1234,1,1056.69
ORD16484,PROD1281,2,1756.18
ORD16485,PROD1237,3,219.15
ORD16485,PROD1031,1,935.57
ORD16486,PROD1173,1,1209.83
ORD16487,PROD1355,2,3247.85
ORD16487,PROD1477,2,2813.89
ORD16488,PROD1070,3,3884.0
ORD16488,PROD1143,1,1574.3
ORD16488,PROD1205,3,145.07
ORD16488,PROD1356,2,229.91
ORD16489,PROD1056,3,533.61
ORD16489,PROD1055,2,4617.18
ORD16489,PROD1166,2,1671.82
ORD16490,PROD1277,3,3284.82
ORD16490,PROD1493,1,1021.79
ORD16490,PROD1387,2,969.45
ORD16491,PROD1066,1,790.53
ORD16491,PROD1122,1,1658.22
ORD16491,PROD1286,2,2381.43
ORD16491,PROD1052,3,4703.54
ORD16492,PROD1440,2,515.7
ORD16492,PROD1243,2,1913.78
ORD16492,PROD1075,3,3672.14
ORD16493,PROD1146,1,3086.87
ORD16494,PROD1380,1,679.01
ORD16494,PROD1394,1,1769.94
ORD16494,PROD1004,2,864.49
ORD16494,PROD1100,1,254.0
ORD16495,PROD1244,1,175.74
ORD16495,PROD1264,1,4399.13
ORD16495,PROD1314,3,4196.3
ORD16495,PROD1037,2,578.59
ORD16496,PROD1413,2,2909.85
ORD16496,PROD1060,3,2004.52
ORD16497,PROD1268,1,1861.51
ORD16497,PROD1304,3,3657.85
ORD16497,PROD1244,1,175.74
ORD16498,PROD1328,1,2156.04
ORD16498,PROD1399,1,3797.26
ORD16498,PROD1399,3,3797.26
ORD16498,PROD1267,2,3542.17
ORD16499,PROD1418,2,3395.34
ORD16500,PROD1477,2,2813.89
ORD16500,PROD1170,3,3420.07
ORD16500,PROD1100,1,254.0
ORD16501,PROD1065,3,2759.21
ORD16502,PROD1123,3,639.25
ORD16503,PROD1084,1,1623.81
ORD16504,PROD1326,2,2816.33
ORD16504,PROD1413,2,2909.85
ORD16505,PROD1273,1,4574.88
ORD16505,PROD1312,1,224.22
ORD16506,PROD1132,1,687.34
ORD16506,PROD1180,2,1771.23
ORD16507,PROD1250,3,1542.8
ORD16507,PROD1440,1,515.7
ORD16507,PROD1113,2,4059.79
ORD16508,PROD1226,1,4867.75
ORD16508,PROD1253,1,1652.92
ORD16508,PROD1226,2,4867.75
ORD16509,PROD1211,1,3490.29
ORD16509,PROD1035,2,4061.15
ORD16510,PROD1363,3,2773.52
ORD16510,PROD1430,3,800.66
ORD16510,PROD1090,2,686.01
ORD16510,PROD1095,3,2519.6
ORD16511,PROD1364,2,4713.18
ORD16511,PROD1474,1,2685.74
ORD16512,PROD1055,3,4617.18
ORD16512,PROD1203,2,4502.92
ORD16512,PROD1034,2,4831.6
ORD16513,PROD1278,1,3539.64
ORD16514,PROD1043,3,4555.67
ORD16514,PROD1000,2,1935.25
ORD16515,PROD1396,3,4306.22
ORD16515,PROD1410,1,1664.64
ORD16515,PROD1275,2,2557.43
ORD16515,PROD1366,2,4809.83
ORD16516,PROD1276,2,4011.65
ORD16516,PROD1102,1,1640.34
ORD16516,PROD1404,3,1668.24
ORD16516,PROD1300,2,353.24
ORD16517,PROD1330,2,1844.27
ORD16517,PROD1256,1,4687.16
ORD16518,PROD1082,3,1721.4
ORD16518,PROD1073,1,4095.76
ORD16518,PROD1366,3,4809.83
ORD16518,PROD1013,3,1140.46
ORD16519,PROD1258,1,2893.3
ORD16519,PROD1118,2,4473.54
ORD16519,PROD1218,3,3283.2
ORD16519,PROD1164,1,542.42
ORD16520,PROD1042,3,268.5
ORD16520,PROD1114,1,3203.68
ORD16520,PROD1349,2,3166.71
ORD16520,PROD1043,2,4555.67
ORD16521,PROD1346,1,3211.96
ORD16521,PROD1245,1,4648.76
ORD16522,PROD1459,2,682.21
ORD16522,PROD1069,3,4935.75
ORD16523,PROD1121,2,4490.85
ORD16523,PROD1117,2,1014.19
ORD16523,PROD1466,1,1499.99
ORD16523,PROD1307,1,1682.49
ORD16524,PROD1406,1,2007.09
ORD16525,PROD1329,3,1313.88
ORD16526,PROD1437,2,4127.11
ORD16526,PROD1013,2,1140.46
ORD16526,PROD1030,2,3076.97
ORD16526,PROD1178,3,4689.98
ORD16527,PROD1081,1,3154.16
ORD16527,PROD1179,1,773.85
ORD16528,PROD1164,1,542.42
ORD16529,PROD1029,3,327.61
ORD16529,PROD1355,3,3247.85
ORD16530,PROD1399,1,3797.26
ORD16530,PROD1485,2,4515.67
ORD16530,PROD1415,2,2297.38
ORD16531,PROD1014,3,990.94
ORD16531,PROD1299,2,518.2
ORD16531,PROD1406,3,2007.09
ORD16532,PROD1013,1,1140.46
ORD16533,PROD1347,3,321.99
ORD16533,PROD1453,1,4541.14
ORD16534,PROD1379,2,1481.09
ORD16534,PROD1060,2,2004.52
ORD16535,PROD1200,1,3245.96
ORD16535,PROD1145,1,280.75
ORD16536,PROD1200,2,3245.96
ORD16536,PROD1105,2,1321.53
ORD16536,PROD1313,1,4816.98
ORD16537,PROD1044,3,1368.02
ORD16537,PROD1033,3,4749.54
ORD16537,PROD1372,3,562.77
ORD16538,PROD1122,3,1658.22
ORD16538,PROD1262,2,786.41
ORD16538,PROD1068,3,465.3
ORD16538,PROD1110,1,1519.78
ORD16539,PROD1097,1,2194.95
ORD16539,PROD1280,2,4461.03
ORD16539,PROD1321,1,3601.52
ORD16539,PROD1306,2,2629.87
ORD16540,PROD1375,1,1662.98
ORD16540,PROD1159,1,3668.26
ORD16540,PROD1380,3,679.01
ORD16541,PROD1165,2,4192.98
ORD16541,PROD1248,3,4821.74
ORD16541,PROD1393,1,3904.42
ORD16542,PROD1228,2,4471.03
ORD16542,PROD1223,3,1901.81
ORD16542,PROD1247,3,4836.61
ORD16543,PROD1201,3,512.29
ORD16544,PROD1154,3,4929.69
ORD16544,PROD1287,3,2758.96
ORD16545,PROD1281,2,1756.18
ORD16545,PROD1469,2,4819.79
ORD16545,PROD1057,2,1060.32
ORD16545,PROD1331,2,3813.45
ORD16546,PROD1255,2,2828.33
ORD16547,PROD1448,2,1943.67
ORD16547,PROD1140,2,4815.99
ORD16548,PROD1395,3,4660.71
ORD16548,PROD1392,3,1922.89
ORD16549,PROD1066,2,790.53
ORD16549,PROD1151,3,1273.85
ORD16549,PROD1270,2,4065.87
ORD16550,PROD1020,2,3098.08
ORD16550,PROD1000,3,1935.25
ORD16550,PROD1254,3,930.51
ORD16550,PROD1224,2,1399.49
ORD16551,PROD1107,3,3802.2
ORD16551,PROD1357,1,2970.3
ORD16552,PROD1355,1,3247.85
ORD16553,PROD1446,2,4931.41
ORD16554,PROD1138,3,1881.79
ORD16555,PROD1009,2,3569.56
ORD16556,PROD1015,3,998.68
ORD16556,PROD1367,2,4536.22
ORD16556,PROD1250,1,1542.8
ORD16556,PROD1281,2,1756.18
ORD16557,PROD1004,3,864.49
ORD16558,PROD1064,1,1476.58
ORD16558,PROD1218,1,3283.2
ORD16558,PROD1267,1,3542.17
ORD16558,PROD1207,2,3351.16
ORD16559,PROD1167,3,1013.94
ORD16559,PROD1288,1,1504.05
ORD16560,PROD1475,1,4965.53
ORD16560,PROD1015,1,998.68
ORD16560,PROD1327,3,3097.43
ORD16561,PROD1101,1,3218.41
ORD16561,PROD1331,3,3813.45
ORD16561,PROD1078,2,1856.48
ORD16562,PROD1404,1,1668.24
ORD16563,PROD1075,1,3672.14
ORD16563,PROD1431,1,3831.4
ORD16563,PROD1043,3,4555.67
ORD16564,PROD1278,3,3539.64
ORD16565,PROD1064,2,1476.58
ORD16565,PROD1254,3,930.51
ORD16566,PROD1467,2,4356.14
ORD16567,PROD1034,3,4831.6
ORD16567,PROD1113,1,4059.79
ORD16567,PROD1031,3,935.57
ORD16567,PROD1252,2,4270.57
ORD16568,PROD1321,3,3601.52
ORD16569,PROD1352,2,3327.6
ORD16569,PROD1416,3,1536.73
ORD16569,PROD1302,2,2749.11
ORD16570,PROD1375,3,1662.98
ORD16570,PROD1180,2,1771.23
ORD16570,PROD1043,1,4555.67
ORD16570,PROD1173,2,1209.83
ORD16571,PROD1314,1,4196.3
ORD16571,PROD1417,2,1710.46
ORD16571,PROD1098,2,224.55
ORD16572,PROD1303,2,3223.41
ORD16572,PROD1333,2,668.76
ORD16572,PROD1146,2,3086.87
ORD16572,PROD1211,2,3490.29
ORD16573,PROD1226,1,4867.75
ORD16574,PROD1103,2,2592.0
ORD16574,PROD1214,1,3589.68
ORD16575,PROD1459,1,682.21
ORD16575,PROD1297,3,1157.52
ORD16575,PROD1291,2,283.01
ORD16575,PROD1024,2,2334.74
ORD16576,PROD1189,3,1285.08
ORD16576,PROD1214,1,3589.68
ORD16576,PROD1008,2,3045.46
ORD16576,PROD1106,1,2110.88
ORD16577,PROD1180,2,1771.23
ORD16578,PROD1286,1,2381.43
ORD16579,PROD1155,3,1286.07
ORD16580,PROD1115,2,4370.16
ORD16580,PROD1470,2,159.56
ORD16581,PROD1395,2,4660.71
ORD16581,PROD1377,3,214.03
ORD16581,PROD1061,1,1429.61
ORD16581,PROD1070,3,3884.0
ORD16582,PROD1435,3,3534.75
ORD16583,PROD1458,3,375.89
ORD16584,PROD1174,3,3261.35
ORD16584,PROD1320,1,2791.21
ORD16584,PROD1225,3,1295.55
ORD16585,PROD1035,1,4061.15
ORD16585,PROD1013,1,1140.46
ORD16585,PROD1164,3,542.42
ORD16585,PROD1415,3,2297.38
ORD16586,PROD1245,3,4648.76
ORD16586,PROD1415,3,2297.38
ORD16586,PROD1407,1,153.1
ORD16586,PROD1013,3,1140.46
ORD16587,PROD1313,3,4816.98
ORD16588,PROD1494,3,2372.12
ORD16588,PROD1332,2,170.53
ORD16589,PROD1195,3,1811.13
ORD16589,PROD1305,2,4881.68
ORD16589,PROD1323,2,1471.68
ORD16590,PROD1390,2,4953.48
ORD16590,PROD1236,2,1475.78
ORD16591,PROD1325,2,3715.69
ORD16592,PROD1312,3,224.22
ORD16592,PROD1357,3,2970.3
ORD16592,PROD1474,3,2685.74
ORD16593,PROD1322,1,3334.97
ORD16594,PROD1171,3,181.28
ORD16594,PROD1474,2,2685.74
ORD16594,PROD1493,3,1021.79
ORD16594,PROD1433,2,595.5
ORD16595,PROD1028,3,3002.83
ORD16595,PROD1271,1,4069.56
ORD16596,PROD1233,3,2513.34
ORD16596,PROD1314,3,4196.3
ORD16596,PROD1394,2,1769.94
ORD16597,PROD1240,3,4708.25
ORD16597,PROD1183,1,4398.96
ORD16598,PROD1093,3,2850.26
ORD16598,PROD1326,1,2816.33
ORD16599,PROD1384,2,3701.85
ORD16599,PROD1093,1,2850.26
ORD16600,PROD1289,2,2995.08
ORD16600,PROD1316,1,2103.87
ORD16601,PROD1251,2,1986.98
ORD16601,PROD1247,1,4836.61
ORD16601,PROD1263,2,2639.82
ORD16602,PROD1092,1,3827.85
ORD16602,PROD1030,2,3076.97
ORD16603,PROD1446,1,4931.41
ORD16603,PROD1403,1,4149.64
ORD16603,PROD1277,2,3284.82
ORD16604,PROD1344,1,2052.67
ORD16605,PROD1322,1,3334.97
ORD16605,PROD1055,2,4617.18
ORD16605,PROD1279,2,3999.38
ORD16606,PROD1233,2,2513.34
ORD16606,PROD1209,1,887.96
ORD16606,PROD1124,2,1216.88
ORD16606,PROD1172,2,2609.26
ORD16607,PROD1081,2,3154.16
ORD16607,PROD1022,1,1531.51
ORD16607,PROD1135,3,1683.69
ORD16608,PROD1368,2,1059.38
ORD16608,PROD1369,1,439.87
ORD16608,PROD1210,3,2788.8
ORD16608,PROD1081,1,3154.16
ORD16609,PROD1074,1,3563.6
ORD16610,PROD1005,3,864.37
ORD16610,PROD1054,3,3029.71
ORD16610,PROD1338,3,2423.45
ORD16610,PROD1463,3,2958.51
ORD16611,PROD1073,1,4095.76
ORD16611,PROD1306,3,2629.87
ORD16611,PROD1164,1,542.42
ORD16611,PROD1432,2,3129.27
ORD16612,PROD1190,2,556.2
ORD16613,PROD1373,1,3446.73
ORD16613,PROD1152,3,809.98
ORD16614,PROD1439,3,498.61
ORD16614,PROD1251,3,1986.98
ORD16615,PROD1201,2,512.29
ORD16615,PROD1333,1,668.76
ORD16615,PROD1418,2,3395.34
ORD16616,PROD1068,1,465.3
ORD16616,PROD1169,1,2995.38
ORD16616,PROD1070,2,3884.0
ORD16616,PROD1270,1,4065.87
ORD16617,PROD1394,3,1769.94
ORD16617,PROD1009,3,3569.56
ORD16617,PROD1428,2,1819.48
ORD16617,PROD1439,2,498.61
ORD16618,PROD1369,2,439.87
ORD16618,PROD1296,1,3872.97
ORD16619,PROD1123,2,639.25
ORD16619,PROD1410,2,1664.64
ORD16619,PROD1267,2,3542.17
ORD16619,PROD1247,2,4836.61
ORD16620,PROD1165,1,4192.98
ORD16620,PROD1449,2,509.15
ORD16621,PROD1465,2,1936.87
ORD16621,PROD1369,3,439.87
ORD16621,PROD1468,2,1195.62
ORD16621,PROD1365,3,1991.9
ORD16622,PROD1175,2,954.4
ORD16622,PROD1295,2,2658.99
ORD16622,PROD1113,3,4059.79
ORD16623,PROD1148,2,352.25
ORD16623,PROD1004,3,864.49
ORD16623,PROD1245,3,4648.76
ORD16623,PROD1163,1,2725.3
ORD16624,PROD1183,2,4398.96
ORD16624,PROD1286,1,2381.43
ORD16624,PROD1211,1,3490.29
ORD16624,PROD1024,2,2334.74
ORD16625,PROD1334,3,325.41
ORD16626,PROD1161,3,3198.3
ORD16626,PROD1171,3,181.28
ORD16627,PROD1306,2,2629.87
ORD16627,PROD1152,2,809.98
ORD16627,PROD1486,3,322.69
ORD16628,PROD1310,3,2250.96
ORD16629,PROD1499,2,4932.43
ORD16629,PROD1055,1,4617.18
ORD16630,PROD1175,1,954.4
ORD16631,PROD1292,3,4130.74
ORD16631,PROD1246,2,2198.1
ORD16632,PROD1470,1,159.56
ORD16632,PROD1248,1,4821.74
ORD16632,PROD1214,3,3589.68
ORD16632,PROD1076,2,3879.22
ORD16633,PROD1106,2,2110.88
ORD16634,PROD1497,3,480.9
ORD16634,PROD1006,2,384.61
ORD16634,PROD1312,1,224.22
ORD16635,PROD1490,1,2332.72
ORD16636,PROD1453,2,4541.14
ORD16636,PROD1283,2,560.51
ORD16636,PROD1159,2,3668.26
ORD16636,PROD1332,1,170.53
ORD16637,PROD1098,2,224.55
ORD16638,PROD1074,2,3563.6
ORD16638,PROD1338,2,2423.45
ORD16639,PROD1156,2,3393.46
ORD16639,PROD1086,1,3675.07
ORD16639,PROD1249,2,4279.75
ORD16640,PROD1314,3,4196.3
ORD16640,PROD1080,1,4329.21
ORD16641,PROD1119,3,2742.78
ORD16641,PROD1385,1,4037.06
ORD16641,PROD1334,2,325.41
ORD16641,PROD1406,2,2007.09
ORD16642,PROD1402,2,2575.74
ORD16643,PROD1386,1,1481.97
ORD16643,PROD1123,2,639.25
ORD16644,PROD1443,1,1916.15
ORD16644,PROD1294,2,722.6
ORD16644,PROD1230,1,3994.58
ORD16645,PROD1494,3,2372.12
ORD16646,PROD1080,2,4329.21
ORD16646,PROD1105,2,1321.53
ORD16646,PROD1306,2,2629.87
ORD16647,PROD1007,1,4344.26
ORD16647,PROD1474,1,2685.74
ORD16647,PROD1253,3,1652.92
ORD16647,PROD1040,1,697.99
ORD16648,PROD1166,2,1671.82
ORD16648,PROD1326,1,2816.33
ORD16649,PROD1293,1,1864.93
ORD16649,PROD1478,1,4849.58
ORD16650,PROD1243,2,1913.78
ORD16651,PROD1190,1,556.2
ORD16651,PROD1154,3,4929.69
ORD16651,PROD1020,2,3098.08
ORD16652,PROD1049,3,1005.79
ORD16652,PROD1374,1,448.82
ORD16652,PROD1137,1,3544.79
ORD16653,PROD1188,3,2695.29
ORD16654,PROD1228,1,4471.03
ORD16654,PROD1369,1,439.87
ORD16654,PROD1441,3,4934.53
ORD16654,PROD1232,2,2926.83
ORD16655,PROD1141,3,1333.73
ORD16655,PROD1291,3,283.01
ORD16656,PROD1177,2,1995.0
ORD16656,PROD1031,1,935.57
ORD16657,PROD1269,2,1538.6
ORD16657,PROD1472,2,311.48
ORD16657,PROD1411,3,4755.3
ORD16658,PROD1030,3,3076.97
ORD16658,PROD1151,2,1273.85
ORD16659,PROD1355,2,3247.85
ORD16660,PROD1217,1,3757.81
ORD16660,PROD1353,1,898.38
ORD16660,PROD1064,2,1476.58
ORD16660,PROD1214,2,3589.68
ORD16661,PROD1275,3,2557.43
ORD16662,PROD1089,3,2413.85
ORD16662,PROD1394,1,1769.94
ORD16662,PROD1438,1,3560.59
ORD16663,PROD1099,2,628.67
ORD16663,PROD1378,1,4090.9
ORD16664,PROD1459,1,682.21
ORD16664,PROD1244,2,175.74
ORD16665,PROD1121,2,4490.85
ORD16665,PROD1410,2,1664.64
ORD16665,PROD1267,1,3542.17
ORD16666,PROD1167,1,1013.94
ORD16666,PROD1103,1,2592.0
ORD16667,PROD1088,2,4447.34
ORD16667,PROD1153,2,2498.32
ORD16667,PROD1035,2,4061.15
ORD16667,PROD1015,1,998.68
ORD16668,PROD1199,1,3921.39
ORD16668,PROD1474,1,2685.74
ORD16668,PROD1422,3,546.91
ORD16668,PROD1447,3,3791.55
ORD16669,PROD1018,3,2216.53
ORD16669,PROD1498,2,4874.53
ORD16669,PROD1137,2,3544.79
ORD16670,PROD1368,3,1059.38
ORD16671,PROD1274,1,2605.58
ORD16672,PROD1087,3,3224.03
ORD16672,PROD1408,1,4536.37
ORD16672,PROD1451,3,2836.18
ORD16672,PROD1215,1,1262.52
ORD16673,PROD1023,2,1895.17
ORD16673,PROD1231,3,2562.92
ORD16673,PROD1043,1,4555.67
ORD16674,PROD1077,3,462.82
ORD16674,PROD1317,2,949.14
ORD16674,PROD1142,3,2536.52
ORD16674,PROD1415,3,2297.38
ORD16675,PROD1000,2,1935.25
ORD16675,PROD1324,2,4778.84
ORD16675,PROD1013,3,1140.46
ORD16676,PROD1107,2,3802.2
ORD16676,PROD1486,1,322.69
ORD16676,PROD1369,3,439.87
ORD16677,PROD1237,3,219.15
ORD16677,PROD1353,1,898.38
ORD16677,PROD1253,1,1652.92
ORD16678,PROD1134,3,4720.26
ORD16678,PROD1312,2,224.22
ORD16679,PROD1363,2,2773.52
ORD16679,PROD1316,1,2103.87
ORD16680,PROD1331,1,3813.45
ORD16680,PROD1403,2,4149.64
ORD16681,PROD1354,2,445.79
ORD16681,PROD1354,1,445.79
ORD16682,PROD1485,2,4515.67
ORD16682,PROD1350,2,2565.37
ORD16682,PROD1231,3,2562.92
ORD16682,PROD1460,1,675.88
ORD16683,PROD1256,3,4687.16
ORD16683,PROD1044,2,1368.02
ORD16683,PROD1373,3,3446.73
ORD16683,PROD1039,3,2256.75
ORD16684,PROD1221,1,2884.71
ORD16685,PROD1495,1,1831.43
ORD16685,PROD1043,1,4555.67
ORD16685,PROD1490,3,2332.72
ORD16686,PROD1021,3,783.52
ORD16686,PROD1156,1,3393.46
ORD16686,PROD1301,1,2703.64
ORD16686,PROD1451,3,2836.18
ORD16687,PROD1415,1,2297.38
ORD16688,PROD1108,2,1221.11
ORD16688,PROD1227,1,2026.18
ORD16689,PROD1358,3,4707.13
ORD16690,PROD1449,3,509.15
ORD16691,PROD1094,2,3877.74
ORD16691,PROD1131,2,1188.33
ORD16691,PROD1092,1,3827.85
ORD16692,PROD1257,2,3510.55
ORD16692,PROD1491,1,3138.65
ORD16692,PROD1355,2,3247.85
ORD16693,PROD1349,3,3166.71
ORD16693,PROD1338,2,2423.45
ORD16693,PROD1018,3,2216.53
ORD16693,PROD1171,1,181.28
ORD16694,PROD1210,1,2788.8
ORD16694,PROD1341,3,2420.01
ORD16694,PROD1174,3,3261.35
ORD16695,PROD1384,1,3701.85
ORD16695,PROD1232,1,2926.83
ORD16695,PROD1198,2,4446.72
ORD16695,PROD1021,1,783.52
ORD16696,PROD1185,3,3333.92
ORD16697,PROD1247,1,4836.61
ORD16697,PROD1470,1,159.56
ORD16698,PROD1079,1,667.76
ORD16698,PROD1255,2,2828.33
ORD16698,PROD1353,3,898.38
ORD16699,PROD1014,2,990.94
ORD16699,PROD1354,3,445.79
ORD16699,PROD1481,1,3509.17
ORD16699,PROD1295,3,2658.99
ORD16700,PROD1095,1,2519.6
ORD16701,PROD1287,1,2758.96
ORD16701,PROD1280,3,4461.03
ORD16701,PROD1349,1,3166.71
ORD16701,PROD1292,1,4130.74
ORD16702,PROD1291,2,283.01
ORD16702,PROD1117,3,1014.19
ORD16702,PROD1472,2,311.48
ORD16703,PROD1451,2,2836.18
ORD16704,PROD1142,3,2536.52
ORD16704,PROD1254,3,930.51
ORD16704,PROD1095,3,2519.6
ORD16705,PROD1287,2,2758.96
ORD16705,PROD1254,3,930.51
ORD16705,PROD1147,2,2563.13
ORD16706,PROD1059,3,1694.12
ORD16707,PROD1296,1,3872.97
ORD16707,PROD1003,2,3033.43
ORD16707,PROD1075,3,3672.14
ORD16707,PROD1434,2,512.12
ORD16708,PROD1163,2,2725.3
ORD16709,PROD1377,1,214.03
ORD16709,PROD1047,1,2648.33
ORD16709,PROD1017,3,2671.31
ORD16710,PROD1151,2,1273.85
ORD16711,PROD1026,1,1078.4
ORD16712,PROD1198,2,4446.72
ORD16712,PROD1082,3,1721.4
ORD16712,PROD1053,1,4484.65
ORD16712,PROD1341,1,2420.01
ORD16713,PROD1434,1,512.12
ORD16713,PROD1452,3,2178.69
ORD16713,PROD1039,1,2256.75
ORD16714,PROD1170,3,3420.07
ORD16715,PROD1285,3,276.12
ORD16715,PROD1496,1,2959.91
ORD16716,PROD1032,2,418.75
ORD16716,PROD1264,2,4399.13
ORD16716,PROD1010,3,200.86
ORD16717,PROD1147,1,2563.13
ORD16718,PROD1279,2,3999.38
ORD16718,PROD1415,2,2297.38
ORD16718,PROD1286,3,2381.43
ORD16719,PROD1279,2,3999.38
ORD16719,PROD1117,1,1014.19
ORD16720,PROD1227,1,2026.18
ORD16720,PROD1280,2,4461.03
ORD16720,PROD1434,1,512.12
ORD16721,PROD1086,3,3675.07
ORD16722,PROD1440,2,515.7
ORD16722,PROD1495,2,1831.43
ORD16722,PROD1254,2,930.51
ORD16722,PROD1395,3,4660.71
ORD16723,PROD1254,3,930.51
ORD16723,PROD1052,3,4703.54
ORD16723,PROD1034,1,4831.6
ORD16723,PROD1368,2,1059.38
ORD16724,PROD1360,3,2002.03
ORD16724,PROD1402,3,2575.74
ORD16724,PROD1042,3,268.5
ORD16725,PROD1198,1,4446.72
ORD16726,PROD1437,1,4127.11
ORD16727,PROD1029,3,327.61
ORD16728,PROD1301,1,2703.64
ORD16728,PROD1315,3,3510.27
ORD16728,PROD1078,2,1856.48
ORD16728,PROD1226,2,4867.75
ORD16729,PROD1263,2,2639.82
ORD16729,PROD1175,1,954.4
ORD16729,PROD1079,1,667.76
ORD16730,PROD1290,1,249.45
ORD16731,PROD1164,2,542.42
ORD16731,PROD1435,1,3534.75
ORD16732,PROD1297,1,1157.52
ORD16732,PROD1320,1,2791.21
ORD16732,PROD1464,2,4814.65
ORD16732,PROD1135,1,1683.69
ORD16733,PROD1316,3,2103.87
ORD16733,PROD1443,2,1916.15
ORD16733,PROD1196,3,3657.18
ORD16734,PROD1262,3,786.41
ORD16734,PROD1034,2,4831.6
ORD16735,PROD1087,1,3224.03
ORD16736,PROD1293,2,1864.93
ORD16736,PROD1257,2,3510.55
ORD16736,PROD1024,3,2334.74
ORD16737,PROD1105,1,1321.53
ORD16737,PROD1006,1,384.61
ORD16738,PROD1434,2,512.12
ORD16738,PROD1360,1,2002.03
ORD16739,PROD1495,3,1831.43
ORD16739,PROD1276,3,4011.65
ORD16740,PROD1218,1,3283.2
ORD16741,PROD1226,2,4867.75
ORD16742,PROD1419,2,3786.64
ORD16742,PROD1329,1,1313.88
ORD16742,PROD1289,2,2995.08
ORD16743,PROD1058,1,321.61
ORD16743,PROD1056,2,533.61
ORD16744,PROD1287,1,2758.96
ORD16744,PROD1275,3,2557.43
ORD16744,PROD1125,1,2192.83
ORD16745,PROD1491,1,3138.65
ORD16746,PROD1051,1,3898.15
ORD16747,PROD1334,2,325.41
ORD16747,PROD1394,1,1769.94
ORD16747,PROD1100,3,254.0
ORD16747,PROD1413,2,2909.85
ORD16748,PROD1230,2,3994.58
ORD16748,PROD1125,3,2192.83
ORD16748,PROD1267,2,3542.17
ORD16749,PROD1111,2,889.98
ORD16750,PROD1191,3,4496.36
ORD16750,PROD1274,3,2605.58
ORD16750,PROD1086,3,3675.07
ORD16750,PROD1239,3,967.84
ORD16751,PROD1054,3,3029.71
ORD16752,PROD1158,3,1264.42
ORD16753,PROD1229,2,3192.58
ORD16754,PROD1097,1,2194.95
ORD16754,PROD1113,2,4059.79
ORD16754,PROD1415,3,2297.38
ORD16755,PROD1221,3,2884.71
ORD16756,PROD1495,3,1831.43
ORD16757,PROD1489,2,4462.29
ORD16757,PROD1390,2,4953.48
ORD16757,PROD1339,2,579.39
ORD16757,PROD1111,2,889.98
ORD16758,PROD1360,2,2002.03
ORD16758,PROD1483,1,3175.03
ORD16759,PROD1359,3,2919.82
ORD16759,PROD1323,1,1471.68
ORD16759,PROD1167,1,1013.94
ORD16760,PROD1271,1,4069.56
ORD16760,PROD1199,2,3921.39
ORD16760,PROD1366,3,4809.83
ORD16760,PROD1112,1,4655.52
ORD16761,PROD1375,1,1662.98
ORD16762,PROD1287,1,2758.96
ORD16762,PROD1469,1,4819.79
ORD16762,PROD1054,2,3029.71
ORD16762,PROD1242,1,4582.84
ORD16763,PROD1383,2,4399.61
ORD16764,PROD1211,3,3490.29
ORD16764,PROD1352,3,3327.6
ORD16764,PROD1339,2,579.39
ORD16764,PROD1130,2,2145.31
ORD16765,PROD1226,1,4867.75
ORD16765,PROD1159,1,3668.26
ORD16765,PROD1297,2,1157.52
ORD16766,PROD1474,3,2685.74
ORD16766,PROD1343,2,2225.87
ORD16766,PROD1311,2,484.44
ORD16766,PROD1433,2,595.5
ORD16767,PROD1129,3,2602.66
ORD16767,PROD1361,3,3252.11
ORD16768,PROD1304,1,3657.85
ORD16768,PROD1045,2,3346.36
ORD16768,PROD1247,2,4836.61
ORD16768,PROD1220,1,3322.3
ORD16769,PROD1001,2,4758.5
ORD16770,PROD1334,1,325.41
ORD16770,PROD1191,1,4496.36
ORD16771,PROD1014,1,990.94
ORD16772,PROD1426,3,2263.5
ORD16772,PROD1044,3,1368.02
ORD16773,PROD1179,2,773.85
ORD16773,PROD1459,2,682.21
ORD16773,PROD1105,1,1321.53
ORD16773,PROD1418,2,3395.34
ORD16774,PROD1128,1,134.07
ORD16775,PROD1204,2,3071.5
ORD16775,PROD1029,1,327.61
ORD16776,PROD1284,1,2933.57
ORD16776,PROD1324,3,4778.84
ORD16777,PROD1146,2,3086.87
ORD16777,PROD1402,2,2575.74
ORD16778,PROD1264,2,4399.13
ORD16778,PROD1134,2,4720.26
ORD16778,PROD1017,1,2671.31
ORD16778,PROD1136,2,2642.07
ORD16779,PROD1078,1,1856.48
ORD16780,PROD1086,1,3675.07
ORD16780,PROD1208,1,124.8
ORD16781,PROD1376,3,4239.89
ORD16781,PROD1143,1,1574.3
ORD16781,PROD1129,3,2602.66
ORD16782,PROD1461,1,3281.13
ORD16782,PROD1477,1,2813.89
ORD16783,PROD1336,2,4291.76
ORD16783,PROD1422,1,546.91
ORD16783,PROD1328,1,2156.04
ORD16784,PROD1001,3,4758.5
ORD16785,PROD1088,2,4447.34
ORD16785,PROD1409,1,547.3
ORD16785,PROD1120,1,4056.46
ORD16785,PROD1456,1,155.63
ORD16786,PROD1499,1,4932.43
ORD16787,PROD1137,1,3544.79
ORD16787,PROD1144,3,1495.72
ORD16788,PROD1048,2,2778.88
ORD16788,PROD1242,3,4582.84
ORD16789,PROD1202,2,891.98
ORD16789,PROD1207,3,3351.16
ORD16789,PROD1092,3,3827.85
ORD16789,PROD1236,1,1475.78
ORD16790,PROD1472,3,311.48
ORD16790,PROD1249,2,4279.75
ORD16791,PROD1461,1,3281.13
ORD16791,PROD1495,1,1831.43
ORD16791,PROD1103,1,2592.0
ORD16792,PROD1118,2,4473.54
ORD16792,PROD1344,2,2052.67
ORD16793,PROD1452,1,2178.69
ORD16794,PROD1329,3,1313.88
ORD16795,PROD1477,2,2813.89
ORD16795,PROD1182,2,4631.0
ORD16795,PROD1003,2,3033.43
ORD16796,PROD1025,1,3947.36
ORD16796,PROD1457,3,2396.44
ORD16796,PROD1112,1,4655.52
ORD16797,PROD1384,1,3701.85
ORD16797,PROD1440,3,515.7
ORD16797,PROD1097,2,2194.95
ORD16797,PROD1303,3,3223.41
ORD16798,PROD1458,3,375.89
ORD16798,PROD1207,1,3351.16
ORD16798,PROD1090,1,686.01
ORD16799,PROD1030,1,3076.97
ORD16799,PROD1124,3,1216.88
ORD16799,PROD1430,3,800.66
ORD16800,PROD1230,3,3994.58
ORD16800,PROD1441,2,4934.53
ORD16801,PROD1326,1,2816.33
ORD16802,PROD1145,2,280.75
ORD16802,PROD1205,1,145.07
ORD16803,PROD1370,1,593.81
ORD16803,PROD1009,1,3569.56
ORD16804,PROD1083,3,411.44
ORD16804,PROD1080,3,4329.21
ORD16804,PROD1429,1,673.63
ORD16805,PROD1299,1,518.2
ORD16805,PROD1221,2,2884.71
ORD16805,PROD1421,2,3969.13
ORD16806,PROD1376,1,4239.89
ORD16806,PROD1345,1,3117.67
ORD16806,PROD1052,3,4703.54
ORD16806,PROD1431,2,3831.4
ORD16807,PROD1029,1,327.61
ORD16807,PROD1264,2,4399.13
ORD16808,PROD1201,3,512.29
ORD16808,PROD1297,1,1157.52
ORD16809,PROD1302,1,2749.11
ORD16809,PROD1425,3,2792.69
ORD16809,PROD1303,3,3223.41
ORD16809,PROD1239,1,967.84
ORD16810,PROD1209,3,887.96
ORD16810,PROD1383,2,4399.61
ORD16810,PROD1354,2,445.79
ORD16811,PROD1361,1,3252.11
ORD16811,PROD1476,2,461.6
ORD16811,PROD1143,2,1574.3
ORD16812,PROD1452,3,2178.69
ORD16812,PROD1212,3,3294.61
ORD16812,PROD1131,3,1188.33
ORD16812,PROD1114,1,3203.68
ORD16813,PROD1376,2,4239.89
ORD16814,PROD1165,2,4192.98
ORD16814,PROD1151,2,1273.85
ORD16814,PROD1211,3,3490.29
ORD16814,PROD1279,2,3999.38
ORD16815,PROD1280,1,4461.03
ORD16816,PROD1452,1,2178.69
ORD16817,PROD1456,2,155.63
ORD16817,PROD1403,3,4149.64
ORD16818,PROD1190,3,556.2
ORD16819,PROD1082,2,1721.4
ORD16819,PROD1108,3,1221.11
ORD16819,PROD1119,1,2742.78
ORD16819,PROD1451,2,2836.18
ORD16820,PROD1495,2,1831.43
ORD16820,PROD1216,2,1694.46
ORD16820,PROD1127,1,4317.58
ORD16821,PROD1148,2,352.25
ORD16821,PROD1150,2,4550.5
ORD16821,PROD1060,2,2004.52
ORD16822,PROD1273,1,4574.88
ORD16822,PROD1317,1,949.14
ORD16822,PROD1243,3,1913.78
ORD16822,PROD1480,3,3184.05
ORD16823,PROD1405,3,4488.06
ORD16823,PROD1369,3,439.87
ORD16824,PROD1398,2,3779.27
ORD16825,PROD1227,3,2026.18
ORD16825,PROD1298,3,3152.16
ORD16825,PROD1207,3,3351.16
ORD16825,PROD1196,2,3657.18
ORD16826,PROD1257,3,3510.55
ORD16826,PROD1471,2,4852.41
ORD16826,PROD1460,2,675.88
ORD16827,PROD1299,1,518.2
ORD16828,PROD1290,3,249.45
ORD16829,PROD1426,2,2263.5
ORD16830,PROD1158,3,1264.42
ORD16830,PROD1411,2,4755.3
ORD16831,PROD1178,1,4689.98
ORD16831,PROD1235,3,3640.02
ORD16831,PROD1186,2,4104.39
ORD16831,PROD1204,3,3071.5
ORD16832,PROD1319,3,1326.19
ORD16832,PROD1386,2,1481.97
ORD16833,PROD1171,2,181.28
ORD16833,PROD1209,3,887.96
ORD16833,PROD1126,1,4108.27
ORD16833,PROD1157,1,3831.94
ORD16834,PROD1047,2,2648.33
ORD16834,PROD1290,3,249.45
ORD16835,PROD1311,1,484.44
ORD16836,PROD1447,1,3791.55
ORD16836,PROD1351,1,4296.8
ORD16836,PROD1156,2,3393.46
ORD16836,PROD1125,3,2192.83
ORD16837,PROD1455,3,2513.86
ORD16838,PROD1021,3,783.52
ORD16838,PROD1454,2,644.87
ORD16838,PROD1227,3,2026.18
ORD16839,PROD1053,2,4484.65
ORD16840,PROD1373,3,3446.73
ORD16840,PROD1364,1,4713.18
ORD16840,PROD1098,3,224.55
ORD16840,PROD1422,3,546.91
ORD16841,PROD1111,1,889.98
ORD16842,PROD1252,1,4270.57
ORD16842,PROD1416,2,1536.73
ORD16842,PROD1223,2,1901.81
ORD16843,PROD1010,1,200.86
ORD16843,PROD1018,3,2216.53
ORD16843,PROD1447,2,3791.55
ORD16843,PROD1051,3,3898.15
ORD16844,PROD1165,1,4192.98
ORD16844,PROD1383,1,4399.61
ORD16844,PROD1085,1,1693.4
ORD16845,PROD1198,3,4446.72
ORD16845,PROD1438,2,3560.59
ORD16845,PROD1149,3,1465.37
ORD16846,PROD1071,2,1073.71
ORD16846,PROD1145,1,280.75
ORD16846,PROD1265,1,3729.77
ORD16847,PROD1398,1,3779.27
ORD16847,PROD1375,3,1662.98
ORD16847,PROD1022,2,1531.51
ORD16848,PROD1085,3,1693.4
ORD16848,PROD1392,2,1922.89
ORD16848,PROD1457,2,2396.44
ORD16848,PROD1445,1,4741.52
ORD16849,PROD1483,3,3175.03
ORD16849,PROD1297,3,1157.52
ORD16850,PROD1388,2,3778.01
ORD16850,PROD1107,1,3802.2
ORD16850,PROD1206,2,597.21
ORD16851,PROD1146,1,3086.87
ORD16851,PROD1452,3,2178.69
ORD16852,PROD1360,1,2002.03
ORD16852,PROD1335,1,299.57
ORD16852,PROD1484,3,2963.14
ORD16852,PROD1137,3,3544.79
ORD16853,PROD1140,3,4815.99
ORD16853,PROD1499,3,4932.43
ORD16853,PROD1241,1,4774.25
ORD16853,PROD1246,2,2198.1
ORD16854,PROD1257,2,3510.55
ORD16854,PROD1484,3,2963.14
ORD16854,PROD1405,3,4488.06
ORD16854,PROD1118,1,4473.54
ORD16855,PROD1185,2,3333.92
ORD16855,PROD1189,2,1285.08
ORD16855,PROD1349,3,3166.71
ORD16856,PROD1268,2,1861.51
ORD16857,PROD1271,3,4069.56
ORD16857,PROD1344,1,2052.67
ORD16857,PROD1429,3,673.63
ORD16858,PROD1386,1,1481.97
ORD16858,PROD1168,3,299.8
ORD16859,PROD1276,3,4011.65
ORD16859,PROD1147,2,2563.13
ORD16859,PROD1347,2,321.99
ORD16859,PROD1302,3,2749.11
ORD16860,PROD1001,1,4758.5
ORD16861,PROD1440,3,515.7
ORD16861,PROD1087,2,3224.03
ORD16861,PROD1224,2,1399.49
ORD16862,PROD1322,3,3334.97
ORD16863,PROD1147,3,2563.13
ORD16863,PROD1290,1,249.45
ORD16864,PROD1387,1,969.45
ORD16864,PROD1056,3,533.61
ORD16864,PROD1001,3,4758.5
ORD16864,PROD1065,1,2759.21
ORD16865,PROD1236,1,1475.78
ORD16866,PROD1051,1,3898.15
ORD16866,PROD1202,2,891.98
ORD16866,PROD1461,3,3281.13
ORD16867,PROD1114,2,3203.68
ORD16867,PROD1286,2,2381.43
ORD16868,PROD1120,1,4056.46
ORD16868,PROD1103,1,2592.0
ORD16868,PROD1043,3,4555.67
ORD16868,PROD1190,2,556.2
ORD16869,PROD1300,3,353.24
ORD16870,PROD1025,3,3947.36
ORD16870,PROD1367,1,4536.22
ORD16870,PROD1205,2,145.07
ORD16870,PROD1356,1,229.91
ORD16871,PROD1231,3,2562.92
ORD16871,PROD1360,3,2002.03
ORD16871,PROD1433,3,595.5
ORD16872,PROD1419,1,3786.64
ORD16872,PROD1166,3,1671.82
ORD16872,PROD1223,2,1901.81
ORD16873,PROD1142,2,2536.52
ORD16873,PROD1385,2,4037.06
ORD16873,PROD1075,2,3672.14
ORD16873,PROD1229,1,3192.58
ORD16874,PROD1305,1,4881.68
ORD16874,PROD1473,3,4466.6
ORD16875,PROD1256,1,4687.16
ORD16875,PROD1020,3,3098.08
ORD16876,PROD1433,2,595.5
ORD16877,PROD1498,2,4874.53
ORD16877,PROD1336,2,4291.76
ORD16878,PROD1387,1,969.45
ORD16878,PROD1029,1,327.61
ORD16878,PROD1350,3,2565.37
ORD16878,PROD1401,3,4522.51
ORD16879,PROD1308,1,3996.41
ORD16879,PROD1418,2,3395.34
ORD16879,PROD1234,3,1056.69
ORD16880,PROD1165,2,4192.98
ORD16880,PROD1085,3,1693.4
ORD16881,PROD1322,2,3334.97
ORD16881,PROD1252,1,4270.57
ORD16881,PROD1052,2,4703.54
ORD16882,PROD1046,1,1627.38
ORD16882,PROD1094,3,3877.74
ORD16883,PROD1210,3,2788.8
ORD16884,PROD1141,1,1333.73
ORD16885,PROD1141,3,1333.73
ORD16885,PROD1470,2,159.56
ORD16885,PROD1178,3,4689.98
ORD16886,PROD1332,1,170.53
ORD16886,PROD1099,2,628.67
ORD16886,PROD1107,1,3802.2
ORD16886,PROD1320,3,2791.21
ORD16887,PROD1473,3,4466.6
ORD16887,PROD1242,1,4582.84
ORD16887,PROD1223,1,1901.81
ORD16887,PROD1450,2,3908.02
ORD16888,PROD1185,3,3333.92
ORD16888,PROD1028,1,3002.83
ORD16888,PROD1407,3,153.1
ORD16888,PROD1384,1,3701.85
ORD16889,PROD1020,2,3098.08
ORD16889,PROD1400,2,605.31
ORD16889,PROD1091,3,3594.9
ORD16890,PROD1041,3,2526.37
ORD16890,PROD1120,2,4056.46
ORD16891,PROD1135,1,1683.69
ORD16891,PROD1385,1,4037.06
ORD16891,PROD1388,3,3778.01
ORD16891,PROD1283,1,560.51
ORD16892,PROD1208,3,124.8
ORD16892,PROD1389,1,4053.49
ORD16892,PROD1343,1,2225.87
ORD16893,PROD1189,2,1285.08
ORD16893,PROD1183,2,4398.96
ORD16893,PROD1213,3,1198.92
ORD16893,PROD1092,3,3827.85
ORD16894,PROD1244,1,175.74
ORD16894,PROD1126,2,4108.27
ORD16894,PROD1259,1,576.16
ORD16895,PROD1379,2,1481.09
ORD16896,PROD1234,1,1056.69
ORD16896,PROD1318,2,866.54
ORD16896,PROD1049,2,1005.79
ORD16897,PROD1241,3,4774.25
ORD16897,PROD1096,3,2661.39
ORD16898,PROD1433,2,595.5
ORD16898,PROD1424,3,382.04
ORD16898,PROD1353,3,898.38
ORD16898,PROD1484,2,2963.14
ORD16899,PROD1210,1,2788.8
ORD16899,PROD1277,1,3284.82
ORD16899,PROD1212,2,3294.61
ORD16899,PROD1068,3,465.3
ORD16900,PROD1442,2,1933.93
ORD16901,PROD1238,2,3262.81
ORD16901,PROD1170,2,3420.07
ORD16901,PROD1215,2,1262.52
ORD16902,PROD1284,3,2933.57
ORD16902,PROD1123,1,639.25
ORD16902,PROD1188,1,2695.29
ORD16903,PROD1143,2,1574.3
ORD16903,PROD1127,1,4317.58
ORD16903,PROD1011,2,4852.56
ORD16904,PROD1336,3,4291.76
ORD16904,PROD1283,2,560.51
ORD16904,PROD1319,2,1326.19
ORD16904,PROD1094,2,3877.74
ORD16905,PROD1365,3,1991.9
ORD16905,PROD1438,2,3560.59
ORD16905,PROD1111,3,889.98
ORD16905,PROD1158,3,1264.42
ORD16906,PROD1004,1,864.49
ORD16907,PROD1337,3,3547.92
ORD16907,PROD1242,2,4582.84
ORD16908,PROD1083,1,411.44
ORD16908,PROD1243,3,1913.78
ORD16908,PROD1112,1,4655.52
ORD16908,PROD1470,3,159.56
ORD16909,PROD1324,3,4778.84
ORD16909,PROD1351,1,4296.8
ORD16909,PROD1456,2,155.63
ORD16909,PROD1157,3,3831.94
ORD16910,PROD1449,1,509.15
ORD16910,PROD1036,2,1592.61
ORD16910,PROD1098,1,224.55
ORD16910,PROD1228,3,4471.03
ORD16911,PROD1111,1,889.98
ORD16911,PROD1352,1,3327.6
ORD16912,PROD1313,2,4816.98
ORD16912,PROD1498,1,4874.53
ORD16912,PROD1213,2,1198.92
ORD16912,PROD1496,1,2959.91
ORD16913,PROD1437,2,4127.11
ORD16913,PROD1360,2,2002.03
ORD16913,PROD1155,1,1286.07
ORD16913,PROD1100,3,254.0
ORD16914,PROD1396,3,4306.22
ORD16915,PROD1337,3,3547.92
ORD16916,PROD1373,1,3446.73
ORD16917,PROD1121,1,4490.85
ORD16917,PROD1346,1,3211.96
ORD16917,PROD1120,3,4056.46
ORD16918,PROD1378,1,4090.9
ORD16918,PROD1289,1,2995.08
ORD16919,PROD1239,1,967.84
ORD16919,PROD1002,1,3686.77
ORD16919,PROD1005,3,864.37
ORD16919,PROD1403,3,4149.64
ORD16920,PROD1464,2,4814.65
ORD16920,PROD1165,2,4192.98
ORD16921,PROD1383,2,4399.61
ORD16921,PROD1449,3,509.15
ORD16921,PROD1401,3,4522.51
ORD16922,PROD1306,3,2629.87
ORD16923,PROD1343,1,2225.87
ORD16923,PROD1161,2,3198.3
ORD16923,PROD1088,3,4447.34
ORD16923,PROD1246,2,2198.1
ORD16924,PROD1480,1,3184.05
ORD16924,PROD1206,2,597.21
ORD16925,PROD1077,1,462.82
ORD16925,PROD1119,2,2742.78
ORD16925,PROD1280,1,4461.03
ORD16926,PROD1001,3,4758.5
ORD16927,PROD1358,2,4707.13
ORD16927,PROD1190,1,556.2
ORD16927,PROD1123,3,639.25
ORD16927,PROD1181,1,656.02
ORD16928,PROD1222,1,559.01
ORD16928,PROD1069,1,4935.75
ORD16929,PROD1137,3,3544.79
ORD16929,PROD1023,2,1895.17
ORD16930,PROD1464,2,4814.65
ORD16930,PROD1288,3,1504.05
ORD16930,PROD1013,1,1140.46
ORD16930,PROD1479,1,2663.18
ORD16931,PROD1368,2,1059.38
ORD16931,PROD1389,3,4053.49
ORD16931,PROD1160,2,1902.14
ORD16931,PROD1383,3,4399.61
ORD16932,PROD1341,1,2420.01
ORD16932,PROD1178,2,4689.98
ORD16932,PROD1449,3,509.15
ORD16933,PROD1056,3,533.61
ORD16933,PROD1153,2,2498.32
ORD16933,PROD1024,3,2334.74
ORD16934,PROD1076,1,3879.22
ORD16934,PROD1463,3,2958.51
ORD16935,PROD1368,3,1059.38
ORD16936,PROD1122,2,1658.22
ORD16936,PROD1053,3,4484.65
ORD16936,PROD1470,2,159.56
ORD16937,PROD1489,1,4462.29
ORD16937,PROD1275,3,2557.43
ORD16937,PROD1447,3,3791.55
ORD16938,PROD1051,2,3898.15
ORD16938,PROD1212,3,3294.61
ORD16939,PROD1006,2,384.61
ORD16940,PROD1404,3,1668.24
ORD16940,PROD1223,3,1901.81
ORD16940,PROD1068,2,465.3
ORD16941,PROD1120,2,4056.46
ORD16941,PROD1291,3,283.01
ORD16941,PROD1276,3,4011.65
ORD16941,PROD1308,3,3996.41
ORD16942,PROD1336,2,4291.76
ORD16942,PROD1349,1,3166.71
ORD16942,PROD1099,2,628.67
ORD16942,PROD1456,1,155.63
ORD16943,PROD1039,2,2256.75
ORD16944,PROD1146,3,3086.87
ORD16944,PROD1405,1,4488.06
ORD16944,PROD1241,3,4774.25
ORD16945,PROD1368,3,1059.38
ORD16945,PROD1445,1,4741.52
ORD16946,PROD1246,3,2198.1
ORD16946,PROD1006,1,384.61
ORD16946,PROD1118,3,4473.54
ORD16946,PROD1436,3,456.54
ORD16947,PROD1386,2,1481.97
ORD16947,PROD1280,1,4461.03
ORD16948,PROD1343,2,2225.87
ORD16948,PROD1381,1,3514.01
ORD16948,PROD1037,2,578.59
ORD16949,PROD1175,1,954.4
ORD16949,PROD1457,3,2396.44
ORD16949,PROD1472,1,311.48
ORD16949,PROD1100,1,254.0
ORD16950,PROD1454,1,644.87
ORD16950,PROD1333,1,668.76
ORD16951,PROD1486,2,322.69
ORD16951,PROD1490,1,2332.72
ORD16952,PROD1338,3,2423.45
ORD16952,PROD1027,1,2619.75
ORD16952,PROD1449,2,509.15
ORD16953,PROD1423,2,2522.66
ORD16953,PROD1092,2,3827.85
ORD16953,PROD1136,1,2642.07
ORD16954,PROD1227,3,2026.18
ORD16955,PROD1451,3,2836.18
ORD16955,PROD1423,3,2522.66
ORD16955,PROD1234,2,1056.69
ORD16955,PROD1034,3,4831.6
ORD16956,PROD1258,3,2893.3
ORD16956,PROD1127,2,4317.58
ORD16956,PROD1052,1,4703.54
ORD16957,PROD1206,1,597.21
ORD16958,PROD1299,3,518.2
ORD16958,PROD1063,2,1848.09
ORD16958,PROD1434,1,512.12
ORD16959,PROD1148,1,352.25
ORD16960,PROD1084,3,1623.81
ORD16960,PROD1023,3,1895.17
ORD16960,PROD1114,2,3203.68
ORD16960,PROD1091,2,3594.9
ORD16961,PROD1033,2,4749.54
ORD16961,PROD1248,1,4821.74
ORD16962,PROD1464,3,4814.65
ORD16963,PROD1220,3,3322.3
ORD16963,PROD1225,2,1295.55
ORD16963,PROD1360,3,2002.03
ORD16964,PROD1398,3,3779.27
ORD16964,PROD1020,2,3098.08
ORD16965,PROD1207,3,3351.16
ORD16965,PROD1373,1,3446.73
ORD16965,PROD1418,2,3395.34
ORD16966,PROD1448,3,1943.67
ORD16966,PROD1139,2,4861.73
ORD16967,PROD1253,2,1652.92
ORD16967,PROD1145,3,280.75
ORD16967,PROD1448,3,1943.67
ORD16967,PROD1184,1,1363.91
ORD16968,PROD1044,2,1368.02
ORD16968,PROD1189,1,1285.08
ORD16968,PROD1361,3,3252.11
ORD16969,PROD1259,3,576.16
ORD16969,PROD1498,1,4874.53
ORD16970,PROD1250,3,1542.8
ORD16971,PROD1213,2,1198.92
ORD16971,PROD1107,3,3802.2
ORD16972,PROD1259,3,576.16
ORD16973,PROD1219,1,4261.19
ORD16973,PROD1139,3,4861.73
ORD16973,PROD1053,2,4484.65
ORD16973,PROD1285,1,276.12
ORD16974,PROD1044,1,1368.02
ORD16974,PROD1278,3,3539.64
ORD16975,PROD1193,2,3202.2
ORD16975,PROD1042,2,268.5
ORD16975,PROD1467,3,4356.14
ORD16976,PROD1442,3,1933.93
ORD16977,PROD1163,2,2725.3
ORD16978,PROD1462,1,3755.62
ORD16978,PROD1124,1,1216.88
ORD16979,PROD1363,3,2773.52
ORD16980,PROD1170,3,3420.07
ORD16980,PROD1309,1,1427.08
ORD16980,PROD1200,1,3245.96
ORD16980,PROD1466,2,1499.99
ORD16981,PROD1233,2,2513.34
ORD16982,PROD1364,3,4713.18
ORD16983,PROD1112,3,4655.52
ORD16983,PROD1248,3,4821.74
ORD16983,PROD1469,1,4819.79
ORD16983,PROD1448,1,1943.67
ORD16984,PROD1392,1,1922.89
ORD16984,PROD1429,2,673.63
ORD16985,PROD1032,2,418.75
ORD16985,PROD1320,2,2791.21
ORD16985,PROD1147,1,2563.13
ORD16986,PROD1128,2,134.07
ORD16986,PROD1162,1,3204.3
ORD16987,PROD1324,3,4778.84
ORD16987,PROD1074,1,3563.6
ORD16987,PROD1485,3,4515.67
ORD16988,PROD1120,3,4056.46
ORD16988,PROD1194,2,1761.25
ORD16988,PROD1249,1,4279.75
ORD16988,PROD1110,3,1519.78
ORD16989,PROD1300,1,353.24
ORD16989,PROD1194,1,1761.25
ORD16989,PROD1025,2,3947.36
ORD16989,PROD1226,1,4867.75
ORD16990,PROD1285,1,276.12
ORD16990,PROD1484,2,2963.14
ORD16991,PROD1175,2,954.4
ORD16992,PROD1192,2,4512.05
ORD16992,PROD1344,3,2052.67
ORD16992,PROD1487,3,1476.72
ORD16993,PROD1333,2,668.76
ORD16994,PROD1054,2,3029.71
ORD16995,PROD1021,3,783.52
ORD16995,PROD1140,3,4815.99
ORD16995,PROD1088,2,4447.34
ORD16995,PROD1367,1,4536.22
ORD16996,PROD1164,3,542.42
ORD16996,PROD1216,2,1694.46
ORD16996,PROD1363,1,2773.52
ORD16996,PROD1290,3,249.45
ORD16997,PROD1426,1,2263.5
ORD16998,PROD1187,3,2820.48
ORD16998,PROD1137,2,3544.79
ORD16998,PROD1334,2,325.41
ORD16998,PROD1351,1,4296.8
ORD16999,PROD1224,3,1399.49
ORD16999,PROD1044,2,1368.02
ORD16999,PROD1216,1,1694.46
ORD17000,PROD1280,2,4461.03
ORD17000,PROD1101,3,3218.41
ORD17000,PROD1459,3,682.21
ORD17001,PROD1259,2,576.16
ORD17001,PROD1334,1,325.41
ORD17002,PROD1359,1,2919.82
ORD17002,PROD1159,3,3668.26
ORD17003,PROD1160,2,1902.14
ORD17003,PROD1289,3,2995.08
ORD17003,PROD1306,2,2629.87
ORD17003,PROD1318,1,866.54
ORD17004,PROD1348,2,1935.6
ORD17004,PROD1051,1,3898.15
ORD17004,PROD1170,1,3420.07
ORD17004,PROD1105,3,1321.53
ORD17005,PROD1451,3,2836.18
ORD17005,PROD1222,3,559.01
ORD17006,PROD1324,2,4778.84
ORD17006,PROD1125,2,2192.83
ORD17007,PROD1243,3,1913.78
ORD17007,PROD1410,3,1664.64
ORD17007,PROD1090,1,686.01
ORD17007,PROD1381,2,3514.01
ORD17008,PROD1318,2,866.54
ORD17008,PROD1441,2,4934.53
ORD17009,PROD1250,3,1542.8
ORD17009,PROD1412,1,4757.98
ORD17010,PROD1023,2,1895.17
ORD17010,PROD1293,2,1864.93
ORD17011,PROD1483,2,3175.03
ORD17011,PROD1201,1,512.29
ORD17012,PROD1045,1,3346.36
ORD17012,PROD1497,2,480.9
ORD17012,PROD1437,3,4127.11
ORD17013,PROD1084,1,1623.81
ORD17013,PROD1311,2,484.44
ORD17013,PROD1076,3,3879.22
ORD17013,PROD1041,3,2526.37
ORD17014,PROD1012,2,4178.97
ORD17015,PROD1419,1,3786.64
ORD17015,PROD1372,3,562.77
ORD17015,PROD1475,2,4965.53
ORD17015,PROD1126,3,4108.27
ORD17016,PROD1310,3,2250.96
ORD17017,PROD1221,3,2884.71
ORD17018,PROD1098,3,224.55
ORD17019,PROD1234,1,1056.69
ORD17019,PROD1185,3,3333.92
ORD17019,PROD1278,2,3539.64
ORD17019,PROD1180,1,1771.23
ORD17020,PROD1301,1,2703.64
ORD17020,PROD1477,1,2813.89
ORD17020,PROD1175,2,954.4
ORD17020,PROD1019,3,1527.02
ORD17021,PROD1052,1,4703.54
ORD17021,PROD1469,3,4819.79
ORD17022,PROD1391,3,2121.83
ORD17022,PROD1031,3,935.57
ORD17022,PROD1190,1,556.2
ORD17022,PROD1182,2,4631.0
ORD17023,PROD1288,3,1504.05
ORD17023,PROD1025,3,3947.36
ORD17023,PROD1277,2,3284.82
ORD17024,PROD1252,3,4270.57
ORD17024,PROD1481,1,3509.17
ORD17025,PROD1075,3,3672.14
ORD17026,PROD1287,1,2758.96
ORD17027,PROD1191,2,4496.36
ORD17028,PROD1176,3,3485.59
ORD17028,PROD1326,3,2816.33
ORD17029,PROD1424,2,382.04
ORD17029,PROD1455,3,2513.86
ORD17029,PROD1198,3,4446.72
ORD17029,PROD1419,2,3786.64
ORD17030,PROD1364,1,4713.18
ORD17030,PROD1359,1,2919.82
ORD17031,PROD1212,2,3294.61
ORD17032,PROD1271,2,4069.56
ORD17032,PROD1207,3,3351.16
ORD17033,PROD1239,3,967.84
ORD17033,PROD1122,1,1658.22
ORD17033,PROD1164,1,542.42
ORD17034,PROD1468,3,1195.62
ORD17035,PROD1408,3,4536.37
ORD17035,PROD1311,1,484.44
ORD17036,PROD1460,3,675.88
ORD17036,PROD1433,1,595.5
ORD17036,PROD1340,2,2508.92
ORD17036,PROD1457,1,2396.44
ORD17037,PROD1492,2,1459.17
ORD17038,PROD1043,2,4555.67
ORD17038,PROD1193,2,3202.2
ORD17038,PROD1070,3,3884.0
ORD17039,PROD1066,1,790.53
ORD17039,PROD1258,1,2893.3
ORD17039,PROD1497,1,480.9
ORD17039,PROD1118,1,4473.54
ORD17040,PROD1290,3,249.45
ORD17040,PROD1274,1,2605.58
ORD17040,PROD1044,2,1368.02
ORD17040,PROD1367,3,4536.22
ORD17041,PROD1286,3,2381.43
ORD17041,PROD1422,2,546.91
ORD17042,PROD1009,2,3569.56
ORD17042,PROD1372,1,562.77
ORD17042,PROD1007,2,4344.26
ORD17042,PROD1033,2,4749.54
ORD17043,PROD1440,3,515.7
ORD17043,PROD1351,3,4296.8
ORD17043,PROD1385,2,4037.06
ORD17043,PROD1272,3,4348.65
ORD17044,PROD1152,1,809.98
ORD17044,PROD1139,1,4861.73
ORD17045,PROD1167,1,1013.94
ORD17045,PROD1004,2,864.49
ORD17045,PROD1219,2,4261.19
ORD17046,PROD1273,2,4574.88
ORD17046,PROD1292,3,4130.74
ORD17047,PROD1034,2,4831.6
ORD17047,PROD1125,3,2192.83
ORD17047,PROD1016,2,1590.79
ORD17048,PROD1111,1,889.98
ORD17048,PROD1336,1,4291.76
ORD17048,PROD1051,1,3898.15
ORD17049,PROD1465,1,1936.87
ORD17050,PROD1229,2,3192.58
ORD17050,PROD1126,1,4108.27
ORD17050,PROD1262,3,786.41
ORD17050,PROD1496,2,2959.91
ORD17051,PROD1265,1,3729.77
ORD17051,PROD1286,1,2381.43
ORD17051,PROD1024,3,2334.74
ORD17052,PROD1130,3,2145.31
ORD17052,PROD1310,3,2250.96
ORD17052,PROD1303,1,3223.41
ORD17052,PROD1320,3,2791.21
ORD17053,PROD1013,2,1140.46
ORD17053,PROD1086,1,3675.07
ORD17053,PROD1495,1,1831.43
ORD17053,PROD1336,1,4291.76
ORD17054,PROD1243,2,1913.78
ORD17054,PROD1159,1,3668.26
ORD17055,PROD1033,1,4749.54
ORD17055,PROD1148,2,352.25
ORD17055,PROD1470,2,159.56
ORD17056,PROD1405,3,4488.06
ORD17056,PROD1396,3,4306.22
ORD17056,PROD1024,3,2334.74
ORD17057,PROD1459,1,682.21
ORD17057,PROD1044,1,1368.02
ORD17057,PROD1224,3,1399.49
ORD17058,PROD1060,3,2004.52
ORD17058,PROD1269,3,1538.6
ORD17059,PROD1399,2,3797.26
ORD17059,PROD1326,1,2816.33
ORD17060,PROD1022,2,1531.51
ORD17060,PROD1025,2,3947.36
ORD17060,PROD1229,2,3192.58
ORD17061,PROD1165,3,4192.98
ORD17061,PROD1248,1,4821.74
ORD17061,PROD1169,3,2995.38
ORD17062,PROD1465,3,1936.87
ORD17062,PROD1186,3,4104.39
ORD17062,PROD1114,3,3203.68
ORD17062,PROD1257,1,3510.55
ORD17063,PROD1225,2,1295.55
ORD17063,PROD1177,1,1995.0
ORD17063,PROD1142,2,2536.52
ORD17064,PROD1079,3,667.76
ORD17064,PROD1147,1,2563.13
ORD17064,PROD1443,1,1916.15
ORD17064,PROD1281,2,1756.18
ORD17065,PROD1171,3,181.28
ORD17065,PROD1134,1,4720.26
ORD17066,PROD1368,2,1059.38
ORD17066,PROD1299,1,518.2
ORD17066,PROD1040,1,697.99
ORD17067,PROD1248,1,4821.74
ORD17067,PROD1377,3,214.03
ORD17067,PROD1270,3,4065.87
ORD17067,PROD1074,1,3563.6
ORD17068,PROD1044,1,1368.02
ORD17068,PROD1434,3,512.12
ORD17068,PROD1169,3,2995.38
ORD17068,PROD1422,2,546.91
ORD17069,PROD1166,2,1671.82
ORD17069,PROD1354,3,445.79
ORD17069,PROD1284,3,2933.57
ORD17069,PROD1275,1,2557.43
ORD17070,PROD1097,2,2194.95
ORD17071,PROD1313,1,4816.98
ORD17071,PROD1279,1,3999.38
ORD17071,PROD1364,2,4713.18
ORD17071,PROD1060,2,2004.52
ORD17072,PROD1069,1,4935.75
ORD17072,PROD1172,1,2609.26
ORD17072,PROD1392,3,1922.89
ORD17072,PROD1111,2,889.98
ORD17073,PROD1431,2,3831.4
ORD17073,PROD1422,1,546.91
ORD17074,PROD1307,1,1682.49
ORD17074,PROD1257,3,3510.55
ORD17074,PROD1356,2,229.91
ORD17074,PROD1232,1,2926.83
ORD17075,PROD1114,2,3203.68
ORD17075,PROD1071,2,1073.71
ORD17076,PROD1293,1,1864.93
ORD17076,PROD1153,3,2498.32
ORD17076,PROD1286,2,2381.43
ORD17076,PROD1253,2,1652.92
ORD17077,PROD1107,3,3802.2
ORD17077,PROD1307,3,1682.49
ORD17077,PROD1139,1,4861.73
ORD17077,PROD1360,2,2002.03
ORD17078,PROD1014,2,990.94
ORD17078,PROD1222,1,559.01
ORD17079,PROD1401,1,4522.51
ORD17080,PROD1346,1,3211.96
ORD17080,PROD1357,1,2970.3
ORD17080,PROD1383,3,4399.61
ORD17080,PROD1339,3,579.39
ORD17081,PROD1342,3,948.69
ORD17081,PROD1323,2,1471.68
ORD17082,PROD1053,3,4484.65
ORD17083,PROD1186,3,4104.39
ORD17083,PROD1212,1,3294.61
ORD17083,PROD1310,3,2250.96
ORD17083,PROD1426,2,2263.5
ORD17084,PROD1179,1,773.85
ORD17084,PROD1299,1,518.2
ORD17084,PROD1301,3,2703.64
ORD17084,PROD1096,1,2661.39
ORD17085,PROD1299,2,518.2
ORD17085,PROD1235,3,3640.02
ORD17086,PROD1299,2,518.2
ORD17086,PROD1426,2,2263.5
ORD17086,PROD1110,1,1519.78
ORD17086,PROD1262,3,786.41
ORD17087,PROD1213,2,1198.92
ORD17087,PROD1076,2,3879.22
ORD17088,PROD1384,1,3701.85
ORD17088,PROD1430,1,800.66
ORD17088,PROD1362,3,2345.44
ORD17089,PROD1286,1,2381.43
ORD17089,PROD1352,2,3327.6
ORD17089,PROD1397,1,2202.07
ORD17090,PROD1181,1,656.02
ORD17090,PROD1180,3,1771.23
ORD17090,PROD1164,1,542.42
ORD17091,PROD1394,2,1769.94
ORD17092,PROD1182,1,4631.0
ORD17092,PROD1165,1,4192.98
ORD17093,PROD1401,3,4522.51
ORD17093,PROD1265,2,3729.77
ORD17094,PROD1237,1,219.15
ORD17094,PROD1210,2,2788.8
ORD17094,PROD1338,1,2423.45
ORD17095,PROD1499,3,4932.43
ORD17096,PROD1118,3,4473.54
ORD17096,PROD1394,1,1769.94
ORD17096,PROD1436,1,456.54
ORD17097,PROD1265,1,3729.77
ORD17097,PROD1214,1,3589.68
ORD17098,PROD1379,1,1481.09
ORD17098,PROD1331,1,3813.45
ORD17098,PROD1248,1,4821.74
ORD17098,PROD1413,2,2909.85
ORD17099,PROD1474,3,2685.74
ORD17099,PROD1238,3,3262.81
ORD17099,PROD1278,2,3539.64
ORD17099,PROD1069,3,4935.75
ORD17100,PROD1239,2,967.84
ORD17101,PROD1334,1,325.41
ORD17101,PROD1314,2,4196.3
ORD17101,PROD1069,2,4935.75
ORD17101,PROD1197,1,4495.84
ORD17102,PROD1374,2,448.82
ORD17102,PROD1069,1,4935.75
ORD17102,PROD1254,3,930.51
ORD17102,PROD1184,1,1363.91
ORD17103,PROD1141,3,1333.73
ORD17103,PROD1110,3,1519.78
ORD17104,PROD1437,1,4127.11
ORD17104,PROD1465,1,1936.87
ORD17104,PROD1441,3,4934.53
ORD17105,PROD1238,3,3262.81
ORD17105,PROD1457,3,2396.44
ORD17105,PROD1052,2,4703.54
ORD17106,PROD1378,3,4090.9
ORD17107,PROD1154,3,4929.69
ORD17107,PROD1248,2,4821.74
ORD17107,PROD1464,3,4814.65
ORD17108,PROD1083,3,411.44
ORD17108,PROD1026,2,1078.4
ORD17109,PROD1307,1,1682.49
ORD17109,PROD1068,2,465.3
ORD17109,PROD1193,1,3202.2
ORD17110,PROD1119,3,2742.78
ORD17110,PROD1454,2,644.87
ORD17110,PROD1291,1,283.01
ORD17110,PROD1199,3,3921.39
ORD17111,PROD1180,2,1771.23
ORD17111,PROD1255,3,2828.33
ORD17111,PROD1360,2,2002.03
ORD17111,PROD1423,2,2522.66
ORD17112,PROD1240,1,4708.25
ORD17112,PROD1225,1,1295.55
ORD17112,PROD1162,1,3204.3
ORD17113,PROD1365,1,1991.9
ORD17113,PROD1470,1,159.56
ORD17114,PROD1247,3,4836.61
ORD17114,PROD1192,3,4512.05
ORD17114,PROD1072,2,127.06
ORD17115,PROD1225,1,1295.55
ORD17115,PROD1029,2,327.61
ORD17115,PROD1222,2,559.01
ORD17115,PROD1221,2,2884.71
ORD17116,PROD1099,3,628.67
ORD17116,PROD1023,1,1895.17
ORD17116,PROD1262,2,786.41
ORD17116,PROD1432,2,3129.27
ORD17117,PROD1042,3,268.5
ORD17118,PROD1320,1,2791.21
ORD17118,PROD1155,1,1286.07
ORD17119,PROD1452,1,2178.69
ORD17119,PROD1033,3,4749.54
ORD17119,PROD1314,2,4196.3
ORD17119,PROD1237,1,219.15
ORD17120,PROD1021,2,783.52
ORD17120,PROD1456,2,155.63
ORD17120,PROD1311,1,484.44
ORD17120,PROD1005,3,864.37
ORD17121,PROD1479,1,2663.18
ORD17121,PROD1067,3,4030.77
ORD17121,PROD1307,3,1682.49
ORD17122,PROD1345,1,3117.67
ORD17122,PROD1352,2,3327.6
ORD17123,PROD1296,3,3872.97
ORD17124,PROD1436,2,456.54
ORD17125,PROD1479,1,2663.18
ORD17125,PROD1092,3,3827.85
ORD17125,PROD1101,2,3218.41
ORD17125,PROD1359,1,2919.82
ORD17126,PROD1214,1,3589.68
ORD17127,PROD1065,1,2759.21
ORD17127,PROD1175,2,954.4
ORD17127,PROD1065,3,2759.21
ORD17128,PROD1200,3,3245.96
ORD17128,PROD1491,3,3138.65
ORD17128,PROD1050,1,4850.96
ORD17129,PROD1229,1,3192.58
ORD17129,PROD1442,1,1933.93
ORD17129,PROD1097,2,2194.95
ORD17129,PROD1409,1,547.3
ORD17130,PROD1426,2,2263.5
ORD17130,PROD1303,2,3223.41
ORD17131,PROD1032,3,418.75
ORD17131,PROD1237,2,219.15
ORD17131,PROD1080,2,4329.21
ORD17132,PROD1089,1,2413.85
ORD17132,PROD1125,3,2192.83
ORD17132,PROD1415,1,2297.38
ORD17132,PROD1020,2,3098.08
ORD17133,PROD1249,2,4279.75
ORD17133,PROD1325,2,3715.69
ORD17133,PROD1082,3,1721.4
ORD17134,PROD1322,3,3334.97
ORD17135,PROD1168,1,299.8
ORD17135,PROD1023,2,1895.17
ORD17135,PROD1170,3,3420.07
ORD17136,PROD1409,2,547.3
ORD17136,PROD1284,2,2933.57
ORD17137,PROD1253,1,1652.92
ORD17137,PROD1110,2,1519.78
ORD17137,PROD1073,1,4095.76
ORD17138,PROD1274,3,2605.58
ORD17138,PROD1309,3,1427.08
ORD17138,PROD1453,3,4541.14
ORD17139,PROD1321,3,3601.52
ORD17140,PROD1089,3,2413.85
ORD17140,PROD1145,2,280.75
ORD17140,PROD1064,1,1476.58
ORD17141,PROD1440,2,515.7
ORD17141,PROD1369,3,439.87
ORD17141,PROD1160,1,1902.14
ORD17141,PROD1230,1,3994.58
ORD17142,PROD1305,1,4881.68
ORD17143,PROD1324,2,4778.84
ORD17143,PROD1356,2,229.91
ORD17144,PROD1142,1,2536.52
ORD17144,PROD1495,3,1831.43
ORD17145,PROD1256,1,4687.16
ORD17145,PROD1412,3,4757.98
ORD17145,PROD1380,1,679.01
ORD17145,PROD1199,3,3921.39
ORD17146,PROD1007,1,4344.26
ORD17146,PROD1094,3,3877.74
ORD17147,PROD1181,2,656.02
ORD17147,PROD1499,1,4932.43
ORD17147,PROD1441,3,4934.53
ORD17148,PROD1417,1,1710.46
ORD17148,PROD1288,2,1504.05
ORD17148,PROD1464,1,4814.65
ORD17149,PROD1131,1,1188.33
ORD17150,PROD1489,3,4462.29
ORD17150,PROD1238,3,3262.81
ORD17151,PROD1466,2,1499.99
ORD17151,PROD1184,2,1363.91
ORD17152,PROD1124,2,1216.88
ORD17152,PROD1056,3,533.61
ORD17152,PROD1301,1,2703.64
ORD17153,PROD1147,2,2563.13
ORD17153,PROD1260,3,3113.54
ORD17154,PROD1465,3,1936.87
ORD17154,PROD1441,3,4934.53
ORD17155,PROD1218,1,3283.2
ORD17155,PROD1219,3,4261.19
ORD17155,PROD1341,3,2420.01
ORD17155,PROD1169,2,2995.38
ORD17156,PROD1068,3,465.3
ORD17156,PROD1286,1,2381.43
ORD17156,PROD1170,1,3420.07
ORD17157,PROD1148,1,352.25
ORD17157,PROD1365,1,1991.9
ORD17157,PROD1222,1,559.01
ORD17158,PROD1444,2,4082.72
ORD17158,PROD1035,2,4061.15
ORD17159,PROD1161,1,3198.3
ORD17160,PROD1320,3,2791.21
ORD17161,PROD1187,1,2820.48
ORD17161,PROD1437,2,4127.11
ORD17162,PROD1125,2,2192.83
ORD17163,PROD1199,1,3921.39
ORD17164,PROD1191,2,4496.36
ORD17165,PROD1266,1,3515.38
ORD17165,PROD1245,1,4648.76
ORD17165,PROD1477,1,2813.89
ORD17166,PROD1476,2,461.6
ORD17166,PROD1284,3,2933.57
ORD17167,PROD1263,3,2639.82
ORD17168,PROD1143,1,1574.3
ORD17169,PROD1007,2,4344.26
ORD17170,PROD1375,1,1662.98
ORD17170,PROD1388,2,3778.01
ORD17171,PROD1070,1,3884.0
ORD17171,PROD1285,2,276.12
ORD17172,PROD1094,3,3877.74
ORD17172,PROD1320,3,2791.21
ORD17172,PROD1475,3,4965.53
ORD17172,PROD1285,1,276.12
ORD17173,PROD1361,2,3252.11
ORD17173,PROD1335,2,299.57
ORD17173,PROD1136,3,2642.07
ORD17174,PROD1447,1,3791.55
ORD17175,PROD1300,1,353.24
ORD17175,PROD1064,1,1476.58
ORD17176,PROD1491,1,3138.65
ORD17176,PROD1345,1,3117.67
ORD17176,PROD1233,2,2513.34
ORD17177,PROD1482,2,2327.25
ORD17177,PROD1408,3,4536.37
ORD17178,PROD1488,3,4757.02
ORD17178,PROD1366,3,4809.83
ORD17178,PROD1286,3,2381.43
ORD17179,PROD1188,1,2695.29
ORD17180,PROD1453,1,4541.14
ORD17181,PROD1160,3,1902.14
ORD17182,PROD1162,2,3204.3
ORD17182,PROD1176,2,3485.59
ORD17182,PROD1479,1,2663.18
ORD17183,PROD1481,3,3509.17
ORD17183,PROD1073,2,4095.76
ORD17183,PROD1299,3,518.2
ORD17183,PROD1288,1,1504.05
ORD17184,PROD1341,3,2420.01
ORD17184,PROD1050,1,4850.96
ORD17184,PROD1470,1,159.56
ORD17185,PROD1456,3,155.63
ORD17186,PROD1238,3,3262.81
ORD17186,PROD1339,3,579.39
ORD17187,PROD1025,3,3947.36
ORD17187,PROD1049,1,1005.79
ORD17188,PROD1318,1,866.54
ORD17189,PROD1166,3,1671.82
ORD17190,PROD1040,2,697.99
ORD17190,PROD1014,3,990.94
ORD17190,PROD1128,1,134.07
ORD17190,PROD1057,2,1060.32
ORD17191,PROD1209,2,887.96
ORD17191,PROD1241,3,4774.25
ORD17191,PROD1382,3,3181.82
ORD17192,PROD1089,2,2413.85
ORD17192,PROD1448,1,1943.67
ORD17193,PROD1150,3,4550.5
ORD17193,PROD1159,2,3668.26
ORD17193,PROD1441,1,4934.53
ORD17193,PROD1485,2,4515.67
ORD17194,PROD1159,2,3668.26
ORD17195,PROD1178,1,4689.98
ORD17195,PROD1219,3,4261.19
ORD17196,PROD1115,3,4370.16
ORD17196,PROD1346,1,3211.96
ORD17196,PROD1400,1,605.31
ORD17197,PROD1107,1,3802.2
ORD17197,PROD1299,1,518.2
ORD17198,PROD1463,2,2958.51
ORD17198,PROD1486,2,322.69
ORD17199,PROD1219,2,4261.19
ORD17199,PROD1016,1,1590.79
ORD17200,PROD1283,1,560.51
ORD17200,PROD1179,1,773.85
ORD17200,PROD1271,3,4069.56
ORD17200,PROD1416,1,1536.73
ORD17201,PROD1209,2,887.96
ORD17202,PROD1495,3,1831.43
ORD17203,PROD1341,3,2420.01
ORD17203,PROD1214,3,3589.68
ORD17203,PROD1473,3,4466.6
ORD17204,PROD1315,1,3510.27
ORD17204,PROD1065,1,2759.21
ORD17205,PROD1386,3,1481.97
ORD17205,PROD1039,2,2256.75
ORD17205,PROD1335,3,299.57
ORD17206,PROD1306,1,2629.87
ORD17207,PROD1131,1,1188.33
ORD17207,PROD1430,1,800.66
ORD17207,PROD1422,2,546.91
ORD17208,PROD1038,1,3452.74
ORD17209,PROD1246,2,2198.1
ORD17209,PROD1360,1,2002.03
ORD17209,PROD1155,1,1286.07
ORD17210,PROD1144,1,1495.72
ORD17210,PROD1045,2,3346.36
ORD17210,PROD1462,3,3755.62
ORD17211,PROD1493,3,1021.79
ORD17211,PROD1019,1,1527.02
ORD17212,PROD1317,2,949.14
ORD17212,PROD1358,3,4707.13
ORD17212,PROD1267,2,3542.17
ORD17212,PROD1080,1,4329.21
ORD17213,PROD1116,3,4037.99
ORD17214,PROD1036,1,1592.61
ORD17214,PROD1436,1,456.54
ORD17214,PROD1310,1,2250.96
ORD17214,PROD1215,3,1262.52
ORD17215,PROD1344,3,2052.67
ORD17215,PROD1077,3,462.82
ORD17215,PROD1118,3,4473.54
ORD17215,PROD1429,2,673.63
ORD17216,PROD1003,1,3033.43
ORD17217,PROD1348,3,1935.6
ORD17218,PROD1309,3,1427.08
ORD17218,PROD1251,1,1986.98
ORD17218,PROD1404,1,1668.24
ORD17219,PROD1217,1,3757.81
ORD17219,PROD1198,2,4446.72
ORD17219,PROD1179,2,773.85
ORD17219,PROD1207,1,3351.16
ORD17220,PROD1335,2,299.57
ORD17221,PROD1071,1,1073.71
ORD17221,PROD1439,1,498.61
ORD17221,PROD1219,2,4261.19
ORD17221,PROD1301,3,2703.64
ORD17222,PROD1473,2,4466.6
ORD17222,PROD1213,1,1198.92
ORD17222,PROD1334,3,325.41
ORD17222,PROD1076,2,3879.22
ORD17223,PROD1192,1,4512.05
ORD17223,PROD1028,1,3002.83
ORD17223,PROD1384,1,3701.85
ORD17223,PROD1379,2,1481.09
ORD17224,PROD1145,2,280.75
ORD17224,PROD1352,3,3327.6
ORD17224,PROD1051,2,3898.15
ORD17224,PROD1490,2,2332.72
ORD17225,PROD1257,3,3510.55
ORD17225,PROD1197,1,4495.84
ORD17225,PROD1310,3,2250.96
ORD17226,PROD1143,1,1574.3
ORD17226,PROD1243,2,1913.78
ORD17227,PROD1277,3,3284.82
ORD17227,PROD1002,1,3686.77
ORD17227,PROD1258,3,2893.3
ORD17228,PROD1088,1,4447.34
ORD17228,PROD1232,2,2926.83
ORD17229,PROD1038,3,3452.74
ORD17229,PROD1403,2,4149.64
ORD17229,PROD1320,1,2791.21
ORD17229,PROD1162,2,3204.3
ORD17230,PROD1092,3,3827.85
ORD17231,PROD1179,3,773.85
ORD17231,PROD1296,1,3872.97
ORD17231,PROD1376,1,4239.89
ORD17232,PROD1429,1,673.63
ORD17233,PROD1046,3,1627.38
ORD17234,PROD1349,1,3166.71
ORD17234,PROD1138,1,1881.79
ORD17234,PROD1284,1,2933.57
ORD17234,PROD1241,2,4774.25
ORD17235,PROD1118,1,4473.54
ORD17235,PROD1058,2,321.61
ORD17235,PROD1290,3,249.45
ORD17235,PROD1435,2,3534.75
ORD17236,PROD1481,3,3509.17
ORD17236,PROD1468,2,1195.62
ORD17236,PROD1325,2,3715.69
ORD17236,PROD1062,2,4160.81
ORD17237,PROD1371,3,189.29
ORD17237,PROD1042,1,268.5
ORD17238,PROD1202,3,891.98
ORD17238,PROD1177,1,1995.0
ORD17239,PROD1002,3,3686.77
ORD17239,PROD1088,1,4447.34
ORD17239,PROD1393,1,3904.42
ORD17240,PROD1132,3,687.34
ORD17240,PROD1246,3,2198.1
ORD17240,PROD1373,1,3446.73
ORD17240,PROD1170,2,3420.07
ORD17241,PROD1307,1,1682.49
ORD17241,PROD1046,2,1627.38
ORD17241,PROD1497,1,480.9
ORD17242,PROD1311,2,484.44
ORD17243,PROD1246,2,2198.1
ORD17243,PROD1186,3,4104.39
ORD17243,PROD1234,3,1056.69
ORD17244,PROD1329,1,1313.88
ORD17245,PROD1003,3,3033.43
ORD17246,PROD1385,1,4037.06
ORD17246,PROD1432,3,3129.27
ORD17246,PROD1311,3,484.44
ORD17247,PROD1310,1,2250.96
ORD17247,PROD1181,2,656.02
ORD17247,PROD1208,2,124.8
ORD17248,PROD1490,3,2332.72
ORD17248,PROD1315,1,3510.27
ORD17249,PROD1053,1,4484.65
ORD17249,PROD1392,2,1922.89
ORD17249,PROD1243,2,1913.78
ORD17249,PROD1161,3,3198.3
ORD17250,PROD1498,3,4874.53
ORD17251,PROD1390,2,4953.48
ORD17252,PROD1277,3,3284.82
ORD17252,PROD1141,1,1333.73
ORD17253,PROD1388,3,3778.01
ORD17253,PROD1196,2,3657.18
ORD17253,PROD1370,1,593.81
ORD17254,PROD1175,1,954.4
ORD17255,PROD1036,1,1592.61
ORD17255,PROD1323,2,1471.68
ORD17256,PROD1023,2,1895.17
ORD17256,PROD1379,3,1481.09
ORD17256,PROD1198,1,4446.72
ORD17256,PROD1493,3,1021.79
ORD17257,PROD1109,1,477.2
ORD17258,PROD1039,2,2256.75
ORD17258,PROD1336,1,4291.76
ORD17259,PROD1144,3,1495.72
ORD17260,PROD1157,2,3831.94
ORD17260,PROD1415,3,2297.38
ORD17261,PROD1399,1,3797.26
ORD17261,PROD1082,2,1721.4
ORD17261,PROD1462,1,3755.62
ORD17261,PROD1438,3,3560.59
ORD17262,PROD1032,3,418.75
ORD17262,PROD1383,1,4399.61
ORD17262,PROD1353,1,898.38
ORD17263,PROD1315,2,3510.27
ORD17263,PROD1208,3,124.8
ORD17263,PROD1028,3,3002.83
ORD17263,PROD1273,2,4574.88
ORD17264,PROD1015,1,998.68
ORD17264,PROD1296,1,3872.97
ORD17265,PROD1426,1,2263.5
ORD17265,PROD1346,3,3211.96
ORD17265,PROD1286,3,2381.43
ORD17266,PROD1376,2,4239.89
ORD17267,PROD1315,1,3510.27
ORD17267,PROD1251,3,1986.98
ORD17267,PROD1232,2,2926.83
ORD17267,PROD1218,2,3283.2
ORD17268,PROD1474,3,2685.74
ORD17268,PROD1067,2,4030.77
ORD17269,PROD1485,3,4515.67
ORD17269,PROD1314,3,4196.3
ORD17269,PROD1075,2,3672.14
ORD17269,PROD1302,2,2749.11
ORD17270,PROD1376,3,4239.89
ORD17270,PROD1475,1,4965.53
ORD17270,PROD1350,3,2565.37
ORD17270,PROD1001,1,4758.5
ORD17271,PROD1056,3,533.61
ORD17271,PROD1195,2,1811.13
ORD17271,PROD1011,1,4852.56
ORD17271,PROD1457,1,2396.44
ORD17272,PROD1370,1,593.81
ORD17272,PROD1106,1,2110.88
ORD17272,PROD1246,1,2198.1
ORD17273,PROD1045,2,3346.36
ORD17273,PROD1019,3,1527.02
ORD17274,PROD1375,3,1662.98
ORD17274,PROD1035,3,4061.15
ORD17274,PROD1000,3,1935.25
ORD17274,PROD1345,1,3117.67
ORD17275,PROD1081,1,3154.16
ORD17275,PROD1158,1,1264.42
ORD17275,PROD1247,3,4836.61
ORD17276,PROD1344,3,2052.67
ORD17276,PROD1432,1,3129.27
ORD17276,PROD1301,1,2703.64
ORD17276,PROD1437,1,4127.11
ORD17277,PROD1027,1,2619.75
ORD17277,PROD1081,2,3154.16
ORD17277,PROD1476,3,461.6
ORD17277,PROD1329,3,1313.88
ORD17278,PROD1315,1,3510.27
ORD17279,PROD1135,2,1683.69
ORD17279,PROD1401,1,4522.51
ORD17280,PROD1336,1,4291.76
ORD17280,PROD1489,2,4462.29
ORD17281,PROD1480,3,3184.05
ORD17281,PROD1495,3,1831.43
ORD17282,PROD1008,3,3045.46
ORD17283,PROD1291,1,283.01
ORD17283,PROD1146,3,3086.87
ORD17283,PROD1353,3,898.38
ORD17283,PROD1001,1,4758.5
ORD17284,PROD1063,3,1848.09
ORD17284,PROD1254,2,930.51
ORD17284,PROD1409,3,547.3
ORD17284,PROD1118,2,4473.54
ORD17285,PROD1077,1,462.82
ORD17285,PROD1005,3,864.37
ORD17285,PROD1394,2,1769.94
ORD17285,PROD1045,1,3346.36
ORD17286,PROD1249,1,4279.75
ORD17287,PROD1175,1,954.4
ORD17287,PROD1097,3,2194.95
ORD17287,PROD1467,2,4356.14
ORD17287,PROD1471,1,4852.41
ORD17288,PROD1297,3,1157.52
ORD17289,PROD1305,1,4881.68
ORD17289,PROD1344,3,2052.67
ORD17289,PROD1381,3,3514.01
ORD17289,PROD1002,1,3686.77
ORD17290,PROD1280,1,4461.03
ORD17290,PROD1290,3,249.45
ORD17290,PROD1234,3,1056.69
ORD17291,PROD1378,1,4090.9
ORD17291,PROD1481,1,3509.17
ORD17291,PROD1110,1,1519.78
ORD17291,PROD1273,2,4574.88
ORD17292,PROD1168,3,299.8
ORD17293,PROD1229,1,3192.58
ORD17293,PROD1493,2,1021.79
ORD17294,PROD1172,1,2609.26
ORD17295,PROD1214,2,3589.68
ORD17296,PROD1063,1,1848.09
ORD17296,PROD1159,1,3668.26
ORD17296,PROD1061,3,1429.61
ORD17296,PROD1132,1,687.34
ORD17297,PROD1385,1,4037.06
ORD17297,PROD1458,2,375.89
ORD17298,PROD1227,1,2026.18
ORD17298,PROD1273,2,4574.88
ORD17298,PROD1230,2,3994.58
ORD17299,PROD1160,3,1902.14
ORD17300,PROD1351,2,4296.8
ORD17301,PROD1124,1,1216.88
ORD17301,PROD1180,1,1771.23
ORD17302,PROD1043,2,4555.67
ORD17302,PROD1330,2,1844.27
ORD17303,PROD1418,2,3395.34
ORD17303,PROD1451,1,2836.18
ORD17303,PROD1264,1,4399.13
ORD17303,PROD1362,1,2345.44
ORD17304,PROD1488,1,4757.02
ORD17305,PROD1424,3,382.04
ORD17305,PROD1006,1,384.61
ORD17305,PROD1314,1,4196.3
ORD17306,PROD1355,1,3247.85
ORD17307,PROD1057,1,1060.32
ORD17307,PROD1299,2,518.2
ORD17308,PROD1124,1,1216.88
ORD17308,PROD1420,1,3978.74
ORD17308,PROD1152,1,809.98
ORD17308,PROD1408,3,4536.37
ORD17309,PROD1363,3,2773.52
ORD17309,PROD1190,3,556.2
ORD17309,PROD1249,3,4279.75
ORD17309,PROD1189,2,1285.08
ORD17310,PROD1079,2,667.76
ORD17311,PROD1108,2,1221.11
ORD17312,PROD1132,3,687.34
ORD17312,PROD1339,2,579.39
ORD17312,PROD1175,2,954.4
ORD17312,PROD1162,2,3204.3
ORD17313,PROD1364,2,4713.18
ORD17313,PROD1426,2,2263.5
ORD17314,PROD1094,2,3877.74
ORD17314,PROD1145,1,280.75
ORD17314,PROD1102,2,1640.34
ORD17314,PROD1438,1,3560.59
ORD17315,PROD1216,3,1694.46
ORD17315,PROD1039,3,2256.75
ORD17316,PROD1197,1,4495.84
ORD17316,PROD1116,1,4037.99
ORD17317,PROD1284,2,2933.57
ORD17318,PROD1184,1,1363.91
ORD17318,PROD1302,1,2749.11
ORD17318,PROD1477,1,2813.89
ORD17319,PROD1049,2,1005.79
ORD17320,PROD1268,3,1861.51
ORD17321,PROD1451,3,2836.18
ORD17321,PROD1428,3,1819.48
ORD17321,PROD1016,1,1590.79
ORD17322,PROD1079,1,667.76
ORD17322,PROD1481,2,3509.17
ORD17322,PROD1058,2,321.61
ORD17323,PROD1400,3,605.31
ORD17323,PROD1122,2,1658.22
ORD17323,PROD1050,3,4850.96
ORD17324,PROD1471,1,4852.41
ORD17324,PROD1110,1,1519.78
ORD17324,PROD1198,1,4446.72
ORD17325,PROD1008,3,3045.46
ORD17325,PROD1454,1,644.87
ORD17326,PROD1079,2,667.76
ORD17326,PROD1031,2,935.57
ORD17326,PROD1003,3,3033.43
ORD17326,PROD1189,1,1285.08
ORD17327,PROD1150,2,4550.5
ORD17327,PROD1217,1,3757.81
ORD17328,PROD1238,2,3262.81
ORD17328,PROD1149,1,1465.37
ORD17328,PROD1107,2,3802.2
ORD17328,PROD1194,1,1761.25
ORD17329,PROD1157,2,3831.94
ORD17329,PROD1396,2,4306.22
ORD17329,PROD1153,3,2498.32
ORD17329,PROD1231,3,2562.92
ORD17330,PROD1107,3,3802.2
ORD17330,PROD1371,3,189.29
ORD17331,PROD1353,3,898.38
ORD17331,PROD1071,3,1073.71
ORD17331,PROD1417,3,1710.46
ORD17331,PROD1361,2,3252.11
ORD17332,PROD1226,1,4867.75
ORD17332,PROD1016,2,1590.79
ORD17332,PROD1219,2,4261.19
ORD17333,PROD1128,3,134.07
ORD17333,PROD1104,2,4547.08
ORD17333,PROD1269,3,1538.6
ORD17334,PROD1226,1,4867.75
ORD17335,PROD1068,2,465.3
ORD17335,PROD1031,2,935.57
ORD17335,PROD1000,3,1935.25
ORD17335,PROD1193,2,3202.2
ORD17336,PROD1203,2,4502.92
ORD17337,PROD1360,1,2002.03
ORD17337,PROD1369,2,439.87
ORD17337,PROD1146,2,3086.87
ORD17337,PROD1050,1,4850.96
ORD17338,PROD1133,3,1754.31
ORD17338,PROD1189,2,1285.08
ORD17338,PROD1065,3,2759.21
ORD17339,PROD1135,1,1683.69
ORD17339,PROD1094,2,3877.74
ORD17339,PROD1400,2,605.31
ORD17339,PROD1186,2,4104.39
ORD17340,PROD1205,3,145.07
ORD17341,PROD1232,1,2926.83
ORD17341,PROD1062,2,4160.81
ORD17341,PROD1336,1,4291.76
ORD17342,PROD1394,2,1769.94
ORD17342,PROD1026,2,1078.4
ORD17342,PROD1445,2,4741.52
ORD17342,PROD1392,2,1922.89
ORD17343,PROD1156,3,3393.46
ORD17343,PROD1451,1,2836.18
ORD17344,PROD1027,1,2619.75
ORD17344,PROD1191,2,4496.36
ORD17344,PROD1487,3,1476.72
ORD17344,PROD1151,1,1273.85
ORD17345,PROD1414,1,3196.0
ORD17346,PROD1275,3,2557.43
ORD17346,PROD1402,1,2575.74
ORD17346,PROD1260,1,3113.54
ORD17346,PROD1253,3,1652.92
ORD17347,PROD1310,3,2250.96
ORD17347,PROD1062,2,4160.81
ORD17347,PROD1242,2,4582.84
ORD17347,PROD1302,3,2749.11
ORD17348,PROD1489,2,4462.29
ORD17349,PROD1497,2,480.9
ORD17350,PROD1382,3,3181.82
ORD17350,PROD1129,1,2602.66
ORD17350,PROD1125,1,2192.83
ORD17350,PROD1369,1,439.87
ORD17351,PROD1336,2,4291.76
ORD17351,PROD1449,1,509.15
ORD17351,PROD1014,3,990.94
ORD17351,PROD1182,2,4631.0
ORD17352,PROD1031,2,935.57
ORD17352,PROD1043,2,4555.67
ORD17353,PROD1122,2,1658.22
ORD17353,PROD1371,2,189.29
ORD17353,PROD1465,3,1936.87
ORD17353,PROD1482,2,2327.25
ORD17354,PROD1443,3,1916.15
ORD17355,PROD1237,1,219.15
ORD17355,PROD1058,3,321.61
ORD17355,PROD1330,1,1844.27
ORD17356,PROD1427,1,4449.75
ORD17356,PROD1259,3,576.16
ORD17356,PROD1442,3,1933.93
ORD17356,PROD1395,1,4660.71
ORD17357,PROD1228,3,4471.03
ORD17358,PROD1441,3,4934.53
ORD17358,PROD1062,1,4160.81
ORD17359,PROD1072,3,127.06
ORD17359,PROD1096,3,2661.39
ORD17359,PROD1357,2,2970.3
ORD17359,PROD1079,1,667.76
ORD17360,PROD1004,1,864.49
ORD17360,PROD1431,2,3831.4
ORD17360,PROD1416,1,1536.73
ORD17360,PROD1031,1,935.57
ORD17361,PROD1483,2,3175.03
ORD17361,PROD1444,1,4082.72
ORD17362,PROD1040,1,697.99
ORD17362,PROD1342,1,948.69
ORD17362,PROD1421,1,3969.13
ORD17363,PROD1056,1,533.61
ORD17363,PROD1477,2,2813.89
ORD17363,PROD1327,3,3097.43
ORD17364,PROD1438,3,3560.59
ORD17364,PROD1179,3,773.85
ORD17365,PROD1123,2,639.25
ORD17365,PROD1409,1,547.3
ORD17366,PROD1358,3,4707.13
ORD17366,PROD1257,2,3510.55
ORD17367,PROD1218,1,3283.2
ORD17367,PROD1177,1,1995.0
ORD17368,PROD1234,3,1056.69
ORD17368,PROD1134,3,4720.26
ORD17368,PROD1208,1,124.8
ORD17369,PROD1143,2,1574.3
ORD17369,PROD1190,2,556.2
ORD17369,PROD1221,1,2884.71
ORD17369,PROD1333,2,668.76
ORD17370,PROD1179,1,773.85
ORD17370,PROD1079,1,667.76
ORD17371,PROD1153,3,2498.32
ORD17371,PROD1178,3,4689.98
ORD17371,PROD1298,1,3152.16
ORD17371,PROD1325,2,3715.69
ORD17372,PROD1419,2,3786.64
ORD17372,PROD1002,1,3686.77
ORD17373,PROD1194,3,1761.25
ORD17373,PROD1264,2,4399.13
ORD17373,PROD1267,1,3542.17
ORD17373,PROD1455,1,2513.86
ORD17374,PROD1359,3,2919.82
ORD17375,PROD1055,3,4617.18
ORD17375,PROD1104,2,4547.08
ORD17375,PROD1212,2,3294.61
ORD17376,PROD1059,2,1694.12
ORD17377,PROD1346,2,3211.96
ORD17377,PROD1445,2,4741.52
ORD17377,PROD1174,3,3261.35
ORD17377,PROD1316,3,2103.87
ORD17378,PROD1251,1,1986.98
ORD17379,PROD1419,1,3786.64
ORD17379,PROD1483,3,3175.03
ORD17379,PROD1270,2,4065.87
ORD17380,PROD1189,3,1285.08
ORD17381,PROD1320,1,2791.21
ORD17382,PROD1008,1,3045.46
ORD17382,PROD1031,3,935.57
ORD17382,PROD1076,1,3879.22
ORD17383,PROD1022,1,1531.51
ORD17384,PROD1472,2,311.48
ORD17384,PROD1116,3,4037.99
ORD17385,PROD1407,2,153.1
ORD17386,PROD1319,3,1326.19
ORD17386,PROD1418,3,3395.34
ORD17386,PROD1405,2,4488.06
ORD17387,PROD1445,2,4741.52
ORD17387,PROD1038,3,3452.74
ORD17387,PROD1403,2,4149.64
ORD17388,PROD1206,2,597.21
ORD17389,PROD1370,3,593.81
ORD17389,PROD1260,3,3113.54
ORD17389,PROD1311,1,484.44
ORD17390,PROD1171,2,181.28
ORD17390,PROD1185,2,3333.92
ORD17391,PROD1273,1,4574.88
ORD17391,PROD1261,2,4951.26
ORD17391,PROD1499,1,4932.43
ORD17391,PROD1131,3,1188.33
ORD17392,PROD1052,1,4703.54
ORD17393,PROD1193,3,3202.2
ORD17394,PROD1463,1,2958.51
ORD17394,PROD1354,2,445.79
ORD17394,PROD1172,2,2609.26
ORD17395,PROD1144,3,1495.72
ORD17395,PROD1144,3,1495.72
ORD17395,PROD1488,1,4757.02
ORD17396,PROD1282,3,1940.36
ORD17397,PROD1017,1,2671.31
ORD17397,PROD1341,1,2420.01
ORD17398,PROD1208,3,124.8
ORD17398,PROD1010,3,200.86
ORD17398,PROD1145,1,280.75
ORD17398,PROD1034,1,4831.6
ORD17399,PROD1477,1,2813.89
ORD17399,PROD1371,3,189.29
ORD17399,PROD1164,1,542.42
ORD17400,PROD1110,3,1519.78
ORD17400,PROD1012,3,4178.97
ORD17401,PROD1473,1,4466.6
ORD17401,PROD1497,1,480.9
ORD17401,PROD1200,1,3245.96
ORD17401,PROD1290,2,249.45
ORD17402,PROD1146,2,3086.87
ORD17402,PROD1427,1,4449.75
ORD17402,PROD1381,1,3514.01
ORD17403,PROD1359,3,2919.82
ORD17403,PROD1389,3,4053.49
ORD17403,PROD1337,2,3547.92
ORD17403,PROD1006,1,384.61
ORD17404,PROD1239,2,967.84
ORD17404,PROD1314,2,4196.3
ORD17404,PROD1467,1,4356.14
ORD17404,PROD1003,3,3033.43
ORD17405,PROD1043,1,4555.67
ORD17405,PROD1262,3,786.41
ORD17405,PROD1149,1,1465.37
ORD17405,PROD1278,2,3539.64
ORD17406,PROD1352,1,3327.6
ORD17407,PROD1081,1,3154.16
ORD17408,PROD1478,3,4849.58
ORD17408,PROD1198,3,4446.72
ORD17409,PROD1131,3,1188.33
ORD17409,PROD1429,1,673.63
ORD17410,PROD1106,3,2110.88
ORD17410,PROD1438,3,3560.59
ORD17410,PROD1353,3,898.38
ORD17411,PROD1430,1,800.66
ORD17411,PROD1338,3,2423.45
ORD17412,PROD1429,2,673.63
ORD17412,PROD1327,1,3097.43
ORD17412,PROD1476,2,461.6
ORD17412,PROD1374,1,448.82
ORD17413,PROD1375,3,1662.98
ORD17413,PROD1108,3,1221.11
ORD17414,PROD1222,1,559.01
ORD17414,PROD1018,1,2216.53
ORD17414,PROD1036,1,1592.61
ORD17414,PROD1216,1,1694.46
ORD17415,PROD1488,2,4757.02
ORD17415,PROD1409,1,547.3
ORD17415,PROD1041,3,2526.37
ORD17416,PROD1360,3,2002.03
ORD17416,PROD1452,1,2178.69
ORD17417,PROD1385,2,4037.06
ORD17418,PROD1371,2,189.29
ORD17418,PROD1141,1,1333.73
ORD17418,PROD1117,1,1014.19
ORD17418,PROD1167,3,1013.94
ORD17419,PROD1089,2,2413.85
ORD17419,PROD1109,2,477.2
ORD17420,PROD1039,1,2256.75
ORD17420,PROD1264,2,4399.13
ORD17420,PROD1120,3,4056.46
ORD17420,PROD1109,2,477.2
ORD17421,PROD1398,2,3779.27
ORD17421,PROD1033,2,4749.54
ORD17421,PROD1241,1,4774.25
ORD17422,PROD1102,2,1640.34
ORD17423,PROD1164,1,542.42
ORD17424,PROD1401,2,4522.51
ORD17424,PROD1232,1,2926.83
ORD17424,PROD1171,2,181.28
ORD17425,PROD1155,3,1286.07
ORD17425,PROD1020,3,3098.08
ORD17425,PROD1420,3,3978.74
ORD17426,PROD1367,1,4536.22
ORD17426,PROD1457,2,2396.44
ORD17426,PROD1493,1,1021.79
ORD17426,PROD1051,3,3898.15
ORD17427,PROD1350,3,2565.37
ORD17428,PROD1169,2,2995.38
ORD17429,PROD1105,3,1321.53
ORD17430,PROD1273,1,4574.88
ORD17430,PROD1357,2,2970.3
ORD17430,PROD1094,2,3877.74
ORD17431,PROD1107,1,3802.2
ORD17431,PROD1292,1,4130.74
ORD17431,PROD1430,2,800.66
ORD17431,PROD1236,3,1475.78
ORD17432,PROD1237,2,219.15
ORD17432,PROD1008,1,3045.46
ORD17432,PROD1335,1,299.57
ORD17433,PROD1312,2,224.22
ORD17434,PROD1257,1,3510.55
ORD17435,PROD1329,2,1313.88
ORD17435,PROD1470,3,159.56
ORD17435,PROD1309,2,1427.08
ORD17435,PROD1018,1,2216.53
ORD17436,PROD1328,1,2156.04
ORD17436,PROD1206,1,597.21
ORD17436,PROD1187,2,2820.48
ORD17437,PROD1318,3,866.54
ORD17438,PROD1309,1,1427.08
ORD17438,PROD1465,2,1936.87
ORD17438,PROD1426,1,2263.5
ORD17439,PROD1385,2,4037.06
ORD17439,PROD1019,2,1527.02
ORD17440,PROD1194,3,1761.25
ORD17440,PROD1237,3,219.15
ORD17440,PROD1413,3,2909.85
ORD17440,PROD1470,1,159.56
ORD17441,PROD1242,3,4582.84
ORD17441,PROD1386,1,1481.97
ORD17441,PROD1076,2,3879.22
ORD17442,PROD1028,1,3002.83
ORD17442,PROD1406,1,2007.09
ORD17442,PROD1231,1,2562.92
ORD17442,PROD1144,1,1495.72
ORD17443,PROD1084,2,1623.81
ORD17444,PROD1406,3,2007.09
ORD17444,PROD1074,3,3563.6
ORD17445,PROD1426,2,2263.5
ORD17445,PROD1189,1,1285.08
ORD17445,PROD1033,1,4749.54
ORD17446,PROD1171,3,181.28
ORD17446,PROD1069,2,4935.75
ORD17446,PROD1207,2,3351.16
ORD17447,PROD1170,2,3420.07
ORD17447,PROD1110,1,1519.78
ORD17447,PROD1060,1,2004.52
ORD17447,PROD1255,1,2828.33
ORD17448,PROD1049,2,1005.79
ORD17449,PROD1345,1,3117.67
ORD17450,PROD1324,1,4778.84
ORD17450,PROD1446,2,4931.41
ORD17450,PROD1376,3,4239.89
ORD17451,PROD1362,3,2345.44
ORD17451,PROD1456,3,155.63
ORD17452,PROD1104,2,4547.08
ORD17452,PROD1072,1,127.06
ORD17452,PROD1457,2,2396.44
ORD17452,PROD1371,2,189.29
ORD17453,PROD1235,3,3640.02
ORD17454,PROD1108,1,1221.11
ORD17454,PROD1343,3,2225.87
ORD17454,PROD1425,3,2792.69
ORD17454,PROD1136,2,2642.07
ORD17455,PROD1247,2,4836.61
ORD17455,PROD1049,2,1005.79
ORD17456,PROD1172,3,2609.26
ORD17456,PROD1288,3,1504.05
ORD17456,PROD1403,2,4149.64
ORD17456,PROD1161,1,3198.3
ORD17457,PROD1170,1,3420.07
ORD17457,PROD1222,1,559.01
ORD17457,PROD1166,3,1671.82
ORD17458,PROD1384,2,3701.85
ORD17458,PROD1352,2,3327.6
ORD17458,PROD1049,3,1005.79
ORD17458,PROD1457,2,2396.44
ORD17459,PROD1303,3,3223.41
ORD17459,PROD1369,1,439.87
ORD17459,PROD1095,1,2519.6
ORD17459,PROD1168,1,299.8
ORD17460,PROD1374,3,448.82
ORD17460,PROD1333,1,668.76
ORD17461,PROD1186,2,4104.39
ORD17461,PROD1488,2,4757.02
ORD17461,PROD1373,2,3446.73
ORD17461,PROD1412,1,4757.98
ORD17462,PROD1281,3,1756.18
ORD17462,PROD1242,2,4582.84
ORD17462,PROD1026,3,1078.4
ORD17462,PROD1150,1,4550.5
ORD17463,PROD1494,1,2372.12
ORD17463,PROD1195,3,1811.13
ORD17463,PROD1220,2,3322.3
ORD17464,PROD1337,2,3547.92
ORD17465,PROD1497,3,480.9
ORD17465,PROD1381,1,3514.01
ORD17465,PROD1113,3,4059.79
ORD17466,PROD1213,1,1198.92
ORD17467,PROD1144,1,1495.72
ORD17468,PROD1057,1,1060.32
ORD17468,PROD1208,3,124.8
ORD17468,PROD1184,1,1363.91
ORD17468,PROD1165,3,4192.98
ORD17469,PROD1074,2,3563.6
ORD17469,PROD1459,3,682.21
ORD17469,PROD1107,3,3802.2
ORD17470,PROD1173,3,1209.83
ORD17470,PROD1117,2,1014.19
ORD17470,PROD1143,1,1574.3
ORD17470,PROD1343,3,2225.87
ORD17471,PROD1362,1,2345.44
ORD17471,PROD1332,2,170.53
ORD17471,PROD1101,2,3218.41
ORD17471,PROD1272,3,4348.65
ORD17472,PROD1310,3,2250.96
ORD17472,PROD1157,1,3831.94
ORD17472,PROD1331,3,3813.45
ORD17473,PROD1161,2,3198.3
ORD17473,PROD1478,2,4849.58
ORD17474,PROD1046,1,1627.38
ORD17474,PROD1099,2,628.67
ORD17474,PROD1223,3,1901.81
ORD17475,PROD1353,2,898.38
ORD17476,PROD1137,3,3544.79
ORD17477,PROD1280,3,4461.03
ORD17478,PROD1112,2,4655.52
ORD17478,PROD1346,2,3211.96
ORD17478,PROD1138,2,1881.79
ORD17478,PROD1143,2,1574.3
ORD17479,PROD1419,3,3786.64
ORD17479,PROD1401,1,4522.51
ORD17479,PROD1147,1,2563.13
ORD17479,PROD1263,2,2639.82
ORD17480,PROD1494,1,2372.12
ORD17480,PROD1215,3,1262.52
ORD17480,PROD1118,2,4473.54
ORD17481,PROD1482,1,2327.25
ORD17481,PROD1467,1,4356.14
ORD17481,PROD1169,3,2995.38
ORD17481,PROD1095,1,2519.6
ORD17482,PROD1239,3,967.84
ORD17483,PROD1045,3,3346.36
ORD17484,PROD1350,3,2565.37
ORD17484,PROD1161,2,3198.3
ORD17485,PROD1315,3,3510.27
ORD17485,PROD1057,1,1060.32
ORD17485,PROD1446,2,4931.41
ORD17485,PROD1225,2,1295.55
ORD17486,PROD1421,3,3969.13
ORD17486,PROD1048,3,2778.88
ORD17487,PROD1020,3,3098.08
ORD17487,PROD1396,1,4306.22
ORD17487,PROD1354,1,445.79
ORD17488,PROD1478,3,4849.58
ORD17488,PROD1135,3,1683.69
ORD17489,PROD1186,2,4104.39
ORD17489,PROD1129,2,2602.66
ORD17489,PROD1324,3,4778.84
ORD17490,PROD1267,2,3542.17
ORD17490,PROD1363,2,2773.52
ORD17490,PROD1315,3,3510.27
ORD17490,PROD1483,2,3175.03
ORD17491,PROD1003,1,3033.43
ORD17491,PROD1459,3,682.21
ORD17492,PROD1169,2,2995.38
ORD17492,PROD1346,1,3211.96
ORD17492,PROD1296,2,3872.97
ORD17493,PROD1346,2,3211.96
ORD17493,PROD1390,1,4953.48
ORD17494,PROD1061,1,1429.61
ORD17494,PROD1117,3,1014.19
ORD17495,PROD1288,3,1504.05
ORD17495,PROD1250,3,1542.8
ORD17495,PROD1025,1,3947.36
ORD17496,PROD1193,2,3202.2
ORD17497,PROD1152,2,809.98
ORD17497,PROD1015,3,998.68
ORD17497,PROD1108,3,1221.11
ORD17498,PROD1196,1,3657.18
ORD17499,PROD1345,2,3117.67
ORD17500,PROD1390,2,4953.48
ORD17501,PROD1044,3,1368.02
ORD17502,PROD1006,2,384.61
ORD17502,PROD1275,3,2557.43
ORD17502,PROD1236,2,1475.78
ORD17502,PROD1481,2,3509.17
ORD17503,PROD1415,1,2297.38
ORD17503,PROD1264,2,4399.13
ORD17504,PROD1092,2,3827.85
ORD17504,PROD1015,2,998.68
ORD17504,PROD1222,3,559.01
ORD17504,PROD1151,2,1273.85
ORD17505,PROD1137,3,3544.79
ORD17505,PROD1419,1,3786.64
ORD17506,PROD1000,3,1935.25
ORD17506,PROD1244,2,175.74
ORD17506,PROD1329,2,1313.88
ORD17506,PROD1110,2,1519.78
ORD17507,PROD1030,2,3076.97
ORD17508,PROD1061,3,1429.61
ORD17509,PROD1174,3,3261.35
ORD17509,PROD1415,2,2297.38
ORD17509,PROD1446,1,4931.41
ORD17509,PROD1021,1,783.52
ORD17510,PROD1452,3,2178.69
ORD17510,PROD1441,2,4934.53
ORD17510,PROD1386,1,1481.97
ORD17510,PROD1099,1,628.67
ORD17511,PROD1249,3,4279.75
ORD17511,PROD1146,1,3086.87
ORD17511,PROD1278,3,3539.64
ORD17511,PROD1298,2,3152.16
ORD17512,PROD1416,2,1536.73
ORD17512,PROD1342,3,948.69
ORD17512,PROD1154,3,4929.69
ORD17513,PROD1301,2,2703.64
ORD17513,PROD1081,1,3154.16
ORD17513,PROD1143,3,1574.3
ORD17513,PROD1057,3,1060.32
ORD17514,PROD1101,3,3218.41
ORD17515,PROD1413,1,2909.85
ORD17515,PROD1043,1,4555.67
ORD17516,PROD1394,3,1769.94
ORD17516,PROD1357,2,2970.3
ORD17517,PROD1086,1,3675.07
ORD17517,PROD1403,1,4149.64
ORD17518,PROD1446,3,4931.41
ORD17518,PROD1040,1,697.99
ORD17519,PROD1225,2,1295.55
ORD17519,PROD1047,1,2648.33
ORD17519,PROD1282,3,1940.36
ORD17520,PROD1408,3,4536.37
ORD17520,PROD1432,2,3129.27
ORD17520,PROD1197,3,4495.84
ORD17520,PROD1191,1,4496.36
ORD17521,PROD1046,1,1627.38
ORD17522,PROD1089,1,2413.85
ORD17523,PROD1252,3,4270.57
ORD17524,PROD1161,2,3198.3
ORD17525,PROD1009,2,3569.56
ORD17525,PROD1336,3,4291.76
ORD17526,PROD1111,3,889.98
ORD17526,PROD1079,3,667.76
ORD17526,PROD1452,1,2178.69
ORD17527,PROD1228,1,4471.03
ORD17527,PROD1421,3,3969.13
ORD17527,PROD1465,1,1936.87
ORD17527,PROD1075,2,3672.14
ORD17528,PROD1488,3,4757.02
ORD17529,PROD1173,1,1209.83
ORD17530,PROD1016,3,1590.79
ORD17530,PROD1374,1,448.82
ORD17530,PROD1296,1,3872.97
ORD17531,PROD1072,1,127.06
ORD17532,PROD1391,1,2121.83
ORD17532,PROD1365,3,1991.9
ORD17533,PROD1137,3,3544.79
ORD17533,PROD1181,2,656.02
ORD17533,PROD1449,2,509.15
ORD17534,PROD1079,1,667.76
ORD17534,PROD1088,2,4447.34
ORD17535,PROD1243,2,1913.78
ORD17535,PROD1392,1,1922.89
ORD17535,PROD1479,3,2663.18
ORD17536,PROD1225,2,1295.55
ORD17536,PROD1348,1,1935.6
ORD17537,PROD1022,2,1531.51
ORD17537,PROD1420,3,3978.74
ORD17537,PROD1199,3,3921.39
ORD17537,PROD1235,3,3640.02
ORD17538,PROD1290,2,249.45
ORD17539,PROD1291,1,283.01
ORD17539,PROD1270,2,4065.87
ORD17539,PROD1120,2,4056.46
ORD17540,PROD1414,1,3196.0
ORD17541,PROD1344,2,2052.67
ORD17541,PROD1236,2,1475.78
ORD17541,PROD1329,2,1313.88
ORD17541,PROD1231,3,2562.92
ORD17542,PROD1377,3,214.03
ORD17542,PROD1358,1,4707.13
ORD17543,PROD1366,2,4809.83
ORD17543,PROD1337,2,3547.92
ORD17543,PROD1257,3,3510.55
ORD17544,PROD1033,3,4749.54
ORD17544,PROD1059,3,1694.12
ORD17544,PROD1289,3,2995.08
ORD17544,PROD1164,1,542.42
ORD17545,PROD1222,2,559.01
ORD17545,PROD1051,3,3898.15
ORD17545,PROD1043,2,4555.67
ORD17546,PROD1148,1,352.25
ORD17546,PROD1467,1,4356.14
ORD17546,PROD1421,2,3969.13
ORD17546,PROD1012,1,4178.97
ORD17547,PROD1303,2,3223.41
ORD17547,PROD1045,1,3346.36
ORD17547,PROD1219,2,4261.19
ORD17547,PROD1113,2,4059.79
ORD17548,PROD1481,1,3509.17
ORD17549,PROD1480,2,3184.05
ORD17550,PROD1166,3,1671.82
ORD17550,PROD1070,1,3884.0
ORD17551,PROD1178,2,4689.98
ORD17551,PROD1157,3,3831.94
ORD17551,PROD1040,3,697.99
ORD17551,PROD1416,2,1536.73
ORD17552,PROD1186,2,4104.39
ORD17552,PROD1243,3,1913.78
ORD17553,PROD1426,1,2263.5
ORD17553,PROD1205,1,145.07
ORD17554,PROD1088,3,4447.34
ORD17554,PROD1009,1,3569.56
ORD17554,PROD1398,1,3779.27
ORD17554,PROD1498,3,4874.53
ORD17555,PROD1053,3,4484.65
ORD17555,PROD1487,3,1476.72
ORD17556,PROD1058,2,321.61
ORD17556,PROD1419,2,3786.64
ORD17557,PROD1031,1,935.57
ORD17558,PROD1068,3,465.3
ORD17558,PROD1082,3,1721.4
ORD17558,PROD1257,2,3510.55
ORD17558,PROD1298,1,3152.16
ORD17559,PROD1121,2,4490.85
ORD17559,PROD1013,1,1140.46
ORD17559,PROD1354,3,445.79
ORD17559,PROD1364,3,4713.18
ORD17560,PROD1316,2,2103.87
ORD17561,PROD1265,3,3729.77
ORD17562,PROD1494,1,2372.12
ORD17562,PROD1402,1,2575.74
ORD17563,PROD1263,3,2639.82
ORD17563,PROD1184,2,1363.91
ORD17563,PROD1100,1,254.0
ORD17563,PROD1088,3,4447.34
ORD17564,PROD1285,3,276.12
ORD17565,PROD1483,1,3175.03
ORD17565,PROD1153,3,2498.32
ORD17565,PROD1403,2,4149.64
ORD17565,PROD1371,1,189.29
ORD17566,PROD1214,1,3589.68
ORD17567,PROD1029,2,327.61
ORD17567,PROD1436,2,456.54
ORD17567,PROD1177,3,1995.0
ORD17567,PROD1445,2,4741.52
ORD17568,PROD1127,3,4317.58
ORD17568,PROD1314,1,4196.3
ORD17568,PROD1366,2,4809.83
ORD17568,PROD1227,1,2026.18
ORD17569,PROD1182,1,4631.0
ORD17569,PROD1324,3,4778.84
ORD17570,PROD1259,3,576.16
ORD17570,PROD1370,1,593.81
ORD17570,PROD1296,2,3872.97
ORD17571,PROD1300,3,353.24
ORD17571,PROD1155,1,1286.07
ORD17571,PROD1314,1,4196.3
ORD17572,PROD1307,3,1682.49
ORD17573,PROD1351,3,4296.8
ORD17573,PROD1177,3,1995.0
ORD17573,PROD1305,1,4881.68
ORD17573,PROD1351,2,4296.8
ORD17574,PROD1305,2,4881.68
ORD17574,PROD1240,1,4708.25
ORD17575,PROD1296,3,3872.97
ORD17575,PROD1219,2,4261.19
ORD17575,PROD1027,3,2619.75
ORD17576,PROD1402,1,2575.74
ORD17576,PROD1128,3,134.07
ORD17576,PROD1160,3,1902.14
ORD17577,PROD1214,2,3589.68
ORD17577,PROD1241,2,4774.25
ORD17577,PROD1492,2,1459.17
ORD17577,PROD1283,3,560.51
ORD17578,PROD1329,1,1313.88
ORD17579,PROD1082,2,1721.4
ORD17580,PROD1442,1,1933.93
ORD17580,PROD1068,3,465.3
ORD17580,PROD1333,2,668.76
ORD17580,PROD1300,3,353.24
ORD17581,PROD1322,2,3334.97
ORD17581,PROD1359,2,2919.82
ORD17581,PROD1412,3,4757.98
ORD17581,PROD1149,3,1465.37
ORD17582,PROD1158,2,1264.42
ORD17582,PROD1432,1,3129.27
ORD17582,PROD1299,2,518.2
ORD17582,PROD1462,3,3755.62
ORD17583,PROD1095,3,2519.6
ORD17583,PROD1301,1,2703.64
ORD17583,PROD1239,3,967.84
ORD17583,PROD1216,1,1694.46
ORD17584,PROD1191,2,4496.36
ORD17585,PROD1151,3,1273.85
ORD17585,PROD1459,1,682.21
ORD17585,PROD1158,2,1264.42
ORD17586,PROD1014,1,990.94
ORD17586,PROD1118,1,4473.54
ORD17587,PROD1220,1,3322.3
ORD17587,PROD1105,3,1321.53
ORD17587,PROD1232,1,2926.83
ORD17587,PROD1064,3,1476.58
ORD17588,PROD1281,3,1756.18
ORD17588,PROD1330,1,1844.27
ORD17589,PROD1045,2,3346.36
ORD17590,PROD1181,1,656.02
ORD17590,PROD1387,1,969.45
ORD17591,PROD1309,3,1427.08
ORD17591,PROD1208,2,124.8
ORD17591,PROD1436,2,456.54
ORD17591,PROD1222,2,559.01
ORD17592,PROD1341,3,2420.01
ORD17592,PROD1288,3,1504.05
ORD17593,PROD1380,3,679.01
ORD17593,PROD1252,3,4270.57
ORD17593,PROD1043,3,4555.67
ORD17594,PROD1170,3,3420.07
ORD17594,PROD1460,1,675.88
ORD17594,PROD1140,3,4815.99
ORD17595,PROD1138,2,1881.79
ORD17595,PROD1404,2,1668.24
ORD17595,PROD1199,2,3921.39
ORD17596,PROD1049,3,1005.79
ORD17596,PROD1048,2,2778.88
ORD17597,PROD1345,3,3117.67
ORD17597,PROD1243,2,1913.78
ORD17598,PROD1422,3,546.91
ORD17599,PROD1243,2,1913.78
ORD17599,PROD1170,1,3420.07
ORD17599,PROD1041,2,2526.37
ORD17600,PROD1199,3,3921.39
ORD17600,PROD1496,1,2959.91
ORD17600,PROD1317,1,949.14
ORD17601,PROD1091,2,3594.9
ORD17601,PROD1067,3,4030.77
ORD17601,PROD1063,2,1848.09
ORD17601,PROD1143,1,1574.3
ORD17602,PROD1300,2,353.24
ORD17602,PROD1052,1,4703.54
ORD17602,PROD1026,3,1078.4
ORD17603,PROD1187,3,2820.48
ORD17603,PROD1205,2,145.07
ORD17603,PROD1105,3,1321.53
ORD17603,PROD1100,2,254.0
ORD17604,PROD1170,2,3420.07
ORD17604,PROD1258,2,2893.3
ORD17604,PROD1152,1,809.98
ORD17605,PROD1187,1,2820.48
ORD17605,PROD1237,1,219.15
ORD17606,PROD1402,1,2575.74
ORD17607,PROD1241,1,4774.25
ORD17607,PROD1096,1,2661.39
ORD17607,PROD1364,2,4713.18
ORD17608,PROD1309,2,1427.08
ORD17608,PROD1038,2,3452.74
ORD17608,PROD1109,1,477.2
ORD17609,PROD1111,1,889.98
ORD17609,PROD1356,2,229.91
ORD17609,PROD1302,2,2749.11
ORD17609,PROD1381,3,3514.01
ORD17610,PROD1193,3,3202.2
ORD17610,PROD1073,3,4095.76
ORD17610,PROD1437,1,4127.11
ORD17611,PROD1291,2,283.01
ORD17611,PROD1183,3,4398.96
ORD17611,PROD1041,1,2526.37
ORD17612,PROD1098,2,224.55
ORD17612,PROD1307,1,1682.49
ORD17612,PROD1413,2,2909.85
ORD17613,PROD1219,3,4261.19
ORD17613,PROD1348,3,1935.6
ORD17613,PROD1422,2,546.91
ORD17613,PROD1232,3,2926.83
ORD17614,PROD1432,2,3129.27
ORD17614,PROD1465,3,1936.87
ORD17614,PROD1233,3,2513.34
ORD17615,PROD1451,2,2836.18
ORD17616,PROD1419,3,3786.64
ORD17616,PROD1047,1,2648.33
ORD17617,PROD1465,1,1936.87
ORD17617,PROD1482,1,2327.25
ORD17617,PROD1059,3,1694.12
ORD17618,PROD1462,1,3755.62
ORD17618,PROD1054,3,3029.71
ORD17619,PROD1316,3,2103.87
ORD17620,PROD1027,3,2619.75
ORD17621,PROD1269,1,1538.6
ORD17621,PROD1479,2,2663.18
ORD17622,PROD1178,2,4689.98
ORD17622,PROD1206,2,597.21
ORD17623,PROD1406,1,2007.09
ORD17623,PROD1158,3,1264.42
ORD17623,PROD1245,3,4648.76
ORD17623,PROD1267,2,3542.17
ORD17624,PROD1468,2,1195.62
ORD17624,PROD1370,2,593.81
ORD17625,PROD1396,3,4306.22
ORD17626,PROD1349,1,3166.71
ORD17626,PROD1286,3,2381.43
ORD17627,PROD1418,1,3395.34
ORD17627,PROD1304,2,3657.85
ORD17627,PROD1427,2,4449.75
ORD17628,PROD1117,2,1014.19
ORD17628,PROD1272,1,4348.65
ORD17628,PROD1125,2,2192.83
ORD17629,PROD1361,2,3252.11
ORD17630,PROD1083,2,411.44
ORD17630,PROD1041,3,2526.37
ORD17630,PROD1434,2,512.12
ORD17631,PROD1309,1,1427.08
ORD17632,PROD1400,1,605.31
ORD17632,PROD1178,3,4689.98
ORD17632,PROD1136,2,2642.07
ORD17632,PROD1211,2,3490.29
ORD17633,PROD1458,2,375.89
ORD17634,PROD1110,3,1519.78
ORD17634,PROD1260,1,3113.54
ORD17634,PROD1071,3,1073.71
ORD17635,PROD1491,2,3138.65
ORD17636,PROD1374,1,448.82
ORD17636,PROD1404,1,1668.24
ORD17636,PROD1419,1,3786.64
ORD17636,PROD1017,1,2671.31
ORD17637,PROD1246,2,2198.1
ORD17638,PROD1057,1,1060.32
ORD17638,PROD1246,3,2198.1
ORD17639,PROD1466,2,1499.99
ORD17640,PROD1311,2,484.44
ORD17640,PROD1136,1,2642.07
ORD17640,PROD1475,1,4965.53
ORD17641,PROD1320,2,2791.21
ORD17641,PROD1360,1,2002.03
ORD17641,PROD1060,2,2004.52
ORD17642,PROD1191,1,4496.36
ORD17642,PROD1433,2,595.5
ORD17642,PROD1213,3,1198.92
ORD17642,PROD1192,3,4512.05
ORD17643,PROD1155,1,1286.07
ORD17643,PROD1092,2,3827.85
ORD17643,PROD1313,3,4816.98
ORD17644,PROD1215,3,1262.52
ORD17645,PROD1110,2,1519.78
ORD17645,PROD1363,1,2773.52
ORD17646,PROD1190,1,556.2
ORD17647,PROD1273,1,4574.88
ORD17647,PROD1453,3,4541.14
ORD17647,PROD1138,3,1881.79
ORD17647,PROD1493,1,1021.79
ORD17648,PROD1144,3,1495.72
ORD17649,PROD1121,3,4490.85
ORD17649,PROD1026,2,1078.4
ORD17649,PROD1395,3,4660.71
ORD17650,PROD1161,2,3198.3
ORD17650,PROD1247,1,4836.61
ORD17651,PROD1314,2,4196.3
ORD17652,PROD1216,2,1694.46
ORD17652,PROD1263,1,2639.82
ORD17652,PROD1039,2,2256.75
ORD17652,PROD1429,3,673.63
ORD17653,PROD1154,1,4929.69
ORD17653,PROD1466,3,1499.99
ORD17653,PROD1064,1,1476.58
ORD17654,PROD1272,2,4348.65
ORD17654,PROD1460,3,675.88
ORD17654,PROD1051,2,3898.15
ORD17655,PROD1279,2,3999.38
ORD17655,PROD1336,2,4291.76
ORD17655,PROD1138,1,1881.79
ORD17656,PROD1095,1,2519.6
ORD17656,PROD1120,1,4056.46
ORD17657,PROD1383,1,4399.61
ORD17658,PROD1265,2,3729.77
ORD17658,PROD1153,1,2498.32
ORD17659,PROD1427,3,4449.75
ORD17659,PROD1075,3,3672.14
ORD17659,PROD1038,2,3452.74
ORD17660,PROD1331,2,3813.45
ORD17661,PROD1211,1,3490.29
ORD17661,PROD1001,2,4758.5
ORD17662,PROD1058,2,321.61
ORD17663,PROD1445,3,4741.52
ORD17664,PROD1158,3,1264.42
ORD17665,PROD1021,1,783.52
ORD17666,PROD1287,2,2758.96
ORD17666,PROD1288,1,1504.05
ORD17666,PROD1191,3,4496.36
ORD17667,PROD1479,1,2663.18
ORD17667,PROD1101,1,3218.41
ORD17668,PROD1398,2,3779.27
ORD17669,PROD1073,2,4095.76
ORD17669,PROD1077,3,462.82
ORD17670,PROD1213,2,1198.92
ORD17670,PROD1396,1,4306.22
ORD17670,PROD1178,1,4689.98
ORD17670,PROD1058,2,321.61
ORD17671,PROD1427,2,4449.75
ORD17671,PROD1133,1,1754.31
ORD17671,PROD1482,2,2327.25
ORD17672,PROD1453,1,4541.14
ORD17673,PROD1151,1,1273.85
ORD17674,PROD1395,2,4660.71
ORD17674,PROD1312,2,224.22
ORD17674,PROD1156,2,3393.46
ORD17674,PROD1087,3,3224.03
ORD17675,PROD1295,3,2658.99
ORD17676,PROD1399,1,3797.26
ORD17677,PROD1398,1,3779.27
ORD17677,PROD1483,2,3175.03
ORD17678,PROD1094,2,3877.74
ORD17678,PROD1046,3,1627.38
ORD17678,PROD1484,3,2963.14
ORD17678,PROD1416,1,1536.73
ORD17679,PROD1094,3,3877.74
ORD17679,PROD1208,3,124.8
ORD17680,PROD1299,2,518.2
ORD17680,PROD1337,2,3547.92
ORD17680,PROD1169,3,2995.38
ORD17681,PROD1472,1,311.48
ORD17681,PROD1396,1,4306.22
ORD17682,PROD1100,2,254.0
ORD17682,PROD1368,1,1059.38
ORD17682,PROD1282,1,1940.36
ORD17682,PROD1147,2,2563.13
ORD17683,PROD1122,1,1658.22
ORD17683,PROD1024,1,2334.74
ORD17684,PROD1419,3,3786.64
ORD17684,PROD1273,1,4574.88
ORD17684,PROD1046,2,1627.38
ORD17685,PROD1320,2,2791.21
ORD17685,PROD1138,2,1881.79
ORD17685,PROD1106,1,2110.88
ORD17685,PROD1409,3,547.3
ORD17686,PROD1215,2,1262.52
ORD17686,PROD1293,1,1864.93
ORD17687,PROD1144,1,1495.72
ORD17688,PROD1338,3,2423.45
ORD17688,PROD1007,2,4344.26
ORD17689,PROD1436,2,456.54
ORD17689,PROD1396,1,4306.22
ORD17689,PROD1068,1,465.3
ORD17690,PROD1491,3,3138.65
ORD17691,PROD1101,3,3218.41
ORD17691,PROD1225,1,1295.55
ORD17691,PROD1385,2,4037.06
ORD17691,PROD1467,2,4356.14
ORD17692,PROD1440,3,515.7
ORD17692,PROD1268,2,1861.51
ORD17692,PROD1343,2,2225.87
ORD17692,PROD1487,2,1476.72
ORD17693,PROD1099,2,628.67
ORD17693,PROD1069,3,4935.75
ORD17693,PROD1125,2,2192.83
ORD17694,PROD1398,2,3779.27
ORD17694,PROD1311,1,484.44
ORD17695,PROD1108,2,1221.11
ORD17695,PROD1148,2,352.25
ORD17695,PROD1101,3,3218.41
ORD17696,PROD1170,3,3420.07
ORD17696,PROD1364,2,4713.18
ORD17696,PROD1226,1,4867.75
ORD17697,PROD1245,3,4648.76
ORD17697,PROD1373,1,3446.73
ORD17697,PROD1403,1,4149.64
ORD17698,PROD1186,1,4104.39
ORD17698,PROD1330,2,1844.27
ORD17698,PROD1496,2,2959.91
ORD17699,PROD1277,1,3284.82
ORD17700,PROD1087,1,3224.03
ORD17700,PROD1147,2,2563.13
ORD17700,PROD1253,3,1652.92
ORD17700,PROD1302,2,2749.11
ORD17701,PROD1294,1,722.6
ORD17701,PROD1310,2,2250.96
ORD17702,PROD1197,3,4495.84
ORD17702,PROD1446,2,4931.41
ORD17702,PROD1332,2,170.53
ORD17703,PROD1356,3,229.91
ORD17704,PROD1174,3,3261.35
ORD17704,PROD1141,1,1333.73
ORD17704,PROD1130,2,2145.31
ORD17704,PROD1452,3,2178.69
ORD17705,PROD1014,1,990.94
ORD17706,PROD1172,3,2609.26
ORD17707,PROD1394,1,1769.94
ORD17708,PROD1112,2,4655.52
ORD17708,PROD1206,2,597.21
ORD17708,PROD1474,2,2685.74
ORD17708,PROD1478,1,4849.58
ORD17709,PROD1471,1,4852.41
ORD17710,PROD1221,3,2884.71
ORD17710,PROD1203,2,4502.92
ORD17710,PROD1068,2,465.3
ORD17711,PROD1470,1,159.56
ORD17711,PROD1196,1,3657.18
ORD17711,PROD1053,1,4484.65
ORD17711,PROD1359,1,2919.82
ORD17712,PROD1176,1,3485.59
ORD17713,PROD1164,2,542.42
ORD17713,PROD1136,1,2642.07
ORD17713,PROD1273,2,4574.88
ORD17714,PROD1230,3,3994.58
ORD17714,PROD1114,3,3203.68
ORD17714,PROD1197,2,4495.84
ORD17715,PROD1275,1,2557.43
ORD17716,PROD1207,2,3351.16
ORD17716,PROD1003,1,3033.43
ORD17716,PROD1119,3,2742.78
ORD17716,PROD1108,1,1221.11
ORD17717,PROD1048,1,2778.88
ORD17717,PROD1108,2,1221.11
ORD17717,PROD1479,1,2663.18
ORD17718,PROD1122,2,1658.22
ORD17718,PROD1075,1,3672.14
ORD17718,PROD1122,1,1658.22
ORD17718,PROD1136,3,2642.07
ORD17719,PROD1366,1,4809.83
ORD17719,PROD1145,3,280.75
ORD17720,PROD1404,3,1668.24
ORD17721,PROD1211,2,3490.29
ORD17722,PROD1257,1,3510.55
ORD17723,PROD1345,3,3117.67
ORD17723,PROD1267,2,3542.17
ORD17723,PROD1210,1,2788.8
ORD17723,PROD1082,3,1721.4
ORD17724,PROD1187,2,2820.48
ORD17725,PROD1383,3,4399.61
ORD17725,PROD1071,2,1073.71
ORD17725,PROD1389,1,4053.49
ORD17726,PROD1467,3,4356.14
ORD17726,PROD1087,1,3224.03
ORD17726,PROD1243,3,1913.78
ORD17726,PROD1410,2,1664.64
ORD17727,PROD1238,1,3262.81
ORD17727,PROD1086,2,3675.07
ORD17727,PROD1149,2,1465.37
ORD17728,PROD1046,2,1627.38
ORD17728,PROD1292,3,4130.74
ORD17728,PROD1366,3,4809.83
ORD17729,PROD1421,2,3969.13
ORD17730,PROD1415,3,2297.38
ORD17730,PROD1324,1,4778.84
ORD17730,PROD1445,1,4741.52
ORD17730,PROD1381,3,3514.01
ORD17731,PROD1176,2,3485.59
ORD17731,PROD1092,2,3827.85
ORD17731,PROD1122,3,1658.22
ORD17731,PROD1014,1,990.94
ORD17732,PROD1214,2,3589.68
ORD17732,PROD1466,3,1499.99
ORD17732,PROD1351,1,4296.8
ORD17733,PROD1074,2,3563.6
ORD17733,PROD1170,1,3420.07
ORD17733,PROD1231,1,2562.92
ORD17734,PROD1073,1,4095.76
ORD17734,PROD1433,1,595.5
ORD17735,PROD1211,1,3490.29
ORD17735,PROD1083,2,411.44
ORD17735,PROD1199,1,3921.39
ORD17736,PROD1236,1,1475.78
ORD17737,PROD1257,1,3510.55
ORD17737,PROD1228,3,4471.03
ORD17737,PROD1297,3,1157.52
ORD17737,PROD1105,3,1321.53
ORD17738,PROD1439,1,498.61
ORD17739,PROD1428,1,1819.48
ORD17740,PROD1452,2,2178.69
ORD17740,PROD1094,1,3877.74
ORD17741,PROD1235,2,3640.02
ORD17742,PROD1199,1,3921.39
ORD17742,PROD1443,3,1916.15
ORD17743,PROD1024,1,2334.74
ORD17743,PROD1065,2,2759.21
ORD17743,PROD1283,1,560.51
ORD17743,PROD1489,3,4462.29
ORD17744,PROD1355,2,3247.85
ORD17744,PROD1255,2,2828.33
ORD17744,PROD1192,3,4512.05
ORD17745,PROD1235,1,3640.02
ORD17745,PROD1337,3,3547.92
ORD17746,PROD1376,3,4239.89
ORD17746,PROD1460,1,675.88
ORD17746,PROD1314,3,4196.3
ORD17747,PROD1317,2,949.14
ORD17747,PROD1254,2,930.51
ORD17747,PROD1244,3,175.74
ORD17748,PROD1431,1,3831.4
ORD17748,PROD1424,3,382.04
ORD17749,PROD1072,1,127.06
ORD17749,PROD1196,3,3657.18
ORD17749,PROD1082,2,1721.4
ORD17750,PROD1183,3,4398.96
ORD17750,PROD1331,3,3813.45
ORD17750,PROD1077,1,462.82
ORD17750,PROD1142,3,2536.52
ORD17751,PROD1157,3,3831.94
ORD17751,PROD1238,2,3262.81
ORD17751,PROD1267,1,3542.17
ORD17752,PROD1174,2,3261.35
ORD17752,PROD1206,2,597.21
ORD17752,PROD1074,2,3563.6
ORD17753,PROD1031,3,935.57
ORD17753,PROD1384,3,3701.85
ORD17753,PROD1399,1,3797.26
ORD17754,PROD1419,1,3786.64
ORD17754,PROD1285,2,276.12
ORD17754,PROD1485,1,4515.67
ORD17755,PROD1254,2,930.51
ORD17756,PROD1395,3,4660.71
ORD17757,PROD1289,3,2995.08
ORD17758,PROD1003,2,3033.43
ORD17758,PROD1088,2,4447.34
ORD17758,PROD1153,2,2498.32
ORD17758,PROD1081,1,3154.16
ORD17759,PROD1255,3,2828.33
ORD17760,PROD1061,1,1429.61
ORD17760,PROD1286,3,2381.43
ORD17760,PROD1460,1,675.88
ORD17760,PROD1279,2,3999.38
ORD17761,PROD1264,2,4399.13
ORD17761,PROD1007,3,4344.26
ORD17762,PROD1092,2,3827.85
ORD17762,PROD1226,2,4867.75
ORD17762,PROD1068,2,465.3
ORD17762,PROD1439,2,498.61
ORD17763,PROD1138,1,1881.79
ORD17763,PROD1115,2,4370.16
ORD17763,PROD1007,2,4344.26
ORD17764,PROD1467,3,4356.14
ORD17764,PROD1249,3,4279.75
ORD17764,PROD1493,2,1021.79
ORD17764,PROD1377,3,214.03
ORD17765,PROD1376,2,4239.89
ORD17765,PROD1493,1,1021.79
ORD17766,PROD1209,2,887.96
ORD17766,PROD1236,1,1475.78
ORD17767,PROD1269,2,1538.6
ORD17768,PROD1263,1,2639.82
ORD17768,PROD1132,3,687.34
ORD17769,PROD1314,1,4196.3
ORD17770,PROD1041,2,2526.37
ORD17770,PROD1017,1,2671.31
ORD17770,PROD1301,2,2703.64
ORD17770,PROD1378,2,4090.9
ORD17771,PROD1214,2,3589.68
ORD17772,PROD1147,1,2563.13
ORD17772,PROD1406,3,2007.09
ORD17772,PROD1049,1,1005.79
ORD17773,PROD1381,1,3514.01
ORD17773,PROD1104,3,4547.08
ORD17773,PROD1291,1,283.01
ORD17774,PROD1291,1,283.01
ORD17774,PROD1111,3,889.98
ORD17775,PROD1156,1,3393.46
ORD17775,PROD1224,2,1399.49
ORD17775,PROD1409,1,547.3
ORD17775,PROD1391,1,2121.83
ORD17776,PROD1223,1,1901.81
ORD17776,PROD1413,3,2909.85
ORD17776,PROD1048,3,2778.88
ORD17776,PROD1235,1,3640.02
ORD17777,PROD1238,1,3262.81
ORD17777,PROD1379,3,1481.09
ORD17778,PROD1400,1,605.31
ORD17778,PROD1213,2,1198.92
ORD17778,PROD1390,2,4953.48
ORD17778,PROD1358,2,4707.13
ORD17779,PROD1361,1,3252.11
ORD17780,PROD1005,2,864.37
ORD17780,PROD1274,3,2605.58
ORD17781,PROD1063,3,1848.09
ORD17781,PROD1467,2,4356.14
ORD17781,PROD1474,3,2685.74
ORD17781,PROD1154,3,4929.69
ORD17782,PROD1355,3,3247.85
ORD17782,PROD1065,3,2759.21
ORD17782,PROD1384,1,3701.85
ORD17783,PROD1230,2,3994.58
ORD17783,PROD1087,3,3224.03
ORD17784,PROD1157,3,3831.94
ORD17784,PROD1230,2,3994.58
ORD17785,PROD1206,1,597.21
ORD17785,PROD1372,3,562.77
ORD17785,PROD1257,1,3510.55
ORD17785,PROD1263,1,2639.82
ORD17786,PROD1404,3,1668.24
ORD17786,PROD1227,2,2026.18
ORD17787,PROD1339,3,579.39
ORD17787,PROD1150,1,4550.5
ORD17787,PROD1212,2,3294.61
ORD17788,PROD1320,2,2791.21
ORD17788,PROD1025,2,3947.36
ORD17789,PROD1403,1,4149.64
ORD17789,PROD1024,3,2334.74
ORD17790,PROD1137,1,3544.79
ORD17790,PROD1424,3,382.04
ORD17790,PROD1208,2,124.8
ORD17791,PROD1134,1,4720.26
ORD17792,PROD1112,2,4655.52
ORD17792,PROD1026,3,1078.4
ORD17792,PROD1000,1,1935.25
ORD17792,PROD1213,3,1198.92
ORD17793,PROD1400,1,605.31
ORD17794,PROD1466,2,1499.99
ORD17794,PROD1362,1,2345.44
ORD17794,PROD1174,3,3261.35
ORD17795,PROD1405,3,4488.06
ORD17796,PROD1282,2,1940.36
ORD17796,PROD1224,2,1399.49
ORD17797,PROD1419,1,3786.64
ORD17797,PROD1364,1,4713.18
ORD17797,PROD1184,3,1363.91
ORD17798,PROD1195,2,1811.13
ORD17798,PROD1249,2,4279.75
ORD17798,PROD1194,1,1761.25
ORD17798,PROD1484,3,2963.14
ORD17799,PROD1004,3,864.49
ORD17799,PROD1385,2,4037.06
ORD17799,PROD1045,1,3346.36
ORD17800,PROD1313,3,4816.98
ORD17800,PROD1358,1,4707.13
ORD17800,PROD1318,2,866.54
ORD17800,PROD1188,2,2695.29
ORD17801,PROD1476,1,461.6
ORD17801,PROD1434,2,512.12
ORD17802,PROD1277,2,3284.82
ORD17802,PROD1237,1,219.15
ORD17803,PROD1196,2,3657.18
ORD17803,PROD1452,2,2178.69
ORD17804,PROD1149,2,1465.37
ORD17804,PROD1140,1,4815.99
ORD17804,PROD1230,3,3994.58
ORD17804,PROD1472,3,311.48
ORD17805,PROD1276,1,4011.65
ORD17805,PROD1030,2,3076.97
ORD17805,PROD1462,3,3755.62
ORD17806,PROD1355,2,3247.85
ORD17806,PROD1448,1,1943.67
ORD17806,PROD1266,1,3515.38
ORD17806,PROD1068,3,465.3
ORD17807,PROD1491,2,3138.65
ORD17808,PROD1136,1,2642.07
ORD17809,PROD1223,1,1901.81
ORD17809,PROD1093,1,2850.26
ORD17810,PROD1120,1,4056.46
ORD17810,PROD1379,1,1481.09
ORD17810,PROD1170,2,3420.07
ORD17810,PROD1197,3,4495.84
ORD17811,PROD1195,2,1811.13
ORD17812,PROD1061,2,1429.61
ORD17812,PROD1497,1,480.9
ORD17812,PROD1144,3,1495.72
ORD17813,PROD1469,2,4819.79
ORD17814,PROD1065,3,2759.21
ORD17814,PROD1300,2,353.24
ORD17814,PROD1326,1,2816.33
ORD17814,PROD1027,2,2619.75
ORD17815,PROD1290,1,249.45
ORD17816,PROD1485,1,4515.67
ORD17817,PROD1198,3,4446.72
ORD17817,PROD1198,2,4446.72
ORD17817,PROD1095,1,2519.6
ORD17817,PROD1095,1,2519.6
ORD17818,PROD1434,2,512.12
ORD17818,PROD1410,2,1664.64
ORD17819,PROD1027,3,2619.75
ORD17819,PROD1274,3,2605.58
ORD17819,PROD1042,1,268.5
ORD17819,PROD1464,2,4814.65
ORD17820,PROD1084,3,1623.81
ORD17821,PROD1090,1,686.01
ORD17821,PROD1381,2,3514.01
ORD17822,PROD1173,3,1209.83
ORD17822,PROD1185,1,3333.92
ORD17822,PROD1029,1,327.61
ORD17823,PROD1343,2,2225.87
ORD17823,PROD1181,1,656.02
ORD17824,PROD1345,1,3117.67
ORD17824,PROD1149,1,1465.37
ORD17824,PROD1493,3,1021.79
ORD17825,PROD1085,1,1693.4
ORD17825,PROD1160,2,1902.14
ORD17826,PROD1285,3,276.12
ORD17826,PROD1217,1,3757.81
ORD17826,PROD1396,3,4306.22
ORD17826,PROD1005,3,864.37
ORD17827,PROD1123,2,639.25
ORD17827,PROD1059,3,1694.12
ORD17827,PROD1009,1,3569.56
ORD17827,PROD1458,2,375.89
ORD17828,PROD1214,1,3589.68
ORD17828,PROD1084,3,1623.81
ORD17828,PROD1038,2,3452.74
ORD17829,PROD1286,3,2381.43
ORD17830,PROD1037,1,578.59
ORD17830,PROD1255,3,2828.33
ORD17830,PROD1179,3,773.85
ORD17830,PROD1398,2,3779.27
ORD17831,PROD1270,3,4065.87
ORD17831,PROD1369,3,439.87
ORD17832,PROD1484,3,2963.14
ORD17832,PROD1458,2,375.89
ORD17832,PROD1264,3,4399.13
ORD17832,PROD1004,3,864.49
ORD17833,PROD1179,1,773.85
ORD17833,PROD1245,3,4648.76
ORD17834,PROD1157,1,3831.94
ORD17834,PROD1175,3,954.4
ORD17835,PROD1479,1,2663.18
ORD17835,PROD1264,1,4399.13
ORD17836,PROD1395,3,4660.71
ORD17836,PROD1227,2,2026.18
ORD17836,PROD1036,2,1592.61
ORD17836,PROD1090,2,686.01
ORD17837,PROD1467,1,4356.14
ORD17837,PROD1109,3,477.2
ORD17838,PROD1259,3,576.16
ORD17839,PROD1036,3,1592.61
ORD17839,PROD1392,3,1922.89
ORD17839,PROD1269,2,1538.6
ORD17839,PROD1122,2,1658.22
ORD17840,PROD1077,3,462.82
ORD17840,PROD1024,2,2334.74
ORD17841,PROD1307,2,1682.49
ORD17841,PROD1069,3,4935.75
ORD17841,PROD1153,1,2498.32
ORD17841,PROD1047,1,2648.33
ORD17842,PROD1276,2,4011.65
ORD17842,PROD1461,3,3281.13
ORD17843,PROD1496,2,2959.91
ORD17844,PROD1041,3,2526.37
ORD17844,PROD1019,1,1527.02
ORD17844,PROD1015,3,998.68
ORD17845,PROD1080,1,4329.21
ORD17846,PROD1077,2,462.82
ORD17846,PROD1350,2,2565.37
ORD17847,PROD1494,1,2372.12
ORD17847,PROD1408,3,4536.37
ORD17847,PROD1458,1,375.89
ORD17847,PROD1025,2,3947.36
ORD17848,PROD1410,3,1664.64
ORD17848,PROD1432,3,3129.27
ORD17848,PROD1473,3,4466.6
ORD17848,PROD1200,2,3245.96
ORD17849,PROD1007,2,4344.26
ORD17849,PROD1001,3,4758.5
ORD17850,PROD1041,3,2526.37
ORD17850,PROD1357,3,2970.3
ORD17851,PROD1201,2,512.29
ORD17851,PROD1220,2,3322.3
ORD17851,PROD1048,2,2778.88
ORD17851,PROD1439,3,498.61
ORD17852,PROD1092,3,3827.85
ORD17852,PROD1178,3,4689.98
ORD17852,PROD1216,2,1694.46
ORD17852,PROD1483,2,3175.03
ORD17853,PROD1299,3,518.2
ORD17853,PROD1387,2,969.45
ORD17853,PROD1047,3,2648.33
ORD17853,PROD1353,3,898.38
ORD17854,PROD1101,1,3218.41
ORD17854,PROD1093,1,2850.26
ORD17854,PROD1183,3,4398.96
ORD17854,PROD1218,2,3283.2
ORD17855,PROD1247,2,4836.61
ORD17855,PROD1431,3,3831.4
ORD17856,PROD1204,2,3071.5
ORD17856,PROD1144,3,1495.72
ORD17857,PROD1391,2,2121.83
ORD17858,PROD1249,1,4279.75
ORD17858,PROD1320,3,2791.21
ORD17858,PROD1438,2,3560.59
ORD17858,PROD1118,3,4473.54
ORD17859,PROD1116,2,4037.99
ORD17859,PROD1456,2,155.63
ORD17859,PROD1419,2,3786.64
ORD17859,PROD1008,1,3045.46
ORD17860,PROD1411,1,4755.3
ORD17860,PROD1093,2,2850.26
ORD17860,PROD1412,3,4757.98
ORD17861,PROD1414,1,3196.0
ORD17861,PROD1019,1,1527.02
ORD17862,PROD1322,2,3334.97
ORD17863,PROD1481,2,3509.17
ORD17863,PROD1094,2,3877.74
ORD17863,PROD1361,3,3252.11
ORD17863,PROD1134,2,4720.26
ORD17864,PROD1268,3,1861.51
ORD17864,PROD1288,3,1504.05
ORD17864,PROD1134,2,4720.26
ORD17864,PROD1157,1,3831.94
ORD17865,PROD1132,3,687.34
ORD17865,PROD1361,3,3252.11
ORD17865,PROD1348,1,1935.6
ORD17865,PROD1034,2,4831.6
ORD17866,PROD1277,1,3284.82
ORD17866,PROD1138,2,1881.79
ORD17866,PROD1342,2,948.69
ORD17866,PROD1310,1,2250.96
ORD17867,PROD1255,3,2828.33
ORD17867,PROD1243,2,1913.78
ORD17868,PROD1087,2,3224.03
ORD17868,PROD1451,3,2836.18
ORD17868,PROD1233,1,2513.34
ORD17868,PROD1096,1,2661.39
ORD17869,PROD1122,2,1658.22
ORD17870,PROD1408,2,4536.37
ORD17870,PROD1122,3,1658.22
ORD17870,PROD1286,2,2381.43
ORD17870,PROD1490,1,2332.72
ORD17871,PROD1112,1,4655.52
ORD17871,PROD1017,2,2671.31
ORD17871,PROD1451,3,2836.18
ORD17871,PROD1218,1,3283.2
ORD17872,PROD1098,3,224.55
ORD17872,PROD1086,2,3675.07
ORD17873,PROD1478,3,4849.58
ORD17873,PROD1490,3,2332.72
ORD17874,PROD1242,1,4582.84
ORD17874,PROD1087,3,3224.03
ORD17874,PROD1470,2,159.56
ORD17874,PROD1479,2,2663.18
ORD17875,PROD1497,1,480.9
ORD17875,PROD1312,2,224.22
ORD17876,PROD1033,2,4749.54
ORD17876,PROD1313,1,4816.98
ORD17877,PROD1363,1,2773.52
ORD17878,PROD1437,3,4127.11
ORD17878,PROD1115,2,4370.16
ORD17878,PROD1113,3,4059.79
ORD17879,PROD1207,2,3351.16
ORD17879,PROD1106,3,2110.88
ORD17879,PROD1314,2,4196.3
ORD17880,PROD1074,3,3563.6
ORD17880,PROD1348,3,1935.6
ORD17880,PROD1169,1,2995.38
ORD17880,PROD1186,2,4104.39
ORD17881,PROD1312,1,224.22
ORD17882,PROD1256,2,4687.16
ORD17882,PROD1059,2,1694.12
ORD17883,PROD1014,1,990.94
ORD17883,PROD1336,1,4291.76
ORD17883,PROD1115,2,4370.16
ORD17883,PROD1011,2,4852.56
ORD17884,PROD1389,2,4053.49
ORD17884,PROD1328,3,2156.04
ORD17884,PROD1049,2,1005.79
ORD17884,PROD1129,1,2602.66
ORD17885,PROD1331,2,3813.45
ORD17885,PROD1338,2,2423.45
ORD17886,PROD1155,1,1286.07
ORD17886,PROD1267,3,3542.17
ORD17886,PROD1479,2,2663.18
ORD17887,PROD1277,1,3284.82
ORD17887,PROD1357,2,2970.3
ORD17888,PROD1066,3,790.53
ORD17888,PROD1392,2,1922.89
ORD17889,PROD1093,2,2850.26
ORD17889,PROD1196,3,3657.18
ORD17890,PROD1248,1,4821.74
ORD17890,PROD1021,1,783.52
ORD17890,PROD1053,2,4484.65
ORD17891,PROD1492,3,1459.17
ORD17891,PROD1180,2,1771.23
ORD17891,PROD1354,2,445.79
ORD17892,PROD1277,1,3284.82
ORD17892,PROD1471,3,4852.41
ORD17893,PROD1055,2,4617.18
ORD17893,PROD1455,3,2513.86
ORD17893,PROD1297,2,1157.52
ORD17893,PROD1246,3,2198.1
ORD17894,PROD1284,3,2933.57
ORD17894,PROD1409,2,547.3
ORD17895,PROD1340,2,2508.92
ORD17896,PROD1066,3,790.53
ORD17896,PROD1006,1,384.61
ORD17896,PROD1022,1,1531.51
ORD17896,PROD1415,2,2297.38
ORD17897,PROD1058,1,321.61
ORD17897,PROD1257,2,3510.55
ORD17897,PROD1207,2,3351.16
ORD17897,PROD1435,3,3534.75
ORD17898,PROD1027,1,2619.75
ORD17899,PROD1413,2,2909.85
ORD17899,PROD1464,1,4814.65
ORD17899,PROD1274,3,2605.58
ORD17899,PROD1103,1,2592.0
ORD17900,PROD1038,1,3452.74
ORD17900,PROD1439,2,498.61
ORD17900,PROD1037,1,578.59
ORD17900,PROD1270,2,4065.87
ORD17901,PROD1059,2,1694.12
ORD17902,PROD1030,2,3076.97
ORD17902,PROD1029,3,327.61
ORD17903,PROD1160,3,1902.14
ORD17903,PROD1367,3,4536.22
ORD17904,PROD1211,1,3490.29
ORD17904,PROD1402,2,2575.74
ORD17905,PROD1157,1,3831.94
ORD17905,PROD1133,3,1754.31
ORD17905,PROD1188,3,2695.29
ORD17905,PROD1464,2,4814.65
ORD17906,PROD1285,1,276.12
ORD17906,PROD1017,2,2671.31
ORD17906,PROD1190,1,556.2
ORD17906,PROD1444,3,4082.72
ORD17907,PROD1273,2,4574.88
ORD17908,PROD1081,2,3154.16
ORD17909,PROD1390,2,4953.48
ORD17909,PROD1390,1,4953.48
ORD17909,PROD1320,3,2791.21
ORD17909,PROD1039,3,2256.75
ORD17910,PROD1226,3,4867.75
ORD17910,PROD1068,1,465.3
ORD17910,PROD1262,3,786.41
ORD17910,PROD1395,1,4660.71
ORD17911,PROD1226,1,4867.75
ORD17911,PROD1191,2,4496.36
ORD17912,PROD1313,1,4816.98
ORD17912,PROD1214,1,3589.68
ORD17912,PROD1017,1,2671.31
ORD17912,PROD1109,3,477.2
ORD17913,PROD1486,1,322.69
ORD17913,PROD1134,2,4720.26
ORD17914,PROD1082,1,1721.4
ORD17914,PROD1206,3,597.21
ORD17914,PROD1166,1,1671.82
ORD17915,PROD1166,1,1671.82
ORD17915,PROD1172,3,2609.26
ORD17916,PROD1150,1,4550.5
ORD17917,PROD1080,2,4329.21
ORD17917,PROD1339,1,579.39
ORD17917,PROD1173,3,1209.83
ORD17917,PROD1074,2,3563.6
ORD17918,PROD1439,2,498.61
ORD17918,PROD1046,2,1627.38
ORD17918,PROD1165,1,4192.98
ORD17919,PROD1181,2,656.02
ORD17919,PROD1208,3,124.8
ORD17920,PROD1259,2,576.16
ORD17920,PROD1006,3,384.61
ORD17920,PROD1206,1,597.21
ORD17920,PROD1056,1,533.61
ORD17921,PROD1492,3,1459.17
ORD17921,PROD1244,1,175.74
ORD17921,PROD1204,2,3071.5
ORD17921,PROD1487,3,1476.72
ORD17922,PROD1431,3,3831.4
ORD17923,PROD1257,1,3510.55
ORD17923,PROD1141,1,1333.73
ORD17923,PROD1207,3,3351.16
ORD17924,PROD1367,1,4536.22
ORD17924,PROD1240,1,4708.25
ORD17924,PROD1290,2,249.45
ORD17924,PROD1469,2,4819.79
ORD17925,PROD1150,2,4550.5
ORD17925,PROD1133,1,1754.31
ORD17925,PROD1284,1,2933.57
ORD17925,PROD1318,1,866.54
ORD17926,PROD1239,3,967.84
ORD17926,PROD1313,2,4816.98
ORD17926,PROD1414,1,3196.0
ORD17926,PROD1405,2,4488.06
ORD17927,PROD1491,3,3138.65
ORD17927,PROD1271,2,4069.56
ORD17927,PROD1005,3,864.37
ORD17928,PROD1304,3,3657.85
ORD17929,PROD1486,3,322.69
ORD17930,PROD1424,2,382.04
ORD17930,PROD1405,2,4488.06
ORD17930,PROD1462,1,3755.62
ORD17930,PROD1131,3,1188.33
ORD17931,PROD1131,2,1188.33
ORD17931,PROD1451,1,2836.18
ORD17932,PROD1148,1,352.25
ORD17932,PROD1165,1,4192.98
ORD17932,PROD1409,3,547.3
ORD17932,PROD1296,1,3872.97
ORD17933,PROD1424,3,382.04
ORD17934,PROD1058,3,321.61
ORD17934,PROD1387,3,969.45
ORD17934,PROD1140,2,4815.99
ORD17934,PROD1316,3,2103.87
ORD17935,PROD1320,3,2791.21
ORD17935,PROD1304,2,3657.85
ORD17935,PROD1176,1,3485.59
ORD17936,PROD1141,3,1333.73
ORD17936,PROD1202,1,891.98
ORD17937,PROD1410,3,1664.64
ORD17937,PROD1317,3,949.14
ORD17937,PROD1002,1,3686.77
ORD17937,PROD1453,2,4541.14
ORD17938,PROD1459,3,682.21
ORD17938,PROD1127,1,4317.58
ORD17938,PROD1166,3,1671.82
ORD17938,PROD1265,3,3729.77
ORD17939,PROD1082,1,1721.4
ORD17939,PROD1101,2,3218.41
ORD17940,PROD1330,1,1844.27
ORD17940,PROD1249,1,4279.75
ORD17940,PROD1216,3,1694.46
ORD17940,PROD1234,3,1056.69
ORD17941,PROD1198,2,4446.72
ORD17941,PROD1099,1,628.67
ORD17942,PROD1107,3,3802.2
ORD17942,PROD1163,2,2725.3
ORD17943,PROD1442,2,1933.93
ORD17943,PROD1484,2,2963.14
ORD17943,PROD1441,1,4934.53
ORD17943,PROD1485,3,4515.67
ORD17944,PROD1155,3,1286.07
ORD17944,PROD1185,1,3333.92
ORD17944,PROD1235,2,3640.02
ORD17944,PROD1316,2,2103.87
ORD17945,PROD1253,2,1652.92
ORD17946,PROD1162,2,3204.3
ORD17946,PROD1431,3,3831.4
ORD17946,PROD1036,2,1592.61
ORD17946,PROD1296,1,3872.97
ORD17947,PROD1090,3,686.01
ORD17947,PROD1250,1,1542.8
ORD17947,PROD1207,3,3351.16
ORD17947,PROD1473,1,4466.6
ORD17948,PROD1172,2,2609.26
ORD17949,PROD1087,3,3224.03
ORD17949,PROD1245,3,4648.76
ORD17950,PROD1495,2,1831.43
ORD17950,PROD1378,1,4090.9
ORD17950,PROD1355,1,3247.85
ORD17950,PROD1467,2,4356.14
ORD17951,PROD1048,2,2778.88
ORD17952,PROD1248,1,4821.74
ORD17952,PROD1073,2,4095.76
ORD17952,PROD1407,3,153.1
ORD17952,PROD1494,1,2372.12
ORD17953,PROD1070,3,3884.0
ORD17953,PROD1019,1,1527.02
ORD17953,PROD1156,2,3393.46
ORD17953,PROD1338,3,2423.45
ORD17954,PROD1398,1,3779.27
ORD17954,PROD1158,3,1264.42
ORD17955,PROD1274,2,2605.58
ORD17955,PROD1325,1,3715.69
ORD17955,PROD1411,2,4755.3
ORD17955,PROD1405,1,4488.06
ORD17956,PROD1431,2,3831.4
ORD17957,PROD1062,1,4160.81
ORD17957,PROD1025,2,3947.36
ORD17957,PROD1086,1,3675.07
ORD17958,PROD1361,3,3252.11
ORD17958,PROD1486,3,322.69
ORD17958,PROD1386,1,1481.97
ORD17958,PROD1204,1,3071.5
ORD17959,PROD1303,2,3223.41
ORD17959,PROD1464,2,4814.65
ORD17959,PROD1013,2,1140.46
ORD17959,PROD1308,1,3996.41
ORD17960,PROD1157,1,3831.94
ORD17960,PROD1267,1,3542.17
ORD17960,PROD1099,2,628.67
ORD17960,PROD1082,1,1721.4
ORD17961,PROD1188,1,2695.29
ORD17961,PROD1321,1,3601.52
ORD17962,PROD1159,1,3668.26
ORD17962,PROD1218,3,3283.2
ORD17963,PROD1288,2,1504.05
ORD17963,PROD1188,3,2695.29
ORD17963,PROD1141,2,1333.73
ORD17964,PROD1345,2,3117.67
ORD17964,PROD1321,1,3601.52
ORD17964,PROD1175,2,954.4
ORD17964,PROD1447,3,3791.55
ORD17965,PROD1131,1,1188.33
ORD17965,PROD1080,1,4329.21
ORD17965,PROD1160,3,1902.14
ORD17965,PROD1406,2,2007.09
ORD17966,PROD1493,3,1021.79
ORD17967,PROD1359,2,2919.82
ORD17968,PROD1355,2,3247.85
ORD17968,PROD1088,1,4447.34
ORD17968,PROD1108,2,1221.11
ORD17969,PROD1020,1,3098.08
ORD17969,PROD1082,3,1721.4
ORD17970,PROD1041,1,2526.37
ORD17970,PROD1036,1,1592.61
ORD17971,PROD1463,3,2958.51
ORD17971,PROD1368,3,1059.38
ORD17972,PROD1109,1,477.2
ORD17972,PROD1185,3,3333.92
ORD17972,PROD1411,3,4755.3
ORD17972,PROD1496,2,2959.91
ORD17973,PROD1172,1,2609.26
ORD17973,PROD1320,3,2791.21
ORD17973,PROD1003,1,3033.43
ORD17973,PROD1444,3,4082.72
ORD17974,PROD1355,3,3247.85
ORD17974,PROD1128,3,134.07
ORD17975,PROD1062,2,4160.81
ORD17975,PROD1284,1,2933.57
ORD17975,PROD1402,3,2575.74
ORD17975,PROD1042,3,268.5
ORD17976,PROD1060,3,2004.52
ORD17977,PROD1131,1,1188.33
ORD17978,PROD1363,3,2773.52
ORD17978,PROD1000,3,1935.25
ORD17978,PROD1039,2,2256.75
ORD17978,PROD1276,2,4011.65
ORD17979,PROD1123,1,639.25
ORD17980,PROD1245,1,4648.76
ORD17980,PROD1488,2,4757.02
ORD17980,PROD1495,2,1831.43
ORD17981,PROD1435,2,3534.75
ORD17982,PROD1237,1,219.15
ORD17982,PROD1302,2,2749.11
ORD17983,PROD1372,1,562.77
ORD17983,PROD1358,2,4707.13
ORD17984,PROD1323,1,1471.68
ORD17984,PROD1131,3,1188.33
ORD17985,PROD1236,1,1475.78
ORD17986,PROD1152,2,809.98
ORD17986,PROD1392,3,1922.89
ORD17986,PROD1280,2,4461.03
ORD17987,PROD1311,2,484.44
ORD17987,PROD1048,1,2778.88
ORD17988,PROD1008,2,3045.46
ORD17989,PROD1394,3,1769.94
ORD17989,PROD1095,3,2519.6
ORD17989,PROD1084,2,1623.81
ORD17989,PROD1035,1,4061.15
ORD17990,PROD1318,3,866.54
ORD17990,PROD1478,1,4849.58
ORD17991,PROD1093,3,2850.26
ORD17992,PROD1354,1,445.79
ORD17993,PROD1003,3,3033.43
ORD17993,PROD1055,1,4617.18
ORD17994,PROD1249,1,4279.75
ORD17994,PROD1143,2,1574.3
ORD17995,PROD1350,2,2565.37
ORD17996,PROD1031,3,935.57
ORD17996,PROD1111,2,889.98
ORD17996,PROD1224,2,1399.49
ORD17997,PROD1337,3,3547.92
ORD17997,PROD1428,1,1819.48
ORD17998,PROD1270,2,4065.87
ORD17998,PROD1483,3,3175.03
ORD17999,PROD1101,3,3218.41
ORD17999,PROD1476,1,461.6
ORD17999,PROD1489,1,4462.29
